hemi,vertex,old_label,new_label,rule_clause
lh,8,1,2,allocortex_scope->Agranular
lh,11,3,2,Perirhinal->Agranular
lh,23,1,2,cingulate_anterior->Agranular
lh,78,1,2,allocortex_scope->Agranular
lh,82,3,1,Pir->Allocortex(paleocortex)
lh,90,1,2,allocortex_scope->Agranular
lh,148,1,2,allocortex_scope->Agranular
lh,149,1,2,allocortex_scope->Agranular
lh,150,1,2,allocortex_scope->Agranular
lh,328,1,2,allocortex_scope->Agranular
lh,358,1,2,allocortex_scope->Agranular
lh,435,3,1,Pir->Allocortex(paleocortex)
lh,436,3,1,Pir->Allocortex(paleocortex)
lh,502,1,2,cingulate_anterior->Agranular
lh,601,1,2,allocortex_scope->Agranular
lh,603,1,2,allocortex_scope->Agranular
lh,604,1,2,allocortex_scope->Agranular
lh,641,3,2,Perirhinal->Agranular
lh,679,1,2,allocortex_scope->Agranular
lh,797,1,3,cingulate_posterior->Dysgranular
lh,808,1,2,allocortex_scope->Agranular
lh,956,1,2,allocortex_scope->Agranular
lh,963,4,1,Pir->Allocortex(paleocortex)
lh,964,4,2,topology_buffer
lh,965,4,1,Pir->Allocortex(paleocortex)
lh,966,3,1,Pir->Allocortex(paleocortex)
lh,985,1,2,allocortex_scope->Agranular
lh,1106,1,2,cingulate_anterior->Agranular
lh,1108,1,2,cingulate_anterior->Agranular
lh,1323,1,3,cingulate_posterior->Dysgranular
lh,1330,2,1,Pir->Allocortex(paleocortex)
lh,1331,3,1,Pir->Allocortex(paleocortex)
lh,1337,1,2,allocortex_scope->Agranular
lh,1339,1,2,allocortex_scope->Agranular
lh,1340,1,2,allocortex_scope->Agranular
lh,1343,1,2,allocortex_scope->Agranular
lh,1344,1,2,allocortex_scope->Agranular
lh,1345,1,2,allocortex_scope->Agranular
lh,1346,1,2,allocortex_scope->Agranular
lh,1347,1,2,allocortex_scope->Agranular
lh,1348,1,2,allocortex_scope->Agranular
lh,1349,1,2,allocortex_scope->Agranular
lh,1372,1,2,allocortex_scope->Agranular
lh,1439,4,3,topology_buffer
lh,1440,3,2,HABC->Agranular
lh,1510,1,2,allocortex_scope->Agranular
lh,1736,2,1,Pir->Allocortex(paleocortex)
lh,1741,1,2,allocortex_scope->Agranular
lh,1742,1,2,allocortex_scope->Agranular
lh,1743,1,2,allocortex_scope->Agranular
lh,1744,1,2,allocortex_scope->Agranular
lh,1745,1,2,allocortex_scope->Agranular
lh,1759,1,2,allocortex_scope->Agranular
lh,1794,1,2,allocortex_scope->Agranular
lh,1798,1,2,allocortex_scope->Agranular
lh,1947,1,2,cingulate_anterior->Agranular
lh,1950,1,3,cingulate_posterior->Dysgranular
lh,1963,1,2,allocortex_scope->Agranular
lh,2004,1,2,allocortex_scope->Agranular
lh,2157,1,2,cingulate_anterior->Agranular
lh,2434,2,1,Pir->Allocortex(paleocortex)
lh,2435,2,1,Pir->Allocortex(paleocortex)
lh,2440,1,2,allocortex_scope->Agranular
lh,2446,1,2,allocortex_scope->Agranular
lh,2447,1,2,allocortex_scope->Agranular
lh,2448,1,2,allocortex_scope->Agranular
lh,2449,1,2,allocortex_scope->Agranular
lh,2450,1,2,allocortex_scope->Agranular
lh,2451,1,2,allocortex_scope->Agranular
lh,2557,1,2,allocortex_scope->Agranular
lh,2558,1,2,allocortex_scope->Agranular
lh,2559,1,2,allocortex_scope->Agranular
lh,2561,3,2,HABC->Agranular
lh,2599,1,2,allocortex_scope->Agranular
lh,2721,1,3,cingulate_posterior->Dysgranular
lh,2883,4,1,Pir->Allocortex(paleocortex)
lh,2884,4,1,Pir->Allocortex(paleocortex)
lh,2885,4,1,Pir->Allocortex(paleocortex)
lh,2886,4,1,Pir->Allocortex(paleocortex)
lh,2887,3,1,Pir->Allocortex(paleocortex)
lh,2904,1,2,allocortex_scope->Agranular
lh,2905,1,3,cingulate_posterior->Dysgranular
lh,3257,1,2,allocortex_scope->Agranular
lh,3258,1,2,allocortex_scope->Agranular
lh,3259,1,2,allocortex_scope->Agranular
lh,3260,1,2,allocortex_scope->Agranular
lh,3263,1,2,allocortex_scope->Agranular
lh,3264,1,2,allocortex_scope->Agranular
lh,3265,1,2,allocortex_scope->Agranular
lh,3266,1,2,allocortex_scope->Agranular
lh,3267,1,2,allocortex_scope->Agranular
lh,3268,1,2,allocortex_scope->Agranular
lh,3269,1,2,allocortex_scope->Agranular
lh,3292,1,2,allocortex_scope->Agranular
lh,3475,1,2,allocortex_scope->Agranular
lh,3477,1,2,allocortex_scope->Agranular
lh,3842,1,3,cingulate_posterior->Dysgranular
lh,3844,1,3,cingulate_posterior->Dysgranular
lh,3845,1,3,cingulate_posterior->Dysgranular
lh,3863,1,2,allocortex_scope->Agranular
lh,3864,1,2,allocortex_scope->Agranular
lh,3866,1,2,allocortex_scope->Agranular
lh,3867,1,2,allocortex_scope->Agranular
lh,3868,1,2,allocortex_scope->Agranular
lh,3955,2,3,PHA1->Dysgranular
lh,4309,1,2,allocortex_scope->Agranular
lh,4311,1,2,allocortex_scope->Agranular
lh,4331,4,1,Pir->Allocortex(paleocortex)
lh,4338,3,1,Pir->Allocortex(paleocortex)
lh,4342,3,1,Pir->Allocortex(paleocortex)
lh,4393,1,2,allocortex_scope->Agranular
lh,4395,1,2,allocortex_scope->Agranular
lh,4747,1,2,cingulate_anterior->Agranular
lh,4758,1,2,cingulate_anterior->Agranular
lh,4766,1,2,cingulate_anterior->Agranular
lh,4767,1,2,cingulate_anterior->Agranular
lh,4768,1,2,cingulate_anterior->Agranular
lh,4881,1,2,cingulate_anterior->Agranular
lh,5412,1,3,cingulate_posterior->Dysgranular
lh,5413,1,3,cingulate_posterior->Dysgranular
lh,5442,2,1,Pir->Allocortex(paleocortex)
lh,5443,2,1,Pir->Allocortex(paleocortex)
lh,5444,2,1,Pir->Allocortex(paleocortex)
lh,5456,1,2,allocortex_scope->Agranular
lh,5457,1,2,allocortex_scope->Agranular
lh,5458,1,2,allocortex_scope->Agranular
lh,5460,1,2,allocortex_scope->Agranular
lh,5470,1,2,allocortex_scope->Agranular
lh,5471,1,2,allocortex_scope->Agranular
lh,5472,1,2,allocortex_scope->Agranular
lh,5473,1,2,allocortex_scope->Agranular
lh,5474,1,2,allocortex_scope->Agranular
lh,5475,1,2,allocortex_scope->Agranular
lh,5476,1,2,allocortex_scope->Agranular
lh,5477,1,2,allocortex_scope->Agranular
lh,5478,1,2,allocortex_scope->Agranular
lh,5479,1,2,allocortex_scope->Agranular
lh,5480,1,2,allocortex_scope->Agranular
lh,5481,1,2,allocortex_scope->Agranular
lh,5482,1,2,allocortex_scope->Agranular
lh,5483,1,2,allocortex_scope->Agranular
lh,5484,1,2,allocortex_scope->Agranular
lh,5556,3,2,Perirhinal->Agranular
lh,5725,1,2,allocortex_scope->Agranular
lh,5747,2,3,PHA1->Dysgranular
lh,5748,1,2,allocortex_scope->Agranular
lh,5749,2,3,PHA1->Dysgranular
lh,5753,1,2,allocortex_scope->Agranular
lh,5756,3,2,Perirhinal->Agranular
lh,5757,3,2,HABC->Agranular
lh,5758,3,2,HABC->Agranular
lh,5831,1,2,allocortex_scope->Agranular
lh,6062,1,2,allocortex_scope->Agranular
lh,6327,1,2,allocortex_scope->Agranular
lh,6328,1,2,allocortex_scope->Agranular
lh,6343,4,1,Pir->Allocortex(paleocortex)
lh,6344,4,1,Pir->Allocortex(paleocortex)
lh,6345,4,1,Pir->Allocortex(paleocortex)
lh,6346,3,1,Pir->Allocortex(paleocortex)
lh,6347,3,1,Pir->Allocortex(paleocortex)
lh,6348,3,1,Pir->Allocortex(paleocortex)
lh,6349,3,1,Pir->Allocortex(paleocortex)
lh,6381,1,3,cingulate_posterior->Dysgranular
lh,6593,1,2,cingulate_anterior->Agranular
lh,6595,1,2,cingulate_anterior->Agranular
lh,6602,1,2,cingulate_anterior->Agranular
lh,7002,3,1,Pir->Allocortex(paleocortex)
lh,7003,3,2,topology_buffer
lh,7004,2,1,Pir->Allocortex(paleocortex)
lh,7018,1,2,allocortex_scope->Agranular
lh,7019,1,2,allocortex_scope->Agranular
lh,7020,1,2,allocortex_scope->Agranular
lh,7025,1,2,allocortex_scope->Agranular
lh,7026,1,2,allocortex_scope->Agranular
lh,7027,1,2,allocortex_scope->Agranular
lh,7028,1,2,allocortex_scope->Agranular
lh,7029,1,2,allocortex_scope->Agranular
lh,7030,1,2,allocortex_scope->Agranular
lh,7031,1,2,allocortex_scope->Agranular
lh,7032,1,2,allocortex_scope->Agranular
lh,7033,1,2,allocortex_scope->Agranular
lh,7034,1,2,allocortex_scope->Agranular
lh,7035,1,2,allocortex_scope->Agranular
lh,7036,1,2,allocortex_scope->Agranular
lh,7078,1,2,allocortex_scope->Agranular
lh,7180,1,2,allocortex_scope->Agranular
lh,7195,3,2,HABC->Agranular
lh,7196,3,2,HABC->Agranular
lh,7197,3,2,HABC->Agranular
lh,7198,3,2,HABC->Agranular
lh,7199,3,2,HABC->Agranular
lh,7200,3,2,HABC->Agranular
lh,7365,1,2,allocortex_scope->Agranular
lh,7891,2,1,Pir->Allocortex(paleocortex)
lh,7902,1,2,allocortex_scope->Agranular
lh,7903,1,2,allocortex_scope->Agranular
lh,7904,1,2,allocortex_scope->Agranular
lh,7905,1,2,allocortex_scope->Agranular
lh,7906,1,2,allocortex_scope->Agranular
lh,7907,1,2,allocortex_scope->Agranular
lh,7908,1,2,allocortex_scope->Agranular
lh,7909,1,2,allocortex_scope->Agranular
lh,7910,1,2,allocortex_scope->Agranular
lh,7911,1,2,allocortex_scope->Agranular
lh,7912,1,2,allocortex_scope->Agranular
lh,7913,1,2,allocortex_scope->Agranular
lh,7945,1,2,allocortex_scope->Agranular
lh,8022,1,2,allocortex_scope->Agranular
lh,8029,1,2,allocortex_scope->Agranular
lh,8030,1,2,allocortex_scope->Agranular
lh,8031,1,2,allocortex_scope->Agranular
lh,8032,1,2,allocortex_scope->Agranular
lh,8034,2,3,PHA1->Dysgranular
lh,8441,1,2,cingulate_anterior->Agranular
lh,8444,1,3,cingulate_posterior->Dysgranular
lh,8445,1,3,cingulate_posterior->Dysgranular
lh,8446,1,3,cingulate_posterior->Dysgranular
lh,8447,1,3,cingulate_posterior->Dysgranular
lh,8448,1,3,cingulate_posterior->Dysgranular
lh,8457,1,3,cingulate_posterior->Dysgranular
lh,8458,1,3,cingulate_posterior->Dysgranular
lh,8459,1,3,cingulate_posterior->Dysgranular
lh,8477,1,2,allocortex_scope->Agranular
lh,8484,1,2,allocortex_scope->Agranular
lh,8485,1,2,allocortex_scope->Agranular
lh,8591,1,2,allocortex_scope->Agranular
lh,8592,1,2,allocortex_scope->Agranular
lh,8593,1,3,cingulate_posterior->Dysgranular
lh,9022,1,2,allocortex_scope->Agranular
lh,9034,1,2,cingulate_anterior->Agranular
lh,9036,1,2,cingulate_anterior->Agranular
lh,9049,1,2,cingulate_anterior->Agranular
lh,9050,1,2,cingulate_anterior->Agranular
lh,9185,1,2,allocortex_scope->Agranular
lh,9756,1,2,allocortex_scope->Agranular
lh,9819,1,3,cingulate_posterior->Dysgranular
lh,9857,3,1,Pir->Allocortex(paleocortex)
lh,9859,2,1,Pir->Allocortex(paleocortex)
lh,9860,3,1,Pir->Allocortex(paleocortex)
lh,9861,3,1,Pir->Allocortex(paleocortex)
lh,9862,2,1,Pir->Allocortex(paleocortex)
lh,9874,1,2,allocortex_scope->Agranular
lh,9875,1,2,allocortex_scope->Agranular
lh,9876,1,2,allocortex_scope->Agranular
lh,9888,2,1,Pir->Allocortex(paleocortex)
lh,9893,1,2,allocortex_scope->Agranular
lh,9894,1,2,allocortex_scope->Agranular
lh,9895,1,2,allocortex_scope->Agranular
lh,9897,1,2,allocortex_scope->Agranular
lh,9898,1,2,allocortex_scope->Agranular
lh,9899,1,2,allocortex_scope->Agranular
lh,9900,1,2,allocortex_scope->Agranular
lh,9901,1,2,allocortex_scope->Agranular
lh,9902,1,2,allocortex_scope->Agranular
lh,9903,1,2,allocortex_scope->Agranular
lh,9904,1,2,allocortex_scope->Agranular
lh,9905,1,2,allocortex_scope->Agranular
lh,9906,1,2,allocortex_scope->Agranular
lh,9907,1,2,allocortex_scope->Agranular
lh,9908,1,2,allocortex_scope->Agranular
lh,9909,1,2,allocortex_scope->Agranular
lh,9910,1,2,allocortex_scope->Agranular
lh,9911,1,2,allocortex_scope->Agranular
lh,9912,1,2,allocortex_scope->Agranular
lh,9913,1,2,allocortex_scope->Agranular
lh,9914,1,2,allocortex_scope->Agranular
lh,9917,3,2,Perirhinal->Agranular
lh,9918,3,2,Perirhinal->Agranular
lh,9997,3,2,Perirhinal->Agranular
lh,9998,3,2,Perirhinal->Agranular
lh,10161,3,2,Perirhinal->Agranular
lh,10223,1,2,allocortex_scope->Agranular
lh,10224,1,2,allocortex_scope->Agranular
lh,10225,1,2,allocortex_scope->Agranular
lh,10228,2,3,PHA1->Dysgranular
lh,10229,1,2,allocortex_scope->Agranular
lh,10230,1,2,allocortex_scope->Agranular
lh,10231,1,2,allocortex_scope->Agranular
lh,10232,1,2,allocortex_scope->Agranular
lh,10233,1,2,allocortex_scope->Agranular
lh,10234,1,2,allocortex_scope->Agranular
lh,10237,3,2,HABC->Agranular
lh,10238,3,2,HABC->Agranular
lh,10239,3,2,HABC->Agranular
lh,10240,3,2,HABC->Agranular
lh,10241,3,2,Perirhinal->Agranular
lh,10277,1,2,allocortex_scope->Agranular
lh,10279,1,2,allocortex_scope->Agranular
lh,10394,1,2,cingulate_anterior->Agranular
lh,10397,1,3,cingulate_posterior->Dysgranular
lh,10398,1,3,cingulate_posterior->Dysgranular
lh,10399,1,3,cingulate_posterior->Dysgranular
lh,10400,1,3,cingulate_posterior->Dysgranular
lh,10563,3,1,Pir->Allocortex(paleocortex)
lh,10564,4,1,Pir->Allocortex(paleocortex)
lh,10565,3,1,Pir->Allocortex(paleocortex)
lh,10566,3,1,Pir->Allocortex(paleocortex)
lh,10567,3,1,Pir->Allocortex(paleocortex)
lh,10584,1,3,cingulate_posterior->Dysgranular
lh,10585,1,3,cingulate_posterior->Dysgranular
lh,10935,1,2,allocortex_scope->Agranular
lh,10936,1,2,allocortex_scope->Agranular
lh,10937,1,2,allocortex_scope->Agranular
lh,10938,1,2,allocortex_scope->Agranular
lh,10939,1,2,allocortex_scope->Agranular
lh,10940,1,2,allocortex_scope->Agranular
lh,10945,1,2,allocortex_scope->Agranular
lh,10946,1,2,allocortex_scope->Agranular
lh,10947,1,2,allocortex_scope->Agranular
lh,10948,1,2,allocortex_scope->Agranular
lh,10949,1,2,allocortex_scope->Agranular
lh,10968,1,2,allocortex_scope->Agranular
lh,10970,1,2,allocortex_scope->Agranular
lh,10971,1,2,allocortex_scope->Agranular
lh,10972,1,2,allocortex_scope->Agranular
lh,11027,1,2,allocortex_scope->Agranular
lh,11029,1,2,allocortex_scope->Agranular
lh,11155,1,2,allocortex_scope->Agranular
lh,11156,1,2,allocortex_scope->Agranular
lh,11157,1,2,allocortex_scope->Agranular
lh,11522,1,3,cingulate_posterior->Dysgranular
lh,11523,1,3,cingulate_posterior->Dysgranular
lh,11542,1,2,allocortex_scope->Agranular
lh,11543,1,2,allocortex_scope->Agranular
lh,11544,1,2,allocortex_scope->Agranular
lh,12011,4,1,Pir->Allocortex(paleocortex)
lh,12012,4,3,topology_buffer
lh,12018,3,1,Pir->Allocortex(paleocortex)
lh,12019,3,2,topology_buffer
lh,12020,3,1,Pir->Allocortex(paleocortex)
lh,12021,3,2,topology_buffer
lh,12022,3,1,Pir->Allocortex(paleocortex)
lh,12427,1,2,cingulate_anterior->Agranular
lh,12429,1,2,cingulate_anterior->Agranular
lh,12438,1,2,allocortex_scope->Agranular
lh,12560,1,2,cingulate_anterior->Agranular
lh,12561,1,2,cingulate_anterior->Agranular
lh,13091,1,3,cingulate_posterior->Dysgranular
lh,13136,1,2,allocortex_scope->Agranular
lh,13137,1,2,allocortex_scope->Agranular
lh,13138,1,2,allocortex_scope->Agranular
lh,13139,1,2,allocortex_scope->Agranular
lh,13140,1,2,allocortex_scope->Agranular
lh,13150,1,2,allocortex_scope->Agranular
lh,13151,1,2,allocortex_scope->Agranular
lh,13152,1,2,allocortex_scope->Agranular
lh,13153,1,2,allocortex_scope->Agranular
lh,13154,1,2,allocortex_scope->Agranular
lh,13155,1,2,allocortex_scope->Agranular
lh,13156,1,2,allocortex_scope->Agranular
lh,13157,1,2,allocortex_scope->Agranular
lh,13158,1,2,allocortex_scope->Agranular
lh,13159,1,2,allocortex_scope->Agranular
lh,13160,1,2,allocortex_scope->Agranular
lh,13161,1,2,allocortex_scope->Agranular
lh,13162,1,2,allocortex_scope->Agranular
lh,13163,1,2,allocortex_scope->Agranular
lh,13164,1,2,allocortex_scope->Agranular
lh,13405,1,2,allocortex_scope->Agranular
lh,13407,1,2,allocortex_scope->Agranular
lh,13428,2,3,PHA1->Dysgranular
lh,13430,3,2,Perirhinal->Agranular
lh,13436,3,2,Perirhinal->Agranular
lh,13438,3,2,HABC->Agranular
lh,13557,1,2,allocortex_scope->Agranular
lh,13558,1,2,allocortex_scope->Agranular
lh,13559,1,2,allocortex_scope->Agranular
lh,13912,1,3,cingulate_posterior->Dysgranular
lh,13922,1,3,cingulate_posterior->Dysgranular
lh,13924,1,3,cingulate_posterior->Dysgranular
lh,13925,1,3,cingulate_posterior->Dysgranular
lh,14386,1,2,allocortex_scope->Agranular
lh,14408,4,3,topology_buffer
lh,14409,4,3,topology_buffer
lh,14410,4,2,topology_buffer
lh,14411,4,1,Pir->Allocortex(paleocortex)
lh,14412,4,1,Pir->Allocortex(paleocortex)
lh,14413,4,1,Pir->Allocortex(paleocortex)
lh,14414,4,1,Pir->Allocortex(paleocortex)
lh,14415,4,1,Pir->Allocortex(paleocortex)
lh,14416,3,1,Pir->Allocortex(paleocortex)
lh,14417,4,1,Pir->Allocortex(paleocortex)
lh,14418,3,2,topology_buffer
lh,14419,3,2,topology_buffer
lh,14420,3,2,topology_buffer
lh,14421,3,1,Pir->Allocortex(paleocortex)
lh,14422,3,2,topology_buffer
lh,14472,1,3,cingulate_posterior->Dysgranular
lh,14473,1,3,cingulate_posterior->Dysgranular
lh,14832,1,2,cingulate_anterior->Agranular
lh,14833,1,2,cingulate_anterior->Agranular
lh,14834,1,2,cingulate_anterior->Agranular
lh,15487,1,3,cingulate_posterior->Dysgranular
lh,15510,2,1,Pir->Allocortex(paleocortex)
lh,15511,3,1,Pir->Allocortex(paleocortex)
lh,15512,2,1,Pir->Allocortex(paleocortex)
lh,15532,1,2,allocortex_scope->Agranular
lh,15536,1,2,allocortex_scope->Agranular
lh,15537,1,2,allocortex_scope->Agranular
lh,15538,1,2,allocortex_scope->Agranular
lh,15539,1,2,allocortex_scope->Agranular
lh,15540,1,2,allocortex_scope->Agranular
lh,15541,1,2,allocortex_scope->Agranular
lh,15542,1,2,allocortex_scope->Agranular
lh,15548,1,2,allocortex_scope->Agranular
lh,15549,1,2,allocortex_scope->Agranular
lh,15550,1,2,allocortex_scope->Agranular
lh,15551,1,2,allocortex_scope->Agranular
lh,15552,1,2,allocortex_scope->Agranular
lh,15553,1,2,allocortex_scope->Agranular
lh,15554,1,2,allocortex_scope->Agranular
lh,15555,1,2,allocortex_scope->Agranular
lh,15556,1,2,allocortex_scope->Agranular
lh,15557,1,2,allocortex_scope->Agranular
lh,15558,1,2,allocortex_scope->Agranular
lh,15559,1,2,allocortex_scope->Agranular
lh,15560,1,2,allocortex_scope->Agranular
lh,15561,1,2,allocortex_scope->Agranular
lh,15562,1,2,allocortex_scope->Agranular
lh,15563,1,2,allocortex_scope->Agranular
lh,15564,1,2,allocortex_scope->Agranular
lh,15565,1,2,allocortex_scope->Agranular
lh,15566,1,2,allocortex_scope->Agranular
lh,15567,1,2,allocortex_scope->Agranular
lh,15568,1,2,allocortex_scope->Agranular
lh,15569,1,2,allocortex_scope->Agranular
lh,15637,1,2,allocortex_scope->Agranular
lh,15805,1,2,allocortex_scope->Agranular
lh,15828,4,3,topology_buffer
lh,15831,4,3,topology_buffer
lh,15832,3,2,HABC->Agranular
lh,15833,3,2,HABC->Agranular
lh,15834,3,2,HABC->Agranular
lh,15835,3,2,HABC->Agranular
lh,15836,3,2,HABC->Agranular
lh,15840,4,3,topology_buffer
lh,16192,1,2,allocortex_scope->Agranular
lh,16193,1,2,allocortex_scope->Agranular
lh,16194,1,2,allocortex_scope->Agranular
lh,17298,1,3,cingulate_posterior->Dysgranular
lh,17345,1,2,allocortex_scope->Agranular
lh,17346,1,2,allocortex_scope->Agranular
lh,17347,1,2,allocortex_scope->Agranular
lh,17348,1,2,allocortex_scope->Agranular
lh,17349,1,2,allocortex_scope->Agranular
lh,17350,1,2,allocortex_scope->Agranular
lh,17351,1,2,allocortex_scope->Agranular
lh,17352,1,2,allocortex_scope->Agranular
lh,17353,1,2,allocortex_scope->Agranular
lh,17354,1,2,allocortex_scope->Agranular
lh,17355,1,2,allocortex_scope->Agranular
lh,17356,1,2,allocortex_scope->Agranular
lh,17357,1,2,allocortex_scope->Agranular
lh,17358,1,2,allocortex_scope->Agranular
lh,17359,1,2,allocortex_scope->Agranular
lh,17360,1,2,allocortex_scope->Agranular
lh,17361,1,2,allocortex_scope->Agranular
lh,17362,1,2,allocortex_scope->Agranular
lh,17363,1,2,allocortex_scope->Agranular
lh,17364,1,2,allocortex_scope->Agranular
lh,17365,1,2,allocortex_scope->Agranular
lh,17366,1,2,allocortex_scope->Agranular
lh,17367,1,2,allocortex_scope->Agranular
lh,17368,1,2,allocortex_scope->Agranular
lh,17369,1,2,allocortex_scope->Agranular
lh,17437,1,2,allocortex_scope->Agranular
lh,17613,1,2,allocortex_scope->Agranular
lh,17616,1,2,allocortex_scope->Agranular
lh,17617,1,2,allocortex_scope->Agranular
lh,17618,1,2,allocortex_scope->Agranular
lh,17619,1,2,allocortex_scope->Agranular
lh,17620,1,2,allocortex_scope->Agranular
lh,17623,2,3,PHA1->Dysgranular
lh,18590,1,2,cingulate_anterior->Agranular
lh,18591,1,2,cingulate_anterior->Agranular
lh,18597,1,3,cingulate_posterior->Dysgranular
lh,18598,1,3,cingulate_posterior->Dysgranular
lh,18599,1,3,cingulate_posterior->Dysgranular
lh,18600,1,3,cingulate_posterior->Dysgranular
lh,18601,1,3,cingulate_posterior->Dysgranular
lh,18602,1,3,cingulate_posterior->Dysgranular
lh,18603,1,3,cingulate_posterior->Dysgranular
lh,18604,1,3,cingulate_posterior->Dysgranular
lh,18605,1,3,cingulate_posterior->Dysgranular
lh,18606,1,3,cingulate_posterior->Dysgranular
lh,18628,1,3,cingulate_posterior->Dysgranular
lh,18630,1,3,cingulate_posterior->Dysgranular
lh,18631,1,3,cingulate_posterior->Dysgranular
lh,18633,1,3,cingulate_posterior->Dysgranular
lh,18634,1,3,cingulate_posterior->Dysgranular
lh,18635,1,3,cingulate_posterior->Dysgranular
lh,18674,1,2,allocortex_scope->Agranular
lh,18683,1,2,allocortex_scope->Agranular
lh,18684,1,2,allocortex_scope->Agranular
lh,18685,1,2,allocortex_scope->Agranular
lh,18686,1,2,allocortex_scope->Agranular
lh,18687,1,2,allocortex_scope->Agranular
lh,18688,1,2,allocortex_scope->Agranular
lh,18690,1,2,allocortex_scope->Agranular
lh,18692,1,2,allocortex_scope->Agranular
lh,18693,1,2,allocortex_scope->Agranular
lh,18694,1,2,allocortex_scope->Agranular
lh,18695,1,2,allocortex_scope->Agranular
lh,18696,1,2,allocortex_scope->Agranular
lh,18751,4,3,topology_buffer
lh,18773,3,1,Pir->Allocortex(paleocortex)
lh,18935,1,2,allocortex_scope->Agranular
lh,18936,1,2,allocortex_scope->Agranular
lh,18937,1,2,allocortex_scope->Agranular
lh,18941,1,2,allocortex_scope->Agranular
lh,18942,1,3,cingulate_posterior->Dysgranular
lh,18943,1,2,allocortex_scope->Agranular
lh,18944,1,3,cingulate_posterior->Dysgranular
lh,18945,1,3,cingulate_posterior->Dysgranular
lh,20010,1,2,cingulate_anterior->Agranular
lh,20031,1,2,cingulate_anterior->Agranular
lh,20032,1,2,cingulate_anterior->Agranular
lh,20035,1,2,cingulate_anterior->Agranular
lh,20055,1,2,cingulate_anterior->Agranular
lh,20065,1,2,cingulate_anterior->Agranular
lh,20066,1,2,cingulate_anterior->Agranular
lh,20067,1,2,cingulate_anterior->Agranular
lh,20068,1,2,cingulate_anterior->Agranular
lh,20069,1,2,cingulate_anterior->Agranular
lh,20403,1,2,allocortex_scope->Agranular
lh,20404,1,2,allocortex_scope->Agranular
lh,20405,1,2,allocortex_scope->Agranular
lh,20406,1,2,allocortex_scope->Agranular
lh,22058,3,1,Pir->Allocortex(paleocortex)
lh,22060,3,2,topology_buffer
lh,22078,3,2,topology_buffer
lh,22083,2,1,Pir->Allocortex(paleocortex)
lh,22084,2,1,Pir->Allocortex(paleocortex)
lh,22085,2,1,Pir->Allocortex(paleocortex)
lh,22086,3,1,Pir->Allocortex(paleocortex)
lh,22087,3,1,Pir->Allocortex(paleocortex)
lh,22088,3,1,Pir->Allocortex(paleocortex)
lh,22089,3,1,Pir->Allocortex(paleocortex)
lh,22090,2,1,Pir->Allocortex(paleocortex)
lh,22091,2,1,Pir->Allocortex(paleocortex)
lh,22092,2,1,Pir->Allocortex(paleocortex)
lh,22093,2,1,Pir->Allocortex(paleocortex)
lh,22094,2,1,Pir->Allocortex(paleocortex)
lh,22124,1,2,allocortex_scope->Agranular
lh,22126,1,2,allocortex_scope->Agranular
lh,22128,1,2,allocortex_scope->Agranular
lh,22129,1,2,allocortex_scope->Agranular
lh,22130,1,2,allocortex_scope->Agranular
lh,22131,1,2,allocortex_scope->Agranular
lh,22132,1,2,allocortex_scope->Agranular
lh,22133,1,2,allocortex_scope->Agranular
lh,22156,2,1,Pir->Allocortex(paleocortex)
lh,22157,2,1,Pir->Allocortex(paleocortex)
lh,22159,2,1,Pir->Allocortex(paleocortex)
lh,22167,1,2,allocortex_scope->Agranular
lh,22168,1,2,allocortex_scope->Agranular
lh,22169,1,2,allocortex_scope->Agranular
lh,22170,1,2,allocortex_scope->Agranular
lh,22171,1,2,allocortex_scope->Agranular
lh,22172,1,2,allocortex_scope->Agranular
lh,22173,1,2,allocortex_scope->Agranular
lh,22174,1,2,allocortex_scope->Agranular
lh,22175,1,2,allocortex_scope->Agranular
lh,22176,1,2,allocortex_scope->Agranular
lh,22177,1,2,allocortex_scope->Agranular
lh,22178,1,2,allocortex_scope->Agranular
lh,22179,1,2,allocortex_scope->Agranular
lh,22180,1,2,allocortex_scope->Agranular
lh,22181,1,2,allocortex_scope->Agranular
lh,22182,1,2,allocortex_scope->Agranular
lh,22183,1,2,allocortex_scope->Agranular
lh,22184,1,2,allocortex_scope->Agranular
lh,22185,1,2,allocortex_scope->Agranular
lh,22186,1,2,allocortex_scope->Agranular
lh,22187,1,2,allocortex_scope->Agranular
lh,22188,1,2,allocortex_scope->Agranular
lh,22189,1,2,allocortex_scope->Agranular
lh,22190,1,2,allocortex_scope->Agranular
lh,22191,1,2,allocortex_scope->Agranular
lh,22192,1,2,allocortex_scope->Agranular
lh,22193,1,2,allocortex_scope->Agranular
lh,22194,1,2,allocortex_scope->Agranular
lh,22195,1,2,allocortex_scope->Agranular
lh,22196,1,2,allocortex_scope->Agranular
lh,22197,1,2,allocortex_scope->Agranular
lh,22198,1,2,allocortex_scope->Agranular
lh,22199,1,2,allocortex_scope->Agranular
lh,22200,1,2,allocortex_scope->Agranular
lh,22201,1,2,allocortex_scope->Agranular
lh,22202,1,2,allocortex_scope->Agranular
lh,22203,1,2,allocortex_scope->Agranular
lh,22204,1,2,allocortex_scope->Agranular
lh,22205,1,2,allocortex_scope->Agranular
lh,22206,1,2,allocortex_scope->Agranular
lh,22207,1,2,allocortex_scope->Agranular
lh,22208,1,2,allocortex_scope->Agranular
lh,22209,1,2,allocortex_scope->Agranular
lh,22210,1,2,allocortex_scope->Agranular
lh,22211,1,2,allocortex_scope->Agranular
lh,22212,1,2,allocortex_scope->Agranular
lh,22213,1,2,allocortex_scope->Agranular
lh,22214,1,2,allocortex_scope->Agranular
lh,22215,1,2,allocortex_scope->Agranular
lh,22216,1,2,allocortex_scope->Agranular
lh,22217,1,2,allocortex_scope->Agranular
lh,22220,1,2,allocortex_scope->Agranular
lh,22221,1,2,allocortex_scope->Agranular
lh,22222,1,2,allocortex_scope->Agranular
lh,22228,3,2,Perirhinal->Agranular
lh,22229,3,2,Perirhinal->Agranular
lh,22430,3,2,Perirhinal->Agranular
lh,22431,3,2,Perirhinal->Agranular
lh,22432,3,2,Perirhinal->Agranular
lh,22840,1,2,allocortex_scope->Agranular
lh,22930,1,2,allocortex_scope->Agranular
lh,22931,1,2,allocortex_scope->Agranular
lh,22995,1,2,allocortex_scope->Agranular
lh,22997,1,2,allocortex_scope->Agranular
lh,22998,1,2,allocortex_scope->Agranular
lh,22999,1,2,allocortex_scope->Agranular
lh,23000,1,2,allocortex_scope->Agranular
lh,23001,1,2,allocortex_scope->Agranular
lh,23002,1,2,allocortex_scope->Agranular
lh,23004,1,2,allocortex_scope->Agranular
lh,23008,1,2,Perirhinal->Agranular
lh,23010,1,2,allocortex_scope->Agranular
lh,23011,1,2,allocortex_scope->Agranular
lh,23012,1,2,allocortex_scope->Agranular
lh,23013,1,2,allocortex_scope->Agranular
lh,23014,1,2,allocortex_scope->Agranular
lh,23015,1,2,allocortex_scope->Agranular
lh,23016,1,2,allocortex_scope->Agranular
lh,23017,1,2,allocortex_scope->Agranular
lh,23018,1,2,allocortex_scope->Agranular
lh,23019,1,2,allocortex_scope->Agranular
lh,23020,1,2,allocortex_scope->Agranular
lh,23021,1,2,allocortex_scope->Agranular
lh,23027,3,2,HABC->Agranular
lh,23028,3,2,HABC->Agranular
lh,23029,3,2,HABC->Agranular
lh,23030,3,2,HABC->Agranular
lh,23031,3,2,HABC->Agranular
lh,23032,3,2,HABC->Agranular
lh,23033,3,2,HABC->Agranular
lh,23034,3,2,HABC->Agranular
lh,23035,3,2,HABC->Agranular
lh,23036,3,2,HABC->Agranular
lh,23038,3,2,Perirhinal->Agranular
lh,23040,3,2,Perirhinal->Agranular
lh,23041,3,2,Perirhinal->Agranular
lh,23111,1,2,allocortex_scope->Agranular
lh,23323,1,3,cingulate_posterior->Dysgranular
lh,23330,1,3,cingulate_posterior->Dysgranular
lh,23331,1,3,cingulate_posterior->Dysgranular
lh,23621,4,1,Pir->Allocortex(paleocortex)
lh,23622,4,1,Pir->Allocortex(paleocortex)
lh,23623,4,1,Pir->Allocortex(paleocortex)
lh,23624,4,1,Pir->Allocortex(paleocortex)
lh,23625,4,1,Pir->Allocortex(paleocortex)
lh,23626,4,1,Pir->Allocortex(paleocortex)
lh,23627,4,1,Pir->Allocortex(paleocortex)
lh,23628,3,1,Pir->Allocortex(paleocortex)
lh,23629,3,2,topology_buffer
lh,23660,1,3,cingulate_posterior->Dysgranular
lh,23661,1,3,cingulate_posterior->Dysgranular
lh,24294,1,2,allocortex_scope->Agranular
lh,24295,1,2,allocortex_scope->Agranular
lh,24296,1,2,allocortex_scope->Agranular
lh,24297,1,2,allocortex_scope->Agranular
lh,24298,1,2,allocortex_scope->Agranular
lh,24299,1,2,allocortex_scope->Agranular
lh,24300,1,2,allocortex_scope->Agranular
lh,24301,1,2,allocortex_scope->Agranular
lh,24305,1,2,allocortex_scope->Agranular
lh,24307,1,2,allocortex_scope->Agranular
lh,24308,1,2,allocortex_scope->Agranular
lh,24309,1,2,allocortex_scope->Agranular
lh,24310,1,2,allocortex_scope->Agranular
lh,24311,1,2,allocortex_scope->Agranular
lh,24312,1,2,allocortex_scope->Agranular
lh,24313,1,2,allocortex_scope->Agranular
lh,24314,1,2,allocortex_scope->Agranular
lh,24315,1,2,allocortex_scope->Agranular
lh,24316,1,2,allocortex_scope->Agranular
lh,24317,1,2,allocortex_scope->Agranular
lh,24358,1,2,allocortex_scope->Agranular
lh,24689,1,2,allocortex_scope->Agranular
lh,24690,1,2,allocortex_scope->Agranular
lh,24691,1,2,allocortex_scope->Agranular
lh,24692,1,2,allocortex_scope->Agranular
lh,25354,1,3,cingulate_posterior->Dysgranular
lh,25385,1,2,allocortex_scope->Agranular
lh,25386,1,2,allocortex_scope->Agranular
lh,25387,1,2,allocortex_scope->Agranular
lh,25388,1,2,allocortex_scope->Agranular
lh,25390,1,2,allocortex_scope->Agranular
lh,25392,1,2,allocortex_scope->Agranular
lh,25393,1,2,allocortex_scope->Agranular
lh,25394,1,2,allocortex_scope->Agranular
lh,25395,1,2,allocortex_scope->Agranular
lh,25396,1,2,allocortex_scope->Agranular
lh,25397,1,2,allocortex_scope->Agranular
lh,25438,1,2,allocortex_scope->Agranular
lh,25546,3,2,HABC->Agranular
lh,26187,1,2,allocortex_scope->Agranular
lh,26188,1,2,allocortex_scope->Agranular
lh,26189,1,2,allocortex_scope->Agranular
lh,26190,1,2,allocortex_scope->Agranular
lh,26191,1,2,allocortex_scope->Agranular
lh,26192,1,2,allocortex_scope->Agranular
lh,26227,4,1,Pir->Allocortex(paleocortex)
lh,26228,4,3,topology_buffer
lh,26229,4,2,topology_buffer
lh,26240,3,1,Pir->Allocortex(paleocortex)
lh,26247,3,2,topology_buffer
lh,26248,3,2,topology_buffer
lh,26336,1,2,allocortex_scope->Agranular
lh,26337,1,2,allocortex_scope->Agranular
lh,26338,1,2,allocortex_scope->Agranular
lh,26339,1,2,allocortex_scope->Agranular
lh,26340,1,2,allocortex_scope->Agranular
lh,26341,1,2,allocortex_scope->Agranular
lh,26342,1,2,allocortex_scope->Agranular
lh,26996,1,2,cingulate_anterior->Agranular
lh,26997,1,2,cingulate_anterior->Agranular
lh,26998,1,2,cingulate_anterior->Agranular
lh,27010,1,2,cingulate_anterior->Agranular
lh,27011,1,2,cingulate_anterior->Agranular
lh,27012,1,2,cingulate_anterior->Agranular
lh,27013,1,2,cingulate_anterior->Agranular
lh,27014,1,2,cingulate_anterior->Agranular
lh,27015,1,2,cingulate_anterior->Agranular
lh,27016,1,2,cingulate_anterior->Agranular
lh,27217,1,2,cingulate_anterior->Agranular
lh,27218,1,2,cingulate_anterior->Agranular
lh,28170,1,3,cingulate_posterior->Dysgranular
lh,28172,1,3,cingulate_posterior->Dysgranular
lh,28173,1,3,cingulate_posterior->Dysgranular
lh,28174,1,3,cingulate_posterior->Dysgranular
lh,28175,1,3,cingulate_posterior->Dysgranular
lh,28176,1,3,cingulate_posterior->Dysgranular
lh,28212,3,1,Pir->Allocortex(paleocortex)
lh,28228,2,1,Pir->Allocortex(paleocortex)
lh,28229,2,1,Pir->Allocortex(paleocortex)
lh,28230,2,1,Pir->Allocortex(paleocortex)
lh,28231,2,1,Pir->Allocortex(paleocortex)
lh,28232,2,1,Pir->Allocortex(paleocortex)
lh,28252,1,2,allocortex_scope->Agranular
lh,28253,1,2,allocortex_scope->Agranular
lh,28254,1,2,allocortex_scope->Agranular
lh,28255,1,2,allocortex_scope->Agranular
lh,28256,1,2,allocortex_scope->Agranular
lh,28257,1,2,allocortex_scope->Agranular
lh,28258,1,2,allocortex_scope->Agranular
lh,28259,1,2,allocortex_scope->Agranular
lh,28278,1,2,allocortex_scope->Agranular
lh,28279,1,2,allocortex_scope->Agranular
lh,28280,1,2,allocortex_scope->Agranular
lh,28281,1,2,allocortex_scope->Agranular
lh,28282,1,2,allocortex_scope->Agranular
lh,28283,1,2,allocortex_scope->Agranular
lh,28284,1,2,allocortex_scope->Agranular
lh,28285,1,2,allocortex_scope->Agranular
lh,28286,1,2,allocortex_scope->Agranular
lh,28287,1,2,allocortex_scope->Agranular
lh,28288,1,2,allocortex_scope->Agranular
lh,28289,1,2,allocortex_scope->Agranular
lh,28290,1,2,allocortex_scope->Agranular
lh,28291,1,2,allocortex_scope->Agranular
lh,28292,1,2,allocortex_scope->Agranular
lh,28293,1,2,allocortex_scope->Agranular
lh,28294,1,2,allocortex_scope->Agranular
lh,28295,1,2,allocortex_scope->Agranular
lh,28296,1,2,allocortex_scope->Agranular
lh,28297,1,2,allocortex_scope->Agranular
lh,28298,1,2,allocortex_scope->Agranular
lh,28299,1,2,allocortex_scope->Agranular
lh,28300,1,2,allocortex_scope->Agranular
lh,28301,1,2,allocortex_scope->Agranular
lh,28302,1,2,allocortex_scope->Agranular
lh,28303,1,2,allocortex_scope->Agranular
lh,28304,1,2,allocortex_scope->Agranular
lh,28735,1,2,allocortex_scope->Agranular
lh,28776,1,2,allocortex_scope->Agranular
lh,28777,2,3,PHA1->Dysgranular
lh,28781,3,2,EC->Agranular
lh,28784,1,2,Perirhinal->Agranular
lh,28785,1,2,allocortex_scope->Agranular
lh,28789,1,2,allocortex_scope->Agranular
lh,28793,3,2,HABC->Agranular
lh,28794,3,2,HABC->Agranular
lh,28795,3,2,HABC->Agranular
lh,28796,3,2,HABC->Agranular
lh,28797,3,2,HABC->Agranular
lh,28798,3,2,HABC->Agranular
lh,28966,1,2,allocortex_scope->Agranular
lh,29480,1,3,cingulate_posterior->Dysgranular
lh,29504,1,2,allocortex_scope->Agranular
lh,29506,1,2,allocortex_scope->Agranular
lh,30125,1,2,allocortex_scope->Agranular
lh,30126,1,2,allocortex_scope->Agranular
lh,30158,4,3,topology_buffer
lh,30159,4,1,Pir->Allocortex(paleocortex)
lh,30160,4,1,Pir->Allocortex(paleocortex)
lh,30161,4,1,Pir->Allocortex(paleocortex)
lh,30162,4,1,Pir->Allocortex(paleocortex)
lh,30163,4,1,Pir->Allocortex(paleocortex)
lh,30164,4,1,Pir->Allocortex(paleocortex)
lh,30165,3,1,Pir->Allocortex(paleocortex)
lh,30166,3,1,Pir->Allocortex(paleocortex)
lh,30167,3,1,Pir->Allocortex(paleocortex)
lh,30168,3,1,Pir->Allocortex(paleocortex)
lh,30169,3,1,Pir->Allocortex(paleocortex)
lh,30170,4,1,Pir->Allocortex(paleocortex)
lh,30171,3,1,Pir->Allocortex(paleocortex)
lh,30172,3,1,Pir->Allocortex(paleocortex)
lh,30173,3,1,Pir->Allocortex(paleocortex)
lh,30174,3,1,Pir->Allocortex(paleocortex)
lh,30175,3,1,Pir->Allocortex(paleocortex)
lh,30244,1,2,allocortex_scope->Agranular
lh,30245,1,3,cingulate_posterior->Dysgranular
lh,30246,1,3,cingulate_posterior->Dysgranular
lh,30247,1,2,allocortex_scope->Agranular
lh,30248,1,3,cingulate_posterior->Dysgranular
lh,30743,1,2,cingulate_anterior->Agranular
lh,30745,1,2,cingulate_anterior->Agranular
lh,30746,1,2,cingulate_anterior->Agranular
lh,30748,1,2,cingulate_anterior->Agranular
lh,30749,1,2,cingulate_anterior->Agranular
lh,30761,1,2,cingulate_anterior->Agranular
lh,30762,1,2,cingulate_anterior->Agranular
lh,30763,1,2,cingulate_anterior->Agranular
lh,30765,1,2,cingulate_anterior->Agranular
lh,30766,1,2,cingulate_anterior->Agranular
lh,31700,3,2,topology_buffer
lh,31701,3,1,Pir->Allocortex(paleocortex)
lh,31702,3,1,Pir->Allocortex(paleocortex)
lh,31734,1,2,allocortex_scope->Agranular
lh,31735,1,2,allocortex_scope->Agranular
lh,31736,1,2,allocortex_scope->Agranular
lh,31737,1,2,allocortex_scope->Agranular
lh,31738,1,2,allocortex_scope->Agranular
lh,31739,1,2,allocortex_scope->Agranular
lh,31740,1,2,allocortex_scope->Agranular
lh,31752,1,2,allocortex_scope->Agranular
lh,31753,1,2,allocortex_scope->Agranular
lh,31754,1,2,allocortex_scope->Agranular
lh,31755,1,2,allocortex_scope->Agranular
lh,31756,1,2,allocortex_scope->Agranular
lh,31757,1,2,allocortex_scope->Agranular
lh,31758,1,2,allocortex_scope->Agranular
lh,31759,1,2,allocortex_scope->Agranular
lh,31760,1,2,allocortex_scope->Agranular
lh,31761,1,2,allocortex_scope->Agranular
lh,31762,1,2,allocortex_scope->Agranular
lh,31763,1,2,allocortex_scope->Agranular
lh,31764,1,2,allocortex_scope->Agranular
lh,31765,1,2,allocortex_scope->Agranular
lh,31766,1,2,allocortex_scope->Agranular
lh,31767,1,2,allocortex_scope->Agranular
lh,31768,1,2,allocortex_scope->Agranular
lh,31769,1,2,allocortex_scope->Agranular
lh,31770,1,2,allocortex_scope->Agranular
lh,31771,1,2,allocortex_scope->Agranular
lh,31772,1,2,allocortex_scope->Agranular
lh,31773,1,2,allocortex_scope->Agranular
lh,31774,1,2,allocortex_scope->Agranular
lh,31775,1,2,allocortex_scope->Agranular
lh,31776,1,2,allocortex_scope->Agranular
lh,31777,1,2,allocortex_scope->Agranular
lh,31778,1,2,allocortex_scope->Agranular
lh,31876,1,2,allocortex_scope->Agranular
lh,32110,1,2,allocortex_scope->Agranular
lh,32111,1,2,allocortex_scope->Agranular
lh,32112,1,2,allocortex_scope->Agranular
lh,32145,3,2,HABC->Agranular
lh,32147,3,2,HABC->Agranular
lh,32153,3,2,HABC->Agranular
lh,32154,3,2,HABC->Agranular
lh,32155,3,2,HABC->Agranular
lh,32156,3,2,HABC->Agranular
lh,32157,3,2,HABC->Agranular
lh,32158,3,2,HABC->Agranular
lh,32159,3,2,HABC->Agranular
lh,32160,3,2,HABC->Agranular
lh,32608,1,2,allocortex_scope->Agranular
lh,32638,4,3,topology_buffer
lh,32642,3,2,topology_buffer
lh,32643,3,1,Pir->Allocortex(paleocortex)
lh,32644,3,2,topology_buffer
lh,34005,1,3,cingulate_posterior->Dysgranular
lh,34006,1,3,cingulate_posterior->Dysgranular
lh,34007,1,3,cingulate_posterior->Dysgranular
lh,34033,3,2,topology_buffer
lh,34034,3,1,Pir->Allocortex(paleocortex)
lh,34036,3,2,topology_buffer
lh,34037,2,1,Pir->Allocortex(paleocortex)
lh,34067,1,2,allocortex_scope->Agranular
lh,34068,1,2,allocortex_scope->Agranular
lh,34069,1,2,allocortex_scope->Agranular
lh,34070,1,2,allocortex_scope->Agranular
lh,34071,1,2,allocortex_scope->Agranular
lh,34072,1,2,allocortex_scope->Agranular
lh,34073,1,2,allocortex_scope->Agranular
lh,34074,1,2,allocortex_scope->Agranular
lh,34075,1,2,allocortex_scope->Agranular
lh,34076,1,2,allocortex_scope->Agranular
lh,34077,1,2,allocortex_scope->Agranular
lh,34078,1,2,allocortex_scope->Agranular
lh,34079,1,2,allocortex_scope->Agranular
lh,34080,1,2,allocortex_scope->Agranular
lh,34081,1,2,allocortex_scope->Agranular
lh,34082,1,2,allocortex_scope->Agranular
lh,34083,1,2,allocortex_scope->Agranular
lh,34084,1,2,allocortex_scope->Agranular
lh,34085,1,2,allocortex_scope->Agranular
lh,34086,1,2,allocortex_scope->Agranular
lh,34087,1,2,allocortex_scope->Agranular
lh,34088,1,2,allocortex_scope->Agranular
lh,34089,1,2,allocortex_scope->Agranular
lh,34090,1,2,allocortex_scope->Agranular
lh,34091,1,2,allocortex_scope->Agranular
lh,34092,1,2,allocortex_scope->Agranular
lh,34093,1,2,allocortex_scope->Agranular
lh,34094,1,2,allocortex_scope->Agranular
lh,34095,1,2,allocortex_scope->Agranular
lh,34096,1,2,allocortex_scope->Agranular
lh,34097,1,2,allocortex_scope->Agranular
lh,34183,1,2,allocortex_scope->Agranular
lh,34405,1,2,allocortex_scope->Agranular
lh,34406,1,2,allocortex_scope->Agranular
lh,34407,1,2,allocortex_scope->Agranular
lh,34409,1,2,allocortex_scope->Agranular
lh,34410,1,2,allocortex_scope->Agranular
lh,34415,1,2,allocortex_scope->Agranular
lh,34416,1,2,allocortex_scope->Agranular
lh,34421,2,3,PHA1->Dysgranular
lh,34433,4,3,topology_buffer
lh,35594,1,2,cingulate_anterior->Agranular
lh,35595,1,2,cingulate_anterior->Agranular
lh,35596,1,2,cingulate_anterior->Agranular
lh,35597,1,2,cingulate_anterior->Agranular
lh,35598,1,2,cingulate_anterior->Agranular
lh,35600,1,2,cingulate_anterior->Agranular
lh,35601,1,2,cingulate_anterior->Agranular
lh,35602,1,2,cingulate_anterior->Agranular
lh,35611,1,2,cingulate_anterior->Agranular
lh,35612,1,3,cingulate_posterior->Dysgranular
lh,35613,1,3,cingulate_posterior->Dysgranular
lh,35614,1,3,cingulate_posterior->Dysgranular
lh,35615,1,3,cingulate_posterior->Dysgranular
lh,35617,1,3,cingulate_posterior->Dysgranular
lh,35618,1,3,cingulate_posterior->Dysgranular
lh,35647,1,3,cingulate_posterior->Dysgranular
lh,35648,1,3,cingulate_posterior->Dysgranular
lh,35653,1,3,cingulate_posterior->Dysgranular
lh,35654,1,3,cingulate_posterior->Dysgranular
lh,35657,1,3,cingulate_posterior->Dysgranular
lh,35658,1,3,cingulate_posterior->Dysgranular
lh,35667,1,3,cingulate_posterior->Dysgranular
lh,35668,1,3,cingulate_posterior->Dysgranular
lh,35669,1,3,cingulate_posterior->Dysgranular
lh,35704,1,2,allocortex_scope->Agranular
lh,35705,1,2,allocortex_scope->Agranular
lh,35718,1,2,allocortex_scope->Agranular
lh,35726,1,2,allocortex_scope->Agranular
lh,35727,1,2,allocortex_scope->Agranular
lh,35728,1,2,allocortex_scope->Agranular
lh,35729,1,2,allocortex_scope->Agranular
lh,35730,1,2,allocortex_scope->Agranular
lh,35731,1,2,allocortex_scope->Agranular
lh,35732,1,2,allocortex_scope->Agranular
lh,36032,1,2,allocortex_scope->Agranular
lh,36033,1,2,allocortex_scope->Agranular
lh,36035,1,2,allocortex_scope->Agranular
lh,36036,1,3,cingulate_posterior->Dysgranular
lh,36037,1,2,allocortex_scope->Agranular
lh,37312,1,2,allocortex_scope->Agranular
lh,37313,1,2,allocortex_scope->Agranular
lh,37314,1,2,allocortex_scope->Agranular
lh,37323,1,2,cingulate_anterior->Agranular
lh,37347,1,2,cingulate_anterior->Agranular
lh,37352,1,2,cingulate_anterior->Agranular
lh,37353,1,2,cingulate_anterior->Agranular
lh,37354,1,2,cingulate_anterior->Agranular
lh,37355,1,2,cingulate_anterior->Agranular
lh,37389,1,2,cingulate_anterior->Agranular
lh,37390,1,2,cingulate_anterior->Agranular
lh,37392,1,2,cingulate_anterior->Agranular
lh,37393,1,2,cingulate_anterior->Agranular
lh,37394,1,2,cingulate_anterior->Agranular
lh,37475,1,2,cingulate_anterior->Agranular
lh,37795,1,2,cingulate_anterior->Agranular
lh,37798,1,2,allocortex_scope->Agranular
lh,37799,1,2,allocortex_scope->Agranular
lh,39504,1,2,allocortex_scope->Agranular
lh,39505,1,2,allocortex_scope->Agranular
lh,39692,1,3,cingulate_posterior->Dysgranular
lh,39693,1,3,cingulate_posterior->Dysgranular
lh,39718,1,3,cingulate_posterior->Dysgranular
lh,39773,3,2,topology_buffer
lh,39801,3,2,topology_buffer
lh,39802,3,2,topology_buffer
lh,39807,3,2,topology_buffer
lh,39808,3,1,Pir->Allocortex(paleocortex)
lh,39809,3,1,Pir->Allocortex(paleocortex)
lh,39816,2,1,Pir->Allocortex(paleocortex)
lh,39817,3,1,Pir->Allocortex(paleocortex)
lh,39818,3,1,Pir->Allocortex(paleocortex)
lh,39819,3,1,Pir->Allocortex(paleocortex)
lh,39820,3,1,Pir->Allocortex(paleocortex)
lh,39821,3,2,topology_buffer
lh,39822,3,1,Pir->Allocortex(paleocortex)
lh,39823,2,1,Pir->Allocortex(paleocortex)
lh,39824,3,2,topology_buffer
lh,39851,2,1,Pir->Allocortex(paleocortex)
lh,39855,1,2,allocortex_scope->Agranular
lh,39856,1,2,allocortex_scope->Agranular
lh,39857,1,2,allocortex_scope->Agranular
lh,39859,1,2,allocortex_scope->Agranular
lh,39860,1,2,allocortex_scope->Agranular
lh,39861,1,2,allocortex_scope->Agranular
lh,39862,1,2,allocortex_scope->Agranular
lh,39867,1,2,allocortex_scope->Agranular
lh,39871,1,2,allocortex_scope->Agranular
lh,39900,2,1,Pir->Allocortex(paleocortex)
lh,39901,2,1,Pir->Allocortex(paleocortex)
lh,39902,2,1,Pir->Allocortex(paleocortex)
lh,39903,2,1,Pir->Allocortex(paleocortex)
lh,39904,2,1,Pir->Allocortex(paleocortex)
lh,39905,2,1,Pir->Allocortex(paleocortex)
lh,39916,1,2,allocortex_scope->Agranular
lh,39921,1,2,allocortex_scope->Agranular
lh,39922,1,2,allocortex_scope->Agranular
lh,39923,1,2,allocortex_scope->Agranular
lh,39924,1,2,allocortex_scope->Agranular
lh,39925,1,2,allocortex_scope->Agranular
lh,39928,1,2,allocortex_scope->Agranular
lh,39929,1,2,allocortex_scope->Agranular
lh,39930,1,2,allocortex_scope->Agranular
lh,39931,1,2,allocortex_scope->Agranular
lh,39932,1,2,allocortex_scope->Agranular
lh,39933,1,2,allocortex_scope->Agranular
lh,39934,1,2,allocortex_scope->Agranular
lh,39935,1,2,allocortex_scope->Agranular
lh,39936,1,2,allocortex_scope->Agranular
lh,39937,1,2,allocortex_scope->Agranular
lh,39938,1,2,allocortex_scope->Agranular
lh,39939,1,2,allocortex_scope->Agranular
lh,39940,1,2,allocortex_scope->Agranular
lh,39941,1,2,allocortex_scope->Agranular
lh,39942,1,2,allocortex_scope->Agranular
lh,39943,1,2,allocortex_scope->Agranular
lh,39944,1,2,allocortex_scope->Agranular
lh,39945,1,2,allocortex_scope->Agranular
lh,39946,1,2,allocortex_scope->Agranular
lh,39947,1,2,allocortex_scope->Agranular
lh,39948,1,2,allocortex_scope->Agranular
lh,39949,1,2,allocortex_scope->Agranular
lh,39950,1,2,allocortex_scope->Agranular
lh,39951,1,2,allocortex_scope->Agranular
lh,39952,1,2,allocortex_scope->Agranular
lh,39953,1,2,allocortex_scope->Agranular
lh,39954,1,2,allocortex_scope->Agranular
lh,39955,1,2,allocortex_scope->Agranular
lh,39956,1,2,allocortex_scope->Agranular
lh,39957,1,2,allocortex_scope->Agranular
lh,39958,1,2,allocortex_scope->Agranular
lh,39959,1,2,allocortex_scope->Agranular
lh,39960,1,2,allocortex_scope->Agranular
lh,39961,1,2,allocortex_scope->Agranular
lh,39962,1,2,allocortex_scope->Agranular
lh,39963,1,2,allocortex_scope->Agranular
lh,39964,1,2,allocortex_scope->Agranular
lh,39965,1,2,allocortex_scope->Agranular
lh,39966,1,2,allocortex_scope->Agranular
lh,39967,1,2,allocortex_scope->Agranular
lh,39968,1,2,allocortex_scope->Agranular
lh,39969,1,2,allocortex_scope->Agranular
lh,39970,1,2,allocortex_scope->Agranular
lh,39971,1,2,allocortex_scope->Agranular
lh,39972,1,2,allocortex_scope->Agranular
lh,39973,1,2,allocortex_scope->Agranular
lh,39974,1,2,allocortex_scope->Agranular
lh,39975,1,2,allocortex_scope->Agranular
lh,39976,1,2,allocortex_scope->Agranular
lh,39977,1,2,allocortex_scope->Agranular
lh,39978,1,2,allocortex_scope->Agranular
lh,39979,1,2,allocortex_scope->Agranular
lh,39980,1,2,allocortex_scope->Agranular
lh,39987,3,2,Perirhinal->Agranular
lh,39988,3,2,Perirhinal->Agranular
lh,39989,3,2,Perirhinal->Agranular
lh,39990,3,2,Perirhinal->Agranular
lh,40227,3,2,Perirhinal->Agranular
lh,40229,3,2,Perirhinal->Agranular
lh,40230,3,2,Perirhinal->Agranular
lh,40231,3,2,Perirhinal->Agranular
lh,40232,3,2,Perirhinal->Agranular
lh,40720,1,2,allocortex_scope->Agranular
lh,40721,1,2,allocortex_scope->Agranular
lh,40722,1,2,allocortex_scope->Agranular
lh,40828,1,2,allocortex_scope->Agranular
lh,40902,1,2,allocortex_scope->Agranular
lh,40904,1,2,allocortex_scope->Agranular
lh,40905,1,2,allocortex_scope->Agranular
lh,40906,1,2,allocortex_scope->Agranular
lh,40907,1,2,allocortex_scope->Agranular
lh,40908,1,2,allocortex_scope->Agranular
lh,40909,1,2,allocortex_scope->Agranular
lh,40910,1,2,allocortex_scope->Agranular
lh,40912,1,2,allocortex_scope->Agranular
lh,40913,1,2,allocortex_scope->Agranular
lh,40919,2,3,PHA1->Dysgranular
lh,40923,1,2,allocortex_scope->Agranular
lh,40924,1,2,allocortex_scope->Agranular
lh,40930,1,2,allocortex_scope->Agranular
lh,40931,1,2,allocortex_scope->Agranular
lh,40934,1,2,allocortex_scope->Agranular
lh,40935,1,2,allocortex_scope->Agranular
lh,40936,1,2,allocortex_scope->Agranular
lh,40937,1,2,allocortex_scope->Agranular
lh,40938,1,2,allocortex_scope->Agranular
lh,40939,1,2,allocortex_scope->Agranular
lh,40940,1,2,allocortex_scope->Agranular
lh,40941,1,2,allocortex_scope->Agranular
lh,40946,3,2,HABC->Agranular
lh,40947,3,2,HABC->Agranular
lh,40948,3,2,HABC->Agranular
lh,40949,3,2,HABC->Agranular
lh,40950,3,2,HABC->Agranular
lh,40951,3,2,HABC->Agranular
lh,40956,3,2,HABC->Agranular
lh,40957,3,2,HABC->Agranular
lh,40958,3,2,HABC->Agranular
lh,40959,3,2,HABC->Agranular
lh,40960,3,2,Perirhinal->Agranular
lh,40961,3,2,Perirhinal->Agranular
lh,40997,1,2,allocortex_scope->Agranular
lh,40999,1,2,allocortex_scope->Agranular
lh,41114,1,2,cingulate_anterior->Agranular
lh,41116,1,2,cingulate_anterior->Agranular
lh,41118,1,3,cingulate_posterior->Dysgranular
lh,41119,1,3,cingulate_posterior->Dysgranular
lh,41120,1,3,cingulate_posterior->Dysgranular
lh,41283,3,1,Pir->Allocortex(paleocortex)
lh,41284,3,1,Pir->Allocortex(paleocortex)
lh,41285,3,1,Pir->Allocortex(paleocortex)
lh,41286,3,1,Pir->Allocortex(paleocortex)
lh,41287,3,1,Pir->Allocortex(paleocortex)
lh,41655,1,2,allocortex_scope->Agranular
lh,41656,1,2,allocortex_scope->Agranular
lh,41657,1,2,allocortex_scope->Agranular
lh,41658,1,2,allocortex_scope->Agranular
lh,41659,1,2,allocortex_scope->Agranular
lh,41665,1,2,allocortex_scope->Agranular
lh,41666,1,2,allocortex_scope->Agranular
lh,41667,1,2,allocortex_scope->Agranular
lh,41668,1,2,allocortex_scope->Agranular
lh,41669,1,2,allocortex_scope->Agranular
lh,41688,1,2,allocortex_scope->Agranular
lh,41689,1,2,allocortex_scope->Agranular
lh,41690,1,2,allocortex_scope->Agranular
lh,41691,1,2,allocortex_scope->Agranular
lh,41692,1,2,allocortex_scope->Agranular
lh,41747,1,2,allocortex_scope->Agranular
lh,41748,1,2,allocortex_scope->Agranular
lh,41749,1,2,allocortex_scope->Agranular
lh,41875,1,2,allocortex_scope->Agranular
lh,41876,1,2,allocortex_scope->Agranular
lh,42243,1,3,cingulate_posterior->Dysgranular
lh,42263,1,2,allocortex_scope->Agranular
lh,42731,3,1,Pir->Allocortex(paleocortex)
lh,42732,4,2,topology_buffer
lh,42733,3,2,topology_buffer
lh,42735,3,2,topology_buffer
lh,42737,3,2,topology_buffer
lh,42738,3,1,Pir->Allocortex(paleocortex)
lh,42739,3,1,Pir->Allocortex(paleocortex)
lh,42740,3,1,Pir->Allocortex(paleocortex)
lh,42741,3,1,Pir->Allocortex(paleocortex)
lh,42742,3,1,Pir->Allocortex(paleocortex)
lh,43147,1,2,cingulate_anterior->Agranular
lh,43148,1,2,cingulate_anterior->Agranular
lh,43149,1,2,cingulate_anterior->Agranular
lh,43280,1,2,cingulate_anterior->Agranular
lh,43281,1,2,cingulate_anterior->Agranular
lh,43856,1,2,allocortex_scope->Agranular
lh,43857,1,2,allocortex_scope->Agranular
lh,43858,1,2,allocortex_scope->Agranular
lh,43859,1,2,allocortex_scope->Agranular
lh,43860,1,2,allocortex_scope->Agranular
lh,43870,1,2,allocortex_scope->Agranular
lh,43871,1,2,allocortex_scope->Agranular
lh,43872,1,2,allocortex_scope->Agranular
lh,43873,1,2,allocortex_scope->Agranular
lh,43874,1,2,allocortex_scope->Agranular
lh,43875,1,2,allocortex_scope->Agranular
lh,43876,1,2,allocortex_scope->Agranular
lh,43877,1,2,allocortex_scope->Agranular
lh,43878,1,2,allocortex_scope->Agranular
lh,43879,1,2,allocortex_scope->Agranular
lh,43880,1,2,allocortex_scope->Agranular
lh,43881,1,2,allocortex_scope->Agranular
lh,43882,1,2,allocortex_scope->Agranular
lh,43883,1,2,allocortex_scope->Agranular
lh,43884,1,2,allocortex_scope->Agranular
lh,44125,1,2,allocortex_scope->Agranular
lh,44126,1,2,allocortex_scope->Agranular
lh,44127,1,2,allocortex_scope->Agranular
lh,44151,3,2,Perirhinal->Agranular
lh,44152,3,2,Perirhinal->Agranular
lh,44154,3,2,Perirhinal->Agranular
lh,44155,3,2,Perirhinal->Agranular
lh,44156,3,2,Perirhinal->Agranular
lh,44275,1,2,allocortex_scope->Agranular
lh,44277,1,2,allocortex_scope->Agranular
lh,44278,1,2,allocortex_scope->Agranular
lh,44279,1,2,allocortex_scope->Agranular
lh,44642,1,3,cingulate_posterior->Dysgranular
lh,44643,1,3,cingulate_posterior->Dysgranular
lh,44644,1,3,cingulate_posterior->Dysgranular
lh,44645,1,3,cingulate_posterior->Dysgranular
lh,45128,4,2,topology_buffer
lh,45129,4,3,topology_buffer
lh,45130,4,2,topology_buffer
lh,45131,4,1,Pir->Allocortex(paleocortex)
lh,45132,4,1,Pir->Allocortex(paleocortex)
lh,45133,4,1,Pir->Allocortex(paleocortex)
lh,45134,4,1,Pir->Allocortex(paleocortex)
lh,45135,4,1,Pir->Allocortex(paleocortex)
lh,45136,4,1,Pir->Allocortex(paleocortex)
lh,45137,4,1,Pir->Allocortex(paleocortex)
lh,45141,3,2,topology_buffer
lh,45193,1,3,cingulate_posterior->Dysgranular
lh,45552,1,2,cingulate_anterior->Agranular
lh,45553,1,2,cingulate_anterior->Agranular
lh,45554,1,2,cingulate_anterior->Agranular
lh,46208,1,3,cingulate_posterior->Dysgranular
lh,46230,2,1,Pir->Allocortex(paleocortex)
lh,46231,2,1,Pir->Allocortex(paleocortex)
lh,46232,2,1,Pir->Allocortex(paleocortex)
lh,46248,1,2,allocortex_scope->Agranular
lh,46252,1,2,allocortex_scope->Agranular
lh,46256,1,2,allocortex_scope->Agranular
lh,46257,1,2,allocortex_scope->Agranular
lh,46258,1,2,allocortex_scope->Agranular
lh,46259,1,2,allocortex_scope->Agranular
lh,46260,1,2,allocortex_scope->Agranular
lh,46261,1,2,allocortex_scope->Agranular
lh,46262,1,2,allocortex_scope->Agranular
lh,46268,1,2,allocortex_scope->Agranular
lh,46269,1,2,allocortex_scope->Agranular
lh,46270,1,2,allocortex_scope->Agranular
lh,46271,1,2,allocortex_scope->Agranular
lh,46272,1,2,allocortex_scope->Agranular
lh,46273,1,2,allocortex_scope->Agranular
lh,46274,1,2,allocortex_scope->Agranular
lh,46275,1,2,allocortex_scope->Agranular
lh,46276,1,2,allocortex_scope->Agranular
lh,46277,1,2,allocortex_scope->Agranular
lh,46278,1,2,allocortex_scope->Agranular
lh,46279,1,2,allocortex_scope->Agranular
lh,46280,1,2,allocortex_scope->Agranular
lh,46281,1,2,allocortex_scope->Agranular
lh,46282,1,2,allocortex_scope->Agranular
lh,46283,1,2,allocortex_scope->Agranular
lh,46284,1,2,allocortex_scope->Agranular
lh,46285,1,2,allocortex_scope->Agranular
lh,46286,1,2,allocortex_scope->Agranular
lh,46287,1,2,allocortex_scope->Agranular
lh,46288,1,2,allocortex_scope->Agranular
lh,46289,1,2,allocortex_scope->Agranular
lh,46357,1,2,allocortex_scope->Agranular
lh,46525,1,2,allocortex_scope->Agranular
lh,46550,4,3,topology_buffer
lh,46551,4,3,topology_buffer
lh,46552,3,2,HABC->Agranular
lh,46553,3,2,HABC->Agranular
lh,46554,3,2,HABC->Agranular
lh,46555,3,2,HABC->Agranular
lh,46556,3,2,HABC->Agranular
lh,46908,1,2,allocortex_scope->Agranular
lh,46912,1,2,allocortex_scope->Agranular
lh,46913,1,2,allocortex_scope->Agranular
lh,46914,1,2,allocortex_scope->Agranular
lh,48042,2,1,Pir->Allocortex(paleocortex)
lh,48043,2,1,Pir->Allocortex(paleocortex)
lh,48044,2,1,Pir->Allocortex(paleocortex)
lh,48063,1,2,allocortex_scope->Agranular
lh,48064,1,2,allocortex_scope->Agranular
lh,48065,1,2,allocortex_scope->Agranular
lh,48066,1,2,allocortex_scope->Agranular
lh,48067,1,2,allocortex_scope->Agranular
lh,48068,1,2,allocortex_scope->Agranular
lh,48069,1,2,allocortex_scope->Agranular
lh,48070,1,2,allocortex_scope->Agranular
lh,48071,1,2,allocortex_scope->Agranular
lh,48072,1,2,allocortex_scope->Agranular
lh,48073,1,2,allocortex_scope->Agranular
lh,48074,1,2,allocortex_scope->Agranular
lh,48075,1,2,allocortex_scope->Agranular
lh,48076,1,2,allocortex_scope->Agranular
lh,48077,1,2,allocortex_scope->Agranular
lh,48078,1,2,allocortex_scope->Agranular
lh,48079,1,2,allocortex_scope->Agranular
lh,48080,1,2,allocortex_scope->Agranular
lh,48081,1,2,allocortex_scope->Agranular
lh,48082,1,2,allocortex_scope->Agranular
lh,48083,1,2,allocortex_scope->Agranular
lh,48084,1,2,allocortex_scope->Agranular
lh,48085,1,2,allocortex_scope->Agranular
lh,48086,1,2,allocortex_scope->Agranular
lh,48087,1,2,allocortex_scope->Agranular
lh,48088,1,2,allocortex_scope->Agranular
lh,48089,1,2,allocortex_scope->Agranular
lh,48156,1,2,allocortex_scope->Agranular
lh,48157,1,2,allocortex_scope->Agranular
lh,48337,1,2,allocortex_scope->Agranular
lh,48338,1,2,allocortex_scope->Agranular
lh,48339,1,2,allocortex_scope->Agranular
lh,48340,1,2,allocortex_scope->Agranular
lh,49310,1,2,cingulate_anterior->Agranular
lh,49317,1,3,cingulate_posterior->Dysgranular
lh,49318,1,3,cingulate_posterior->Dysgranular
lh,49319,1,3,cingulate_posterior->Dysgranular
lh,49320,1,3,cingulate_posterior->Dysgranular
lh,49321,1,3,cingulate_posterior->Dysgranular
lh,49322,1,3,cingulate_posterior->Dysgranular
lh,49323,1,3,cingulate_posterior->Dysgranular
lh,49324,1,3,cingulate_posterior->Dysgranular
lh,49325,1,3,cingulate_posterior->Dysgranular
lh,49326,1,3,cingulate_posterior->Dysgranular
lh,49350,1,3,cingulate_posterior->Dysgranular
lh,49394,1,2,allocortex_scope->Agranular
lh,49403,1,2,allocortex_scope->Agranular
lh,49404,1,2,allocortex_scope->Agranular
lh,49405,1,2,allocortex_scope->Agranular
lh,49406,1,2,allocortex_scope->Agranular
lh,49407,1,2,allocortex_scope->Agranular
lh,49408,1,2,allocortex_scope->Agranular
lh,49409,1,2,allocortex_scope->Agranular
lh,49410,1,2,allocortex_scope->Agranular
lh,49411,1,2,allocortex_scope->Agranular
lh,49412,1,2,allocortex_scope->Agranular
lh,49414,1,2,allocortex_scope->Agranular
lh,49416,1,2,allocortex_scope->Agranular
lh,49471,4,2,topology_buffer
lh,49472,4,3,topology_buffer
lh,49473,4,3,topology_buffer
lh,49493,3,1,Pir->Allocortex(paleocortex)
lh,49494,3,2,topology_buffer
lh,49495,3,2,topology_buffer
lh,49652,1,2,allocortex_scope->Agranular
lh,49654,1,2,allocortex_scope->Agranular
lh,49655,1,2,allocortex_scope->Agranular
lh,49656,1,2,allocortex_scope->Agranular
lh,49657,1,2,allocortex_scope->Agranular
lh,49659,1,2,allocortex_scope->Agranular
lh,49660,1,2,allocortex_scope->Agranular
lh,49661,1,2,allocortex_scope->Agranular
lh,49663,1,3,cingulate_posterior->Dysgranular
lh,49664,1,3,cingulate_posterior->Dysgranular
lh,49665,1,3,cingulate_posterior->Dysgranular
lh,50751,1,2,cingulate_anterior->Agranular
lh,50752,1,2,cingulate_anterior->Agranular
lh,50755,1,2,cingulate_anterior->Agranular
lh,50775,1,2,cingulate_anterior->Agranular
lh,50777,1,2,cingulate_anterior->Agranular
lh,50785,1,2,cingulate_anterior->Agranular
lh,50786,1,2,cingulate_anterior->Agranular
lh,50787,1,2,cingulate_anterior->Agranular
lh,50788,1,2,cingulate_anterior->Agranular
lh,50789,1,2,cingulate_anterior->Agranular
lh,51124,1,2,allocortex_scope->Agranular
lh,51125,1,2,allocortex_scope->Agranular
lh,51126,1,2,allocortex_scope->Agranular
lh,52778,3,1,Pir->Allocortex(paleocortex)
lh,52779,3,2,topology_buffer
lh,52780,3,1,Pir->Allocortex(paleocortex)
lh,52803,2,1,Pir->Allocortex(paleocortex)
lh,52804,2,1,Pir->Allocortex(paleocortex)
lh,52805,2,1,Pir->Allocortex(paleocortex)
lh,52806,2,1,Pir->Allocortex(paleocortex)
lh,52807,3,1,Pir->Allocortex(paleocortex)
lh,52808,3,1,Pir->Allocortex(paleocortex)
lh,52809,3,1,Pir->Allocortex(paleocortex)
lh,52810,2,1,Pir->Allocortex(paleocortex)
lh,52811,2,1,Pir->Allocortex(paleocortex)
lh,52812,2,1,Pir->Allocortex(paleocortex)
lh,52813,2,1,Pir->Allocortex(paleocortex)
lh,52814,2,1,Pir->Allocortex(paleocortex)
lh,52846,1,2,allocortex_scope->Agranular
lh,52847,1,2,allocortex_scope->Agranular
lh,52848,1,2,allocortex_scope->Agranular
lh,52849,1,2,allocortex_scope->Agranular
lh,52850,1,2,allocortex_scope->Agranular
lh,52851,1,2,allocortex_scope->Agranular
lh,52852,1,2,allocortex_scope->Agranular
lh,52853,1,2,allocortex_scope->Agranular
lh,52854,1,2,allocortex_scope->Agranular
lh,52855,1,2,allocortex_scope->Agranular
lh,52888,1,2,allocortex_scope->Agranular
lh,52889,1,2,allocortex_scope->Agranular
lh,52890,1,2,allocortex_scope->Agranular
lh,52891,1,2,allocortex_scope->Agranular
lh,52892,1,2,allocortex_scope->Agranular
lh,52893,1,2,allocortex_scope->Agranular
lh,52894,1,2,allocortex_scope->Agranular
lh,52895,1,2,allocortex_scope->Agranular
lh,52896,1,2,allocortex_scope->Agranular
lh,52897,1,2,allocortex_scope->Agranular
lh,52898,1,2,allocortex_scope->Agranular
lh,52899,1,2,allocortex_scope->Agranular
lh,52900,1,2,allocortex_scope->Agranular
lh,52901,1,2,allocortex_scope->Agranular
lh,52902,1,2,allocortex_scope->Agranular
lh,52903,1,2,allocortex_scope->Agranular
lh,52904,1,2,allocortex_scope->Agranular
lh,52905,1,2,allocortex_scope->Agranular
lh,52906,1,2,allocortex_scope->Agranular
lh,52907,1,2,allocortex_scope->Agranular
lh,52908,1,2,allocortex_scope->Agranular
lh,52909,1,2,allocortex_scope->Agranular
lh,52910,1,2,allocortex_scope->Agranular
lh,52911,1,2,allocortex_scope->Agranular
lh,52912,1,2,allocortex_scope->Agranular
lh,52913,1,2,allocortex_scope->Agranular
lh,52914,1,2,allocortex_scope->Agranular
lh,52915,1,2,allocortex_scope->Agranular
lh,52916,1,2,allocortex_scope->Agranular
lh,52917,1,2,allocortex_scope->Agranular
lh,52918,1,2,allocortex_scope->Agranular
lh,52919,1,2,allocortex_scope->Agranular
lh,52920,1,2,allocortex_scope->Agranular
lh,52921,1,2,allocortex_scope->Agranular
lh,52922,1,2,allocortex_scope->Agranular
lh,52923,1,2,allocortex_scope->Agranular
lh,52924,1,2,allocortex_scope->Agranular
lh,52925,1,2,allocortex_scope->Agranular
lh,52926,1,2,allocortex_scope->Agranular
lh,52927,1,2,allocortex_scope->Agranular
lh,52928,1,2,allocortex_scope->Agranular
lh,52929,1,2,allocortex_scope->Agranular
lh,52930,1,2,allocortex_scope->Agranular
lh,52931,1,2,allocortex_scope->Agranular
lh,52932,1,2,allocortex_scope->Agranular
lh,52933,1,2,allocortex_scope->Agranular
lh,52934,1,2,allocortex_scope->Agranular
lh,52935,1,2,allocortex_scope->Agranular
lh,52936,1,2,allocortex_scope->Agranular
lh,52937,1,2,allocortex_scope->Agranular
lh,52941,1,2,allocortex_scope->Agranular
lh,53148,3,2,Perirhinal->Agranular
lh,53149,3,2,Perirhinal->Agranular
lh,53150,3,2,Perirhinal->Agranular
lh,53151,3,2,Perirhinal->Agranular
lh,53152,3,2,Perirhinal->Agranular
lh,53650,1,2,allocortex_scope->Agranular
lh,53651,1,2,allocortex_scope->Agranular
lh,53652,1,2,allocortex_scope->Agranular
lh,53717,1,2,allocortex_scope->Agranular
lh,53718,1,2,allocortex_scope->Agranular
lh,53719,1,2,allocortex_scope->Agranular
lh,53720,1,2,allocortex_scope->Agranular
lh,53721,1,2,allocortex_scope->Agranular
lh,53722,1,2,allocortex_scope->Agranular
lh,53723,1,2,allocortex_scope->Agranular
lh,53724,1,2,allocortex_scope->Agranular
lh,53728,1,2,EC->Agranular
lh,53729,1,2,allocortex_scope->Agranular
lh,53730,1,2,allocortex_scope->Agranular
lh,53731,1,2,allocortex_scope->Agranular
lh,53732,1,2,allocortex_scope->Agranular
lh,53733,1,2,allocortex_scope->Agranular
lh,53734,1,2,allocortex_scope->Agranular
lh,53735,1,2,allocortex_scope->Agranular
lh,53736,1,2,allocortex_scope->Agranular
lh,53737,1,2,allocortex_scope->Agranular
lh,53738,1,2,allocortex_scope->Agranular
lh,53739,1,2,allocortex_scope->Agranular
lh,53740,1,2,allocortex_scope->Agranular
lh,53741,1,2,allocortex_scope->Agranular
lh,53747,3,2,HABC->Agranular
lh,53748,3,2,HABC->Agranular
lh,53749,3,2,HABC->Agranular
lh,53750,3,2,HABC->Agranular
lh,53751,3,2,HABC->Agranular
lh,53752,3,2,HABC->Agranular
lh,53753,3,2,HABC->Agranular
lh,53754,3,2,HABC->Agranular
lh,53755,3,2,HABC->Agranular
lh,53756,3,2,HABC->Agranular
lh,53879,1,2,allocortex_scope->Agranular
lh,54232,1,3,cingulate_posterior->Dysgranular
lh,54233,1,3,cingulate_posterior->Dysgranular
lh,54234,1,3,cingulate_posterior->Dysgranular
lh,54242,1,3,cingulate_posterior->Dysgranular
lh,54243,1,3,cingulate_posterior->Dysgranular
lh,54244,1,3,cingulate_posterior->Dysgranular
lh,54245,1,3,cingulate_posterior->Dysgranular
lh,54246,1,3,cingulate_posterior->Dysgranular
lh,54728,4,1,Pir->Allocortex(paleocortex)
lh,54729,4,1,Pir->Allocortex(paleocortex)
lh,54730,4,1,Pir->Allocortex(paleocortex)
lh,54731,4,1,Pir->Allocortex(paleocortex)
lh,54732,4,1,Pir->Allocortex(paleocortex)
lh,54733,4,1,Pir->Allocortex(paleocortex)
lh,54734,4,1,Pir->Allocortex(paleocortex)
lh,54735,4,1,Pir->Allocortex(paleocortex)
lh,54736,4,1,Pir->Allocortex(paleocortex)
lh,54737,4,1,Pir->Allocortex(paleocortex)
lh,54738,3,1,Pir->Allocortex(paleocortex)
lh,54739,3,1,Pir->Allocortex(paleocortex)
lh,54740,3,1,Pir->Allocortex(paleocortex)
lh,54741,3,1,Pir->Allocortex(paleocortex)
lh,54742,3,1,Pir->Allocortex(paleocortex)
lh,54789,1,2,allocortex_scope->Agranular
lh,54790,1,2,allocortex_scope->Agranular
lh,54791,1,2,allocortex_scope->Agranular
lh,54793,1,3,cingulate_posterior->Dysgranular
lh,55848,1,2,allocortex_scope->Agranular
lh,55849,1,2,allocortex_scope->Agranular
lh,55850,1,2,allocortex_scope->Agranular
lh,55851,1,2,allocortex_scope->Agranular
lh,55852,1,2,allocortex_scope->Agranular
lh,55853,1,2,allocortex_scope->Agranular
lh,55854,1,2,allocortex_scope->Agranular
lh,55855,1,2,allocortex_scope->Agranular
lh,55856,1,2,allocortex_scope->Agranular
lh,55857,1,2,allocortex_scope->Agranular
lh,55858,1,2,allocortex_scope->Agranular
lh,55859,1,2,allocortex_scope->Agranular
lh,55860,1,2,allocortex_scope->Agranular
lh,55861,1,2,allocortex_scope->Agranular
lh,55871,1,2,allocortex_scope->Agranular
lh,55872,1,2,allocortex_scope->Agranular
lh,55873,1,2,allocortex_scope->Agranular
lh,55874,1,2,allocortex_scope->Agranular
lh,55875,1,2,allocortex_scope->Agranular
lh,55876,1,2,allocortex_scope->Agranular
lh,55877,1,2,allocortex_scope->Agranular
lh,55878,1,2,allocortex_scope->Agranular
lh,55879,1,2,allocortex_scope->Agranular
lh,55880,1,2,allocortex_scope->Agranular
lh,55881,1,2,allocortex_scope->Agranular
lh,55882,1,2,allocortex_scope->Agranular
lh,55883,1,2,allocortex_scope->Agranular
lh,55884,1,2,allocortex_scope->Agranular
lh,55885,1,2,allocortex_scope->Agranular
lh,55886,1,2,allocortex_scope->Agranular
lh,55887,1,2,allocortex_scope->Agranular
lh,55888,1,2,allocortex_scope->Agranular
lh,55889,1,2,allocortex_scope->Agranular
lh,55946,1,2,allocortex_scope->Agranular
lh,55953,1,2,allocortex_scope->Agranular
lh,55954,1,2,allocortex_scope->Agranular
lh,55955,1,2,allocortex_scope->Agranular
lh,55956,1,2,allocortex_scope->Agranular
lh,55957,1,2,allocortex_scope->Agranular
lh,56505,1,2,allocortex_scope->Agranular
lh,56507,1,2,allocortex_scope->Agranular
lh,56508,1,2,allocortex_scope->Agranular
lh,56509,1,2,allocortex_scope->Agranular
lh,56510,1,2,allocortex_scope->Agranular
lh,56511,1,2,allocortex_scope->Agranular
lh,56512,1,2,allocortex_scope->Agranular
lh,56513,1,2,allocortex_scope->Agranular
lh,56514,1,2,allocortex_scope->Agranular
lh,57610,1,3,cingulate_posterior->Dysgranular
lh,57614,1,3,cingulate_posterior->Dysgranular
lh,57615,1,3,cingulate_posterior->Dysgranular
lh,57616,1,3,cingulate_posterior->Dysgranular
lh,57667,1,2,allocortex_scope->Agranular
lh,57668,1,2,allocortex_scope->Agranular
lh,57669,1,2,allocortex_scope->Agranular
lh,57670,1,2,allocortex_scope->Agranular
lh,57671,1,2,allocortex_scope->Agranular
lh,57672,1,2,allocortex_scope->Agranular
lh,57673,1,2,allocortex_scope->Agranular
lh,57674,1,2,allocortex_scope->Agranular
lh,57679,1,2,allocortex_scope->Agranular
lh,57680,1,2,allocortex_scope->Agranular
lh,57681,1,2,allocortex_scope->Agranular
lh,57682,1,2,allocortex_scope->Agranular
lh,57683,1,2,allocortex_scope->Agranular
lh,57684,1,2,allocortex_scope->Agranular
lh,57686,1,2,allocortex_scope->Agranular
lh,57687,1,2,allocortex_scope->Agranular
lh,57688,1,2,allocortex_scope->Agranular
lh,57689,1,2,allocortex_scope->Agranular
lh,57757,1,2,allocortex_scope->Agranular
lh,57939,2,3,PHA1->Dysgranular
lh,59004,1,2,allocortex_scope->Agranular
lh,59007,1,2,allocortex_scope->Agranular
lh,59008,1,2,allocortex_scope->Agranular
lh,59009,1,2,allocortex_scope->Agranular
lh,59010,1,2,allocortex_scope->Agranular
lh,59011,1,2,allocortex_scope->Agranular
lh,59012,1,2,allocortex_scope->Agranular
lh,59071,4,1,Pir->Allocortex(paleocortex)
lh,59072,4,2,topology_buffer
lh,59073,4,1,Pir->Allocortex(paleocortex)
lh,59075,4,3,topology_buffer
lh,59093,3,1,Pir->Allocortex(paleocortex)
lh,59094,3,2,topology_buffer
lh,59095,3,2,topology_buffer
lh,59103,3,1,Pir->Allocortex(paleocortex)
lh,59104,3,2,topology_buffer
lh,59105,3,1,Pir->Allocortex(paleocortex)
lh,59106,3,1,Pir->Allocortex(paleocortex)
lh,59107,3,1,Pir->Allocortex(paleocortex)
lh,59253,1,2,allocortex_scope->Agranular
lh,59254,1,2,allocortex_scope->Agranular
lh,59255,1,3,cingulate_posterior->Dysgranular
lh,59256,1,2,allocortex_scope->Agranular
lh,59257,1,2,allocortex_scope->Agranular
lh,59258,1,2,allocortex_scope->Agranular
lh,59259,1,2,allocortex_scope->Agranular
lh,59260,1,2,allocortex_scope->Agranular
lh,59261,1,2,allocortex_scope->Agranular
lh,60353,1,2,cingulate_anterior->Agranular
lh,60354,1,2,cingulate_anterior->Agranular
lh,60355,1,2,cingulate_anterior->Agranular
lh,60378,1,2,cingulate_anterior->Agranular
lh,60379,1,2,cingulate_anterior->Agranular
lh,60380,1,2,cingulate_anterior->Agranular
lh,60381,1,2,cingulate_anterior->Agranular
lh,60382,1,2,cingulate_anterior->Agranular
lh,60383,1,2,cingulate_anterior->Agranular
lh,60384,1,2,cingulate_anterior->Agranular
lh,60721,1,2,cingulate_anterior->Agranular
lh,60722,1,2,cingulate_anterior->Agranular
lh,60723,1,2,cingulate_anterior->Agranular
lh,60724,1,2,cingulate_anterior->Agranular
lh,60725,1,2,cingulate_anterior->Agranular
lh,62311,1,3,cingulate_posterior->Dysgranular
lh,62312,1,3,cingulate_posterior->Dysgranular
lh,62313,1,3,cingulate_posterior->Dysgranular
lh,62314,1,3,cingulate_posterior->Dysgranular
lh,62315,1,3,cingulate_posterior->Dysgranular
lh,62316,1,3,cingulate_posterior->Dysgranular
lh,62317,1,3,cingulate_posterior->Dysgranular
lh,62318,1,3,cingulate_posterior->Dysgranular
lh,62319,1,3,cingulate_posterior->Dysgranular
lh,62406,2,1,Pir->Allocortex(paleocortex)
lh,62407,2,1,Pir->Allocortex(paleocortex)
lh,62408,2,1,Pir->Allocortex(paleocortex)
lh,62409,2,1,Pir->Allocortex(paleocortex)
lh,62410,2,1,Pir->Allocortex(paleocortex)
lh,62411,2,1,Pir->Allocortex(paleocortex)
lh,62412,2,1,Pir->Allocortex(paleocortex)
lh,62413,2,1,Pir->Allocortex(paleocortex)
lh,62414,2,1,Pir->Allocortex(paleocortex)
lh,62446,1,2,allocortex_scope->Agranular
lh,62447,1,2,allocortex_scope->Agranular
lh,62448,1,2,allocortex_scope->Agranular
lh,62449,1,2,allocortex_scope->Agranular
lh,62450,1,2,allocortex_scope->Agranular
lh,62451,1,2,allocortex_scope->Agranular
lh,62452,1,2,allocortex_scope->Agranular
lh,62453,1,2,allocortex_scope->Agranular
lh,62454,1,2,allocortex_scope->Agranular
lh,62455,1,2,allocortex_scope->Agranular
lh,62456,1,2,allocortex_scope->Agranular
lh,62457,1,2,allocortex_scope->Agranular
lh,62458,1,2,allocortex_scope->Agranular
lh,62460,1,2,allocortex_scope->Agranular
lh,62462,1,2,allocortex_scope->Agranular
lh,62490,1,2,allocortex_scope->Agranular
lh,62491,1,2,allocortex_scope->Agranular
lh,62492,1,2,allocortex_scope->Agranular
lh,62493,1,2,allocortex_scope->Agranular
lh,62494,1,2,allocortex_scope->Agranular
lh,62495,1,2,allocortex_scope->Agranular
lh,62496,1,2,allocortex_scope->Agranular
lh,62497,1,2,allocortex_scope->Agranular
lh,62498,1,2,allocortex_scope->Agranular
lh,62499,1,2,allocortex_scope->Agranular
lh,62500,1,2,allocortex_scope->Agranular
lh,62501,1,2,allocortex_scope->Agranular
lh,62502,1,2,allocortex_scope->Agranular
lh,62503,1,2,allocortex_scope->Agranular
lh,62504,1,2,allocortex_scope->Agranular
lh,62505,1,2,allocortex_scope->Agranular
lh,62506,1,2,allocortex_scope->Agranular
lh,62507,1,2,allocortex_scope->Agranular
lh,62508,1,2,allocortex_scope->Agranular
lh,62509,1,2,allocortex_scope->Agranular
lh,62510,1,2,allocortex_scope->Agranular
lh,62511,1,2,allocortex_scope->Agranular
lh,62512,1,2,allocortex_scope->Agranular
lh,62513,1,2,allocortex_scope->Agranular
lh,62514,1,2,allocortex_scope->Agranular
lh,62515,1,2,allocortex_scope->Agranular
lh,62516,1,2,allocortex_scope->Agranular
lh,62517,1,2,allocortex_scope->Agranular
lh,62518,1,2,allocortex_scope->Agranular
lh,62519,1,2,allocortex_scope->Agranular
lh,62520,1,2,allocortex_scope->Agranular
lh,62521,1,2,allocortex_scope->Agranular
lh,62522,1,2,allocortex_scope->Agranular
lh,62523,1,2,allocortex_scope->Agranular
lh,62524,1,2,allocortex_scope->Agranular
lh,62525,1,2,allocortex_scope->Agranular
lh,62526,1,2,allocortex_scope->Agranular
lh,62527,1,2,allocortex_scope->Agranular
lh,62528,1,2,allocortex_scope->Agranular
lh,62529,1,2,allocortex_scope->Agranular
lh,62530,1,2,allocortex_scope->Agranular
lh,62531,1,2,allocortex_scope->Agranular
lh,62532,1,2,allocortex_scope->Agranular
lh,62533,1,2,allocortex_scope->Agranular
lh,62534,1,2,allocortex_scope->Agranular
lh,63250,1,2,allocortex_scope->Agranular
lh,63251,1,2,allocortex_scope->Agranular
lh,63252,1,2,allocortex_scope->Agranular
lh,63317,2,3,PHA1->Dysgranular
lh,63318,2,3,PHA1->Dysgranular
lh,63319,2,3,PHA1->Dysgranular
lh,63320,2,3,PHA1->Dysgranular
lh,63321,2,3,PHA1->Dysgranular
lh,63322,2,3,PHA1->Dysgranular
lh,63324,2,3,PHA1->Dysgranular
lh,63326,3,2,EC->Agranular
lh,63327,3,2,Perirhinal->Agranular
lh,63333,1,2,Perirhinal->Agranular
lh,63346,3,2,Perirhinal->Agranular
lh,63347,3,2,HABC->Agranular
lh,63348,3,2,HABC->Agranular
lh,63349,3,2,HABC->Agranular
lh,63350,3,2,HABC->Agranular
lh,63351,3,2,HABC->Agranular
lh,63352,3,2,HABC->Agranular
lh,63353,3,2,HABC->Agranular
lh,63354,3,2,HABC->Agranular
lh,63355,3,2,HABC->Agranular
lh,63715,1,2,allocortex_scope->Agranular
lh,63716,1,2,allocortex_scope->Agranular
lh,63717,1,2,allocortex_scope->Agranular
lh,63718,1,2,allocortex_scope->Agranular
lh,64817,1,3,cingulate_posterior->Dysgranular
lh,64818,1,3,cingulate_posterior->Dysgranular
lh,64819,1,3,cingulate_posterior->Dysgranular
lh,64820,1,3,cingulate_posterior->Dysgranular
lh,64871,1,2,allocortex_scope->Agranular
lh,66195,1,2,allocortex_scope->Agranular
lh,66196,1,2,allocortex_scope->Agranular
lh,66197,1,2,allocortex_scope->Agranular
lh,66199,1,2,allocortex_scope->Agranular
lh,66200,1,2,allocortex_scope->Agranular
lh,66201,1,2,allocortex_scope->Agranular
lh,66266,4,2,topology_buffer
lh,66267,4,3,topology_buffer
lh,66268,4,2,topology_buffer
lh,66269,4,2,topology_buffer
lh,66270,4,1,Pir->Allocortex(paleocortex)
lh,66271,4,1,Pir->Allocortex(paleocortex)
lh,66272,4,1,Pir->Allocortex(paleocortex)
lh,66273,4,1,Pir->Allocortex(paleocortex)
lh,66274,4,1,Pir->Allocortex(paleocortex)
lh,66275,4,1,Pir->Allocortex(paleocortex)
lh,66276,4,1,Pir->Allocortex(paleocortex)
lh,66277,4,1,Pir->Allocortex(paleocortex)
lh,66278,4,1,Pir->Allocortex(paleocortex)
lh,66279,4,1,Pir->Allocortex(paleocortex)
lh,66280,4,1,Pir->Allocortex(paleocortex)
lh,66281,4,1,Pir->Allocortex(paleocortex)
lh,66282,4,1,Pir->Allocortex(paleocortex)
lh,66283,4,1,Pir->Allocortex(paleocortex)
lh,66284,4,1,Pir->Allocortex(paleocortex)
lh,66285,3,1,Pir->Allocortex(paleocortex)
lh,66286,3,1,Pir->Allocortex(paleocortex)
lh,66287,3,1,Pir->Allocortex(paleocortex)
lh,66288,3,1,Pir->Allocortex(paleocortex)
lh,66289,3,1,Pir->Allocortex(paleocortex)
lh,66290,3,1,Pir->Allocortex(paleocortex)
lh,66291,3,1,Pir->Allocortex(paleocortex)
lh,66292,3,1,Pir->Allocortex(paleocortex)
lh,66293,4,1,Pir->Allocortex(paleocortex)
lh,66294,4,1,Pir->Allocortex(paleocortex)
lh,66295,4,1,Pir->Allocortex(paleocortex)
lh,66296,3,1,Pir->Allocortex(paleocortex)
lh,66297,3,1,Pir->Allocortex(paleocortex)
lh,66298,3,1,Pir->Allocortex(paleocortex)
lh,66299,3,1,Pir->Allocortex(paleocortex)
lh,66300,3,1,Pir->Allocortex(paleocortex)
lh,66301,3,1,Pir->Allocortex(paleocortex)
lh,66302,3,1,Pir->Allocortex(paleocortex)
lh,66303,3,1,Pir->Allocortex(paleocortex)
lh,66304,3,1,Pir->Allocortex(paleocortex)
lh,66305,3,1,Pir->Allocortex(paleocortex)
lh,66306,3,1,Pir->Allocortex(paleocortex)
lh,66307,3,1,Pir->Allocortex(paleocortex)
lh,66452,1,3,cingulate_posterior->Dysgranular
lh,66454,1,3,cingulate_posterior->Dysgranular
lh,66455,1,3,cingulate_posterior->Dysgranular
lh,66456,1,3,cingulate_posterior->Dysgranular
lh,66457,1,3,cingulate_posterior->Dysgranular
lh,66458,1,3,cingulate_posterior->Dysgranular
lh,66459,1,3,cingulate_posterior->Dysgranular
lh,66460,1,3,cingulate_posterior->Dysgranular
lh,66461,1,3,cingulate_posterior->Dysgranular
lh,67527,1,2,cingulate_anterior->Agranular
lh,67528,1,2,cingulate_anterior->Agranular
lh,67529,1,2,cingulate_anterior->Agranular
lh,67533,1,2,cingulate_anterior->Agranular
lh,67534,1,2,cingulate_anterior->Agranular
lh,67535,1,2,cingulate_anterior->Agranular
lh,67536,1,2,cingulate_anterior->Agranular
lh,67537,1,2,cingulate_anterior->Agranular
lh,67539,1,2,cingulate_anterior->Agranular
lh,67565,1,2,cingulate_anterior->Agranular
lh,67566,1,2,cingulate_anterior->Agranular
lh,67567,1,2,cingulate_anterior->Agranular
lh,67568,1,2,cingulate_anterior->Agranular
lh,67569,1,2,cingulate_anterior->Agranular
lh,69505,1,3,cingulate_posterior->Dysgranular
lh,69507,1,3,cingulate_posterior->Dysgranular
lh,69508,1,3,cingulate_posterior->Dysgranular
lh,69570,3,2,topology_buffer
lh,69571,3,2,topology_buffer
lh,69572,3,1,Pir->Allocortex(paleocortex)
lh,69573,3,1,Pir->Allocortex(paleocortex)
lh,69574,3,1,Pir->Allocortex(paleocortex)
lh,69575,3,1,Pir->Allocortex(paleocortex)
lh,69576,3,1,Pir->Allocortex(paleocortex)
lh,69577,3,1,Pir->Allocortex(paleocortex)
lh,69643,1,2,allocortex_scope->Agranular
lh,69644,1,2,allocortex_scope->Agranular
lh,69645,1,2,allocortex_scope->Agranular
lh,69646,1,2,allocortex_scope->Agranular
lh,69647,1,2,allocortex_scope->Agranular
lh,69648,1,2,allocortex_scope->Agranular
lh,69649,1,2,allocortex_scope->Agranular
lh,69650,1,2,allocortex_scope->Agranular
lh,69651,1,2,allocortex_scope->Agranular
lh,69652,1,2,allocortex_scope->Agranular
lh,69653,1,2,allocortex_scope->Agranular
lh,69654,1,2,allocortex_scope->Agranular
lh,69655,1,2,allocortex_scope->Agranular
lh,69656,1,2,allocortex_scope->Agranular
lh,69657,1,2,allocortex_scope->Agranular
lh,69658,1,2,allocortex_scope->Agranular
lh,69659,1,2,allocortex_scope->Agranular
lh,69660,1,2,allocortex_scope->Agranular
lh,69685,1,2,allocortex_scope->Agranular
lh,69686,1,2,allocortex_scope->Agranular
lh,69687,1,2,allocortex_scope->Agranular
lh,69688,1,2,allocortex_scope->Agranular
lh,69689,1,2,allocortex_scope->Agranular
lh,69690,1,2,allocortex_scope->Agranular
lh,69691,1,2,allocortex_scope->Agranular
lh,69692,1,2,allocortex_scope->Agranular
lh,69693,1,2,allocortex_scope->Agranular
lh,69694,1,2,allocortex_scope->Agranular
lh,69695,1,2,allocortex_scope->Agranular
lh,69696,1,2,allocortex_scope->Agranular
lh,69697,1,2,allocortex_scope->Agranular
lh,69698,1,2,allocortex_scope->Agranular
lh,69699,1,2,allocortex_scope->Agranular
lh,69700,1,2,allocortex_scope->Agranular
lh,69701,1,2,allocortex_scope->Agranular
lh,69702,1,2,allocortex_scope->Agranular
lh,69703,1,2,allocortex_scope->Agranular
lh,69704,1,2,allocortex_scope->Agranular
lh,69705,1,2,allocortex_scope->Agranular
lh,69706,1,2,allocortex_scope->Agranular
lh,69707,1,2,allocortex_scope->Agranular
lh,69708,1,2,allocortex_scope->Agranular
lh,69709,1,2,allocortex_scope->Agranular
lh,69710,1,2,allocortex_scope->Agranular
lh,69711,1,2,allocortex_scope->Agranular
lh,69712,1,2,allocortex_scope->Agranular
lh,69713,1,2,allocortex_scope->Agranular
lh,69714,1,2,allocortex_scope->Agranular
lh,69715,1,2,allocortex_scope->Agranular
lh,69716,1,2,allocortex_scope->Agranular
lh,69717,1,2,allocortex_scope->Agranular
lh,69718,1,2,allocortex_scope->Agranular
lh,69719,1,2,allocortex_scope->Agranular
lh,69720,1,2,allocortex_scope->Agranular
lh,69721,1,2,allocortex_scope->Agranular
lh,69722,1,2,allocortex_scope->Agranular
lh,69723,1,2,allocortex_scope->Agranular
lh,69724,1,2,allocortex_scope->Agranular
lh,69725,1,2,allocortex_scope->Agranular
lh,69726,1,2,allocortex_scope->Agranular
lh,69727,1,2,allocortex_scope->Agranular
lh,69728,1,2,allocortex_scope->Agranular
lh,69729,1,2,allocortex_scope->Agranular
lh,69730,1,2,allocortex_scope->Agranular
lh,69731,1,2,allocortex_scope->Agranular
lh,69732,1,2,allocortex_scope->Agranular
lh,69733,1,2,allocortex_scope->Agranular
lh,69734,1,2,allocortex_scope->Agranular
lh,69735,1,2,allocortex_scope->Agranular
lh,69736,1,2,allocortex_scope->Agranular
lh,69737,1,2,allocortex_scope->Agranular
lh,69738,1,2,allocortex_scope->Agranular
lh,69739,1,2,allocortex_scope->Agranular
lh,69740,1,2,allocortex_scope->Agranular
lh,69741,1,2,allocortex_scope->Agranular
lh,69742,1,2,allocortex_scope->Agranular
lh,69743,1,2,allocortex_scope->Agranular
lh,69744,1,2,allocortex_scope->Agranular
lh,69952,1,2,allocortex_scope->Agranular
lh,70450,1,2,allocortex_scope->Agranular
lh,70451,1,2,allocortex_scope->Agranular
lh,70452,1,2,allocortex_scope->Agranular
lh,70520,3,2,HABC->Agranular
lh,70521,3,2,HABC->Agranular
lh,70522,3,2,HABC->Agranular
lh,70524,3,2,HABC->Agranular
lh,70528,3,2,HABC->Agranular
lh,70529,3,2,HABC->Agranular
lh,70530,3,2,HABC->Agranular
lh,70531,3,2,HABC->Agranular
lh,70532,3,2,HABC->Agranular
lh,70534,3,2,HABC->Agranular
lh,70535,3,2,HABC->Agranular
lh,70536,3,2,HABC->Agranular
lh,70537,3,2,HABC->Agranular
lh,70539,3,2,HABC->Agranular
lh,70541,3,2,HABC->Agranular
lh,70542,3,2,HABC->Agranular
lh,70543,3,2,HABC->Agranular
lh,70544,3,2,HABC->Agranular
lh,70545,3,2,HABC->Agranular
lh,70546,3,2,HABC->Agranular
lh,70548,4,3,topology_buffer
lh,70549,4,3,topology_buffer
lh,70550,4,3,topology_buffer
lh,70551,4,3,topology_buffer
lh,70552,3,2,HABC->Agranular
lh,70553,3,2,HABC->Agranular
lh,70554,3,2,HABC->Agranular
lh,70555,3,2,HABC->Agranular
lh,70556,3,2,HABC->Agranular
lh,70558,4,3,topology_buffer
lh,70559,4,3,topology_buffer
lh,71620,1,2,allocortex_scope->Agranular
lh,71621,1,2,allocortex_scope->Agranular
lh,71622,1,2,allocortex_scope->Agranular
lh,71626,1,2,allocortex_scope->Agranular
lh,71704,3,2,topology_buffer
lh,71705,3,2,topology_buffer
lh,71706,3,1,Pir->Allocortex(paleocortex)
lh,71707,3,2,topology_buffer
lh,74932,1,3,cingulate_posterior->Dysgranular
lh,74934,1,3,cingulate_posterior->Dysgranular
lh,74936,1,3,cingulate_posterior->Dysgranular
lh,74998,3,2,topology_buffer
lh,74999,3,2,topology_buffer
lh,75006,2,1,Pir->Allocortex(paleocortex)
lh,75007,2,1,Pir->Allocortex(paleocortex)
lh,75008,2,1,Pir->Allocortex(paleocortex)
lh,75009,2,1,Pir->Allocortex(paleocortex)
lh,75071,1,2,allocortex_scope->Agranular
lh,75076,1,2,allocortex_scope->Agranular
lh,75077,1,2,allocortex_scope->Agranular
lh,75078,1,2,allocortex_scope->Agranular
lh,75079,1,2,allocortex_scope->Agranular
lh,75080,1,2,allocortex_scope->Agranular
lh,75081,1,2,allocortex_scope->Agranular
lh,75082,1,2,allocortex_scope->Agranular
lh,75083,1,2,allocortex_scope->Agranular
lh,75084,1,2,allocortex_scope->Agranular
lh,75085,1,2,allocortex_scope->Agranular
lh,75086,1,2,allocortex_scope->Agranular
lh,75087,1,2,allocortex_scope->Agranular
lh,75088,1,2,allocortex_scope->Agranular
lh,75089,1,2,allocortex_scope->Agranular
lh,75090,1,2,allocortex_scope->Agranular
lh,75091,1,2,allocortex_scope->Agranular
lh,75092,1,2,allocortex_scope->Agranular
lh,75093,1,2,allocortex_scope->Agranular
lh,75094,1,2,allocortex_scope->Agranular
lh,75095,1,2,allocortex_scope->Agranular
lh,75096,1,2,allocortex_scope->Agranular
lh,75097,1,2,allocortex_scope->Agranular
lh,75098,1,2,allocortex_scope->Agranular
lh,75099,1,2,allocortex_scope->Agranular
lh,75100,1,2,allocortex_scope->Agranular
lh,75101,1,2,allocortex_scope->Agranular
lh,75102,1,2,allocortex_scope->Agranular
lh,75103,1,2,allocortex_scope->Agranular
lh,75104,1,2,allocortex_scope->Agranular
lh,75105,1,2,allocortex_scope->Agranular
lh,75106,1,2,allocortex_scope->Agranular
lh,75107,1,2,allocortex_scope->Agranular
lh,75108,1,2,allocortex_scope->Agranular
lh,75109,1,2,allocortex_scope->Agranular
lh,75110,1,2,allocortex_scope->Agranular
lh,75111,1,2,allocortex_scope->Agranular
lh,75112,1,2,allocortex_scope->Agranular
lh,75113,1,2,allocortex_scope->Agranular
lh,75114,1,2,allocortex_scope->Agranular
lh,75115,1,2,allocortex_scope->Agranular
lh,75116,1,2,allocortex_scope->Agranular
lh,75117,1,2,allocortex_scope->Agranular
lh,75118,1,2,allocortex_scope->Agranular
lh,75119,1,2,allocortex_scope->Agranular
lh,75120,1,2,allocortex_scope->Agranular
lh,75121,1,2,allocortex_scope->Agranular
lh,75122,1,2,allocortex_scope->Agranular
lh,75123,1,2,allocortex_scope->Agranular
lh,75124,1,2,allocortex_scope->Agranular
lh,75125,1,2,allocortex_scope->Agranular
lh,75126,1,2,allocortex_scope->Agranular
lh,75127,1,2,allocortex_scope->Agranular
lh,75128,1,2,allocortex_scope->Agranular
lh,75129,1,2,allocortex_scope->Agranular
lh,75130,1,2,allocortex_scope->Agranular
lh,75131,1,2,allocortex_scope->Agranular
lh,75132,1,2,allocortex_scope->Agranular
lh,75133,1,2,allocortex_scope->Agranular
lh,75134,1,2,allocortex_scope->Agranular
lh,75135,1,2,allocortex_scope->Agranular
lh,75136,1,2,allocortex_scope->Agranular
lh,75137,1,2,allocortex_scope->Agranular
lh,75138,1,2,allocortex_scope->Agranular
lh,75139,1,2,allocortex_scope->Agranular
lh,75140,1,2,allocortex_scope->Agranular
lh,75141,1,2,allocortex_scope->Agranular
lh,75142,1,2,allocortex_scope->Agranular
lh,75143,1,2,allocortex_scope->Agranular
lh,75144,1,2,allocortex_scope->Agranular
lh,75145,1,2,allocortex_scope->Agranular
lh,75146,1,2,allocortex_scope->Agranular
lh,75147,1,2,allocortex_scope->Agranular
lh,75148,1,2,allocortex_scope->Agranular
lh,75149,1,2,allocortex_scope->Agranular
lh,75348,1,2,allocortex_scope->Agranular
lh,75350,1,2,allocortex_scope->Agranular
lh,75351,1,2,allocortex_scope->Agranular
lh,75352,1,2,allocortex_scope->Agranular
lh,75874,1,2,allocortex_scope->Agranular
lh,75875,1,2,allocortex_scope->Agranular
lh,75876,1,2,allocortex_scope->Agranular
lh,75877,1,2,allocortex_scope->Agranular
lh,75878,1,2,allocortex_scope->Agranular
lh,75879,1,2,allocortex_scope->Agranular
lh,75883,1,2,allocortex_scope->Agranular
lh,75884,1,2,allocortex_scope->Agranular
lh,75885,1,2,allocortex_scope->Agranular
lh,75886,1,2,allocortex_scope->Agranular
lh,75887,1,2,allocortex_scope->Agranular
lh,75889,1,2,allocortex_scope->Agranular
lh,75890,1,2,allocortex_scope->Agranular
lh,75892,1,2,allocortex_scope->Agranular
lh,75894,1,2,allocortex_scope->Agranular
lh,75895,1,2,allocortex_scope->Agranular
lh,75896,1,2,allocortex_scope->Agranular
lh,75897,1,2,allocortex_scope->Agranular
lh,75898,1,2,allocortex_scope->Agranular
lh,75899,1,2,allocortex_scope->Agranular
lh,75900,1,2,allocortex_scope->Agranular
lh,75904,2,3,PHA1->Dysgranular
lh,75905,2,3,PHA1->Dysgranular
lh,75906,2,3,PHA1->Dysgranular
lh,75907,2,3,PHA1->Dysgranular
lh,75909,2,3,PHA1->Dysgranular
lh,75910,2,3,PHA1->Dysgranular
lh,75911,2,3,PHA1->Dysgranular
lh,75940,4,3,topology_buffer
lh,78794,1,2,cingulate_anterior->Agranular
lh,78795,1,2,cingulate_anterior->Agranular
lh,78796,1,2,cingulate_anterior->Agranular
lh,78798,1,2,cingulate_anterior->Agranular
lh,78799,1,2,cingulate_anterior->Agranular
lh,78800,1,2,cingulate_anterior->Agranular
lh,78801,1,2,cingulate_anterior->Agranular
lh,78807,1,2,cingulate_anterior->Agranular
lh,78808,1,2,cingulate_anterior->Agranular
lh,78809,1,2,cingulate_anterior->Agranular
lh,78810,1,2,cingulate_anterior->Agranular
lh,78811,1,2,cingulate_anterior->Agranular
lh,78812,1,2,cingulate_anterior->Agranular
lh,78813,1,2,cingulate_anterior->Agranular
lh,78833,1,2,cingulate_anterior->Agranular
lh,78834,1,3,cingulate_posterior->Dysgranular
lh,78835,1,3,cingulate_posterior->Dysgranular
lh,78836,1,3,cingulate_posterior->Dysgranular
lh,78837,1,3,cingulate_posterior->Dysgranular
lh,78838,1,3,cingulate_posterior->Dysgranular
lh,78839,1,3,cingulate_posterior->Dysgranular
lh,78840,1,3,cingulate_posterior->Dysgranular
lh,78841,1,3,cingulate_posterior->Dysgranular
lh,78842,1,3,cingulate_posterior->Dysgranular
lh,78843,1,3,cingulate_posterior->Dysgranular
lh,78844,1,3,cingulate_posterior->Dysgranular
lh,78845,1,3,cingulate_posterior->Dysgranular
lh,78846,1,3,cingulate_posterior->Dysgranular
lh,78848,1,3,cingulate_posterior->Dysgranular
lh,78849,1,3,cingulate_posterior->Dysgranular
lh,78850,1,3,cingulate_posterior->Dysgranular
lh,78851,1,3,cingulate_posterior->Dysgranular
lh,78854,1,3,cingulate_posterior->Dysgranular
lh,78856,1,3,cingulate_posterior->Dysgranular
lh,78857,1,3,cingulate_posterior->Dysgranular
lh,78923,1,3,cingulate_posterior->Dysgranular
lh,78924,1,3,cingulate_posterior->Dysgranular
lh,78925,1,3,cingulate_posterior->Dysgranular
lh,78926,1,3,cingulate_posterior->Dysgranular
lh,78927,1,3,cingulate_posterior->Dysgranular
lh,78929,1,3,cingulate_posterior->Dysgranular
lh,78932,1,3,cingulate_posterior->Dysgranular
lh,78933,1,3,cingulate_posterior->Dysgranular
lh,78934,1,3,cingulate_posterior->Dysgranular
lh,78936,1,3,cingulate_posterior->Dysgranular
lh,78938,1,3,cingulate_posterior->Dysgranular
lh,78939,1,3,cingulate_posterior->Dysgranular
lh,78940,1,3,cingulate_posterior->Dysgranular
lh,78941,1,3,cingulate_posterior->Dysgranular
lh,78942,1,3,cingulate_posterior->Dysgranular
lh,78943,1,3,cingulate_posterior->Dysgranular
lh,78944,1,3,cingulate_posterior->Dysgranular
lh,78946,1,3,cingulate_posterior->Dysgranular
lh,78948,1,3,cingulate_posterior->Dysgranular
lh,78949,1,3,cingulate_posterior->Dysgranular
lh,78950,1,3,cingulate_posterior->Dysgranular
lh,78951,1,3,cingulate_posterior->Dysgranular
lh,78973,1,3,cingulate_posterior->Dysgranular
lh,78974,1,3,cingulate_posterior->Dysgranular
lh,78975,1,3,cingulate_posterior->Dysgranular
lh,78976,1,3,cingulate_posterior->Dysgranular
lh,79060,1,2,allocortex_scope->Agranular
lh,79061,1,2,allocortex_scope->Agranular
lh,79062,1,2,allocortex_scope->Agranular
lh,79063,1,2,allocortex_scope->Agranular
lh,79064,1,2,allocortex_scope->Agranular
lh,79088,1,2,allocortex_scope->Agranular
lh,79090,1,2,allocortex_scope->Agranular
lh,79096,1,2,allocortex_scope->Agranular
lh,79097,1,2,allocortex_scope->Agranular
lh,79098,1,2,allocortex_scope->Agranular
lh,79099,1,2,allocortex_scope->Agranular
lh,79100,1,2,allocortex_scope->Agranular
lh,79113,1,2,allocortex_scope->Agranular
lh,79115,1,2,allocortex_scope->Agranular
lh,79117,1,2,allocortex_scope->Agranular
lh,79118,1,2,allocortex_scope->Agranular
lh,79119,1,2,allocortex_scope->Agranular
lh,79120,1,2,allocortex_scope->Agranular
lh,79121,1,2,allocortex_scope->Agranular
lh,79122,1,2,allocortex_scope->Agranular
lh,79123,1,2,allocortex_scope->Agranular
lh,79124,1,2,allocortex_scope->Agranular
lh,79125,1,2,allocortex_scope->Agranular
lh,79126,1,2,allocortex_scope->Agranular
lh,79127,1,2,allocortex_scope->Agranular
lh,79128,1,2,allocortex_scope->Agranular
lh,79129,1,2,allocortex_scope->Agranular
lh,79130,1,2,allocortex_scope->Agranular
lh,79131,1,2,allocortex_scope->Agranular
lh,79132,1,2,allocortex_scope->Agranular
lh,79358,3,1,Pir->Allocortex(paleocortex)
lh,79359,3,2,topology_buffer
lh,79360,3,2,topology_buffer
lh,79840,1,2,allocortex_scope->Agranular
lh,79841,1,2,allocortex_scope->Agranular
lh,79842,1,2,allocortex_scope->Agranular
lh,79862,1,2,allocortex_scope->Agranular
lh,79863,1,2,allocortex_scope->Agranular
lh,79864,1,2,allocortex_scope->Agranular
lh,79865,1,2,allocortex_scope->Agranular
lh,79866,1,2,allocortex_scope->Agranular
lh,79867,1,2,allocortex_scope->Agranular
lh,79868,1,2,allocortex_scope->Agranular
lh,79869,1,2,allocortex_scope->Agranular
lh,79871,1,2,allocortex_scope->Agranular
lh,79872,1,3,cingulate_posterior->Dysgranular
lh,79873,1,3,cingulate_posterior->Dysgranular
lh,79874,1,3,cingulate_posterior->Dysgranular
lh,79875,1,2,allocortex_scope->Agranular
lh,79876,1,3,cingulate_posterior->Dysgranular
lh,83047,1,2,allocortex_scope->Agranular
lh,83048,1,2,allocortex_scope->Agranular
lh,83049,1,2,allocortex_scope->Agranular
lh,83070,1,2,cingulate_anterior->Agranular
lh,83071,1,2,cingulate_anterior->Agranular
lh,83072,1,2,cingulate_anterior->Agranular
lh,83131,1,2,cingulate_anterior->Agranular
lh,83132,1,2,cingulate_anterior->Agranular
lh,83133,1,2,cingulate_anterior->Agranular
lh,83145,1,2,cingulate_anterior->Agranular
lh,83146,1,2,cingulate_anterior->Agranular
lh,83147,1,2,cingulate_anterior->Agranular
lh,83148,1,2,cingulate_anterior->Agranular
lh,83152,1,2,cingulate_anterior->Agranular
lh,83154,1,2,allocortex_scope->Agranular
lh,83205,1,2,cingulate_anterior->Agranular
lh,83213,1,2,cingulate_anterior->Agranular
lh,83214,1,2,cingulate_anterior->Agranular
lh,83235,1,2,cingulate_anterior->Agranular
lh,83236,1,2,cingulate_anterior->Agranular
lh,83237,1,2,cingulate_anterior->Agranular
lh,83238,1,2,cingulate_anterior->Agranular
lh,83239,1,2,cingulate_anterior->Agranular
lh,83240,1,2,cingulate_anterior->Agranular
lh,83244,1,2,cingulate_anterior->Agranular
lh,83245,1,2,cingulate_anterior->Agranular
lh,83246,1,2,cingulate_anterior->Agranular
lh,83247,1,2,cingulate_anterior->Agranular
lh,83248,1,2,cingulate_anterior->Agranular
lh,83249,1,2,cingulate_anterior->Agranular
lh,83453,1,2,cingulate_anterior->Agranular
lh,84248,1,2,cingulate_anterior->Agranular
lh,84249,1,2,cingulate_anterior->Agranular
lh,84250,1,2,cingulate_anterior->Agranular
lh,84251,1,2,allocortex_scope->Agranular
lh,84252,1,2,allocortex_scope->Agranular
lh,84253,1,2,allocortex_scope->Agranular
lh,84255,1,2,allocortex_scope->Agranular
lh,84257,1,2,allocortex_scope->Agranular
lh,84258,1,2,allocortex_scope->Agranular
lh,84259,1,2,allocortex_scope->Agranular
lh,84260,1,2,allocortex_scope->Agranular
lh,84261,1,2,allocortex_scope->Agranular
lh,88514,1,2,allocortex_scope->Agranular
lh,88515,1,2,allocortex_scope->Agranular
lh,88516,1,2,allocortex_scope->Agranular
lh,88982,1,2,allocortex_scope->Agranular
lh,88983,1,3,cingulate_posterior->Dysgranular
lh,88984,1,3,cingulate_posterior->Dysgranular
lh,88985,1,3,cingulate_posterior->Dysgranular
lh,88986,1,3,cingulate_posterior->Dysgranular
lh,89040,1,3,cingulate_posterior->Dysgranular
lh,89221,3,2,topology_buffer
lh,89222,3,2,topology_buffer
lh,89275,3,1,Pir->Allocortex(paleocortex)
lh,89276,3,1,Pir->Allocortex(paleocortex)
lh,89277,3,1,Pir->Allocortex(paleocortex)
lh,89278,3,1,Pir->Allocortex(paleocortex)
lh,89279,3,1,Pir->Allocortex(paleocortex)
lh,89291,2,1,Pir->Allocortex(paleocortex)
lh,89297,2,1,Pir->Allocortex(paleocortex)
lh,89298,3,1,Pir->Allocortex(paleocortex)
lh,89299,3,1,Pir->Allocortex(paleocortex)
lh,89300,3,1,Pir->Allocortex(paleocortex)
lh,89301,3,1,Pir->Allocortex(paleocortex)
lh,89302,3,1,Pir->Allocortex(paleocortex)
lh,89303,3,1,Pir->Allocortex(paleocortex)
lh,89304,3,1,Pir->Allocortex(paleocortex)
lh,89305,3,1,Pir->Allocortex(paleocortex)
lh,89306,3,1,Pir->Allocortex(paleocortex)
lh,89307,3,1,Pir->Allocortex(paleocortex)
lh,89308,3,2,topology_buffer
lh,89309,3,1,Pir->Allocortex(paleocortex)
lh,89310,3,1,Pir->Allocortex(paleocortex)
lh,89311,3,1,Pir->Allocortex(paleocortex)
lh,89312,3,1,Pir->Allocortex(paleocortex)
lh,89313,2,1,Pir->Allocortex(paleocortex)
lh,89314,2,1,Pir->Allocortex(paleocortex)
lh,89315,2,1,Pir->Allocortex(paleocortex)
lh,89316,2,1,Pir->Allocortex(paleocortex)
lh,89317,3,2,topology_buffer
lh,89377,2,1,Pir->Allocortex(paleocortex)
lh,89384,2,1,Pir->Allocortex(paleocortex)
lh,89394,1,2,allocortex_scope->Agranular
lh,89397,1,2,allocortex_scope->Agranular
lh,89398,1,2,allocortex_scope->Agranular
lh,89399,1,2,allocortex_scope->Agranular
lh,89400,1,2,allocortex_scope->Agranular
lh,89406,1,2,allocortex_scope->Agranular
lh,89407,1,2,allocortex_scope->Agranular
lh,89408,1,2,allocortex_scope->Agranular
lh,89409,1,2,allocortex_scope->Agranular
lh,89410,1,2,allocortex_scope->Agranular
lh,89411,1,2,allocortex_scope->Agranular
lh,89412,1,2,allocortex_scope->Agranular
lh,89413,1,2,allocortex_scope->Agranular
lh,89414,1,2,allocortex_scope->Agranular
lh,89415,1,2,allocortex_scope->Agranular
lh,89419,1,2,allocortex_scope->Agranular
lh,89423,1,2,allocortex_scope->Agranular
lh,89424,1,2,allocortex_scope->Agranular
lh,89425,1,2,allocortex_scope->Agranular
lh,89426,1,2,allocortex_scope->Agranular
lh,89427,1,2,allocortex_scope->Agranular
lh,89428,1,2,allocortex_scope->Agranular
lh,89434,1,2,allocortex_scope->Agranular
lh,89435,1,2,allocortex_scope->Agranular
lh,89436,1,2,allocortex_scope->Agranular
lh,89446,1,2,allocortex_scope->Agranular
lh,89508,2,1,Pir->Allocortex(paleocortex)
lh,89509,2,1,Pir->Allocortex(paleocortex)
lh,89510,2,1,Pir->Allocortex(paleocortex)
lh,89511,2,1,Pir->Allocortex(paleocortex)
lh,89512,2,1,Pir->Allocortex(paleocortex)
lh,89516,2,1,Pir->Allocortex(paleocortex)
lh,89517,2,1,Pir->Allocortex(paleocortex)
lh,89518,2,1,Pir->Allocortex(paleocortex)
lh,89519,2,1,Pir->Allocortex(paleocortex)
lh,89520,2,1,Pir->Allocortex(paleocortex)
lh,89521,2,1,Pir->Allocortex(paleocortex)
lh,89545,1,2,allocortex_scope->Agranular
lh,89546,1,2,allocortex_scope->Agranular
lh,89547,1,2,allocortex_scope->Agranular
lh,89548,1,2,allocortex_scope->Agranular
lh,89549,1,2,allocortex_scope->Agranular
lh,89553,1,2,allocortex_scope->Agranular
lh,89558,1,2,allocortex_scope->Agranular
lh,89559,1,2,allocortex_scope->Agranular
lh,89560,1,2,allocortex_scope->Agranular
lh,89561,1,2,allocortex_scope->Agranular
lh,89562,1,2,allocortex_scope->Agranular
lh,89563,1,2,allocortex_scope->Agranular
lh,89565,1,2,allocortex_scope->Agranular
lh,89566,1,2,allocortex_scope->Agranular
lh,89567,1,2,allocortex_scope->Agranular
lh,89568,1,2,allocortex_scope->Agranular
lh,89569,1,2,allocortex_scope->Agranular
lh,89570,1,2,allocortex_scope->Agranular
lh,89571,1,2,allocortex_scope->Agranular
lh,89575,1,2,allocortex_scope->Agranular
lh,89576,1,2,allocortex_scope->Agranular
lh,89577,1,2,allocortex_scope->Agranular
lh,89578,1,2,allocortex_scope->Agranular
lh,89579,1,2,allocortex_scope->Agranular
lh,89580,1,2,allocortex_scope->Agranular
lh,89581,1,2,allocortex_scope->Agranular
lh,89582,1,2,allocortex_scope->Agranular
lh,89583,1,2,allocortex_scope->Agranular
lh,89584,1,2,allocortex_scope->Agranular
lh,89585,1,2,allocortex_scope->Agranular
lh,89586,1,2,allocortex_scope->Agranular
lh,89587,1,2,allocortex_scope->Agranular
lh,89588,1,2,allocortex_scope->Agranular
lh,89589,1,2,allocortex_scope->Agranular
lh,89590,1,2,allocortex_scope->Agranular
lh,89591,1,2,allocortex_scope->Agranular
lh,89592,1,2,allocortex_scope->Agranular
lh,89593,1,2,allocortex_scope->Agranular
lh,89594,1,2,allocortex_scope->Agranular
lh,89597,1,2,allocortex_scope->Agranular
lh,89598,1,2,allocortex_scope->Agranular
lh,89599,1,2,allocortex_scope->Agranular
lh,89600,1,2,allocortex_scope->Agranular
lh,89601,1,2,allocortex_scope->Agranular
lh,89602,1,2,allocortex_scope->Agranular
lh,89603,1,2,allocortex_scope->Agranular
lh,89604,1,2,allocortex_scope->Agranular
lh,89605,1,2,allocortex_scope->Agranular
lh,89606,1,2,allocortex_scope->Agranular
lh,89607,1,2,allocortex_scope->Agranular
lh,89608,1,2,allocortex_scope->Agranular
lh,89609,1,2,allocortex_scope->Agranular
lh,89610,1,2,allocortex_scope->Agranular
lh,89611,1,2,allocortex_scope->Agranular
lh,89612,1,2,allocortex_scope->Agranular
lh,89613,1,2,allocortex_scope->Agranular
lh,89614,1,2,allocortex_scope->Agranular
lh,89615,1,2,allocortex_scope->Agranular
lh,89616,1,2,allocortex_scope->Agranular
lh,89617,1,2,allocortex_scope->Agranular
lh,89618,1,2,allocortex_scope->Agranular
lh,89619,1,2,allocortex_scope->Agranular
lh,89620,1,2,allocortex_scope->Agranular
lh,89621,1,2,allocortex_scope->Agranular
lh,89622,1,2,allocortex_scope->Agranular
lh,89623,1,2,allocortex_scope->Agranular
lh,89624,1,2,allocortex_scope->Agranular
lh,89625,1,2,allocortex_scope->Agranular
lh,89626,1,2,allocortex_scope->Agranular
lh,89627,1,2,allocortex_scope->Agranular
lh,89628,1,2,allocortex_scope->Agranular
lh,89629,1,2,allocortex_scope->Agranular
lh,89630,1,2,allocortex_scope->Agranular
lh,89631,1,2,allocortex_scope->Agranular
lh,89632,1,2,allocortex_scope->Agranular
lh,89633,1,2,allocortex_scope->Agranular
lh,89634,1,2,allocortex_scope->Agranular
lh,89635,1,2,allocortex_scope->Agranular
lh,89636,1,2,allocortex_scope->Agranular
lh,89637,1,2,allocortex_scope->Agranular
lh,89638,1,2,allocortex_scope->Agranular
lh,89639,1,2,allocortex_scope->Agranular
lh,89640,1,2,allocortex_scope->Agranular
lh,89641,1,2,allocortex_scope->Agranular
lh,89642,1,2,allocortex_scope->Agranular
lh,89643,1,2,allocortex_scope->Agranular
lh,89644,1,2,allocortex_scope->Agranular
lh,89645,1,2,allocortex_scope->Agranular
lh,89646,1,2,allocortex_scope->Agranular
lh,89647,1,2,allocortex_scope->Agranular
lh,89648,1,2,allocortex_scope->Agranular
lh,89649,1,2,allocortex_scope->Agranular
lh,89650,1,2,allocortex_scope->Agranular
lh,89651,1,2,allocortex_scope->Agranular
lh,89652,1,2,allocortex_scope->Agranular
lh,89653,1,2,allocortex_scope->Agranular
lh,89654,1,2,allocortex_scope->Agranular
lh,89655,1,2,allocortex_scope->Agranular
lh,89656,1,2,allocortex_scope->Agranular
lh,89657,1,2,allocortex_scope->Agranular
lh,89658,1,2,allocortex_scope->Agranular
lh,89659,1,2,allocortex_scope->Agranular
lh,89660,1,2,allocortex_scope->Agranular
lh,89661,1,2,allocortex_scope->Agranular
lh,89662,1,2,allocortex_scope->Agranular
lh,89663,1,2,allocortex_scope->Agranular
lh,89664,1,2,allocortex_scope->Agranular
lh,89665,1,2,allocortex_scope->Agranular
lh,89666,1,2,allocortex_scope->Agranular
lh,89667,1,2,allocortex_scope->Agranular
lh,89668,1,2,allocortex_scope->Agranular
lh,89669,1,2,allocortex_scope->Agranular
lh,89670,1,2,allocortex_scope->Agranular
lh,89671,1,2,allocortex_scope->Agranular
lh,89672,1,2,allocortex_scope->Agranular
lh,89673,1,2,allocortex_scope->Agranular
lh,89674,1,2,allocortex_scope->Agranular
lh,89675,1,2,allocortex_scope->Agranular
lh,89676,1,2,allocortex_scope->Agranular
lh,89677,1,2,allocortex_scope->Agranular
lh,89678,1,2,allocortex_scope->Agranular
lh,89679,1,2,allocortex_scope->Agranular
lh,89680,1,2,allocortex_scope->Agranular
lh,89681,1,2,allocortex_scope->Agranular
lh,89682,1,2,allocortex_scope->Agranular
lh,89683,1,2,allocortex_scope->Agranular
lh,89684,1,2,allocortex_scope->Agranular
lh,89685,1,2,allocortex_scope->Agranular
lh,89686,1,2,allocortex_scope->Agranular
lh,89687,1,2,allocortex_scope->Agranular
lh,89688,1,2,allocortex_scope->Agranular
lh,89689,1,2,allocortex_scope->Agranular
lh,89690,1,2,allocortex_scope->Agranular
lh,89691,1,2,allocortex_scope->Agranular
lh,89692,1,2,allocortex_scope->Agranular
lh,89696,1,2,allocortex_scope->Agranular
lh,89697,1,2,allocortex_scope->Agranular
lh,89698,1,2,allocortex_scope->Agranular
lh,89699,1,2,allocortex_scope->Agranular
lh,89700,1,2,allocortex_scope->Agranular
lh,89701,1,2,allocortex_scope->Agranular
lh,89702,1,2,allocortex_scope->Agranular
lh,89703,1,2,allocortex_scope->Agranular
lh,89704,1,2,allocortex_scope->Agranular
lh,89705,1,2,allocortex_scope->Agranular
lh,89706,1,2,allocortex_scope->Agranular
lh,89707,1,2,allocortex_scope->Agranular
lh,89709,1,2,allocortex_scope->Agranular
lh,89722,3,2,Perirhinal->Agranular
lh,89723,3,2,Perirhinal->Agranular
lh,89724,3,2,Perirhinal->Agranular
lh,89725,3,2,Perirhinal->Agranular
lh,89726,3,2,Perirhinal->Agranular
lh,89727,3,2,Perirhinal->Agranular
lh,89728,3,2,Perirhinal->Agranular
lh,89729,3,2,Perirhinal->Agranular
lh,90319,3,2,Perirhinal->Agranular
lh,90320,3,2,Perirhinal->Agranular
lh,90321,3,2,Perirhinal->Agranular
lh,90322,3,2,Perirhinal->Agranular
lh,90326,3,2,Perirhinal->Agranular
lh,90327,3,2,Perirhinal->Agranular
lh,90328,3,2,Perirhinal->Agranular
lh,90329,3,2,Perirhinal->Agranular
lh,90330,3,2,Perirhinal->Agranular
lh,90331,3,2,Perirhinal->Agranular
lh,90332,3,2,Perirhinal->Agranular
lh,90333,3,2,Perirhinal->Agranular
lh,90334,3,2,Perirhinal->Agranular
lh,90335,3,2,Perirhinal->Agranular
lh,90336,3,2,Perirhinal->Agranular
lh,90337,3,2,Perirhinal->Agranular
lh,90945,3,2,Perirhinal->Agranular
lh,91554,1,2,allocortex_scope->Agranular
lh,91555,1,2,allocortex_scope->Agranular
lh,91556,1,2,allocortex_scope->Agranular
lh,91558,1,2,allocortex_scope->Agranular
lh,91559,1,2,allocortex_scope->Agranular
lh,91560,1,2,allocortex_scope->Agranular
lh,91825,1,2,allocortex_scope->Agranular
lh,91826,1,2,allocortex_scope->Agranular
lh,91827,1,2,allocortex_scope->Agranular
lh,92011,1,2,allocortex_scope->Agranular
lh,92015,1,2,allocortex_scope->Agranular
lh,92016,1,2,allocortex_scope->Agranular
lh,92017,1,2,allocortex_scope->Agranular
lh,92018,1,2,allocortex_scope->Agranular
lh,92019,1,2,allocortex_scope->Agranular
lh,92020,1,2,allocortex_scope->Agranular
lh,92021,1,2,allocortex_scope->Agranular
lh,92022,1,2,allocortex_scope->Agranular
lh,92023,1,2,allocortex_scope->Agranular
lh,92024,1,2,allocortex_scope->Agranular
lh,92025,1,2,allocortex_scope->Agranular
lh,92026,1,2,allocortex_scope->Agranular
lh,92027,1,2,allocortex_scope->Agranular
lh,92029,1,2,allocortex_scope->Agranular
lh,92030,1,2,allocortex_scope->Agranular
lh,92031,1,2,allocortex_scope->Agranular
lh,92032,1,2,allocortex_scope->Agranular
lh,92033,1,2,allocortex_scope->Agranular
lh,92034,1,2,allocortex_scope->Agranular
lh,92035,1,2,allocortex_scope->Agranular
lh,92036,1,2,allocortex_scope->Agranular
lh,92037,1,2,allocortex_scope->Agranular
lh,92038,1,2,allocortex_scope->Agranular
lh,92039,1,2,allocortex_scope->Agranular
lh,92040,1,2,allocortex_scope->Agranular
lh,92053,2,3,PHA1->Dysgranular
lh,92054,2,3,PHA1->Dysgranular
lh,92055,2,3,PHA1->Dysgranular
lh,92056,2,3,PHA1->Dysgranular
lh,92057,2,3,PHA1->Dysgranular
lh,92061,1,2,allocortex_scope->Agranular
lh,92063,1,2,allocortex_scope->Agranular
lh,92064,1,2,allocortex_scope->Agranular
lh,92065,1,2,allocortex_scope->Agranular
lh,92066,1,2,allocortex_scope->Agranular
lh,92067,1,2,allocortex_scope->Agranular
lh,92068,1,2,allocortex_scope->Agranular
lh,92069,1,2,allocortex_scope->Agranular
lh,92070,1,2,allocortex_scope->Agranular
lh,92075,1,2,allocortex_scope->Agranular
lh,92076,1,2,allocortex_scope->Agranular
lh,92077,1,2,allocortex_scope->Agranular
lh,92079,1,2,allocortex_scope->Agranular
lh,92080,1,2,allocortex_scope->Agranular
lh,92081,1,2,allocortex_scope->Agranular
lh,92082,1,2,allocortex_scope->Agranular
lh,92083,1,2,allocortex_scope->Agranular
lh,92084,1,2,allocortex_scope->Agranular
lh,92085,1,2,allocortex_scope->Agranular
lh,92086,1,2,allocortex_scope->Agranular
lh,92087,1,2,allocortex_scope->Agranular
lh,92089,1,2,allocortex_scope->Agranular
lh,92090,1,2,allocortex_scope->Agranular
lh,92091,1,2,allocortex_scope->Agranular
lh,92092,1,2,allocortex_scope->Agranular
lh,92093,1,2,allocortex_scope->Agranular
lh,92094,1,2,allocortex_scope->Agranular
lh,92095,1,2,allocortex_scope->Agranular
lh,92096,1,2,allocortex_scope->Agranular
lh,92097,1,2,allocortex_scope->Agranular
lh,92098,1,2,allocortex_scope->Agranular
lh,92099,1,2,allocortex_scope->Agranular
lh,92100,1,2,allocortex_scope->Agranular
lh,92101,1,2,allocortex_scope->Agranular
lh,92103,1,2,allocortex_scope->Agranular
lh,92108,1,2,allocortex_scope->Agranular
lh,92119,3,2,HABC->Agranular
lh,92120,3,2,HABC->Agranular
lh,92121,3,2,HABC->Agranular
lh,92122,3,2,HABC->Agranular
lh,92123,3,2,HABC->Agranular
lh,92124,3,2,HABC->Agranular
lh,92125,3,2,HABC->Agranular
lh,92126,3,2,HABC->Agranular
lh,92127,3,2,HABC->Agranular
lh,92128,3,2,HABC->Agranular
lh,92129,3,2,HABC->Agranular
lh,92130,3,2,HABC->Agranular
lh,92131,3,2,HABC->Agranular
lh,92132,3,2,HABC->Agranular
lh,92133,3,2,HABC->Agranular
lh,92134,3,2,HABC->Agranular
lh,92135,3,2,HABC->Agranular
lh,92136,3,2,HABC->Agranular
lh,92137,3,2,HABC->Agranular
lh,92141,3,2,HABC->Agranular
lh,92142,3,2,HABC->Agranular
lh,92143,3,2,HABC->Agranular
lh,92144,3,2,HABC->Agranular
lh,92146,3,2,HABC->Agranular
lh,92147,3,2,HABC->Agranular
lh,92148,3,2,HABC->Agranular
lh,92149,3,2,HABC->Agranular
lh,92150,3,2,Perirhinal->Agranular
lh,92151,3,2,HABC->Agranular
lh,92152,3,2,HABC->Agranular
lh,92153,3,2,HABC->Agranular
lh,92154,3,2,Perirhinal->Agranular
lh,92155,3,2,Perirhinal->Agranular
lh,92156,3,2,Perirhinal->Agranular
lh,92157,3,2,Perirhinal->Agranular
lh,92158,3,2,Perirhinal->Agranular
lh,92159,3,2,Perirhinal->Agranular
lh,92160,3,2,Perirhinal->Agranular
lh,92161,3,2,Perirhinal->Agranular
lh,92231,1,2,allocortex_scope->Agranular
lh,92438,1,2,cingulate_anterior->Agranular
lh,92443,1,3,cingulate_posterior->Dysgranular
lh,92444,1,3,cingulate_posterior->Dysgranular
lh,92445,1,3,cingulate_posterior->Dysgranular
lh,92446,1,3,cingulate_posterior->Dysgranular
lh,92447,1,3,cingulate_posterior->Dysgranular
lh,92448,1,3,cingulate_posterior->Dysgranular
lh,92449,1,3,cingulate_posterior->Dysgranular
lh,92450,1,3,cingulate_posterior->Dysgranular
lh,92451,1,3,cingulate_posterior->Dysgranular
lh,92741,3,1,Pir->Allocortex(paleocortex)
lh,92742,4,1,Pir->Allocortex(paleocortex)
lh,92743,4,1,Pir->Allocortex(paleocortex)
lh,92744,4,1,Pir->Allocortex(paleocortex)
lh,92745,4,1,Pir->Allocortex(paleocortex)
lh,92746,4,1,Pir->Allocortex(paleocortex)
lh,92747,3,1,Pir->Allocortex(paleocortex)
lh,92748,3,1,Pir->Allocortex(paleocortex)
lh,92749,3,1,Pir->Allocortex(paleocortex)
lh,92778,1,3,cingulate_posterior->Dysgranular
lh,92779,1,3,cingulate_posterior->Dysgranular
lh,92780,1,3,cingulate_posterior->Dysgranular
lh,93411,1,2,allocortex_scope->Agranular
lh,93412,1,2,allocortex_scope->Agranular
lh,93413,1,2,allocortex_scope->Agranular
lh,93414,1,2,allocortex_scope->Agranular
lh,93415,1,2,allocortex_scope->Agranular
lh,93416,1,2,allocortex_scope->Agranular
lh,93417,1,2,allocortex_scope->Agranular
lh,93418,1,2,allocortex_scope->Agranular
lh,93428,1,2,allocortex_scope->Agranular
lh,93429,1,2,allocortex_scope->Agranular
lh,93430,1,2,allocortex_scope->Agranular
lh,93431,1,2,allocortex_scope->Agranular
lh,93432,1,2,allocortex_scope->Agranular
lh,93433,1,2,allocortex_scope->Agranular
lh,93434,1,2,allocortex_scope->Agranular
lh,93435,1,2,allocortex_scope->Agranular
lh,93436,1,2,allocortex_scope->Agranular
lh,93437,1,2,allocortex_scope->Agranular
lh,93473,1,2,allocortex_scope->Agranular
lh,93474,1,2,allocortex_scope->Agranular
lh,93475,1,2,allocortex_scope->Agranular
lh,93476,1,2,allocortex_scope->Agranular
lh,93477,1,2,allocortex_scope->Agranular
lh,93478,1,2,allocortex_scope->Agranular
lh,93807,1,2,allocortex_scope->Agranular
lh,93808,1,2,allocortex_scope->Agranular
lh,93809,1,2,allocortex_scope->Agranular
lh,93810,1,2,allocortex_scope->Agranular
lh,93811,1,2,allocortex_scope->Agranular
lh,94468,1,3,cingulate_posterior->Dysgranular
lh,94470,1,3,cingulate_posterior->Dysgranular
lh,94471,1,3,cingulate_posterior->Dysgranular
lh,94472,1,3,cingulate_posterior->Dysgranular
lh,94505,1,2,allocortex_scope->Agranular
lh,94506,1,2,allocortex_scope->Agranular
lh,94507,1,2,allocortex_scope->Agranular
lh,94508,1,2,allocortex_scope->Agranular
lh,94514,1,2,allocortex_scope->Agranular
lh,95347,4,2,topology_buffer
lh,95348,4,2,topology_buffer
lh,95349,4,2,topology_buffer
lh,95350,4,3,topology_buffer
lh,95360,3,1,Pir->Allocortex(paleocortex)
lh,95361,3,2,topology_buffer
lh,95362,3,1,Pir->Allocortex(paleocortex)
lh,95363,3,2,topology_buffer
lh,95364,3,2,topology_buffer
lh,95365,3,2,topology_buffer
lh,95366,3,1,Pir->Allocortex(paleocortex)
lh,95367,3,1,Pir->Allocortex(paleocortex)
lh,95368,3,1,Pir->Allocortex(paleocortex)
lh,96097,1,2,cingulate_anterior->Agranular
lh,96098,1,2,cingulate_anterior->Agranular
lh,96099,1,2,cingulate_anterior->Agranular
lh,96116,1,2,cingulate_anterior->Agranular
lh,96117,1,2,cingulate_anterior->Agranular
lh,96336,1,2,cingulate_anterior->Agranular
lh,96337,1,2,cingulate_anterior->Agranular
lh,96338,1,2,cingulate_anterior->Agranular
lh,96339,1,2,cingulate_anterior->Agranular
lh,97295,1,3,cingulate_posterior->Dysgranular
lh,97352,2,1,Pir->Allocortex(paleocortex)
lh,97372,1,2,allocortex_scope->Agranular
lh,97373,1,2,allocortex_scope->Agranular
lh,97374,1,2,allocortex_scope->Agranular
lh,97375,1,2,allocortex_scope->Agranular
lh,97376,1,2,allocortex_scope->Agranular
lh,97377,1,2,allocortex_scope->Agranular
lh,97378,1,2,allocortex_scope->Agranular
lh,97379,1,2,allocortex_scope->Agranular
lh,97398,1,2,allocortex_scope->Agranular
lh,97399,1,2,allocortex_scope->Agranular
lh,97400,1,2,allocortex_scope->Agranular
lh,97401,1,2,allocortex_scope->Agranular
lh,97402,1,2,allocortex_scope->Agranular
lh,97403,1,2,allocortex_scope->Agranular
lh,97404,1,2,allocortex_scope->Agranular
lh,97405,1,2,allocortex_scope->Agranular
lh,97406,1,2,allocortex_scope->Agranular
lh,97407,1,2,allocortex_scope->Agranular
lh,97408,1,2,allocortex_scope->Agranular
lh,97409,1,2,allocortex_scope->Agranular
lh,97410,1,2,allocortex_scope->Agranular
lh,97411,1,2,allocortex_scope->Agranular
lh,97412,1,2,allocortex_scope->Agranular
lh,97413,1,2,allocortex_scope->Agranular
lh,97414,1,2,allocortex_scope->Agranular
lh,97415,1,2,allocortex_scope->Agranular
lh,97416,1,2,allocortex_scope->Agranular
lh,97417,1,2,allocortex_scope->Agranular
lh,97418,1,2,allocortex_scope->Agranular
lh,97419,1,2,allocortex_scope->Agranular
lh,97420,1,2,allocortex_scope->Agranular
lh,97421,1,2,allocortex_scope->Agranular
lh,97422,1,2,allocortex_scope->Agranular
lh,97423,1,2,allocortex_scope->Agranular
lh,97424,1,2,allocortex_scope->Agranular
lh,97855,1,2,allocortex_scope->Agranular
lh,97856,1,2,allocortex_scope->Agranular
lh,97857,1,2,allocortex_scope->Agranular
lh,97896,2,3,PHA1->Dysgranular
lh,97900,3,2,Perirhinal->Agranular
lh,97901,3,2,Perirhinal->Agranular
lh,97902,3,2,Perirhinal->Agranular
lh,97911,3,2,Perirhinal->Agranular
lh,97912,3,2,Perirhinal->Agranular
lh,97913,3,2,HABC->Agranular
lh,97914,3,2,HABC->Agranular
lh,97915,3,2,HABC->Agranular
lh,98132,1,2,allocortex_scope->Agranular
lh,98133,1,2,allocortex_scope->Agranular
lh,98134,1,2,allocortex_scope->Agranular
lh,98135,1,2,allocortex_scope->Agranular
lh,98770,1,3,cingulate_posterior->Dysgranular
lh,98788,1,3,cingulate_posterior->Dysgranular
lh,98790,1,3,cingulate_posterior->Dysgranular
lh,98791,1,3,cingulate_posterior->Dysgranular
lh,98792,1,3,cingulate_posterior->Dysgranular
lh,98793,1,3,cingulate_posterior->Dysgranular
lh,98794,1,3,cingulate_posterior->Dysgranular
lh,98795,1,3,cingulate_posterior->Dysgranular
lh,99621,1,2,allocortex_scope->Agranular
lh,99622,1,2,allocortex_scope->Agranular
lh,99665,4,3,topology_buffer
lh,99666,4,2,topology_buffer
lh,99667,4,1,Pir->Allocortex(paleocortex)
lh,99668,4,1,Pir->Allocortex(paleocortex)
lh,99669,4,1,Pir->Allocortex(paleocortex)
lh,99670,4,1,Pir->Allocortex(paleocortex)
lh,99671,4,1,Pir->Allocortex(paleocortex)
lh,99672,4,1,Pir->Allocortex(paleocortex)
lh,99673,4,1,Pir->Allocortex(paleocortex)
lh,99674,4,1,Pir->Allocortex(paleocortex)
lh,99675,4,1,Pir->Allocortex(paleocortex)
lh,99676,3,1,Pir->Allocortex(paleocortex)
lh,99677,4,1,Pir->Allocortex(paleocortex)
lh,99678,3,1,Pir->Allocortex(paleocortex)
lh,99679,3,1,Pir->Allocortex(paleocortex)
lh,99680,4,2,topology_buffer
lh,99681,3,2,topology_buffer
lh,99683,3,2,topology_buffer
lh,99684,3,1,Pir->Allocortex(paleocortex)
lh,99685,3,1,Pir->Allocortex(paleocortex)
lh,99686,3,1,Pir->Allocortex(paleocortex)
lh,99687,3,2,topology_buffer
lh,99688,3,1,Pir->Allocortex(paleocortex)
lh,99776,1,3,cingulate_posterior->Dysgranular
lh,99777,1,3,cingulate_posterior->Dysgranular
lh,99778,1,3,cingulate_posterior->Dysgranular
lh,99779,1,3,cingulate_posterior->Dysgranular
lh,99780,1,3,cingulate_posterior->Dysgranular
lh,99781,1,3,cingulate_posterior->Dysgranular
lh,100425,1,2,cingulate_anterior->Agranular
lh,100426,1,2,cingulate_anterior->Agranular
lh,100427,1,2,cingulate_anterior->Agranular
lh,100428,1,2,cingulate_anterior->Agranular
lh,100429,1,2,cingulate_anterior->Agranular
lh,100430,1,2,cingulate_anterior->Agranular
lh,101608,1,3,cingulate_posterior->Dysgranular
lh,101646,3,1,Pir->Allocortex(paleocortex)
lh,101647,3,1,Pir->Allocortex(paleocortex)
lh,101648,3,1,Pir->Allocortex(paleocortex)
lh,101649,2,1,Pir->Allocortex(paleocortex)
lh,101650,2,1,Pir->Allocortex(paleocortex)
lh,101686,1,2,allocortex_scope->Agranular
lh,101691,1,2,allocortex_scope->Agranular
lh,101692,1,2,allocortex_scope->Agranular
lh,101693,1,2,allocortex_scope->Agranular
lh,101694,1,2,allocortex_scope->Agranular
lh,101695,1,2,allocortex_scope->Agranular
lh,101696,1,2,allocortex_scope->Agranular
lh,101697,1,2,allocortex_scope->Agranular
lh,101698,1,2,allocortex_scope->Agranular
lh,101699,1,2,allocortex_scope->Agranular
lh,101700,1,2,allocortex_scope->Agranular
lh,101701,1,2,allocortex_scope->Agranular
lh,101702,1,2,allocortex_scope->Agranular
lh,101714,1,2,allocortex_scope->Agranular
lh,101715,1,2,allocortex_scope->Agranular
lh,101716,1,2,allocortex_scope->Agranular
lh,101717,1,2,allocortex_scope->Agranular
lh,101718,1,2,allocortex_scope->Agranular
lh,101719,1,2,allocortex_scope->Agranular
lh,101720,1,2,allocortex_scope->Agranular
lh,101721,1,2,allocortex_scope->Agranular
lh,101722,1,2,allocortex_scope->Agranular
lh,101723,1,2,allocortex_scope->Agranular
lh,101724,1,2,allocortex_scope->Agranular
lh,101725,1,2,allocortex_scope->Agranular
lh,101726,1,2,allocortex_scope->Agranular
lh,101727,1,2,allocortex_scope->Agranular
lh,101728,1,2,allocortex_scope->Agranular
lh,101729,1,2,allocortex_scope->Agranular
lh,101730,1,2,allocortex_scope->Agranular
lh,101731,1,2,allocortex_scope->Agranular
lh,101732,1,2,allocortex_scope->Agranular
lh,101733,1,2,allocortex_scope->Agranular
lh,101734,1,2,allocortex_scope->Agranular
lh,101735,1,2,allocortex_scope->Agranular
lh,101736,1,2,allocortex_scope->Agranular
lh,101737,1,2,allocortex_scope->Agranular
lh,101738,1,2,allocortex_scope->Agranular
lh,101739,1,2,allocortex_scope->Agranular
lh,101740,1,2,allocortex_scope->Agranular
lh,101741,1,2,allocortex_scope->Agranular
lh,101742,1,2,allocortex_scope->Agranular
lh,101743,1,2,allocortex_scope->Agranular
lh,101744,1,2,allocortex_scope->Agranular
lh,101745,1,2,allocortex_scope->Agranular
lh,101746,1,2,allocortex_scope->Agranular
lh,101747,1,2,allocortex_scope->Agranular
lh,101748,1,2,allocortex_scope->Agranular
lh,101749,1,2,allocortex_scope->Agranular
lh,101750,1,2,allocortex_scope->Agranular
lh,101751,1,2,allocortex_scope->Agranular
lh,101752,1,2,allocortex_scope->Agranular
lh,101875,1,2,allocortex_scope->Agranular
lh,102175,1,2,allocortex_scope->Agranular
lh,102216,4,3,topology_buffer
lh,102218,4,3,topology_buffer
lh,102219,4,3,topology_buffer
lh,102222,4,3,topology_buffer
lh,102223,3,2,HABC->Agranular
lh,102224,3,2,HABC->Agranular
lh,102225,3,2,HABC->Agranular
lh,102226,3,2,HABC->Agranular
lh,102227,3,2,HABC->Agranular
lh,102228,3,2,HABC->Agranular
lh,102229,3,2,HABC->Agranular
lh,102230,3,2,HABC->Agranular
lh,102231,3,2,HABC->Agranular
lh,102232,3,2,HABC->Agranular
lh,102237,4,3,topology_buffer
lh,102238,4,3,topology_buffer
lh,102875,1,2,allocortex_scope->Agranular
lh,102876,1,2,allocortex_scope->Agranular
lh,102877,1,2,allocortex_scope->Agranular
lh,102878,1,2,allocortex_scope->Agranular
lh,104864,1,3,cingulate_posterior->Dysgranular
lh,104909,2,1,Pir->Allocortex(paleocortex)
lh,104910,2,1,Pir->Allocortex(paleocortex)
lh,104948,1,2,allocortex_scope->Agranular
lh,104949,1,2,allocortex_scope->Agranular
lh,104950,1,2,allocortex_scope->Agranular
lh,104951,1,2,allocortex_scope->Agranular
lh,104952,1,2,allocortex_scope->Agranular
lh,104953,1,2,allocortex_scope->Agranular
lh,104954,1,2,allocortex_scope->Agranular
lh,104955,1,2,allocortex_scope->Agranular
lh,104956,1,2,allocortex_scope->Agranular
lh,104957,1,2,allocortex_scope->Agranular
lh,104958,1,2,allocortex_scope->Agranular
lh,104959,1,2,allocortex_scope->Agranular
lh,104960,1,2,allocortex_scope->Agranular
lh,104961,1,2,allocortex_scope->Agranular
lh,104962,1,2,allocortex_scope->Agranular
lh,104963,1,2,allocortex_scope->Agranular
lh,104964,1,2,allocortex_scope->Agranular
lh,104965,1,2,allocortex_scope->Agranular
lh,104966,1,2,allocortex_scope->Agranular
lh,104967,1,2,allocortex_scope->Agranular
lh,104968,1,2,allocortex_scope->Agranular
lh,104969,1,2,allocortex_scope->Agranular
lh,104970,1,2,allocortex_scope->Agranular
lh,104971,1,2,allocortex_scope->Agranular
lh,104972,1,2,allocortex_scope->Agranular
lh,104973,1,2,allocortex_scope->Agranular
lh,104974,1,2,allocortex_scope->Agranular
lh,104975,1,2,allocortex_scope->Agranular
lh,104976,1,2,allocortex_scope->Agranular
lh,104977,1,2,allocortex_scope->Agranular
lh,104978,1,2,allocortex_scope->Agranular
lh,104979,1,2,allocortex_scope->Agranular
lh,104980,1,2,allocortex_scope->Agranular
lh,104981,1,2,allocortex_scope->Agranular
lh,104982,1,2,allocortex_scope->Agranular
lh,104983,1,2,allocortex_scope->Agranular
lh,104984,1,2,allocortex_scope->Agranular
lh,104985,1,2,allocortex_scope->Agranular
lh,104986,1,2,allocortex_scope->Agranular
lh,104987,1,2,allocortex_scope->Agranular
lh,104988,1,2,allocortex_scope->Agranular
lh,104989,1,2,allocortex_scope->Agranular
lh,104990,1,2,allocortex_scope->Agranular
lh,104991,1,2,allocortex_scope->Agranular
lh,104992,1,2,allocortex_scope->Agranular
lh,104993,1,2,allocortex_scope->Agranular
lh,105114,1,2,allocortex_scope->Agranular
lh,105115,1,2,allocortex_scope->Agranular
lh,105429,1,2,allocortex_scope->Agranular
lh,105431,1,2,allocortex_scope->Agranular
lh,105436,1,2,allocortex_scope->Agranular
lh,105437,1,2,allocortex_scope->Agranular
lh,105438,1,2,allocortex_scope->Agranular
lh,105439,1,2,allocortex_scope->Agranular
lh,105440,1,2,allocortex_scope->Agranular
lh,105441,1,2,allocortex_scope->Agranular
lh,105442,1,2,allocortex_scope->Agranular
lh,105443,1,2,allocortex_scope->Agranular
lh,105444,1,2,allocortex_scope->Agranular
lh,105447,2,3,PHA1->Dysgranular
lh,107189,1,2,cingulate_anterior->Agranular
lh,107190,1,2,cingulate_anterior->Agranular
lh,107191,1,2,cingulate_anterior->Agranular
lh,107192,1,2,cingulate_anterior->Agranular
lh,107193,1,2,cingulate_anterior->Agranular
lh,107203,1,3,cingulate_posterior->Dysgranular
lh,107204,1,3,cingulate_posterior->Dysgranular
lh,107205,1,3,cingulate_posterior->Dysgranular
lh,107206,1,3,cingulate_posterior->Dysgranular
lh,107207,1,3,cingulate_posterior->Dysgranular
lh,107208,1,3,cingulate_posterior->Dysgranular
lh,107209,1,3,cingulate_posterior->Dysgranular
lh,107210,1,3,cingulate_posterior->Dysgranular
lh,107211,1,3,cingulate_posterior->Dysgranular
lh,107213,1,3,cingulate_posterior->Dysgranular
lh,107214,1,3,cingulate_posterior->Dysgranular
lh,107215,1,3,cingulate_posterior->Dysgranular
lh,107216,1,3,cingulate_posterior->Dysgranular
lh,107217,1,3,cingulate_posterior->Dysgranular
lh,107218,1,3,cingulate_posterior->Dysgranular
lh,107219,1,3,cingulate_posterior->Dysgranular
lh,107220,1,3,cingulate_posterior->Dysgranular
lh,107261,1,3,cingulate_posterior->Dysgranular
lh,107262,1,3,cingulate_posterior->Dysgranular
lh,107263,1,3,cingulate_posterior->Dysgranular
lh,107264,1,3,cingulate_posterior->Dysgranular
lh,107265,1,3,cingulate_posterior->Dysgranular
lh,107267,1,3,cingulate_posterior->Dysgranular
lh,107269,1,3,cingulate_posterior->Dysgranular
lh,107270,1,3,cingulate_posterior->Dysgranular
lh,107271,1,3,cingulate_posterior->Dysgranular
lh,107272,1,3,cingulate_posterior->Dysgranular
lh,107341,1,2,allocortex_scope->Agranular
lh,107342,1,2,allocortex_scope->Agranular
lh,107357,1,2,allocortex_scope->Agranular
lh,107358,1,2,allocortex_scope->Agranular
lh,107359,1,2,allocortex_scope->Agranular
lh,107360,1,2,allocortex_scope->Agranular
lh,107361,1,2,allocortex_scope->Agranular
lh,107362,1,2,allocortex_scope->Agranular
lh,107363,1,2,allocortex_scope->Agranular
lh,107364,1,2,allocortex_scope->Agranular
lh,107365,1,2,allocortex_scope->Agranular
lh,107366,1,2,allocortex_scope->Agranular
lh,107372,1,2,allocortex_scope->Agranular
lh,107373,1,2,allocortex_scope->Agranular
lh,107374,1,2,allocortex_scope->Agranular
lh,107375,1,2,allocortex_scope->Agranular
lh,107376,1,2,allocortex_scope->Agranular
lh,107377,1,2,allocortex_scope->Agranular
lh,107378,1,2,allocortex_scope->Agranular
lh,107379,1,2,allocortex_scope->Agranular
lh,107380,1,2,allocortex_scope->Agranular
lh,107381,1,2,allocortex_scope->Agranular
lh,107382,1,2,allocortex_scope->Agranular
lh,107519,3,1,Pir->Allocortex(paleocortex)
lh,107520,3,2,topology_buffer
lh,107521,3,2,topology_buffer
lh,107809,1,2,allocortex_scope->Agranular
lh,107810,1,2,allocortex_scope->Agranular
lh,107811,1,2,allocortex_scope->Agranular
lh,107812,1,2,allocortex_scope->Agranular
lh,107820,1,2,allocortex_scope->Agranular
lh,107821,1,2,allocortex_scope->Agranular
lh,107822,1,3,cingulate_posterior->Dysgranular
lh,107823,1,2,allocortex_scope->Agranular
lh,107824,1,2,allocortex_scope->Agranular
lh,107825,1,2,allocortex_scope->Agranular
lh,107826,1,2,allocortex_scope->Agranular
lh,107827,1,2,allocortex_scope->Agranular
lh,107828,1,3,cingulate_posterior->Dysgranular
lh,107829,1,3,cingulate_posterior->Dysgranular
lh,107830,1,3,cingulate_posterior->Dysgranular
lh,109746,1,2,cingulate_anterior->Agranular
lh,109747,1,2,cingulate_anterior->Agranular
lh,109783,1,2,cingulate_anterior->Agranular
lh,109784,1,2,cingulate_anterior->Agranular
lh,109785,1,2,cingulate_anterior->Agranular
lh,109786,1,2,allocortex_scope->Agranular
lh,109791,1,2,cingulate_anterior->Agranular
lh,109827,1,2,cingulate_anterior->Agranular
lh,109832,1,2,cingulate_anterior->Agranular
lh,109845,1,2,cingulate_anterior->Agranular
lh,109846,1,2,cingulate_anterior->Agranular
lh,109847,1,2,cingulate_anterior->Agranular
lh,109848,1,2,cingulate_anterior->Agranular
lh,109849,1,2,cingulate_anterior->Agranular
lh,109850,1,2,cingulate_anterior->Agranular
lh,109851,1,2,cingulate_anterior->Agranular
lh,109852,1,2,cingulate_anterior->Agranular
lh,109853,1,2,cingulate_anterior->Agranular
lh,110453,1,2,cingulate_anterior->Agranular
lh,110454,1,2,allocortex_scope->Agranular
lh,110455,1,2,allocortex_scope->Agranular
lh,110456,1,2,allocortex_scope->Agranular
lh,110457,1,2,allocortex_scope->Agranular
lh,110458,1,2,allocortex_scope->Agranular
lh,110459,1,2,allocortex_scope->Agranular
lh,110460,1,2,allocortex_scope->Agranular
lh,113013,1,2,allocortex_scope->Agranular
lh,113295,1,2,allocortex_scope->Agranular
lh,113328,1,3,cingulate_posterior->Dysgranular
lh,113330,1,3,cingulate_posterior->Dysgranular
lh,113331,1,3,cingulate_posterior->Dysgranular
lh,113332,1,3,cingulate_posterior->Dysgranular
lh,113333,1,3,cingulate_posterior->Dysgranular
lh,113432,3,2,topology_buffer
lh,113434,3,2,topology_buffer
lh,113470,3,2,topology_buffer
lh,113479,2,1,Pir->Allocortex(paleocortex)
lh,113480,2,1,Pir->Allocortex(paleocortex)
lh,113481,2,1,Pir->Allocortex(paleocortex)
lh,113482,2,1,Pir->Allocortex(paleocortex)
lh,113483,2,1,Pir->Allocortex(paleocortex)
lh,113484,3,1,Pir->Allocortex(paleocortex)
lh,113485,3,1,Pir->Allocortex(paleocortex)
lh,113486,3,1,Pir->Allocortex(paleocortex)
lh,113487,3,1,Pir->Allocortex(paleocortex)
lh,113488,3,1,Pir->Allocortex(paleocortex)
lh,113489,3,1,Pir->Allocortex(paleocortex)
lh,113490,3,1,Pir->Allocortex(paleocortex)
lh,113491,3,1,Pir->Allocortex(paleocortex)
lh,113492,2,1,Pir->Allocortex(paleocortex)
lh,113493,2,1,Pir->Allocortex(paleocortex)
lh,113494,2,1,Pir->Allocortex(paleocortex)
lh,113495,2,1,Pir->Allocortex(paleocortex)
lh,113496,2,1,Pir->Allocortex(paleocortex)
lh,113497,2,1,Pir->Allocortex(paleocortex)
lh,113498,2,1,Pir->Allocortex(paleocortex)
lh,113549,1,2,allocortex_scope->Agranular
lh,113550,1,2,allocortex_scope->Agranular
lh,113551,1,2,allocortex_scope->Agranular
lh,113552,1,2,allocortex_scope->Agranular
lh,113553,1,2,allocortex_scope->Agranular
lh,113554,1,2,allocortex_scope->Agranular
lh,113555,1,2,allocortex_scope->Agranular
lh,113556,1,2,allocortex_scope->Agranular
lh,113557,1,2,allocortex_scope->Agranular
lh,113558,1,2,allocortex_scope->Agranular
lh,113559,1,2,allocortex_scope->Agranular
lh,113560,1,2,allocortex_scope->Agranular
lh,113561,1,2,allocortex_scope->Agranular
lh,113562,1,2,allocortex_scope->Agranular
lh,113565,1,2,allocortex_scope->Agranular
lh,113566,1,2,allocortex_scope->Agranular
lh,113567,1,2,allocortex_scope->Agranular
lh,113610,2,1,Pir->Allocortex(paleocortex)
lh,113611,2,1,Pir->Allocortex(paleocortex)
lh,113631,1,2,allocortex_scope->Agranular
lh,113632,1,2,allocortex_scope->Agranular
lh,113633,1,2,allocortex_scope->Agranular
lh,113634,1,2,allocortex_scope->Agranular
lh,113635,1,2,allocortex_scope->Agranular
lh,113636,1,2,allocortex_scope->Agranular
lh,113637,1,2,allocortex_scope->Agranular
lh,113638,1,2,allocortex_scope->Agranular
lh,113639,1,2,allocortex_scope->Agranular
lh,113640,1,2,allocortex_scope->Agranular
lh,113641,1,2,allocortex_scope->Agranular
lh,113642,1,2,allocortex_scope->Agranular
lh,113643,1,2,allocortex_scope->Agranular
lh,113644,1,2,allocortex_scope->Agranular
lh,113645,1,2,allocortex_scope->Agranular
lh,113646,1,2,allocortex_scope->Agranular
lh,113647,1,2,allocortex_scope->Agranular
lh,113648,1,2,allocortex_scope->Agranular
lh,113649,1,2,allocortex_scope->Agranular
lh,113650,1,2,allocortex_scope->Agranular
lh,113651,1,2,allocortex_scope->Agranular
lh,113652,1,2,allocortex_scope->Agranular
lh,113653,1,2,allocortex_scope->Agranular
lh,113654,1,2,allocortex_scope->Agranular
lh,113655,1,2,allocortex_scope->Agranular
lh,113656,1,2,allocortex_scope->Agranular
lh,113657,1,2,allocortex_scope->Agranular
lh,113658,1,2,allocortex_scope->Agranular
lh,113659,1,2,allocortex_scope->Agranular
lh,113660,1,2,allocortex_scope->Agranular
lh,113661,1,2,allocortex_scope->Agranular
lh,113662,1,2,allocortex_scope->Agranular
lh,113663,1,2,allocortex_scope->Agranular
lh,113664,1,2,allocortex_scope->Agranular
lh,113665,1,2,allocortex_scope->Agranular
lh,113666,1,2,allocortex_scope->Agranular
lh,113667,1,2,allocortex_scope->Agranular
lh,113668,1,2,allocortex_scope->Agranular
lh,113669,1,2,allocortex_scope->Agranular
lh,113670,1,2,allocortex_scope->Agranular
lh,113671,1,2,allocortex_scope->Agranular
lh,113672,1,2,allocortex_scope->Agranular
lh,113673,1,2,allocortex_scope->Agranular
lh,113674,1,2,allocortex_scope->Agranular
lh,113675,1,2,allocortex_scope->Agranular
lh,113676,1,2,allocortex_scope->Agranular
lh,113677,1,2,allocortex_scope->Agranular
lh,113678,1,2,allocortex_scope->Agranular
lh,113679,1,2,allocortex_scope->Agranular
lh,113680,1,2,allocortex_scope->Agranular
lh,113681,1,2,allocortex_scope->Agranular
lh,113682,1,2,allocortex_scope->Agranular
lh,113683,1,2,allocortex_scope->Agranular
lh,113684,1,2,allocortex_scope->Agranular
lh,113685,1,2,allocortex_scope->Agranular
lh,113686,1,2,allocortex_scope->Agranular
lh,113687,1,2,allocortex_scope->Agranular
lh,113688,1,2,allocortex_scope->Agranular
lh,113689,1,2,allocortex_scope->Agranular
lh,113690,1,2,allocortex_scope->Agranular
lh,113691,1,2,allocortex_scope->Agranular
lh,113692,1,2,allocortex_scope->Agranular
lh,113693,1,2,allocortex_scope->Agranular
lh,113694,1,2,allocortex_scope->Agranular
lh,113695,1,2,allocortex_scope->Agranular
lh,113696,1,2,allocortex_scope->Agranular
lh,113697,1,2,allocortex_scope->Agranular
lh,113698,1,2,allocortex_scope->Agranular
lh,113699,1,2,allocortex_scope->Agranular
lh,113700,1,2,allocortex_scope->Agranular
lh,113701,1,2,allocortex_scope->Agranular
lh,113702,1,2,allocortex_scope->Agranular
lh,113703,1,2,allocortex_scope->Agranular
lh,113704,1,2,allocortex_scope->Agranular
lh,113705,1,2,allocortex_scope->Agranular
lh,113706,1,2,allocortex_scope->Agranular
lh,113707,1,2,allocortex_scope->Agranular
lh,113708,1,2,allocortex_scope->Agranular
lh,113709,1,2,allocortex_scope->Agranular
lh,113710,1,2,allocortex_scope->Agranular
lh,113711,1,2,allocortex_scope->Agranular
lh,113712,1,2,allocortex_scope->Agranular
lh,113713,1,2,allocortex_scope->Agranular
lh,113714,1,2,allocortex_scope->Agranular
lh,113715,1,2,allocortex_scope->Agranular
lh,113716,1,2,allocortex_scope->Agranular
lh,113717,1,2,allocortex_scope->Agranular
lh,113718,1,2,allocortex_scope->Agranular
lh,113719,1,2,allocortex_scope->Agranular
lh,113724,1,2,allocortex_scope->Agranular
lh,113725,1,2,allocortex_scope->Agranular
lh,113726,1,2,allocortex_scope->Agranular
lh,113727,1,2,allocortex_scope->Agranular
lh,113728,1,2,allocortex_scope->Agranular
lh,113729,1,2,allocortex_scope->Agranular
lh,113730,1,2,allocortex_scope->Agranular
lh,113738,3,2,Perirhinal->Agranular
lh,113739,3,2,Perirhinal->Agranular
lh,113740,3,2,Perirhinal->Agranular
lh,113741,3,2,Perirhinal->Agranular
lh,114101,3,2,Perirhinal->Agranular
lh,114102,3,2,Perirhinal->Agranular
lh,114103,3,2,Perirhinal->Agranular
lh,114104,3,2,Perirhinal->Agranular
lh,114105,3,2,Perirhinal->Agranular
lh,114106,3,2,Perirhinal->Agranular
lh,114838,1,2,allocortex_scope->Agranular
lh,115000,1,2,allocortex_scope->Agranular
lh,115001,1,2,allocortex_scope->Agranular
lh,115002,1,2,allocortex_scope->Agranular
lh,115116,1,2,allocortex_scope->Agranular
lh,115117,1,2,allocortex_scope->Agranular
lh,115118,1,2,allocortex_scope->Agranular
lh,115119,1,2,allocortex_scope->Agranular
lh,115120,1,2,allocortex_scope->Agranular
lh,115121,1,2,allocortex_scope->Agranular
lh,115122,1,2,allocortex_scope->Agranular
lh,115123,1,2,allocortex_scope->Agranular
lh,115124,1,2,allocortex_scope->Agranular
lh,115125,1,2,allocortex_scope->Agranular
lh,115126,1,2,allocortex_scope->Agranular
lh,115127,1,2,allocortex_scope->Agranular
lh,115128,1,2,allocortex_scope->Agranular
lh,115129,1,2,allocortex_scope->Agranular
lh,115130,1,2,allocortex_scope->Agranular
lh,115132,1,2,allocortex_scope->Agranular
lh,115133,1,2,allocortex_scope->Agranular
lh,115134,1,2,allocortex_scope->Agranular
lh,115139,2,3,PHA1->Dysgranular
lh,115142,1,2,Perirhinal->Agranular
lh,115143,1,2,allocortex_scope->Agranular
lh,115144,1,2,allocortex_scope->Agranular
lh,115145,1,2,allocortex_scope->Agranular
lh,115146,1,2,allocortex_scope->Agranular
lh,115147,1,2,allocortex_scope->Agranular
lh,115148,1,2,allocortex_scope->Agranular
lh,115149,1,2,allocortex_scope->Agranular
lh,115150,1,2,allocortex_scope->Agranular
lh,115151,1,2,allocortex_scope->Agranular
lh,115152,1,2,allocortex_scope->Agranular
lh,115153,1,2,allocortex_scope->Agranular
lh,115154,1,2,allocortex_scope->Agranular
lh,115155,1,2,allocortex_scope->Agranular
lh,115156,1,2,allocortex_scope->Agranular
lh,115157,1,2,allocortex_scope->Agranular
lh,115158,1,2,allocortex_scope->Agranular
lh,115159,1,2,allocortex_scope->Agranular
lh,115160,1,2,allocortex_scope->Agranular
lh,115161,1,2,allocortex_scope->Agranular
lh,115162,1,2,allocortex_scope->Agranular
lh,115163,1,2,allocortex_scope->Agranular
lh,115164,1,2,allocortex_scope->Agranular
lh,115165,1,2,allocortex_scope->Agranular
lh,115175,3,2,HABC->Agranular
lh,115176,3,2,HABC->Agranular
lh,115177,3,2,HABC->Agranular
lh,115178,3,2,HABC->Agranular
lh,115179,3,2,HABC->Agranular
lh,115180,3,2,HABC->Agranular
lh,115181,3,2,HABC->Agranular
lh,115182,3,2,HABC->Agranular
lh,115183,3,2,HABC->Agranular
lh,115184,3,2,HABC->Agranular
lh,115185,3,2,HABC->Agranular
lh,115186,3,2,HABC->Agranular
lh,115187,3,2,HABC->Agranular
lh,115188,3,2,HABC->Agranular
lh,115189,3,2,HABC->Agranular
lh,115190,3,2,HABC->Agranular
lh,115191,3,2,HABC->Agranular
lh,115192,3,2,HABC->Agranular
lh,115196,3,2,Perirhinal->Agranular
lh,115197,3,2,Perirhinal->Agranular
lh,115198,3,2,Perirhinal->Agranular
lh,115199,3,2,Perirhinal->Agranular
lh,115200,3,2,Perirhinal->Agranular
lh,115201,3,2,Perirhinal->Agranular
lh,115367,1,2,allocortex_scope->Agranular
lh,115861,1,3,cingulate_posterior->Dysgranular
lh,115863,1,3,cingulate_posterior->Dysgranular
lh,115864,1,3,cingulate_posterior->Dysgranular
lh,115866,1,3,cingulate_posterior->Dysgranular
lh,115876,1,3,cingulate_posterior->Dysgranular
lh,115877,1,3,cingulate_posterior->Dysgranular
lh,115878,1,3,cingulate_posterior->Dysgranular
lh,115879,1,3,cingulate_posterior->Dysgranular
lh,115880,1,3,cingulate_posterior->Dysgranular
lh,116555,4,1,Pir->Allocortex(paleocortex)
lh,116556,4,1,Pir->Allocortex(paleocortex)
lh,116557,4,1,Pir->Allocortex(paleocortex)
lh,116558,4,1,Pir->Allocortex(paleocortex)
lh,116559,4,1,Pir->Allocortex(paleocortex)
lh,116560,4,1,Pir->Allocortex(paleocortex)
lh,116561,4,1,Pir->Allocortex(paleocortex)
lh,116562,4,1,Pir->Allocortex(paleocortex)
lh,116563,4,1,Pir->Allocortex(paleocortex)
lh,116564,4,1,Pir->Allocortex(paleocortex)
lh,116565,4,1,Pir->Allocortex(paleocortex)
lh,116566,4,1,Pir->Allocortex(paleocortex)
lh,116567,4,1,Pir->Allocortex(paleocortex)
lh,116568,4,1,Pir->Allocortex(paleocortex)
lh,116569,4,1,Pir->Allocortex(paleocortex)
lh,116570,4,1,Pir->Allocortex(paleocortex)
lh,116571,4,1,Pir->Allocortex(paleocortex)
lh,116572,4,1,Pir->Allocortex(paleocortex)
lh,116573,3,1,Pir->Allocortex(paleocortex)
lh,116574,3,2,topology_buffer
lh,116643,1,3,cingulate_posterior->Dysgranular
lh,116644,1,3,cingulate_posterior->Dysgranular
lh,116645,1,3,cingulate_posterior->Dysgranular
lh,116646,1,3,cingulate_posterior->Dysgranular
lh,116647,1,3,cingulate_posterior->Dysgranular
lh,116648,1,3,cingulate_posterior->Dysgranular
lh,118128,1,2,allocortex_scope->Agranular
lh,118129,1,2,allocortex_scope->Agranular
lh,118130,1,2,allocortex_scope->Agranular
lh,118131,1,2,allocortex_scope->Agranular
lh,118132,1,2,allocortex_scope->Agranular
lh,118133,1,2,allocortex_scope->Agranular
lh,118134,1,2,allocortex_scope->Agranular
lh,118135,1,2,allocortex_scope->Agranular
lh,118136,1,2,allocortex_scope->Agranular
lh,118137,1,2,allocortex_scope->Agranular
lh,118138,1,2,allocortex_scope->Agranular
lh,118139,1,2,allocortex_scope->Agranular
lh,118140,1,2,allocortex_scope->Agranular
lh,118141,1,2,allocortex_scope->Agranular
lh,118142,1,2,allocortex_scope->Agranular
lh,118143,1,2,allocortex_scope->Agranular
lh,118151,1,2,allocortex_scope->Agranular
lh,118153,1,2,allocortex_scope->Agranular
lh,118154,1,2,allocortex_scope->Agranular
lh,118156,1,2,allocortex_scope->Agranular
lh,118157,1,2,allocortex_scope->Agranular
lh,118158,1,2,allocortex_scope->Agranular
lh,118159,1,2,allocortex_scope->Agranular
lh,118160,1,2,allocortex_scope->Agranular
lh,118161,1,2,allocortex_scope->Agranular
lh,118162,1,2,allocortex_scope->Agranular
lh,118163,1,2,allocortex_scope->Agranular
lh,118164,1,2,allocortex_scope->Agranular
lh,118165,1,2,allocortex_scope->Agranular
lh,118166,1,2,allocortex_scope->Agranular
lh,118167,1,2,allocortex_scope->Agranular
lh,118168,1,2,allocortex_scope->Agranular
lh,118169,1,2,allocortex_scope->Agranular
lh,118170,1,2,allocortex_scope->Agranular
lh,118171,1,2,allocortex_scope->Agranular
lh,118172,1,2,allocortex_scope->Agranular
lh,118173,1,2,allocortex_scope->Agranular
lh,118174,1,2,allocortex_scope->Agranular
lh,118175,1,2,allocortex_scope->Agranular
lh,118176,1,2,allocortex_scope->Agranular
lh,118177,1,2,allocortex_scope->Agranular
lh,118178,1,2,allocortex_scope->Agranular
lh,118179,1,2,allocortex_scope->Agranular
lh,118180,1,2,allocortex_scope->Agranular
lh,118181,1,2,allocortex_scope->Agranular
lh,118276,1,2,allocortex_scope->Agranular
lh,118552,4,3,topology_buffer
lh,119048,1,2,allocortex_scope->Agranular
lh,119052,1,2,allocortex_scope->Agranular
lh,119053,1,2,allocortex_scope->Agranular
lh,119054,1,2,allocortex_scope->Agranular
lh,119055,1,2,allocortex_scope->Agranular
lh,119056,1,2,allocortex_scope->Agranular
lh,120599,1,3,cingulate_posterior->Dysgranular
lh,120600,1,3,cingulate_posterior->Dysgranular
lh,120669,1,2,allocortex_scope->Agranular
lh,120670,1,2,allocortex_scope->Agranular
lh,120671,1,2,allocortex_scope->Agranular
lh,120672,1,2,allocortex_scope->Agranular
lh,120673,1,2,allocortex_scope->Agranular
lh,120674,1,2,allocortex_scope->Agranular
lh,120675,1,2,allocortex_scope->Agranular
lh,120676,1,2,allocortex_scope->Agranular
lh,120677,1,2,allocortex_scope->Agranular
lh,120678,1,2,allocortex_scope->Agranular
lh,120679,1,2,allocortex_scope->Agranular
lh,120680,1,2,allocortex_scope->Agranular
lh,120682,1,2,allocortex_scope->Agranular
lh,120683,1,2,allocortex_scope->Agranular
lh,120684,1,2,allocortex_scope->Agranular
lh,120685,1,2,allocortex_scope->Agranular
lh,120687,1,2,allocortex_scope->Agranular
lh,120688,1,2,allocortex_scope->Agranular
lh,120689,1,2,allocortex_scope->Agranular
lh,120690,1,2,allocortex_scope->Agranular
lh,120691,1,2,allocortex_scope->Agranular
lh,120692,1,2,allocortex_scope->Agranular
lh,120693,1,2,allocortex_scope->Agranular
lh,120694,1,2,allocortex_scope->Agranular
lh,120695,1,2,allocortex_scope->Agranular
lh,120696,1,2,allocortex_scope->Agranular
lh,120697,1,2,allocortex_scope->Agranular
lh,120698,1,2,allocortex_scope->Agranular
lh,120699,1,2,allocortex_scope->Agranular
lh,120700,1,2,allocortex_scope->Agranular
lh,120701,1,2,allocortex_scope->Agranular
lh,120777,3,2,Perirhinal->Agranular
lh,120796,1,2,allocortex_scope->Agranular
lh,122541,1,2,allocortex_scope->Agranular
lh,122542,1,2,allocortex_scope->Agranular
lh,122543,1,2,allocortex_scope->Agranular
lh,122544,1,2,allocortex_scope->Agranular
lh,122546,1,2,allocortex_scope->Agranular
lh,122547,1,2,allocortex_scope->Agranular
lh,122548,1,2,allocortex_scope->Agranular
lh,122549,1,2,allocortex_scope->Agranular
lh,122550,1,2,allocortex_scope->Agranular
lh,122551,1,2,allocortex_scope->Agranular
lh,122552,1,2,allocortex_scope->Agranular
lh,122553,1,2,allocortex_scope->Agranular
lh,122554,1,2,allocortex_scope->Agranular
lh,122556,1,2,allocortex_scope->Agranular
lh,122557,1,2,allocortex_scope->Agranular
lh,122635,4,2,topology_buffer
lh,122636,4,3,topology_buffer
lh,122637,4,2,topology_buffer
lh,122638,4,3,topology_buffer
lh,122639,4,3,topology_buffer
lh,122640,4,2,topology_buffer
lh,122641,4,3,topology_buffer
lh,122666,3,1,Pir->Allocortex(paleocortex)
lh,122667,3,2,topology_buffer
lh,122668,3,2,topology_buffer
lh,122684,3,2,topology_buffer
lh,122685,3,2,topology_buffer
lh,122888,1,2,allocortex_scope->Agranular
lh,122889,1,2,allocortex_scope->Agranular
lh,122890,1,2,allocortex_scope->Agranular
lh,122891,1,2,allocortex_scope->Agranular
lh,122892,1,2,allocortex_scope->Agranular
lh,122893,1,2,allocortex_scope->Agranular
lh,122894,1,2,allocortex_scope->Agranular
lh,122895,1,2,allocortex_scope->Agranular
lh,122896,1,2,allocortex_scope->Agranular
lh,122897,1,2,allocortex_scope->Agranular
lh,122898,1,2,allocortex_scope->Agranular
lh,122899,1,2,allocortex_scope->Agranular
lh,122900,1,2,allocortex_scope->Agranular
lh,122901,1,2,allocortex_scope->Agranular
lh,122902,1,2,allocortex_scope->Agranular
lh,122904,1,3,cingulate_posterior->Dysgranular
lh,122905,1,2,allocortex_scope->Agranular
lh,122906,1,3,cingulate_posterior->Dysgranular
lh,124430,1,2,cingulate_anterior->Agranular
lh,124431,1,2,cingulate_anterior->Agranular
lh,124432,1,2,cingulate_anterior->Agranular
lh,124433,1,2,cingulate_anterior->Agranular
lh,124434,1,2,cingulate_anterior->Agranular
lh,124461,1,2,cingulate_anterior->Agranular
lh,124462,1,2,cingulate_anterior->Agranular
lh,124463,1,2,cingulate_anterior->Agranular
lh,124464,1,2,cingulate_anterior->Agranular
lh,124465,1,2,cingulate_anterior->Agranular
lh,124467,1,2,cingulate_anterior->Agranular
lh,124468,1,2,cingulate_anterior->Agranular
lh,124469,1,2,cingulate_anterior->Agranular
lh,124470,1,2,cingulate_anterior->Agranular
lh,124471,1,2,cingulate_anterior->Agranular
lh,124472,1,2,cingulate_anterior->Agranular
lh,124473,1,2,cingulate_anterior->Agranular
lh,124474,1,2,cingulate_anterior->Agranular
lh,124475,1,2,cingulate_anterior->Agranular
lh,124476,1,2,cingulate_anterior->Agranular
lh,124477,1,2,cingulate_anterior->Agranular
lh,124478,1,2,cingulate_anterior->Agranular
lh,124944,1,2,cingulate_anterior->Agranular
lh,124945,1,2,cingulate_anterior->Agranular
lh,124946,1,2,cingulate_anterior->Agranular
lh,124947,1,2,cingulate_anterior->Agranular
lh,124948,1,2,cingulate_anterior->Agranular
lh,124949,1,2,cingulate_anterior->Agranular
lh,124950,1,2,cingulate_anterior->Agranular
lh,124951,1,2,cingulate_anterior->Agranular
lh,127170,1,3,cingulate_posterior->Dysgranular
lh,127171,1,3,cingulate_posterior->Dysgranular
lh,127172,1,3,cingulate_posterior->Dysgranular
lh,127173,1,3,cingulate_posterior->Dysgranular
lh,127174,1,3,cingulate_posterior->Dysgranular
lh,127175,1,3,cingulate_posterior->Dysgranular
lh,127176,1,3,cingulate_posterior->Dysgranular
lh,127177,1,3,cingulate_posterior->Dysgranular
lh,127178,1,3,cingulate_posterior->Dysgranular
lh,127182,1,3,cingulate_posterior->Dysgranular
lh,127183,1,3,cingulate_posterior->Dysgranular
lh,127184,1,3,cingulate_posterior->Dysgranular
lh,127185,1,3,cingulate_posterior->Dysgranular
lh,127186,1,3,cingulate_posterior->Dysgranular
lh,127187,1,3,cingulate_posterior->Dysgranular
lh,127265,3,2,topology_buffer
lh,127266,3,1,Pir->Allocortex(paleocortex)
lh,127267,3,2,topology_buffer
lh,127268,3,2,topology_buffer
lh,127304,2,1,Pir->Allocortex(paleocortex)
lh,127305,2,1,Pir->Allocortex(paleocortex)
lh,127306,2,1,Pir->Allocortex(paleocortex)
lh,127307,3,1,Pir->Allocortex(paleocortex)
lh,127308,2,1,Pir->Allocortex(paleocortex)
lh,127309,2,1,Pir->Allocortex(paleocortex)
lh,127310,2,1,Pir->Allocortex(paleocortex)
lh,127311,2,1,Pir->Allocortex(paleocortex)
lh,127312,2,1,Pir->Allocortex(paleocortex)
lh,127313,2,1,Pir->Allocortex(paleocortex)
lh,127314,2,1,Pir->Allocortex(paleocortex)
lh,127315,2,1,Pir->Allocortex(paleocortex)
lh,127316,2,1,Pir->Allocortex(paleocortex)
lh,127360,1,2,allocortex_scope->Agranular
lh,127361,1,2,allocortex_scope->Agranular
lh,127362,1,2,allocortex_scope->Agranular
lh,127363,1,2,allocortex_scope->Agranular
lh,127364,1,2,allocortex_scope->Agranular
lh,127365,1,2,allocortex_scope->Agranular
lh,127366,1,2,allocortex_scope->Agranular
lh,127367,1,2,allocortex_scope->Agranular
lh,127368,1,2,allocortex_scope->Agranular
lh,127369,1,2,allocortex_scope->Agranular
lh,127370,1,2,allocortex_scope->Agranular
lh,127371,1,2,allocortex_scope->Agranular
lh,127372,1,2,allocortex_scope->Agranular
lh,127373,1,2,allocortex_scope->Agranular
lh,127374,1,2,allocortex_scope->Agranular
lh,127375,1,2,allocortex_scope->Agranular
lh,127376,1,2,allocortex_scope->Agranular
lh,127422,1,2,allocortex_scope->Agranular
lh,127423,1,2,allocortex_scope->Agranular
lh,127424,1,2,allocortex_scope->Agranular
lh,127425,1,2,allocortex_scope->Agranular
lh,127426,1,2,allocortex_scope->Agranular
lh,127427,1,2,allocortex_scope->Agranular
lh,127428,1,2,allocortex_scope->Agranular
lh,127429,1,2,allocortex_scope->Agranular
lh,127430,1,2,allocortex_scope->Agranular
lh,127431,1,2,allocortex_scope->Agranular
lh,127432,1,2,allocortex_scope->Agranular
lh,127433,1,2,allocortex_scope->Agranular
lh,127434,1,2,allocortex_scope->Agranular
lh,127435,1,2,allocortex_scope->Agranular
lh,127436,1,2,allocortex_scope->Agranular
lh,127437,1,2,allocortex_scope->Agranular
lh,127438,1,2,allocortex_scope->Agranular
lh,127439,1,2,allocortex_scope->Agranular
lh,127440,1,2,allocortex_scope->Agranular
lh,127441,1,2,allocortex_scope->Agranular
lh,127442,1,2,allocortex_scope->Agranular
lh,127443,1,2,allocortex_scope->Agranular
lh,127444,1,2,allocortex_scope->Agranular
lh,127445,1,2,allocortex_scope->Agranular
lh,127446,1,2,allocortex_scope->Agranular
lh,127447,1,2,allocortex_scope->Agranular
lh,127448,1,2,allocortex_scope->Agranular
lh,127449,1,2,allocortex_scope->Agranular
lh,127450,1,2,allocortex_scope->Agranular
lh,127451,1,2,allocortex_scope->Agranular
lh,127452,1,2,allocortex_scope->Agranular
lh,127453,1,2,allocortex_scope->Agranular
lh,127454,1,2,allocortex_scope->Agranular
lh,127455,1,2,allocortex_scope->Agranular
lh,127456,1,2,allocortex_scope->Agranular
lh,127457,1,2,allocortex_scope->Agranular
lh,127458,1,2,allocortex_scope->Agranular
lh,127459,1,2,allocortex_scope->Agranular
lh,127460,1,2,allocortex_scope->Agranular
lh,127461,1,2,allocortex_scope->Agranular
lh,127462,1,2,allocortex_scope->Agranular
lh,127463,1,2,allocortex_scope->Agranular
lh,127464,1,2,allocortex_scope->Agranular
lh,127465,1,2,allocortex_scope->Agranular
lh,127466,1,2,allocortex_scope->Agranular
lh,127467,1,2,allocortex_scope->Agranular
lh,127468,1,2,allocortex_scope->Agranular
lh,127469,1,2,allocortex_scope->Agranular
lh,127470,1,2,allocortex_scope->Agranular
lh,127471,1,2,allocortex_scope->Agranular
lh,127472,1,2,allocortex_scope->Agranular
lh,127473,1,2,allocortex_scope->Agranular
lh,127474,1,2,allocortex_scope->Agranular
lh,127475,1,2,allocortex_scope->Agranular
lh,127476,1,2,allocortex_scope->Agranular
lh,127477,1,2,allocortex_scope->Agranular
lh,127478,1,2,allocortex_scope->Agranular
lh,127479,1,2,allocortex_scope->Agranular
lh,127480,1,2,allocortex_scope->Agranular
lh,127481,1,2,allocortex_scope->Agranular
lh,127482,1,2,allocortex_scope->Agranular
lh,127483,1,2,allocortex_scope->Agranular
lh,127484,1,2,allocortex_scope->Agranular
lh,127485,1,2,allocortex_scope->Agranular
lh,128485,1,2,allocortex_scope->Agranular
lh,128486,1,2,allocortex_scope->Agranular
lh,128487,1,2,allocortex_scope->Agranular
lh,128580,1,2,allocortex_scope->Agranular
lh,128584,2,3,PHA1->Dysgranular
lh,128585,2,3,PHA1->Dysgranular
lh,128586,1,2,allocortex_scope->Agranular
lh,128587,1,2,allocortex_scope->Agranular
lh,128588,1,2,allocortex_scope->Agranular
lh,128589,1,2,allocortex_scope->Agranular
lh,128592,3,2,EC->Agranular
lh,128593,3,2,Perirhinal->Agranular
lh,128599,1,2,Perirhinal->Agranular
lh,128600,1,2,Perirhinal->Agranular
lh,128601,1,2,allocortex_scope->Agranular
lh,128602,1,2,allocortex_scope->Agranular
lh,128603,1,2,allocortex_scope->Agranular
lh,128604,1,2,allocortex_scope->Agranular
lh,128607,1,2,Perirhinal->Agranular
lh,128608,1,2,Perirhinal->Agranular
lh,128609,1,2,Perirhinal->Agranular
lh,128610,1,2,allocortex_scope->Agranular
lh,128611,1,2,allocortex_scope->Agranular
lh,128612,1,2,Perirhinal->Agranular
lh,128621,3,2,HABC->Agranular
lh,128622,3,2,HABC->Agranular
lh,128623,3,2,HABC->Agranular
lh,128624,3,2,HABC->Agranular
lh,128625,3,2,HABC->Agranular
lh,128626,3,2,HABC->Agranular
lh,128627,3,2,HABC->Agranular
lh,128628,3,2,HABC->Agranular
lh,128629,3,2,HABC->Agranular
lh,128630,3,2,HABC->Agranular
lh,128631,3,2,HABC->Agranular
lh,128632,3,2,HABC->Agranular
lh,128633,3,2,HABC->Agranular
lh,128634,3,2,HABC->Agranular
lh,129089,1,2,allocortex_scope->Agranular
lh,129090,1,2,allocortex_scope->Agranular
lh,129091,1,2,allocortex_scope->Agranular
lh,129092,1,2,allocortex_scope->Agranular
lh,129093,1,2,allocortex_scope->Agranular
lh,129094,1,2,allocortex_scope->Agranular
lh,130485,1,3,cingulate_posterior->Dysgranular
lh,130486,1,3,cingulate_posterior->Dysgranular
lh,130487,1,3,cingulate_posterior->Dysgranular
lh,130488,1,3,cingulate_posterior->Dysgranular
lh,130489,1,3,cingulate_posterior->Dysgranular
lh,130490,1,3,cingulate_posterior->Dysgranular
lh,130552,1,2,allocortex_scope->Agranular
lh,130553,1,2,allocortex_scope->Agranular
lh,130556,1,2,allocortex_scope->Agranular
lh,130557,1,2,allocortex_scope->Agranular
lh,130558,1,2,allocortex_scope->Agranular
lh,132234,1,2,allocortex_scope->Agranular
lh,132235,1,2,allocortex_scope->Agranular
lh,132236,1,2,allocortex_scope->Agranular
lh,132237,1,2,allocortex_scope->Agranular
lh,132238,1,2,allocortex_scope->Agranular
lh,132239,1,2,allocortex_scope->Agranular
lh,132240,1,2,allocortex_scope->Agranular
lh,132325,4,3,topology_buffer
lh,132326,4,2,topology_buffer
lh,132327,4,1,Pir->Allocortex(paleocortex)
lh,132328,4,1,Pir->Allocortex(paleocortex)
lh,132329,4,1,Pir->Allocortex(paleocortex)
lh,132330,4,1,Pir->Allocortex(paleocortex)
lh,132331,4,1,Pir->Allocortex(paleocortex)
lh,132332,4,1,Pir->Allocortex(paleocortex)
lh,132333,4,1,Pir->Allocortex(paleocortex)
lh,132334,4,1,Pir->Allocortex(paleocortex)
lh,132335,4,1,Pir->Allocortex(paleocortex)
lh,132336,4,1,Pir->Allocortex(paleocortex)
lh,132337,4,1,Pir->Allocortex(paleocortex)
lh,132338,4,1,Pir->Allocortex(paleocortex)
lh,132339,4,1,Pir->Allocortex(paleocortex)
lh,132340,4,1,Pir->Allocortex(paleocortex)
lh,132341,4,1,Pir->Allocortex(paleocortex)
lh,132342,4,1,Pir->Allocortex(paleocortex)
lh,132343,4,1,Pir->Allocortex(paleocortex)
lh,132344,3,1,Pir->Allocortex(paleocortex)
lh,132345,3,1,Pir->Allocortex(paleocortex)
lh,132346,3,1,Pir->Allocortex(paleocortex)
lh,132347,3,1,Pir->Allocortex(paleocortex)
lh,132348,3,1,Pir->Allocortex(paleocortex)
lh,132349,3,1,Pir->Allocortex(paleocortex)
lh,132350,3,1,Pir->Allocortex(paleocortex)
lh,132351,3,1,Pir->Allocortex(paleocortex)
lh,132352,3,1,Pir->Allocortex(paleocortex)
lh,132353,3,1,Pir->Allocortex(paleocortex)
lh,132354,3,1,Pir->Allocortex(paleocortex)
lh,132355,3,1,Pir->Allocortex(paleocortex)
lh,132356,4,1,Pir->Allocortex(paleocortex)
lh,132357,4,1,Pir->Allocortex(paleocortex)
lh,132358,3,1,Pir->Allocortex(paleocortex)
lh,132359,3,1,Pir->Allocortex(paleocortex)
lh,132360,3,1,Pir->Allocortex(paleocortex)
lh,132361,3,1,Pir->Allocortex(paleocortex)
lh,132362,3,1,Pir->Allocortex(paleocortex)
lh,132363,3,1,Pir->Allocortex(paleocortex)
lh,132364,3,1,Pir->Allocortex(paleocortex)
lh,132365,3,1,Pir->Allocortex(paleocortex)
lh,132366,3,1,Pir->Allocortex(paleocortex)
lh,132367,3,1,Pir->Allocortex(paleocortex)
lh,132368,3,1,Pir->Allocortex(paleocortex)
lh,132369,3,1,Pir->Allocortex(paleocortex)
lh,132370,3,1,Pir->Allocortex(paleocortex)
lh,132371,3,1,Pir->Allocortex(paleocortex)
lh,132372,3,1,Pir->Allocortex(paleocortex)
lh,132373,3,1,Pir->Allocortex(paleocortex)
lh,132556,1,2,allocortex_scope->Agranular
lh,132560,1,3,cingulate_posterior->Dysgranular
lh,132561,1,3,cingulate_posterior->Dysgranular
lh,132562,1,2,allocortex_scope->Agranular
lh,132563,1,2,allocortex_scope->Agranular
lh,132564,1,2,allocortex_scope->Agranular
lh,132565,1,2,allocortex_scope->Agranular
lh,132566,1,2,allocortex_scope->Agranular
lh,132567,1,2,allocortex_scope->Agranular
lh,133913,1,2,cingulate_anterior->Agranular
lh,133916,1,2,cingulate_anterior->Agranular
lh,133918,1,2,cingulate_anterior->Agranular
lh,133919,1,2,cingulate_anterior->Agranular
lh,133920,1,2,cingulate_anterior->Agranular
lh,133921,1,2,cingulate_anterior->Agranular
lh,133922,1,2,cingulate_anterior->Agranular
lh,133925,1,2,cingulate_anterior->Agranular
lh,133927,1,2,cingulate_anterior->Agranular
lh,133928,1,2,cingulate_anterior->Agranular
lh,133929,1,2,cingulate_anterior->Agranular
lh,133930,1,2,cingulate_anterior->Agranular
lh,133961,1,2,cingulate_anterior->Agranular
lh,133962,1,2,cingulate_anterior->Agranular
lh,133963,1,2,cingulate_anterior->Agranular
lh,133965,1,2,cingulate_anterior->Agranular
lh,133966,1,2,cingulate_anterior->Agranular
lh,133967,1,2,cingulate_anterior->Agranular
lh,133968,1,2,cingulate_anterior->Agranular
lh,133969,1,2,cingulate_anterior->Agranular
lh,133971,1,2,cingulate_anterior->Agranular
lh,133972,1,2,cingulate_anterior->Agranular
lh,133973,1,2,cingulate_anterior->Agranular
lh,133975,1,2,cingulate_anterior->Agranular
lh,133976,1,2,cingulate_anterior->Agranular
lh,133977,1,2,cingulate_anterior->Agranular
lh,133978,1,2,cingulate_anterior->Agranular
lh,133979,1,2,cingulate_anterior->Agranular
lh,136429,1,3,cingulate_posterior->Dysgranular
lh,136430,1,3,cingulate_posterior->Dysgranular
lh,136510,3,2,topology_buffer
lh,136511,3,1,Pir->Allocortex(paleocortex)
lh,136512,3,1,Pir->Allocortex(paleocortex)
lh,136513,3,1,Pir->Allocortex(paleocortex)
lh,136514,3,1,Pir->Allocortex(paleocortex)
lh,136515,3,1,Pir->Allocortex(paleocortex)
lh,136516,3,1,Pir->Allocortex(paleocortex)
lh,136524,3,2,topology_buffer
lh,136525,3,2,topology_buffer
lh,136599,1,2,allocortex_scope->Agranular
lh,136600,1,2,allocortex_scope->Agranular
lh,136601,1,2,allocortex_scope->Agranular
lh,136602,1,2,allocortex_scope->Agranular
lh,136603,1,2,allocortex_scope->Agranular
lh,136604,1,2,allocortex_scope->Agranular
lh,136605,1,2,allocortex_scope->Agranular
lh,136606,1,2,allocortex_scope->Agranular
lh,136607,1,2,allocortex_scope->Agranular
lh,136608,1,2,allocortex_scope->Agranular
lh,136609,1,2,allocortex_scope->Agranular
lh,136610,1,2,allocortex_scope->Agranular
lh,136611,1,2,allocortex_scope->Agranular
lh,136612,1,2,allocortex_scope->Agranular
lh,136613,1,2,allocortex_scope->Agranular
lh,136614,1,2,allocortex_scope->Agranular
lh,136615,1,2,allocortex_scope->Agranular
lh,136616,1,2,allocortex_scope->Agranular
lh,136617,1,2,allocortex_scope->Agranular
lh,136618,1,2,allocortex_scope->Agranular
lh,136619,1,2,allocortex_scope->Agranular
lh,136620,1,2,allocortex_scope->Agranular
lh,136652,1,2,allocortex_scope->Agranular
lh,136653,1,2,allocortex_scope->Agranular
lh,136654,1,2,allocortex_scope->Agranular
lh,136655,1,2,allocortex_scope->Agranular
lh,136656,1,2,allocortex_scope->Agranular
lh,136657,1,2,allocortex_scope->Agranular
lh,136658,1,2,allocortex_scope->Agranular
lh,136659,1,2,allocortex_scope->Agranular
lh,136660,1,2,allocortex_scope->Agranular
lh,136661,1,2,allocortex_scope->Agranular
lh,136662,1,2,allocortex_scope->Agranular
lh,136663,1,2,allocortex_scope->Agranular
lh,136664,1,2,allocortex_scope->Agranular
lh,136665,1,2,allocortex_scope->Agranular
lh,136666,1,2,allocortex_scope->Agranular
lh,136667,1,2,allocortex_scope->Agranular
lh,136668,1,2,allocortex_scope->Agranular
lh,136669,1,2,allocortex_scope->Agranular
lh,136670,1,2,allocortex_scope->Agranular
lh,136671,1,2,allocortex_scope->Agranular
lh,136672,1,2,allocortex_scope->Agranular
lh,136673,1,2,allocortex_scope->Agranular
lh,136674,1,2,allocortex_scope->Agranular
lh,136675,1,2,allocortex_scope->Agranular
lh,136676,1,2,allocortex_scope->Agranular
lh,136677,1,2,allocortex_scope->Agranular
lh,136678,1,2,allocortex_scope->Agranular
lh,136679,1,2,allocortex_scope->Agranular
lh,136680,1,2,allocortex_scope->Agranular
lh,136681,1,2,allocortex_scope->Agranular
lh,136682,1,2,allocortex_scope->Agranular
lh,136683,1,2,allocortex_scope->Agranular
lh,136684,1,2,allocortex_scope->Agranular
lh,136685,1,2,allocortex_scope->Agranular
lh,136686,1,2,allocortex_scope->Agranular
lh,136687,1,2,allocortex_scope->Agranular
lh,136688,1,2,allocortex_scope->Agranular
lh,136689,1,2,allocortex_scope->Agranular
lh,136690,1,2,allocortex_scope->Agranular
lh,136691,1,2,allocortex_scope->Agranular
lh,136692,1,2,allocortex_scope->Agranular
lh,136693,1,2,allocortex_scope->Agranular
lh,136694,1,2,allocortex_scope->Agranular
lh,136695,1,2,allocortex_scope->Agranular
lh,136696,1,2,allocortex_scope->Agranular
lh,136697,1,2,allocortex_scope->Agranular
lh,136698,1,2,allocortex_scope->Agranular
lh,136699,1,2,allocortex_scope->Agranular
lh,136700,1,2,allocortex_scope->Agranular
lh,136701,1,2,allocortex_scope->Agranular
lh,136702,1,2,allocortex_scope->Agranular
lh,136703,1,2,allocortex_scope->Agranular
lh,136704,1,2,allocortex_scope->Agranular
lh,136705,1,2,allocortex_scope->Agranular
lh,136706,1,2,allocortex_scope->Agranular
lh,136707,1,2,allocortex_scope->Agranular
lh,136708,1,2,allocortex_scope->Agranular
lh,136709,1,2,allocortex_scope->Agranular
lh,136710,1,2,allocortex_scope->Agranular
lh,136711,1,2,allocortex_scope->Agranular
lh,136712,1,2,allocortex_scope->Agranular
lh,136713,1,2,allocortex_scope->Agranular
lh,136714,1,2,allocortex_scope->Agranular
lh,136715,1,2,allocortex_scope->Agranular
lh,136716,1,2,allocortex_scope->Agranular
lh,136717,1,2,allocortex_scope->Agranular
lh,136718,1,2,allocortex_scope->Agranular
lh,136719,1,2,allocortex_scope->Agranular
lh,136720,1,2,allocortex_scope->Agranular
lh,136721,1,2,allocortex_scope->Agranular
lh,136722,1,2,allocortex_scope->Agranular
lh,136723,1,2,allocortex_scope->Agranular
lh,136724,1,2,allocortex_scope->Agranular
lh,136725,1,2,allocortex_scope->Agranular
lh,136728,1,2,allocortex_scope->Agranular
lh,136990,1,2,allocortex_scope->Agranular
lh,137620,1,2,allocortex_scope->Agranular
lh,137621,1,2,allocortex_scope->Agranular
lh,137622,1,2,allocortex_scope->Agranular
lh,137623,1,2,allocortex_scope->Agranular
lh,137710,3,2,HABC->Agranular
lh,137718,4,3,topology_buffer
lh,137719,4,3,topology_buffer
lh,137720,4,3,topology_buffer
lh,137721,3,2,HABC->Agranular
lh,137722,3,2,HABC->Agranular
lh,137723,3,2,HABC->Agranular
lh,137728,3,2,HABC->Agranular
lh,137734,3,2,Perirhinal->Agranular
lh,137737,3,2,HABC->Agranular
lh,137738,3,2,HABC->Agranular
lh,137739,3,2,HABC->Agranular
lh,137740,3,2,HABC->Agranular
lh,137741,3,2,HABC->Agranular
lh,137742,3,2,HABC->Agranular
lh,137743,3,2,HABC->Agranular
lh,137744,4,3,topology_buffer
lh,137745,3,2,HABC->Agranular
lh,137746,3,2,HABC->Agranular
lh,137747,4,3,topology_buffer
lh,137748,3,2,HABC->Agranular
lh,137749,3,2,HABC->Agranular
lh,137750,3,2,HABC->Agranular
lh,137751,3,2,HABC->Agranular
lh,137752,3,2,HABC->Agranular
lh,137753,3,2,HABC->Agranular
lh,137754,3,2,HABC->Agranular
lh,137755,3,2,HABC->Agranular
lh,137756,3,2,HABC->Agranular
lh,137757,3,2,HABC->Agranular
lh,137758,3,2,HABC->Agranular
lh,139055,1,2,allocortex_scope->Agranular
lh,139056,1,2,allocortex_scope->Agranular
lh,139057,1,2,allocortex_scope->Agranular
lh,139058,1,2,allocortex_scope->Agranular
lh,139059,1,2,allocortex_scope->Agranular
lh,139062,1,2,allocortex_scope->Agranular
lh,139063,1,2,allocortex_scope->Agranular
lh,139143,4,3,topology_buffer
lh,139144,4,2,topology_buffer
lh,139153,4,2,topology_buffer
lh,139154,3,2,topology_buffer
lh,139155,3,2,topology_buffer
lh,139156,3,1,Pir->Allocortex(paleocortex)
lh,139157,3,2,topology_buffer
lh,139158,3,1,Pir->Allocortex(paleocortex)
lh,139159,3,1,Pir->Allocortex(paleocortex)
lh,139160,3,1,Pir->Allocortex(paleocortex)
lh,139161,3,1,Pir->Allocortex(paleocortex)
lh,139162,3,1,Pir->Allocortex(paleocortex)
lh,143102,1,3,cingulate_posterior->Dysgranular
lh,143107,1,3,cingulate_posterior->Dysgranular
lh,143108,1,3,cingulate_posterior->Dysgranular
lh,143109,1,3,cingulate_posterior->Dysgranular
lh,143110,1,3,cingulate_posterior->Dysgranular
lh,143180,3,2,topology_buffer
lh,143183,3,2,topology_buffer
lh,143184,3,1,Pir->Allocortex(paleocortex)
lh,143185,3,1,Pir->Allocortex(paleocortex)
lh,143186,2,1,Pir->Allocortex(paleocortex)
lh,143193,3,2,topology_buffer
lh,143194,2,1,Pir->Allocortex(paleocortex)
lh,143195,2,1,Pir->Allocortex(paleocortex)
lh,143205,1,2,allocortex_scope->Agranular
lh,143206,1,2,allocortex_scope->Agranular
lh,143280,1,2,allocortex_scope->Agranular
lh,143281,1,2,allocortex_scope->Agranular
lh,143282,1,2,allocortex_scope->Agranular
lh,143283,1,2,allocortex_scope->Agranular
lh,143284,1,2,allocortex_scope->Agranular
lh,143285,1,2,allocortex_scope->Agranular
lh,143286,1,2,allocortex_scope->Agranular
lh,143287,1,2,allocortex_scope->Agranular
lh,143288,1,2,allocortex_scope->Agranular
lh,143289,1,2,allocortex_scope->Agranular
lh,143290,1,2,allocortex_scope->Agranular
lh,143291,1,2,allocortex_scope->Agranular
lh,143292,1,2,allocortex_scope->Agranular
lh,143293,1,2,allocortex_scope->Agranular
lh,143294,1,2,allocortex_scope->Agranular
lh,143295,1,2,allocortex_scope->Agranular
lh,143296,1,2,allocortex_scope->Agranular
lh,143297,1,2,allocortex_scope->Agranular
lh,143298,1,2,allocortex_scope->Agranular
lh,143299,1,2,allocortex_scope->Agranular
lh,143300,1,2,allocortex_scope->Agranular
lh,143301,1,2,allocortex_scope->Agranular
lh,143302,1,2,allocortex_scope->Agranular
lh,143303,1,2,allocortex_scope->Agranular
lh,143304,1,2,allocortex_scope->Agranular
lh,143305,1,2,allocortex_scope->Agranular
lh,143306,1,2,allocortex_scope->Agranular
lh,143307,1,2,allocortex_scope->Agranular
lh,143308,1,2,allocortex_scope->Agranular
lh,143309,1,2,allocortex_scope->Agranular
lh,143310,1,2,allocortex_scope->Agranular
lh,143311,1,2,allocortex_scope->Agranular
lh,143312,1,2,allocortex_scope->Agranular
lh,143313,1,2,allocortex_scope->Agranular
lh,143314,1,2,allocortex_scope->Agranular
lh,143315,1,2,allocortex_scope->Agranular
lh,143316,1,2,allocortex_scope->Agranular
lh,143317,1,2,allocortex_scope->Agranular
lh,143318,1,2,allocortex_scope->Agranular
lh,143319,1,2,allocortex_scope->Agranular
lh,143320,1,2,allocortex_scope->Agranular
lh,143321,1,2,allocortex_scope->Agranular
lh,143322,1,2,allocortex_scope->Agranular
lh,143323,1,2,allocortex_scope->Agranular
lh,143324,1,2,allocortex_scope->Agranular
lh,143325,1,2,allocortex_scope->Agranular
lh,143326,1,2,allocortex_scope->Agranular
lh,143327,1,2,allocortex_scope->Agranular
lh,143328,1,2,allocortex_scope->Agranular
lh,143329,1,2,allocortex_scope->Agranular
lh,143330,1,2,allocortex_scope->Agranular
lh,143331,1,2,allocortex_scope->Agranular
lh,143332,1,2,allocortex_scope->Agranular
lh,143333,1,2,allocortex_scope->Agranular
lh,143334,1,2,allocortex_scope->Agranular
lh,143335,1,2,allocortex_scope->Agranular
lh,143336,1,2,allocortex_scope->Agranular
lh,143337,1,2,allocortex_scope->Agranular
lh,143338,1,2,allocortex_scope->Agranular
lh,143339,1,2,allocortex_scope->Agranular
lh,143340,1,2,allocortex_scope->Agranular
lh,143341,1,2,allocortex_scope->Agranular
lh,143342,1,2,allocortex_scope->Agranular
lh,143343,1,2,allocortex_scope->Agranular
lh,143344,1,2,allocortex_scope->Agranular
lh,143345,1,2,allocortex_scope->Agranular
lh,143346,1,2,allocortex_scope->Agranular
lh,143347,1,2,allocortex_scope->Agranular
lh,143348,1,2,allocortex_scope->Agranular
lh,143349,1,2,allocortex_scope->Agranular
lh,143350,1,2,allocortex_scope->Agranular
lh,143351,1,2,allocortex_scope->Agranular
lh,143352,1,2,allocortex_scope->Agranular
lh,143353,1,2,allocortex_scope->Agranular
lh,143354,1,2,allocortex_scope->Agranular
lh,143355,1,2,allocortex_scope->Agranular
lh,143356,1,2,allocortex_scope->Agranular
lh,143357,1,2,allocortex_scope->Agranular
lh,143358,1,2,allocortex_scope->Agranular
lh,143359,1,2,allocortex_scope->Agranular
lh,143360,1,2,allocortex_scope->Agranular
lh,143361,1,2,allocortex_scope->Agranular
lh,143362,1,2,allocortex_scope->Agranular
lh,143363,1,2,allocortex_scope->Agranular
lh,143364,1,2,allocortex_scope->Agranular
lh,143365,1,2,allocortex_scope->Agranular
lh,143366,1,2,allocortex_scope->Agranular
lh,143367,1,2,allocortex_scope->Agranular
lh,143368,1,2,allocortex_scope->Agranular
lh,143369,1,2,allocortex_scope->Agranular
lh,143616,1,2,allocortex_scope->Agranular
lh,143617,1,2,allocortex_scope->Agranular
lh,144198,1,2,allocortex_scope->Agranular
lh,144217,1,2,allocortex_scope->Agranular
lh,144218,1,2,allocortex_scope->Agranular
lh,144219,1,2,allocortex_scope->Agranular
lh,144254,1,2,allocortex_scope->Agranular
lh,144255,1,2,allocortex_scope->Agranular
lh,144256,1,2,allocortex_scope->Agranular
lh,144257,1,2,allocortex_scope->Agranular
lh,144258,1,2,allocortex_scope->Agranular
lh,144259,1,2,allocortex_scope->Agranular
lh,144260,1,2,allocortex_scope->Agranular
lh,144261,1,2,allocortex_scope->Agranular
lh,144264,1,2,allocortex_scope->Agranular
lh,144266,1,2,allocortex_scope->Agranular
lh,144267,1,2,allocortex_scope->Agranular
lh,144268,1,2,allocortex_scope->Agranular
lh,144269,1,2,allocortex_scope->Agranular
lh,144274,1,2,allocortex_scope->Agranular
lh,144282,1,2,allocortex_scope->Agranular
lh,144283,1,2,allocortex_scope->Agranular
lh,144284,1,2,allocortex_scope->Agranular
lh,144285,1,2,allocortex_scope->Agranular
lh,144286,1,2,allocortex_scope->Agranular
lh,144287,1,2,allocortex_scope->Agranular
lh,144288,1,2,allocortex_scope->Agranular
lh,144289,1,2,allocortex_scope->Agranular
lh,144293,2,3,PHA1->Dysgranular
lh,144294,2,3,PHA1->Dysgranular
lh,144300,2,3,PHA1->Dysgranular
lh,144301,2,3,PHA1->Dysgranular
lh,144336,3,2,HABC->Agranular
lh,144337,4,3,topology_buffer
lh,147782,1,2,cingulate_anterior->Agranular
lh,147783,1,2,cingulate_anterior->Agranular
lh,147784,1,2,cingulate_anterior->Agranular
lh,147785,1,2,cingulate_anterior->Agranular
lh,147786,1,2,cingulate_anterior->Agranular
lh,147787,1,2,cingulate_anterior->Agranular
lh,147788,1,2,cingulate_anterior->Agranular
lh,147789,1,2,cingulate_anterior->Agranular
lh,147790,1,2,cingulate_anterior->Agranular
lh,147791,1,2,cingulate_anterior->Agranular
lh,147792,1,2,cingulate_anterior->Agranular
lh,147798,1,2,cingulate_anterior->Agranular
lh,147799,1,2,cingulate_anterior->Agranular
lh,147800,1,2,cingulate_anterior->Agranular
lh,147801,1,2,cingulate_anterior->Agranular
lh,147802,1,2,cingulate_anterior->Agranular
lh,147803,1,2,cingulate_anterior->Agranular
lh,147805,1,2,cingulate_anterior->Agranular
lh,147806,1,2,cingulate_anterior->Agranular
lh,147829,1,2,cingulate_anterior->Agranular
lh,147830,1,2,cingulate_anterior->Agranular
lh,147831,1,2,cingulate_anterior->Agranular
lh,147832,1,3,cingulate_posterior->Dysgranular
lh,147833,1,3,cingulate_posterior->Dysgranular
lh,147839,1,3,cingulate_posterior->Dysgranular
lh,147841,1,3,cingulate_posterior->Dysgranular
lh,147842,1,3,cingulate_posterior->Dysgranular
lh,147847,1,3,cingulate_posterior->Dysgranular
lh,147848,1,3,cingulate_posterior->Dysgranular
lh,147849,1,3,cingulate_posterior->Dysgranular
lh,147850,1,3,cingulate_posterior->Dysgranular
lh,147851,1,3,cingulate_posterior->Dysgranular
lh,147852,1,3,cingulate_posterior->Dysgranular
lh,147853,1,3,cingulate_posterior->Dysgranular
lh,147859,1,3,cingulate_posterior->Dysgranular
lh,147937,1,3,cingulate_posterior->Dysgranular
lh,147938,1,3,cingulate_posterior->Dysgranular
lh,147939,1,3,cingulate_posterior->Dysgranular
lh,147940,1,3,cingulate_posterior->Dysgranular
lh,147941,1,3,cingulate_posterior->Dysgranular
lh,147942,1,3,cingulate_posterior->Dysgranular
lh,147955,1,3,cingulate_posterior->Dysgranular
lh,147956,1,3,cingulate_posterior->Dysgranular
lh,147957,1,3,cingulate_posterior->Dysgranular
lh,147958,1,3,cingulate_posterior->Dysgranular
lh,147959,1,3,cingulate_posterior->Dysgranular
lh,147960,1,3,cingulate_posterior->Dysgranular
lh,147961,1,3,cingulate_posterior->Dysgranular
lh,147967,1,3,cingulate_posterior->Dysgranular
lh,147968,1,3,cingulate_posterior->Dysgranular
lh,147969,1,3,cingulate_posterior->Dysgranular
lh,147970,1,3,cingulate_posterior->Dysgranular
lh,147997,1,3,cingulate_posterior->Dysgranular
lh,147998,1,3,cingulate_posterior->Dysgranular
lh,148001,1,3,cingulate_posterior->Dysgranular
lh,148002,1,3,cingulate_posterior->Dysgranular
lh,148003,1,3,cingulate_posterior->Dysgranular
lh,148004,1,3,cingulate_posterior->Dysgranular
lh,148005,1,3,cingulate_posterior->Dysgranular
lh,148006,1,3,cingulate_posterior->Dysgranular
lh,148007,1,3,cingulate_posterior->Dysgranular
lh,148008,1,3,cingulate_posterior->Dysgranular
lh,148017,1,3,cingulate_posterior->Dysgranular
lh,148018,1,3,cingulate_posterior->Dysgranular
lh,148107,1,2,allocortex_scope->Agranular
lh,148108,1,2,allocortex_scope->Agranular
lh,148109,1,2,allocortex_scope->Agranular
lh,148146,1,2,allocortex_scope->Agranular
lh,148147,1,2,allocortex_scope->Agranular
lh,148148,1,2,allocortex_scope->Agranular
lh,148149,1,2,allocortex_scope->Agranular
lh,148150,1,2,allocortex_scope->Agranular
lh,148173,1,2,allocortex_scope->Agranular
lh,148174,1,2,allocortex_scope->Agranular
lh,148175,1,2,allocortex_scope->Agranular
lh,148176,1,2,allocortex_scope->Agranular
lh,148177,1,2,allocortex_scope->Agranular
lh,148178,1,2,allocortex_scope->Agranular
lh,148179,1,2,allocortex_scope->Agranular
lh,148180,1,2,allocortex_scope->Agranular
lh,148181,1,2,allocortex_scope->Agranular
lh,148182,1,2,allocortex_scope->Agranular
lh,148183,1,2,allocortex_scope->Agranular
lh,148184,1,2,allocortex_scope->Agranular
lh,148185,1,2,allocortex_scope->Agranular
lh,148186,1,2,allocortex_scope->Agranular
lh,148187,1,2,allocortex_scope->Agranular
lh,148188,1,2,allocortex_scope->Agranular
lh,148189,1,2,allocortex_scope->Agranular
lh,148190,1,2,allocortex_scope->Agranular
lh,148463,3,2,topology_buffer
lh,149045,1,2,allocortex_scope->Agranular
lh,149048,1,2,allocortex_scope->Agranular
lh,149072,1,2,allocortex_scope->Agranular
lh,149073,1,2,allocortex_scope->Agranular
lh,149074,1,2,allocortex_scope->Agranular
lh,149075,1,2,allocortex_scope->Agranular
lh,149076,1,2,allocortex_scope->Agranular
lh,149077,1,2,allocortex_scope->Agranular
lh,149084,1,2,allocortex_scope->Agranular
lh,149085,1,2,allocortex_scope->Agranular
lh,149087,1,2,allocortex_scope->Agranular
lh,149088,1,2,allocortex_scope->Agranular
lh,149089,1,2,allocortex_scope->Agranular
lh,152902,1,2,allocortex_scope->Agranular
lh,152903,1,2,allocortex_scope->Agranular
lh,152904,1,2,allocortex_scope->Agranular
lh,152905,1,2,allocortex_scope->Agranular
lh,152931,1,2,cingulate_anterior->Agranular
lh,152932,1,2,cingulate_anterior->Agranular
lh,153003,1,2,cingulate_anterior->Agranular
lh,153004,1,2,cingulate_anterior->Agranular
lh,153005,1,2,cingulate_anterior->Agranular
lh,153006,1,2,cingulate_anterior->Agranular
lh,153020,1,2,cingulate_anterior->Agranular
lh,153021,1,2,cingulate_anterior->Agranular
lh,153022,1,2,cingulate_anterior->Agranular
lh,153023,1,2,cingulate_anterior->Agranular
lh,153025,1,2,cingulate_anterior->Agranular
lh,153026,1,2,cingulate_anterior->Agranular
lh,153027,1,2,cingulate_anterior->Agranular
lh,153028,1,2,cingulate_anterior->Agranular
lh,153029,1,2,cingulate_anterior->Agranular
lh,153030,1,2,cingulate_anterior->Agranular
lh,153031,1,2,cingulate_anterior->Agranular
lh,153102,1,2,cingulate_anterior->Agranular
lh,153129,1,2,cingulate_anterior->Agranular
lh,153130,1,2,cingulate_anterior->Agranular
lh,153131,1,2,cingulate_anterior->Agranular
lh,153132,1,2,cingulate_anterior->Agranular
lh,153133,1,2,cingulate_anterior->Agranular
lh,153141,1,2,cingulate_anterior->Agranular
lh,153142,1,2,cingulate_anterior->Agranular
lh,153143,1,2,cingulate_anterior->Agranular
lh,153144,1,2,cingulate_anterior->Agranular
lh,153145,1,2,cingulate_anterior->Agranular
lh,153146,1,2,cingulate_anterior->Agranular
lh,153383,1,2,cingulate_anterior->Agranular
lh,153386,1,2,cingulate_anterior->Agranular
lh,153387,1,2,cingulate_anterior->Agranular
lh,153388,1,2,cingulate_anterior->Agranular
lh,153389,1,2,cingulate_anterior->Agranular
lh,153390,1,2,cingulate_anterior->Agranular
lh,153391,1,2,cingulate_anterior->Agranular
lh,154348,1,2,cingulate_anterior->Agranular
lh,154357,1,2,allocortex_scope->Agranular
lh,154358,1,2,allocortex_scope->Agranular
lh,154359,1,2,allocortex_scope->Agranular
lh,154360,1,2,allocortex_scope->Agranular
lh,154361,1,2,allocortex_scope->Agranular
lh,159468,1,2,allocortex_scope->Agranular
lh,159469,1,2,allocortex_scope->Agranular
lh,159470,1,2,allocortex_scope->Agranular
lh,159471,1,2,allocortex_scope->Agranular
lh,159472,1,2,allocortex_scope->Agranular
lh,159473,1,2,allocortex_scope->Agranular
lh,160029,1,2,allocortex_scope->Agranular
lh,160031,1,3,cingulate_posterior->Dysgranular
lh,160032,1,3,cingulate_posterior->Dysgranular
lh,160033,1,3,cingulate_posterior->Dysgranular
lh,160034,1,3,cingulate_posterior->Dysgranular
lh,160110,1,3,cingulate_posterior->Dysgranular
lh,160111,1,3,cingulate_posterior->Dysgranular
lh,160112,1,3,cingulate_posterior->Dysgranular
lh,160113,1,3,cingulate_posterior->Dysgranular
lh,160114,1,3,cingulate_posterior->Dysgranular
lh,160276,3,2,topology_buffer
lh,160277,3,1,Pir->Allocortex(paleocortex)
lh,160314,3,2,topology_buffer
lh,160357,3,2,topology_buffer
lh,160358,3,2,topology_buffer
lh,160359,3,2,topology_buffer
lh,160360,3,2,topology_buffer
lh,160361,3,1,Pir->Allocortex(paleocortex)
lh,160363,3,2,topology_buffer
lh,160364,3,1,Pir->Allocortex(paleocortex)
lh,160365,3,2,topology_buffer
lh,160378,3,2,topology_buffer
lh,160379,3,1,Pir->Allocortex(paleocortex)
lh,160380,3,2,topology_buffer
lh,160381,3,1,Pir->Allocortex(paleocortex)
lh,160382,3,1,Pir->Allocortex(paleocortex)
lh,160383,3,1,Pir->Allocortex(paleocortex)
lh,160384,3,1,Pir->Allocortex(paleocortex)
lh,160385,3,1,Pir->Allocortex(paleocortex)
lh,160406,3,1,Pir->Allocortex(paleocortex)
lh,160407,2,1,Pir->Allocortex(paleocortex)
lh,160408,2,1,Pir->Allocortex(paleocortex)
lh,160409,3,1,Pir->Allocortex(paleocortex)
lh,160410,3,1,Pir->Allocortex(paleocortex)
lh,160411,3,1,Pir->Allocortex(paleocortex)
lh,160412,3,1,Pir->Allocortex(paleocortex)
lh,160413,3,1,Pir->Allocortex(paleocortex)
lh,160414,3,1,Pir->Allocortex(paleocortex)
lh,160415,3,1,Pir->Allocortex(paleocortex)
lh,160416,3,1,Pir->Allocortex(paleocortex)
lh,160417,3,1,Pir->Allocortex(paleocortex)
lh,160418,3,1,Pir->Allocortex(paleocortex)
lh,160419,3,1,Pir->Allocortex(paleocortex)
lh,160420,3,2,topology_buffer
lh,160422,3,1,Pir->Allocortex(paleocortex)
lh,160423,3,1,Pir->Allocortex(paleocortex)
lh,160424,3,1,Pir->Allocortex(paleocortex)
lh,160425,3,1,Pir->Allocortex(paleocortex)
lh,160426,3,1,Pir->Allocortex(paleocortex)
lh,160427,3,1,Pir->Allocortex(paleocortex)
lh,160428,3,1,Pir->Allocortex(paleocortex)
lh,160429,3,2,topology_buffer
lh,160505,2,1,Pir->Allocortex(paleocortex)
lh,160508,2,1,Pir->Allocortex(paleocortex)
lh,160509,2,1,Pir->Allocortex(paleocortex)
lh,160510,2,1,Pir->Allocortex(paleocortex)
lh,160511,2,1,Pir->Allocortex(paleocortex)
lh,160521,1,2,allocortex_scope->Agranular
lh,160522,1,2,allocortex_scope->Agranular
lh,160523,1,2,allocortex_scope->Agranular
lh,160525,1,2,allocortex_scope->Agranular
lh,160526,1,2,allocortex_scope->Agranular
lh,160527,1,2,allocortex_scope->Agranular
lh,160528,1,2,allocortex_scope->Agranular
lh,160529,1,2,allocortex_scope->Agranular
lh,160536,1,2,allocortex_scope->Agranular
lh,160537,1,2,allocortex_scope->Agranular
lh,160538,1,2,allocortex_scope->Agranular
lh,160539,1,2,allocortex_scope->Agranular
lh,160540,1,2,allocortex_scope->Agranular
lh,160541,1,2,allocortex_scope->Agranular
lh,160542,1,2,allocortex_scope->Agranular
lh,160543,1,2,allocortex_scope->Agranular
lh,160544,1,2,allocortex_scope->Agranular
lh,160557,1,2,allocortex_scope->Agranular
lh,160558,1,2,allocortex_scope->Agranular
lh,160559,1,2,allocortex_scope->Agranular
lh,160560,1,2,allocortex_scope->Agranular
lh,160561,1,2,allocortex_scope->Agranular
lh,160562,1,2,allocortex_scope->Agranular
lh,160563,1,2,allocortex_scope->Agranular
lh,160568,1,2,allocortex_scope->Agranular
lh,160569,1,2,allocortex_scope->Agranular
lh,160570,1,2,allocortex_scope->Agranular
lh,160571,1,2,allocortex_scope->Agranular
lh,160572,1,2,allocortex_scope->Agranular
lh,160584,1,2,allocortex_scope->Agranular
lh,160658,2,1,Pir->Allocortex(paleocortex)
lh,160659,2,1,Pir->Allocortex(paleocortex)
lh,160660,2,1,Pir->Allocortex(paleocortex)
lh,160661,2,1,Pir->Allocortex(paleocortex)
lh,160662,2,1,Pir->Allocortex(paleocortex)
lh,160663,2,1,Pir->Allocortex(paleocortex)
lh,160664,2,1,Pir->Allocortex(paleocortex)
lh,160666,2,1,Pir->Allocortex(paleocortex)
lh,160667,2,1,Pir->Allocortex(paleocortex)
lh,160668,2,1,Pir->Allocortex(paleocortex)
lh,160669,2,1,Pir->Allocortex(paleocortex)
lh,160670,2,1,Pir->Allocortex(paleocortex)
lh,160671,2,1,Pir->Allocortex(paleocortex)
lh,160672,2,1,Pir->Allocortex(paleocortex)
lh,160673,2,1,Pir->Allocortex(paleocortex)
lh,160674,2,1,Pir->Allocortex(paleocortex)
lh,160675,2,1,Pir->Allocortex(paleocortex)
lh,160676,2,1,Pir->Allocortex(paleocortex)
lh,160719,1,2,allocortex_scope->Agranular
lh,160720,1,2,allocortex_scope->Agranular
lh,160721,1,2,allocortex_scope->Agranular
lh,160722,1,2,allocortex_scope->Agranular
lh,160723,1,2,allocortex_scope->Agranular
lh,160724,1,2,allocortex_scope->Agranular
lh,160728,1,2,allocortex_scope->Agranular
lh,160729,1,2,allocortex_scope->Agranular
lh,160730,1,2,allocortex_scope->Agranular
lh,160731,1,2,allocortex_scope->Agranular
lh,160732,1,2,allocortex_scope->Agranular
lh,160733,1,2,allocortex_scope->Agranular
lh,160734,1,2,allocortex_scope->Agranular
lh,160740,1,2,allocortex_scope->Agranular
lh,160741,1,2,allocortex_scope->Agranular
lh,160742,1,2,allocortex_scope->Agranular
lh,160743,1,2,allocortex_scope->Agranular
lh,160744,1,2,allocortex_scope->Agranular
lh,160745,1,2,allocortex_scope->Agranular
lh,160746,1,2,allocortex_scope->Agranular
lh,160747,1,2,allocortex_scope->Agranular
lh,160748,1,2,allocortex_scope->Agranular
lh,160749,1,2,allocortex_scope->Agranular
lh,160750,1,2,allocortex_scope->Agranular
lh,160751,1,2,allocortex_scope->Agranular
lh,160752,1,2,allocortex_scope->Agranular
lh,160753,1,2,allocortex_scope->Agranular
lh,160754,1,2,allocortex_scope->Agranular
lh,160755,1,2,allocortex_scope->Agranular
lh,160756,1,2,allocortex_scope->Agranular
lh,160757,1,2,allocortex_scope->Agranular
lh,160758,1,2,allocortex_scope->Agranular
lh,160759,1,2,allocortex_scope->Agranular
lh,160760,1,2,allocortex_scope->Agranular
lh,160761,1,2,allocortex_scope->Agranular
lh,160762,1,2,allocortex_scope->Agranular
lh,160763,1,2,allocortex_scope->Agranular
lh,160766,1,2,allocortex_scope->Agranular
lh,160767,1,2,allocortex_scope->Agranular
lh,160768,1,2,allocortex_scope->Agranular
lh,160769,1,2,allocortex_scope->Agranular
lh,160770,1,2,allocortex_scope->Agranular
lh,160771,1,2,allocortex_scope->Agranular
lh,160772,1,2,allocortex_scope->Agranular
lh,160773,1,2,allocortex_scope->Agranular
lh,160774,1,2,allocortex_scope->Agranular
lh,160775,1,2,allocortex_scope->Agranular
lh,160776,1,2,allocortex_scope->Agranular
lh,160777,1,2,allocortex_scope->Agranular
lh,160778,1,2,allocortex_scope->Agranular
lh,160779,1,2,allocortex_scope->Agranular
lh,160780,1,2,allocortex_scope->Agranular
lh,160781,1,2,allocortex_scope->Agranular
lh,160782,1,2,allocortex_scope->Agranular
lh,160783,1,2,allocortex_scope->Agranular
lh,160784,1,2,allocortex_scope->Agranular
lh,160785,1,2,allocortex_scope->Agranular
lh,160786,1,2,allocortex_scope->Agranular
lh,160787,1,2,allocortex_scope->Agranular
lh,160788,1,2,allocortex_scope->Agranular
lh,160789,1,2,allocortex_scope->Agranular
lh,160790,1,2,allocortex_scope->Agranular
lh,160791,1,2,allocortex_scope->Agranular
lh,160792,1,2,allocortex_scope->Agranular
lh,160793,1,2,allocortex_scope->Agranular
lh,160794,1,2,allocortex_scope->Agranular
lh,160795,1,2,allocortex_scope->Agranular
lh,160796,1,2,allocortex_scope->Agranular
lh,160797,1,2,allocortex_scope->Agranular
lh,160798,1,2,allocortex_scope->Agranular
lh,160799,1,2,allocortex_scope->Agranular
lh,160800,1,2,allocortex_scope->Agranular
lh,160801,1,2,allocortex_scope->Agranular
lh,160802,1,2,allocortex_scope->Agranular
lh,160803,1,2,allocortex_scope->Agranular
lh,160804,1,2,allocortex_scope->Agranular
lh,160805,1,2,allocortex_scope->Agranular
lh,160806,1,2,allocortex_scope->Agranular
lh,160807,1,2,allocortex_scope->Agranular
lh,160808,1,2,allocortex_scope->Agranular
lh,160809,1,2,allocortex_scope->Agranular
lh,160810,1,2,allocortex_scope->Agranular
lh,160811,1,2,allocortex_scope->Agranular
lh,160812,1,2,allocortex_scope->Agranular
lh,160813,1,2,allocortex_scope->Agranular
lh,160814,1,2,allocortex_scope->Agranular
lh,160815,1,2,allocortex_scope->Agranular
lh,160816,1,2,allocortex_scope->Agranular
lh,160817,1,2,allocortex_scope->Agranular
lh,160818,1,2,allocortex_scope->Agranular
lh,160819,1,2,allocortex_scope->Agranular
lh,160820,1,2,allocortex_scope->Agranular
lh,160821,1,2,allocortex_scope->Agranular
lh,160822,1,2,allocortex_scope->Agranular
lh,160823,1,2,allocortex_scope->Agranular
lh,160824,1,2,allocortex_scope->Agranular
lh,160825,1,2,allocortex_scope->Agranular
lh,160826,1,2,allocortex_scope->Agranular
lh,160827,1,2,allocortex_scope->Agranular
lh,160828,1,2,allocortex_scope->Agranular
lh,160829,1,2,allocortex_scope->Agranular
lh,160830,1,2,allocortex_scope->Agranular
lh,160831,1,2,allocortex_scope->Agranular
lh,160832,1,2,allocortex_scope->Agranular
lh,160833,1,2,allocortex_scope->Agranular
lh,160834,1,2,allocortex_scope->Agranular
lh,160835,1,2,allocortex_scope->Agranular
lh,160836,1,2,allocortex_scope->Agranular
lh,160837,1,2,allocortex_scope->Agranular
lh,160838,1,2,allocortex_scope->Agranular
lh,160839,1,2,allocortex_scope->Agranular
lh,160840,1,2,allocortex_scope->Agranular
lh,160841,1,2,allocortex_scope->Agranular
lh,160842,1,2,allocortex_scope->Agranular
lh,160843,1,2,allocortex_scope->Agranular
lh,160844,1,2,allocortex_scope->Agranular
lh,160845,1,2,allocortex_scope->Agranular
lh,160846,1,2,allocortex_scope->Agranular
lh,160847,1,2,allocortex_scope->Agranular
lh,160848,1,2,allocortex_scope->Agranular
lh,160849,1,2,allocortex_scope->Agranular
lh,160850,1,2,allocortex_scope->Agranular
lh,160851,1,2,allocortex_scope->Agranular
lh,160852,1,2,allocortex_scope->Agranular
lh,160853,1,2,allocortex_scope->Agranular
lh,160854,1,2,allocortex_scope->Agranular
lh,160855,1,2,allocortex_scope->Agranular
lh,160856,1,2,allocortex_scope->Agranular
lh,160857,1,2,allocortex_scope->Agranular
lh,160858,1,2,allocortex_scope->Agranular
lh,160859,1,2,allocortex_scope->Agranular
lh,160860,1,2,allocortex_scope->Agranular
lh,160861,1,2,allocortex_scope->Agranular
lh,160862,1,2,allocortex_scope->Agranular
lh,160863,1,2,allocortex_scope->Agranular
lh,160864,1,2,allocortex_scope->Agranular
lh,160865,1,2,allocortex_scope->Agranular
lh,160866,1,2,allocortex_scope->Agranular
lh,160867,1,2,allocortex_scope->Agranular
lh,160868,1,2,allocortex_scope->Agranular
lh,160869,1,2,allocortex_scope->Agranular
lh,160870,1,2,allocortex_scope->Agranular
lh,160871,1,2,allocortex_scope->Agranular
lh,160872,1,2,allocortex_scope->Agranular
lh,160873,1,2,allocortex_scope->Agranular
lh,160874,1,2,allocortex_scope->Agranular
lh,160875,1,2,allocortex_scope->Agranular
lh,160876,1,2,allocortex_scope->Agranular
lh,160877,1,2,allocortex_scope->Agranular
lh,160878,1,2,allocortex_scope->Agranular
lh,160879,1,2,allocortex_scope->Agranular
lh,160880,1,2,allocortex_scope->Agranular
lh,160882,1,2,allocortex_scope->Agranular
lh,160883,1,2,allocortex_scope->Agranular
lh,160884,1,2,allocortex_scope->Agranular
lh,160885,1,2,allocortex_scope->Agranular
lh,160886,1,2,allocortex_scope->Agranular
lh,160887,1,2,allocortex_scope->Agranular
lh,160888,1,2,allocortex_scope->Agranular
lh,160889,1,2,allocortex_scope->Agranular
lh,160890,1,2,allocortex_scope->Agranular
lh,160891,1,2,allocortex_scope->Agranular
lh,160892,1,2,allocortex_scope->Agranular
lh,160893,1,2,allocortex_scope->Agranular
lh,160894,1,2,allocortex_scope->Agranular
lh,160895,1,2,allocortex_scope->Agranular
lh,160896,1,2,allocortex_scope->Agranular
lh,160897,1,2,allocortex_scope->Agranular
lh,160898,1,2,allocortex_scope->Agranular
lh,160917,3,2,Perirhinal->Agranular
lh,160918,3,2,Perirhinal->Agranular
lh,160919,3,2,Perirhinal->Agranular
lh,160920,3,2,Perirhinal->Agranular
lh,160921,3,2,Perirhinal->Agranular
lh,160922,3,2,Perirhinal->Agranular
lh,160923,3,2,Perirhinal->Agranular
lh,160924,3,2,Perirhinal->Agranular
lh,160925,3,2,Perirhinal->Agranular
lh,160926,3,2,Perirhinal->Agranular
lh,161642,3,2,Perirhinal->Agranular
lh,161643,3,2,Perirhinal->Agranular
lh,161644,3,2,Perirhinal->Agranular
lh,161645,3,2,Perirhinal->Agranular
lh,161647,3,2,Perirhinal->Agranular
lh,161649,3,2,Perirhinal->Agranular
lh,161650,3,2,Perirhinal->Agranular
lh,161651,3,2,Perirhinal->Agranular
lh,161652,3,2,Perirhinal->Agranular
lh,161653,3,2,Perirhinal->Agranular
lh,161654,3,2,Perirhinal->Agranular
lh,161655,3,2,Perirhinal->Agranular
lh,163105,3,2,Perirhinal->Agranular
lh,163106,3,2,Perirhinal->Agranular
lh,163107,3,2,Perirhinal->Agranular
lh,163114,1,2,allocortex_scope->Agranular
lh,163115,1,2,allocortex_scope->Agranular
lh,163116,1,2,allocortex_scope->Agranular
lh,163117,1,2,allocortex_scope->Agranular
lh,163118,1,2,allocortex_scope->Agranular
lh,163119,1,2,allocortex_scope->Agranular
lh,163120,1,2,allocortex_scope->Agranular
lh,163121,1,2,allocortex_scope->Agranular
lh,163122,1,2,allocortex_scope->Agranular
lh,163130,1,2,allocortex_scope->Agranular
lh,163131,1,2,allocortex_scope->Agranular
lh,163132,1,2,allocortex_scope->Agranular
lh,163438,1,2,allocortex_scope->Agranular
lh,163439,1,2,allocortex_scope->Agranular
lh,163465,1,2,allocortex_scope->Agranular
lh,163661,1,2,allocortex_scope->Agranular
lh,163662,1,2,allocortex_scope->Agranular
lh,163667,1,2,allocortex_scope->Agranular
lh,163668,1,2,allocortex_scope->Agranular
lh,163669,1,2,allocortex_scope->Agranular
lh,163670,1,2,allocortex_scope->Agranular
lh,163671,1,2,allocortex_scope->Agranular
lh,163672,1,2,allocortex_scope->Agranular
lh,163673,1,2,allocortex_scope->Agranular
lh,163674,1,2,allocortex_scope->Agranular
lh,163675,1,2,allocortex_scope->Agranular
lh,163676,1,2,allocortex_scope->Agranular
lh,163677,1,2,allocortex_scope->Agranular
lh,163678,1,2,allocortex_scope->Agranular
lh,163679,1,2,allocortex_scope->Agranular
lh,163680,1,2,allocortex_scope->Agranular
lh,163684,1,2,allocortex_scope->Agranular
lh,163685,1,2,allocortex_scope->Agranular
lh,163690,1,2,allocortex_scope->Agranular
lh,163691,1,2,allocortex_scope->Agranular
lh,163692,1,2,allocortex_scope->Agranular
lh,163693,1,2,allocortex_scope->Agranular
lh,163694,1,2,allocortex_scope->Agranular
lh,163695,1,2,allocortex_scope->Agranular
lh,163696,1,2,allocortex_scope->Agranular
lh,163710,2,3,PHA1->Dysgranular
lh,163712,2,3,PHA1->Dysgranular
lh,163713,2,3,PHA1->Dysgranular
lh,163714,2,3,PHA1->Dysgranular
lh,163715,2,3,PHA1->Dysgranular
lh,163716,1,2,allocortex_scope->Agranular
lh,163719,2,3,PHA1->Dysgranular
lh,163724,1,2,EC->Agranular
lh,163725,1,2,allocortex_scope->Agranular
lh,163726,1,2,allocortex_scope->Agranular
lh,163727,1,2,allocortex_scope->Agranular
lh,163728,1,2,allocortex_scope->Agranular
lh,163729,1,2,allocortex_scope->Agranular
lh,163730,1,2,allocortex_scope->Agranular
lh,163738,1,2,allocortex_scope->Agranular
lh,163744,1,2,allocortex_scope->Agranular
lh,163745,1,2,allocortex_scope->Agranular
lh,163746,1,2,allocortex_scope->Agranular
lh,163747,1,2,allocortex_scope->Agranular
lh,163748,1,2,allocortex_scope->Agranular
lh,163749,1,2,allocortex_scope->Agranular
lh,163750,1,2,allocortex_scope->Agranular
lh,163755,1,2,allocortex_scope->Agranular
lh,163756,1,2,allocortex_scope->Agranular
lh,163757,1,2,allocortex_scope->Agranular
lh,163758,1,2,allocortex_scope->Agranular
lh,163759,1,2,allocortex_scope->Agranular
lh,163760,1,2,allocortex_scope->Agranular
lh,163761,1,2,allocortex_scope->Agranular
lh,163762,1,2,allocortex_scope->Agranular
lh,163763,1,2,allocortex_scope->Agranular
lh,163764,1,2,allocortex_scope->Agranular
lh,163765,1,2,allocortex_scope->Agranular
lh,163766,1,2,allocortex_scope->Agranular
lh,163767,1,2,allocortex_scope->Agranular
lh,163768,1,2,allocortex_scope->Agranular
lh,163769,1,2,allocortex_scope->Agranular
lh,163770,1,2,allocortex_scope->Agranular
lh,163771,1,2,allocortex_scope->Agranular
lh,163772,1,2,allocortex_scope->Agranular
lh,163773,1,2,allocortex_scope->Agranular
lh,163775,1,2,allocortex_scope->Agranular
lh,163776,1,2,allocortex_scope->Agranular
lh,163777,1,2,allocortex_scope->Agranular
lh,163778,1,2,allocortex_scope->Agranular
lh,163779,1,2,allocortex_scope->Agranular
lh,163780,1,2,allocortex_scope->Agranular
lh,163789,3,2,Perirhinal->Agranular
lh,163792,3,2,HABC->Agranular
lh,163797,3,2,HABC->Agranular
lh,163798,3,2,HABC->Agranular
lh,163799,3,2,HABC->Agranular
lh,163800,3,2,HABC->Agranular
lh,163801,3,2,HABC->Agranular
lh,163802,3,2,HABC->Agranular
lh,163803,3,2,HABC->Agranular
lh,163804,3,2,HABC->Agranular
lh,163805,3,2,HABC->Agranular
lh,163806,3,2,HABC->Agranular
lh,163810,3,2,HABC->Agranular
lh,163811,3,2,HABC->Agranular
lh,163819,3,2,HABC->Agranular
lh,163825,3,2,HABC->Agranular
lh,163826,3,2,HABC->Agranular
lh,163827,3,2,HABC->Agranular
lh,163828,3,2,HABC->Agranular
lh,163829,3,2,HABC->Agranular
lh,163830,3,2,HABC->Agranular
lh,163831,3,2,HABC->Agranular
lh,163832,3,2,HABC->Agranular
lh,163833,3,2,HABC->Agranular
lh,163834,3,2,Perirhinal->Agranular
lh,163835,3,2,Perirhinal->Agranular
lh,163836,3,2,Perirhinal->Agranular
lh,163837,3,2,Perirhinal->Agranular
lh,163838,3,2,Perirhinal->Agranular
lh,163839,3,2,Perirhinal->Agranular
lh,163840,3,2,Perirhinal->Agranular
lh,163841,3,2,Perirhinal->Agranular
rh,37,1,2,allocortex_scope->Agranular
rh,82,1,2,allocortex_scope->Agranular
rh,152,1,2,allocortex_scope->Agranular
rh,323,3,2,topology_buffer
rh,336,1,2,allocortex_scope->Agranular
rh,337,1,2,allocortex_scope->Agranular
rh,539,1,2,allocortex_scope->Agranular
rh,546,1,3,cingulate_posterior->Dysgranular
rh,600,3,1,Pir->Allocortex(paleocortex)
rh,603,1,2,allocortex_scope->Agranular
rh,609,1,2,allocortex_scope->Agranular
rh,612,2,3,PHA1->Dysgranular
rh,613,3,2,HABC->Agranular
rh,816,1,2,allocortex_scope->Agranular
rh,817,1,2,allocortex_scope->Agranular
rh,904,1,2,cingulate_anterior->Agranular
rh,905,1,2,cingulate_anterior->Agranular
rh,911,1,2,cingulate_anterior->Agranular
rh,1202,1,3,cingulate_posterior->Dysgranular
rh,1208,1,3,cingulate_posterior->Dysgranular
rh,1335,4,2,topology_buffer
rh,1336,3,1,Pir->Allocortex(paleocortex)
rh,1337,4,2,topology_buffer
rh,1364,1,2,allocortex_scope->Agranular
rh,1365,1,2,Perirhinal->Agranular
rh,1367,1,2,allocortex_scope->Agranular
rh,1368,1,2,allocortex_scope->Agranular
rh,1476,1,2,cingulate_anterior->Agranular
rh,1512,1,2,allocortex_scope->Agranular
rh,1514,1,2,allocortex_scope->Agranular
rh,1515,1,2,allocortex_scope->Agranular
rh,1755,1,2,allocortex_scope->Agranular
rh,1756,1,2,allocortex_scope->Agranular
rh,1757,1,2,allocortex_scope->Agranular
rh,1758,1,2,allocortex_scope->Agranular
rh,1759,1,2,allocortex_scope->Agranular
rh,1892,1,2,cingulate_anterior->Agranular
rh,1978,1,2,allocortex_scope->Agranular
rh,2235,1,2,allocortex_scope->Agranular
rh,2236,1,2,allocortex_scope->Agranular
rh,2276,1,3,cingulate_posterior->Dysgranular
rh,2283,1,3,cingulate_posterior->Dysgranular
rh,2286,1,3,cingulate_posterior->Dysgranular
rh,2287,1,2,allocortex_scope->Agranular
rh,2288,1,2,allocortex_scope->Agranular
rh,2433,1,2,allocortex_scope->Agranular
rh,2434,1,2,allocortex_scope->Agranular
rh,2435,1,2,allocortex_scope->Agranular
rh,2441,2,1,Pir->Allocortex(paleocortex)
rh,2442,2,1,Pir->Allocortex(paleocortex)
rh,2445,1,2,allocortex_scope->Agranular
rh,2446,1,2,allocortex_scope->Agranular
rh,2447,1,2,allocortex_scope->Agranular
rh,2460,1,2,allocortex_scope->Agranular
rh,2462,2,3,PHA1->Dysgranular
rh,2472,3,2,HABC->Agranular
rh,2476,1,2,allocortex_scope->Agranular
rh,2735,1,2,allocortex_scope->Agranular
rh,2736,1,2,allocortex_scope->Agranular
rh,2737,1,2,allocortex_scope->Agranular
rh,2830,1,2,cingulate_anterior->Agranular
rh,2831,1,2,cingulate_anterior->Agranular
rh,2883,1,2,allocortex_scope->Agranular
rh,2887,1,2,allocortex_scope->Agranular
rh,3100,1,2,allocortex_scope->Agranular
rh,3120,1,3,cingulate_posterior->Dysgranular
rh,3122,1,3,cingulate_posterior->Dysgranular
rh,3256,4,1,Pir->Allocortex(paleocortex)
rh,3283,1,2,allocortex_scope->Agranular
rh,3284,1,2,allocortex_scope->Agranular
rh,3285,1,2,allocortex_scope->Agranular
rh,3286,1,2,allocortex_scope->Agranular
rh,3287,1,2,allocortex_scope->Agranular
rh,3481,1,2,allocortex_scope->Agranular
rh,3486,1,2,allocortex_scope->Agranular
rh,3700,1,2,cingulate_anterior->Agranular
rh,3702,1,2,allocortex_scope->Agranular
rh,3703,1,2,allocortex_scope->Agranular
rh,3885,1,2,allocortex_scope->Agranular
rh,3886,1,2,allocortex_scope->Agranular
rh,3887,1,2,allocortex_scope->Agranular
rh,3888,1,2,allocortex_scope->Agranular
rh,3889,1,2,allocortex_scope->Agranular
rh,3890,1,2,allocortex_scope->Agranular
rh,3891,1,2,allocortex_scope->Agranular
rh,3892,1,2,allocortex_scope->Agranular
rh,4147,1,2,cingulate_anterior->Agranular
rh,4149,1,2,cingulate_anterior->Agranular
rh,4158,1,2,cingulate_anterior->Agranular
rh,4173,1,3,cingulate_posterior->Dysgranular
rh,4175,1,3,cingulate_posterior->Dysgranular
rh,4176,1,3,cingulate_posterior->Dysgranular
rh,4342,1,2,allocortex_scope->Agranular
rh,4949,1,2,allocortex_scope->Agranular
rh,4950,1,2,allocortex_scope->Agranular
rh,5055,1,3,cingulate_posterior->Dysgranular
rh,5056,1,3,cingulate_posterior->Dysgranular
rh,5059,1,3,cingulate_posterior->Dysgranular
rh,5066,1,3,cingulate_posterior->Dysgranular
rh,5067,1,3,cingulate_posterior->Dysgranular
rh,5078,1,3,cingulate_posterior->Dysgranular
rh,5083,1,2,allocortex_scope->Agranular
rh,5438,1,2,allocortex_scope->Agranular
rh,5441,1,2,allocortex_scope->Agranular
rh,5442,1,2,allocortex_scope->Agranular
rh,5443,1,2,allocortex_scope->Agranular
rh,5448,3,1,Pir->Allocortex(paleocortex)
rh,5449,3,1,Pir->Allocortex(paleocortex)
rh,5450,3,1,Pir->Allocortex(paleocortex)
rh,5452,3,1,Pir->Allocortex(paleocortex)
rh,5459,2,1,Pir->Allocortex(paleocortex)
rh,5461,2,1,Pir->Allocortex(paleocortex)
rh,5469,1,2,allocortex_scope->Agranular
rh,5470,1,2,allocortex_scope->Agranular
rh,5471,1,2,allocortex_scope->Agranular
rh,5472,1,2,allocortex_scope->Agranular
rh,5473,1,2,allocortex_scope->Agranular
rh,5474,1,2,allocortex_scope->Agranular
rh,5506,1,2,allocortex_scope->Agranular
rh,5509,1,2,allocortex_scope->Agranular
rh,5511,2,3,PHA1->Dysgranular
rh,5512,2,3,PHA1->Dysgranular
rh,5531,1,2,Perirhinal->Agranular
rh,5532,1,2,allocortex_scope->Agranular
rh,5536,3,2,HABC->Agranular
rh,5537,3,2,HABC->Agranular
rh,5538,3,2,HABC->Agranular
rh,5539,3,2,HABC->Agranular
rh,5540,3,2,HABC->Agranular
rh,5542,3,2,Perirhinal->Agranular
rh,5543,1,2,allocortex_scope->Agranular
rh,5544,1,2,allocortex_scope->Agranular
rh,5545,1,2,allocortex_scope->Agranular
rh,5549,3,2,Perirhinal->Agranular
rh,5964,1,2,cingulate_anterior->Agranular
rh,6076,1,2,allocortex_scope->Agranular
rh,6077,1,2,allocortex_scope->Agranular
rh,6078,1,2,allocortex_scope->Agranular
rh,6233,1,2,cingulate_anterior->Agranular
rh,6234,1,2,cingulate_anterior->Agranular
rh,6235,1,2,cingulate_anterior->Agranular
rh,6238,1,2,cingulate_anterior->Agranular
rh,6249,1,2,cingulate_anterior->Agranular
rh,6744,1,2,allocortex_scope->Agranular
rh,6772,1,3,cingulate_posterior->Dysgranular
rh,6782,1,3,cingulate_posterior->Dysgranular
rh,7003,3,2,topology_buffer
rh,7012,3,1,Pir->Allocortex(paleocortex)
rh,7013,4,1,Pir->Allocortex(paleocortex)
rh,7014,4,1,Pir->Allocortex(paleocortex)
rh,7015,3,1,Pir->Allocortex(paleocortex)
rh,7025,1,2,allocortex_scope->Agranular
rh,7063,1,2,allocortex_scope->Agranular
rh,7064,1,2,allocortex_scope->Agranular
rh,7070,1,2,allocortex_scope->Agranular
rh,7071,1,2,allocortex_scope->Agranular
rh,7072,1,2,allocortex_scope->Agranular
rh,7283,1,2,cingulate_anterior->Agranular
rh,7285,1,2,cingulate_anterior->Agranular
rh,7374,1,2,allocortex_scope->Agranular
rh,7377,1,2,allocortex_scope->Agranular
rh,7378,1,2,allocortex_scope->Agranular
rh,7681,1,2,allocortex_scope->Agranular
rh,7935,1,2,allocortex_scope->Agranular
rh,7936,1,2,allocortex_scope->Agranular
rh,7937,1,2,allocortex_scope->Agranular
rh,7938,1,2,allocortex_scope->Agranular
rh,7939,1,2,allocortex_scope->Agranular
rh,7940,1,2,allocortex_scope->Agranular
rh,7941,1,2,allocortex_scope->Agranular
rh,7942,1,2,allocortex_scope->Agranular
rh,7943,1,2,allocortex_scope->Agranular
rh,7944,1,2,allocortex_scope->Agranular
rh,7945,1,2,allocortex_scope->Agranular
rh,8306,1,3,cingulate_posterior->Dysgranular
rh,8314,1,3,cingulate_posterior->Dysgranular
rh,8523,1,2,allocortex_scope->Agranular
rh,8524,1,2,allocortex_scope->Agranular
rh,9267,1,3,cingulate_posterior->Dysgranular
rh,9268,1,2,allocortex_scope->Agranular
rh,9269,1,2,allocortex_scope->Agranular
rh,9270,1,2,allocortex_scope->Agranular
rh,9339,1,2,allocortex_scope->Agranular
rh,9341,1,2,allocortex_scope->Agranular
rh,9387,1,3,cingulate_posterior->Dysgranular
rh,9389,1,3,cingulate_posterior->Dysgranular
rh,9406,1,3,cingulate_posterior->Dysgranular
rh,9419,1,3,cingulate_posterior->Dysgranular
rh,9425,1,3,cingulate_posterior->Dysgranular
rh,9849,3,2,topology_buffer
rh,9854,1,2,allocortex_scope->Agranular
rh,9855,1,2,allocortex_scope->Agranular
rh,9856,1,2,allocortex_scope->Agranular
rh,9858,1,2,allocortex_scope->Agranular
rh,9859,1,2,allocortex_scope->Agranular
rh,9860,1,2,allocortex_scope->Agranular
rh,9861,1,2,allocortex_scope->Agranular
rh,9862,1,2,allocortex_scope->Agranular
rh,9863,1,2,allocortex_scope->Agranular
rh,9867,3,2,topology_buffer
rh,9878,3,2,topology_buffer
rh,9879,2,1,Pir->Allocortex(paleocortex)
rh,9880,2,1,Pir->Allocortex(paleocortex)
rh,9882,2,1,Pir->Allocortex(paleocortex)
rh,9883,2,1,Pir->Allocortex(paleocortex)
rh,9889,1,2,allocortex_scope->Agranular
rh,9890,1,2,allocortex_scope->Agranular
rh,9893,1,2,allocortex_scope->Agranular
rh,9894,1,2,allocortex_scope->Agranular
rh,9895,1,2,allocortex_scope->Agranular
rh,9896,1,2,allocortex_scope->Agranular
rh,9897,1,2,allocortex_scope->Agranular
rh,9898,1,2,allocortex_scope->Agranular
rh,9919,1,2,allocortex_scope->Agranular
rh,9920,1,2,allocortex_scope->Agranular
rh,9921,1,2,allocortex_scope->Agranular
rh,9926,1,2,allocortex_scope->Agranular
rh,9927,1,2,allocortex_scope->Agranular
rh,9939,2,3,PHA1->Dysgranular
rh,9942,2,3,PHA1->Dysgranular
rh,9968,1,2,allocortex_scope->Agranular
rh,9969,1,2,allocortex_scope->Agranular
rh,9970,2,3,PHA1->Dysgranular
rh,9972,3,2,HABC->Agranular
rh,9973,4,3,topology_buffer
rh,9976,3,2,HABC->Agranular
rh,9982,1,2,allocortex_scope->Agranular
rh,9983,1,2,allocortex_scope->Agranular
rh,9985,1,2,allocortex_scope->Agranular
rh,9987,3,2,Perirhinal->Agranular
rh,9988,3,2,Perirhinal->Agranular
rh,10413,1,2,allocortex_scope->Agranular
rh,10415,1,2,allocortex_scope->Agranular
rh,10416,1,2,allocortex_scope->Agranular
rh,10417,1,2,allocortex_scope->Agranular
rh,10563,1,2,allocortex_scope->Agranular
rh,10565,1,2,allocortex_scope->Agranular
rh,10567,1,2,allocortex_scope->Agranular
rh,10780,1,2,allocortex_scope->Agranular
rh,10781,1,2,allocortex_scope->Agranular
rh,10782,1,2,allocortex_scope->Agranular
rh,10784,1,2,allocortex_scope->Agranular
rh,10785,1,2,allocortex_scope->Agranular
rh,10800,1,3,cingulate_posterior->Dysgranular
rh,10801,1,3,cingulate_posterior->Dysgranular
rh,10802,1,3,cingulate_posterior->Dysgranular
rh,10961,1,2,allocortex_scope->Agranular
rh,10963,1,2,allocortex_scope->Agranular
rh,10964,1,2,allocortex_scope->Agranular
rh,10965,1,2,allocortex_scope->Agranular
rh,10966,1,2,allocortex_scope->Agranular
rh,10967,1,2,allocortex_scope->Agranular
rh,11381,1,2,cingulate_anterior->Agranular
rh,11382,1,2,cingulate_anterior->Agranular
rh,11383,1,2,cingulate_anterior->Agranular
rh,11566,1,2,allocortex_scope->Agranular
rh,11567,1,2,allocortex_scope->Agranular
rh,11568,1,2,allocortex_scope->Agranular
rh,11569,1,2,allocortex_scope->Agranular
rh,11570,1,2,allocortex_scope->Agranular
rh,11571,1,2,allocortex_scope->Agranular
rh,11572,1,2,allocortex_scope->Agranular
rh,11827,1,2,cingulate_anterior->Agranular
rh,11828,1,2,cingulate_anterior->Agranular
rh,11829,1,2,cingulate_anterior->Agranular
rh,11854,1,3,cingulate_posterior->Dysgranular
rh,12681,1,2,allocortex_scope->Agranular
rh,12738,1,3,cingulate_posterior->Dysgranular
rh,12739,1,3,cingulate_posterior->Dysgranular
rh,12740,1,3,cingulate_posterior->Dysgranular
rh,12744,1,3,cingulate_posterior->Dysgranular
rh,12746,1,2,allocortex_scope->Agranular
rh,12763,1,2,allocortex_scope->Agranular
rh,13112,3,2,topology_buffer
rh,13128,3,1,Pir->Allocortex(paleocortex)
rh,13129,3,1,Pir->Allocortex(paleocortex)
rh,13130,3,1,Pir->Allocortex(paleocortex)
rh,13131,3,2,topology_buffer
rh,13132,3,1,Pir->Allocortex(paleocortex)
rh,13150,1,2,allocortex_scope->Agranular
rh,13151,1,2,allocortex_scope->Agranular
rh,13152,1,2,allocortex_scope->Agranular
rh,13153,1,2,allocortex_scope->Agranular
rh,13154,1,2,allocortex_scope->Agranular
rh,13188,1,2,allocortex_scope->Agranular
rh,13189,1,2,allocortex_scope->Agranular
rh,13190,1,2,allocortex_scope->Agranular
rh,13213,2,3,PHA1->Dysgranular
rh,13218,3,2,HABC->Agranular
rh,13219,3,2,HABC->Agranular
rh,13220,3,2,HABC->Agranular
rh,13221,3,2,HABC->Agranular
rh,13222,3,2,HABC->Agranular
rh,13223,1,2,allocortex_scope->Agranular
rh,13224,1,2,allocortex_scope->Agranular
rh,13225,1,2,allocortex_scope->Agranular
rh,13229,3,2,Perirhinal->Agranular
rh,13777,1,2,cingulate_anterior->Agranular
rh,13778,1,2,allocortex_scope->Agranular
rh,13966,1,2,allocortex_scope->Agranular
rh,13967,1,2,allocortex_scope->Agranular
rh,13968,1,2,allocortex_scope->Agranular
rh,13969,1,2,allocortex_scope->Agranular
rh,13970,1,2,allocortex_scope->Agranular
rh,13971,1,2,allocortex_scope->Agranular
rh,13972,1,2,allocortex_scope->Agranular
rh,14228,1,2,cingulate_anterior->Agranular
rh,14229,1,2,cingulate_anterior->Agranular
rh,14230,1,2,cingulate_anterior->Agranular
rh,14231,1,2,cingulate_anterior->Agranular
rh,14232,1,2,cingulate_anterior->Agranular
rh,14234,1,2,cingulate_anterior->Agranular
rh,14235,1,2,cingulate_anterior->Agranular
rh,14236,1,2,cingulate_anterior->Agranular
rh,14254,1,2,cingulate_anterior->Agranular
rh,15077,1,2,allocortex_scope->Agranular
rh,15079,1,2,allocortex_scope->Agranular
rh,15080,1,2,allocortex_scope->Agranular
rh,15081,1,2,allocortex_scope->Agranular
rh,15123,1,3,cingulate_posterior->Dysgranular
rh,15125,1,3,cingulate_posterior->Dysgranular
rh,15127,1,3,cingulate_posterior->Dysgranular
rh,15525,4,2,topology_buffer
rh,15526,3,1,Pir->Allocortex(paleocortex)
rh,15527,4,1,Pir->Allocortex(paleocortex)
rh,15528,4,1,Pir->Allocortex(paleocortex)
rh,15529,4,1,Pir->Allocortex(paleocortex)
rh,15530,4,1,Pir->Allocortex(paleocortex)
rh,15531,3,1,Pir->Allocortex(paleocortex)
rh,15532,3,1,Pir->Allocortex(paleocortex)
rh,15611,1,2,allocortex_scope->Agranular
rh,15612,1,2,allocortex_scope->Agranular
rh,15613,1,2,allocortex_scope->Agranular
rh,15614,1,2,Perirhinal->Agranular
rh,15615,1,2,Perirhinal->Agranular
rh,15618,1,2,allocortex_scope->Agranular
rh,15620,1,2,allocortex_scope->Agranular
rh,15622,1,2,allocortex_scope->Agranular
rh,15623,1,2,allocortex_scope->Agranular
rh,15624,1,2,allocortex_scope->Agranular
rh,15625,1,2,allocortex_scope->Agranular
rh,16019,1,2,cingulate_anterior->Agranular
rh,16020,1,2,cingulate_anterior->Agranular
rh,16063,1,2,cingulate_anterior->Agranular
rh,16203,1,2,allocortex_scope->Agranular
rh,16213,1,2,allocortex_scope->Agranular
rh,16215,1,2,allocortex_scope->Agranular
rh,16217,1,2,allocortex_scope->Agranular
rh,16218,1,2,allocortex_scope->Agranular
rh,16219,1,2,allocortex_scope->Agranular
rh,16220,1,2,allocortex_scope->Agranular
rh,16221,1,2,allocortex_scope->Agranular
rh,16222,1,2,allocortex_scope->Agranular
rh,16870,1,2,allocortex_scope->Agranular
rh,16871,1,2,allocortex_scope->Agranular
rh,16873,1,2,allocortex_scope->Agranular
rh,17414,1,2,allocortex_scope->Agranular
rh,17415,1,2,allocortex_scope->Agranular
rh,17416,1,2,allocortex_scope->Agranular
rh,17417,1,2,allocortex_scope->Agranular
rh,17418,1,2,allocortex_scope->Agranular
rh,17419,1,2,allocortex_scope->Agranular
rh,17420,1,2,allocortex_scope->Agranular
rh,17421,1,2,allocortex_scope->Agranular
rh,17422,1,2,allocortex_scope->Agranular
rh,17423,1,2,allocortex_scope->Agranular
rh,17424,1,2,allocortex_scope->Agranular
rh,17425,1,2,allocortex_scope->Agranular
rh,17426,1,2,allocortex_scope->Agranular
rh,17427,1,2,allocortex_scope->Agranular
rh,17428,1,2,allocortex_scope->Agranular
rh,17429,1,2,allocortex_scope->Agranular
rh,17430,1,2,allocortex_scope->Agranular
rh,17431,1,2,allocortex_scope->Agranular
rh,17432,1,2,allocortex_scope->Agranular
rh,17433,1,2,allocortex_scope->Agranular
rh,17434,1,2,allocortex_scope->Agranular
rh,17435,1,2,allocortex_scope->Agranular
rh,17436,1,2,allocortex_scope->Agranular
rh,17437,1,2,allocortex_scope->Agranular
rh,18202,1,2,cingulate_anterior->Agranular
rh,18235,1,2,cingulate_anterior->Agranular
rh,18241,1,2,cingulate_anterior->Agranular
rh,18268,1,3,cingulate_posterior->Dysgranular
rh,18269,1,3,cingulate_posterior->Dysgranular
rh,18289,1,3,cingulate_posterior->Dysgranular
rh,18783,1,2,allocortex_scope->Agranular
rh,18785,1,2,allocortex_scope->Agranular
rh,18786,1,2,allocortex_scope->Agranular
rh,18787,1,2,allocortex_scope->Agranular
rh,20609,1,2,allocortex_scope->Agranular
rh,20610,1,2,allocortex_scope->Agranular
rh,20611,1,2,allocortex_scope->Agranular
rh,20613,1,2,allocortex_scope->Agranular
rh,20787,1,2,allocortex_scope->Agranular
rh,20788,1,2,allocortex_scope->Agranular
rh,20789,1,2,allocortex_scope->Agranular
rh,20790,1,2,allocortex_scope->Agranular
rh,20909,1,3,cingulate_posterior->Dysgranular
rh,20916,1,3,cingulate_posterior->Dysgranular
rh,20917,1,3,cingulate_posterior->Dysgranular
rh,20920,1,3,cingulate_posterior->Dysgranular
rh,20921,1,3,cingulate_posterior->Dysgranular
rh,20928,1,3,cingulate_posterior->Dysgranular
rh,20936,1,3,cingulate_posterior->Dysgranular
rh,20937,1,3,cingulate_posterior->Dysgranular
rh,20955,1,3,cingulate_posterior->Dysgranular
rh,20956,1,3,cingulate_posterior->Dysgranular
rh,20957,1,3,cingulate_posterior->Dysgranular
rh,20958,1,3,cingulate_posterior->Dysgranular
rh,20959,1,3,cingulate_posterior->Dysgranular
rh,20965,1,3,cingulate_posterior->Dysgranular
rh,20988,1,2,allocortex_scope->Agranular
rh,20989,1,2,allocortex_scope->Agranular
rh,20990,1,3,cingulate_posterior->Dysgranular
rh,20995,1,2,allocortex_scope->Agranular
rh,20999,1,3,cingulate_posterior->Dysgranular
rh,21003,1,2,allocortex_scope->Agranular
rh,21004,1,2,allocortex_scope->Agranular
rh,21005,1,3,cingulate_posterior->Dysgranular
rh,21006,1,3,cingulate_posterior->Dysgranular
rh,21007,1,3,cingulate_posterior->Dysgranular
rh,21009,1,3,cingulate_posterior->Dysgranular
rh,21010,1,2,allocortex_scope->Agranular
rh,21011,1,3,cingulate_posterior->Dysgranular
rh,21012,1,3,cingulate_posterior->Dysgranular
rh,21013,1,3,cingulate_posterior->Dysgranular
rh,22072,1,2,allocortex_scope->Agranular
rh,22073,1,2,allocortex_scope->Agranular
rh,22074,1,2,allocortex_scope->Agranular
rh,22075,1,2,allocortex_scope->Agranular
rh,22076,1,2,allocortex_scope->Agranular
rh,22077,1,2,allocortex_scope->Agranular
rh,22079,1,2,allocortex_scope->Agranular
rh,22083,1,2,allocortex_scope->Agranular
rh,22084,1,2,allocortex_scope->Agranular
rh,22085,1,2,allocortex_scope->Agranular
rh,22086,1,2,allocortex_scope->Agranular
rh,22087,1,2,allocortex_scope->Agranular
rh,22088,1,2,allocortex_scope->Agranular
rh,22089,1,2,allocortex_scope->Agranular
rh,22090,1,2,allocortex_scope->Agranular
rh,22091,1,2,allocortex_scope->Agranular
rh,22092,1,2,allocortex_scope->Agranular
rh,22093,1,2,allocortex_scope->Agranular
rh,22094,1,2,allocortex_scope->Agranular
rh,22103,3,1,Pir->Allocortex(paleocortex)
rh,22104,3,1,Pir->Allocortex(paleocortex)
rh,22105,3,1,Pir->Allocortex(paleocortex)
rh,22106,3,2,topology_buffer
rh,22107,3,1,Pir->Allocortex(paleocortex)
rh,22132,3,2,topology_buffer
rh,22133,3,1,Pir->Allocortex(paleocortex)
rh,22134,3,1,Pir->Allocortex(paleocortex)
rh,22136,2,1,Pir->Allocortex(paleocortex)
rh,22137,2,1,Pir->Allocortex(paleocortex)
rh,22138,2,1,Pir->Allocortex(paleocortex)
rh,22142,2,1,Pir->Allocortex(paleocortex)
rh,22143,2,1,Pir->Allocortex(paleocortex)
rh,22144,2,1,Pir->Allocortex(paleocortex)
rh,22145,2,1,Pir->Allocortex(paleocortex)
rh,22161,1,2,allocortex_scope->Agranular
rh,22162,1,2,allocortex_scope->Agranular
rh,22163,1,2,allocortex_scope->Agranular
rh,22169,1,2,allocortex_scope->Agranular
rh,22171,1,2,allocortex_scope->Agranular
rh,22172,1,2,allocortex_scope->Agranular
rh,22173,1,2,allocortex_scope->Agranular
rh,22174,1,2,allocortex_scope->Agranular
rh,22175,1,2,allocortex_scope->Agranular
rh,22176,1,2,allocortex_scope->Agranular
rh,22177,1,2,allocortex_scope->Agranular
rh,22178,1,2,allocortex_scope->Agranular
rh,22179,1,2,allocortex_scope->Agranular
rh,22180,1,2,allocortex_scope->Agranular
rh,22181,1,2,allocortex_scope->Agranular
rh,22182,1,2,allocortex_scope->Agranular
rh,22183,1,2,allocortex_scope->Agranular
rh,22230,1,2,allocortex_scope->Agranular
rh,22231,1,2,allocortex_scope->Agranular
rh,22232,1,2,allocortex_scope->Agranular
rh,22236,1,2,allocortex_scope->Agranular
rh,22251,1,2,allocortex_scope->Agranular
rh,22274,1,2,allocortex_scope->Agranular
rh,22275,1,2,allocortex_scope->Agranular
rh,22281,2,3,PHA1->Dysgranular
rh,22287,1,2,allocortex_scope->Agranular
rh,22289,2,3,PHA1->Dysgranular
rh,22290,2,3,PHA1->Dysgranular
rh,22291,2,3,PHA1->Dysgranular
rh,22292,2,3,PHA1->Dysgranular
rh,22293,2,3,PHA1->Dysgranular
rh,22351,1,2,allocortex_scope->Agranular
rh,22353,1,2,allocortex_scope->Agranular
rh,22354,1,2,allocortex_scope->Agranular
rh,22355,1,2,allocortex_scope->Agranular
rh,22356,1,2,allocortex_scope->Agranular
rh,22357,1,2,allocortex_scope->Agranular
rh,22358,1,3,PHA1->Dysgranular
rh,22359,2,3,PHA1->Dysgranular
rh,22360,2,3,PHA1->Dysgranular
rh,22361,3,2,HABC->Agranular
rh,22363,3,2,HABC->Agranular
rh,22364,3,2,HABC->Agranular
rh,22365,3,2,HABC->Agranular
rh,22366,3,2,HABC->Agranular
rh,22367,3,2,HABC->Agranular
rh,22369,4,3,topology_buffer
rh,22374,3,2,HABC->Agranular
rh,22375,3,2,HABC->Agranular
rh,22376,3,2,HABC->Agranular
rh,22377,3,2,HABC->Agranular
rh,22388,1,2,allocortex_scope->Agranular
rh,22389,1,2,allocortex_scope->Agranular
rh,22390,1,2,allocortex_scope->Agranular
rh,22391,1,2,allocortex_scope->Agranular
rh,22392,1,2,allocortex_scope->Agranular
rh,22393,1,2,allocortex_scope->Agranular
rh,22396,1,2,allocortex_scope->Agranular
rh,22397,1,2,allocortex_scope->Agranular
rh,22398,1,2,allocortex_scope->Agranular
rh,22403,3,2,Perirhinal->Agranular
rh,22404,3,2,Perirhinal->Agranular
rh,22405,3,2,Perirhinal->Agranular
rh,23356,1,2,allocortex_scope->Agranular
rh,23357,1,2,allocortex_scope->Agranular
rh,23358,1,2,allocortex_scope->Agranular
rh,23359,1,2,allocortex_scope->Agranular
rh,23526,1,2,cingulate_anterior->Agranular
rh,23527,1,2,cingulate_anterior->Agranular
rh,23528,1,2,cingulate_anterior->Agranular
rh,23621,1,2,allocortex_scope->Agranular
rh,24023,1,2,allocortex_scope->Agranular
rh,24050,1,3,cingulate_posterior->Dysgranular
rh,24051,1,3,cingulate_posterior->Dysgranular
rh,24052,1,3,cingulate_posterior->Dysgranular
rh,24292,4,2,topology_buffer
rh,24293,4,3,topology_buffer
rh,24294,4,2,topology_buffer
rh,24295,4,2,topology_buffer
rh,24342,1,2,allocortex_scope->Agranular
rh,24343,1,2,allocortex_scope->Agranular
rh,24344,1,2,allocortex_scope->Agranular
rh,24345,1,2,allocortex_scope->Agranular
rh,24346,1,2,Perirhinal->Agranular
rh,24347,1,2,allocortex_scope->Agranular
rh,24348,1,2,allocortex_scope->Agranular
rh,24349,1,2,allocortex_scope->Agranular
rh,24350,1,2,allocortex_scope->Agranular
rh,24696,1,2,allocortex_scope->Agranular
rh,24697,1,2,allocortex_scope->Agranular
rh,24698,1,2,allocortex_scope->Agranular
rh,24699,1,2,allocortex_scope->Agranular
rh,24700,1,2,allocortex_scope->Agranular
rh,24706,1,2,allocortex_scope->Agranular
rh,25098,1,2,allocortex_scope->Agranular
rh,25099,1,2,cingulate_anterior->Agranular
rh,25425,1,2,allocortex_scope->Agranular
rh,25426,1,2,allocortex_scope->Agranular
rh,25427,1,2,allocortex_scope->Agranular
rh,25428,1,2,allocortex_scope->Agranular
rh,25429,1,2,allocortex_scope->Agranular
rh,25430,1,2,allocortex_scope->Agranular
rh,25431,1,2,allocortex_scope->Agranular
rh,25432,1,2,allocortex_scope->Agranular
rh,25433,1,2,allocortex_scope->Agranular
rh,25434,1,2,allocortex_scope->Agranular
rh,25435,1,2,allocortex_scope->Agranular
rh,25436,1,2,allocortex_scope->Agranular
rh,25437,1,2,allocortex_scope->Agranular
rh,25438,1,2,allocortex_scope->Agranular
rh,25897,1,2,cingulate_anterior->Agranular
rh,25899,1,2,cingulate_anterior->Agranular
rh,25916,1,2,cingulate_anterior->Agranular
rh,25943,1,3,cingulate_posterior->Dysgranular
rh,25944,1,3,cingulate_posterior->Dysgranular
rh,25945,1,3,cingulate_posterior->Dysgranular
rh,25946,1,3,cingulate_posterior->Dysgranular
rh,25947,1,3,cingulate_posterior->Dysgranular
rh,25948,1,3,cingulate_posterior->Dysgranular
rh,25949,1,3,cingulate_posterior->Dysgranular
rh,26247,1,2,allocortex_scope->Agranular
rh,26248,1,2,allocortex_scope->Agranular
rh,27341,1,2,allocortex_scope->Agranular
rh,27342,1,2,allocortex_scope->Agranular
rh,27343,1,2,allocortex_scope->Agranular
rh,27528,1,3,cingulate_posterior->Dysgranular
rh,27529,1,3,cingulate_posterior->Dysgranular
rh,27530,1,3,cingulate_posterior->Dysgranular
rh,27531,1,3,cingulate_posterior->Dysgranular
rh,27532,1,3,cingulate_posterior->Dysgranular
rh,27533,1,3,cingulate_posterior->Dysgranular
rh,27534,1,3,cingulate_posterior->Dysgranular
rh,27538,1,3,cingulate_posterior->Dysgranular
rh,27539,1,3,cingulate_posterior->Dysgranular
rh,27550,1,3,cingulate_posterior->Dysgranular
rh,27551,1,3,cingulate_posterior->Dysgranular
rh,27552,1,3,cingulate_posterior->Dysgranular
rh,27553,1,3,cingulate_posterior->Dysgranular
rh,27555,1,3,cingulate_posterior->Dysgranular
rh,27556,1,3,cingulate_posterior->Dysgranular
rh,27557,1,3,cingulate_posterior->Dysgranular
rh,27571,1,2,allocortex_scope->Agranular
rh,27572,1,3,cingulate_posterior->Dysgranular
rh,27573,1,2,allocortex_scope->Agranular
rh,27574,1,2,allocortex_scope->Agranular
rh,27575,1,2,allocortex_scope->Agranular
rh,27580,1,2,allocortex_scope->Agranular
rh,27581,1,2,allocortex_scope->Agranular
rh,27582,1,2,allocortex_scope->Agranular
rh,27583,1,2,allocortex_scope->Agranular
rh,28210,3,2,topology_buffer
rh,28220,1,2,allocortex_scope->Agranular
rh,28222,1,2,allocortex_scope->Agranular
rh,28223,1,2,allocortex_scope->Agranular
rh,28227,1,2,allocortex_scope->Agranular
rh,28228,1,2,allocortex_scope->Agranular
rh,28229,1,2,allocortex_scope->Agranular
rh,28230,1,2,allocortex_scope->Agranular
rh,28231,1,2,allocortex_scope->Agranular
rh,28232,1,2,allocortex_scope->Agranular
rh,28238,3,1,Pir->Allocortex(paleocortex)
rh,28239,3,1,Pir->Allocortex(paleocortex)
rh,28240,3,1,Pir->Allocortex(paleocortex)
rh,28241,3,1,Pir->Allocortex(paleocortex)
rh,28242,3,2,topology_buffer
rh,28259,2,1,Pir->Allocortex(paleocortex)
rh,28260,2,1,Pir->Allocortex(paleocortex)
rh,28261,2,1,Pir->Allocortex(paleocortex)
rh,28262,2,1,Pir->Allocortex(paleocortex)
rh,28263,2,1,Pir->Allocortex(paleocortex)
rh,28264,2,1,Pir->Allocortex(paleocortex)
rh,28277,1,2,allocortex_scope->Agranular
rh,28279,1,2,allocortex_scope->Agranular
rh,28280,1,2,allocortex_scope->Agranular
rh,28281,1,2,allocortex_scope->Agranular
rh,28282,1,2,allocortex_scope->Agranular
rh,28283,1,2,allocortex_scope->Agranular
rh,28284,1,2,allocortex_scope->Agranular
rh,28285,1,2,allocortex_scope->Agranular
rh,28286,1,2,allocortex_scope->Agranular
rh,28342,1,2,allocortex_scope->Agranular
rh,28345,1,2,allocortex_scope->Agranular
rh,28348,1,2,allocortex_scope->Agranular
rh,28349,1,2,allocortex_scope->Agranular
rh,28350,2,3,PHA1->Dysgranular
rh,28351,2,3,PHA1->Dysgranular
rh,28352,2,3,PHA1->Dysgranular
rh,28353,2,3,PHA1->Dysgranular
rh,28354,2,3,PHA1->Dysgranular
rh,28387,1,2,allocortex_scope->Agranular
rh,28388,1,2,allocortex_scope->Agranular
rh,28389,1,2,Perirhinal->Agranular
rh,28392,2,3,PHA1->Dysgranular
rh,28393,2,3,PHA1->Dysgranular
rh,28395,3,2,HABC->Agranular
rh,28396,3,2,HABC->Agranular
rh,28397,3,2,HABC->Agranular
rh,28398,3,2,HABC->Agranular
rh,28399,4,3,topology_buffer
rh,28400,3,2,HABC->Agranular
rh,28401,3,2,HABC->Agranular
rh,28402,3,2,HABC->Agranular
rh,28403,3,2,HABC->Agranular
rh,28404,3,2,HABC->Agranular
rh,28408,4,3,topology_buffer
rh,28409,1,2,allocortex_scope->Agranular
rh,28410,1,2,allocortex_scope->Agranular
rh,28411,1,2,allocortex_scope->Agranular
rh,28412,1,2,allocortex_scope->Agranular
rh,28413,1,2,allocortex_scope->Agranular
rh,28419,3,2,Perirhinal->Agranular
rh,28420,3,2,Perirhinal->Agranular
rh,29279,1,2,cingulate_anterior->Agranular
rh,29538,1,2,allocortex_scope->Agranular
rh,29539,1,2,allocortex_scope->Agranular
rh,29540,1,2,allocortex_scope->Agranular
rh,29541,1,2,allocortex_scope->Agranular
rh,29542,1,2,allocortex_scope->Agranular
rh,29543,1,2,allocortex_scope->Agranular
rh,29545,1,2,allocortex_scope->Agranular
rh,29903,1,2,cingulate_anterior->Agranular
rh,29904,1,2,cingulate_anterior->Agranular
rh,29905,1,2,cingulate_anterior->Agranular
rh,29906,1,2,cingulate_anterior->Agranular
rh,29907,1,2,cingulate_anterior->Agranular
rh,29908,1,2,cingulate_anterior->Agranular
rh,29916,1,2,cingulate_anterior->Agranular
rh,29939,1,2,cingulate_anterior->Agranular
rh,29940,1,2,cingulate_anterior->Agranular
rh,29941,1,2,cingulate_anterior->Agranular
rh,29942,1,2,cingulate_anterior->Agranular
rh,31098,1,2,allocortex_scope->Agranular
rh,31162,1,3,cingulate_posterior->Dysgranular
rh,31184,1,3,cingulate_posterior->Dysgranular
rh,31698,3,1,Pir->Allocortex(paleocortex)
rh,31699,3,1,Pir->Allocortex(paleocortex)
rh,31700,3,2,topology_buffer
rh,31722,3,1,Pir->Allocortex(paleocortex)
rh,31723,3,1,Pir->Allocortex(paleocortex)
rh,31724,4,1,Pir->Allocortex(paleocortex)
rh,31725,4,1,Pir->Allocortex(paleocortex)
rh,31726,3,1,Pir->Allocortex(paleocortex)
rh,31727,3,1,Pir->Allocortex(paleocortex)
rh,31728,3,1,Pir->Allocortex(paleocortex)
rh,31729,3,1,Pir->Allocortex(paleocortex)
rh,31760,1,2,allocortex_scope->Agranular
rh,31839,1,2,allocortex_scope->Agranular
rh,31840,1,2,allocortex_scope->Agranular
rh,31841,1,2,allocortex_scope->Agranular
rh,31842,1,2,allocortex_scope->Agranular
rh,31843,1,2,Perirhinal->Agranular
rh,31844,1,2,Perirhinal->Agranular
rh,31846,2,3,PHA1->Dysgranular
rh,31849,2,3,PHA1->Dysgranular
rh,31852,2,3,PHA1->Dysgranular
rh,31853,3,2,HABC->Agranular
rh,31854,3,2,HABC->Agranular
rh,31855,3,2,HABC->Agranular
rh,31856,1,2,allocortex_scope->Agranular
rh,31857,1,2,allocortex_scope->Agranular
rh,31858,1,2,allocortex_scope->Agranular
rh,31859,1,2,allocortex_scope->Agranular
rh,31860,1,2,allocortex_scope->Agranular
rh,31867,3,2,Perirhinal->Agranular
rh,31868,3,2,Perirhinal->Agranular
rh,31869,3,2,Perirhinal->Agranular
rh,32390,1,2,cingulate_anterior->Agranular
rh,32391,1,2,cingulate_anterior->Agranular
rh,32392,1,2,cingulate_anterior->Agranular
rh,32393,1,2,cingulate_anterior->Agranular
rh,32394,1,2,cingulate_anterior->Agranular
rh,32395,1,2,cingulate_anterior->Agranular
rh,32442,1,2,cingulate_anterior->Agranular
rh,32443,1,2,cingulate_anterior->Agranular
rh,32632,1,2,allocortex_scope->Agranular
rh,32639,1,2,allocortex_scope->Agranular
rh,32640,1,2,allocortex_scope->Agranular
rh,32642,1,2,allocortex_scope->Agranular
rh,32643,1,2,allocortex_scope->Agranular
rh,32644,1,2,allocortex_scope->Agranular
rh,33468,1,2,allocortex_scope->Agranular
rh,33469,1,2,allocortex_scope->Agranular
rh,34032,3,2,topology_buffer
rh,34154,1,2,allocortex_scope->Agranular
rh,34155,1,2,allocortex_scope->Agranular
rh,34156,1,2,allocortex_scope->Agranular
rh,34157,1,2,allocortex_scope->Agranular
rh,34158,1,2,allocortex_scope->Agranular
rh,34159,1,2,allocortex_scope->Agranular
rh,34160,1,2,allocortex_scope->Agranular
rh,34161,1,2,allocortex_scope->Agranular
rh,34162,1,2,allocortex_scope->Agranular
rh,34163,1,2,allocortex_scope->Agranular
rh,34164,1,2,allocortex_scope->Agranular
rh,34165,1,2,allocortex_scope->Agranular
rh,34166,1,2,allocortex_scope->Agranular
rh,34167,1,2,allocortex_scope->Agranular
rh,34168,1,2,allocortex_scope->Agranular
rh,34169,1,2,allocortex_scope->Agranular
rh,34170,1,2,allocortex_scope->Agranular
rh,34171,1,2,allocortex_scope->Agranular
rh,34172,1,2,allocortex_scope->Agranular
rh,34173,1,2,allocortex_scope->Agranular
rh,34174,1,2,allocortex_scope->Agranular
rh,34175,1,2,allocortex_scope->Agranular
rh,34176,1,2,allocortex_scope->Agranular
rh,34177,1,2,allocortex_scope->Agranular
rh,34178,1,2,allocortex_scope->Agranular
rh,34179,1,2,allocortex_scope->Agranular
rh,34180,1,2,allocortex_scope->Agranular
rh,34181,1,2,allocortex_scope->Agranular
rh,35137,1,2,cingulate_anterior->Agranular
rh,35174,1,2,cingulate_anterior->Agranular
rh,35209,1,3,cingulate_posterior->Dysgranular
rh,35210,1,3,cingulate_posterior->Dysgranular
rh,35232,1,3,cingulate_posterior->Dysgranular
rh,35233,1,3,cingulate_posterior->Dysgranular
rh,35234,1,3,cingulate_posterior->Dysgranular
rh,35235,1,3,cingulate_posterior->Dysgranular
rh,35236,1,3,cingulate_posterior->Dysgranular
rh,35840,1,2,allocortex_scope->Agranular
rh,35841,1,2,allocortex_scope->Agranular
rh,35842,1,2,allocortex_scope->Agranular
rh,38045,1,3,cingulate_posterior->Dysgranular
rh,38046,1,2,allocortex_scope->Agranular
rh,38047,1,2,allocortex_scope->Agranular
rh,38048,1,2,allocortex_scope->Agranular
rh,38049,1,2,allocortex_scope->Agranular
rh,38050,1,2,allocortex_scope->Agranular
rh,38251,1,2,allocortex_scope->Agranular
rh,38252,1,2,allocortex_scope->Agranular
rh,38253,1,2,allocortex_scope->Agranular
rh,38254,1,2,allocortex_scope->Agranular
rh,38256,1,2,allocortex_scope->Agranular
rh,38262,1,2,allocortex_scope->Agranular
rh,38263,1,2,allocortex_scope->Agranular
rh,38396,1,3,cingulate_posterior->Dysgranular
rh,38397,1,3,cingulate_posterior->Dysgranular
rh,38399,1,3,cingulate_posterior->Dysgranular
rh,38400,1,3,cingulate_posterior->Dysgranular
rh,38401,1,3,cingulate_posterior->Dysgranular
rh,38402,1,3,cingulate_posterior->Dysgranular
rh,38410,1,3,cingulate_posterior->Dysgranular
rh,38433,1,3,cingulate_posterior->Dysgranular
rh,38434,1,3,cingulate_posterior->Dysgranular
rh,38435,1,3,cingulate_posterior->Dysgranular
rh,38458,1,3,cingulate_posterior->Dysgranular
rh,38459,1,3,cingulate_posterior->Dysgranular
rh,38461,1,3,cingulate_posterior->Dysgranular
rh,38496,1,3,cingulate_posterior->Dysgranular
rh,38498,1,3,cingulate_posterior->Dysgranular
rh,38499,1,3,cingulate_posterior->Dysgranular
rh,38514,1,2,allocortex_scope->Agranular
rh,38516,1,2,allocortex_scope->Agranular
rh,38517,1,3,cingulate_posterior->Dysgranular
rh,38518,1,3,cingulate_posterior->Dysgranular
rh,38524,1,3,cingulate_posterior->Dysgranular
rh,39772,1,2,allocortex_scope->Agranular
rh,39773,1,2,allocortex_scope->Agranular
rh,39783,3,1,Pir->Allocortex(paleocortex)
rh,39784,3,1,Pir->Allocortex(paleocortex)
rh,39785,3,1,Pir->Allocortex(paleocortex)
rh,39787,3,2,topology_buffer
rh,39799,1,2,allocortex_scope->Agranular
rh,39800,1,2,allocortex_scope->Agranular
rh,39801,1,2,allocortex_scope->Agranular
rh,39802,1,2,allocortex_scope->Agranular
rh,39804,1,2,allocortex_scope->Agranular
rh,39805,1,2,allocortex_scope->Agranular
rh,39812,1,2,allocortex_scope->Agranular
rh,39814,1,2,allocortex_scope->Agranular
rh,39815,1,2,allocortex_scope->Agranular
rh,39816,1,2,allocortex_scope->Agranular
rh,39819,1,2,allocortex_scope->Agranular
rh,39820,1,2,allocortex_scope->Agranular
rh,39821,1,2,allocortex_scope->Agranular
rh,39822,1,2,allocortex_scope->Agranular
rh,39823,1,2,allocortex_scope->Agranular
rh,39824,1,2,allocortex_scope->Agranular
rh,39825,1,2,allocortex_scope->Agranular
rh,39826,1,2,allocortex_scope->Agranular
rh,39827,1,2,allocortex_scope->Agranular
rh,39837,3,2,topology_buffer
rh,39840,3,1,Pir->Allocortex(paleocortex)
rh,39841,3,1,Pir->Allocortex(paleocortex)
rh,39861,3,2,topology_buffer
rh,39862,3,2,topology_buffer
rh,39863,3,1,Pir->Allocortex(paleocortex)
rh,39872,3,1,Pir->Allocortex(paleocortex)
rh,39873,3,1,Pir->Allocortex(paleocortex)
rh,39874,2,1,Pir->Allocortex(paleocortex)
rh,39875,2,1,Pir->Allocortex(paleocortex)
rh,39876,2,1,Pir->Allocortex(paleocortex)
rh,39877,2,1,Pir->Allocortex(paleocortex)
rh,39885,2,1,Pir->Allocortex(paleocortex)
rh,39886,2,1,Pir->Allocortex(paleocortex)
rh,39905,1,2,allocortex_scope->Agranular
rh,39906,1,2,allocortex_scope->Agranular
rh,39907,1,2,allocortex_scope->Agranular
rh,39908,1,2,allocortex_scope->Agranular
rh,39909,1,2,allocortex_scope->Agranular
rh,39910,1,2,allocortex_scope->Agranular
rh,39916,1,2,allocortex_scope->Agranular
rh,39917,1,2,allocortex_scope->Agranular
rh,39918,1,2,allocortex_scope->Agranular
rh,39919,1,2,allocortex_scope->Agranular
rh,39920,1,2,allocortex_scope->Agranular
rh,39921,1,2,allocortex_scope->Agranular
rh,39922,1,2,allocortex_scope->Agranular
rh,39923,1,2,allocortex_scope->Agranular
rh,39924,1,2,allocortex_scope->Agranular
rh,39925,1,2,allocortex_scope->Agranular
rh,39926,1,2,allocortex_scope->Agranular
rh,39927,1,2,allocortex_scope->Agranular
rh,39928,1,2,allocortex_scope->Agranular
rh,39929,1,2,allocortex_scope->Agranular
rh,39930,1,2,allocortex_scope->Agranular
rh,39931,1,2,allocortex_scope->Agranular
rh,39932,1,2,allocortex_scope->Agranular
rh,39933,1,2,allocortex_scope->Agranular
rh,39992,1,3,cingulate_posterior->Dysgranular
rh,39993,1,3,cingulate_posterior->Dysgranular
rh,39994,1,2,allocortex_scope->Agranular
rh,39995,1,2,allocortex_scope->Agranular
rh,39996,1,3,cingulate_posterior->Dysgranular
rh,39997,1,3,cingulate_posterior->Dysgranular
rh,39998,1,3,cingulate_posterior->Dysgranular
rh,39999,1,2,allocortex_scope->Agranular
rh,40008,1,2,allocortex_scope->Agranular
rh,40009,1,2,allocortex_scope->Agranular
rh,40010,1,3,cingulate_posterior->Dysgranular
rh,40011,1,3,cingulate_posterior->Dysgranular
rh,40042,1,2,allocortex_scope->Agranular
rh,40050,2,3,PHA1->Dysgranular
rh,40056,1,2,allocortex_scope->Agranular
rh,40057,1,2,allocortex_scope->Agranular
rh,40058,1,2,allocortex_scope->Agranular
rh,40059,1,2,allocortex_scope->Agranular
rh,40060,2,3,PHA1->Dysgranular
rh,40061,2,3,PHA1->Dysgranular
rh,40066,2,3,PHA1->Dysgranular
rh,40138,1,2,allocortex_scope->Agranular
rh,40139,1,2,allocortex_scope->Agranular
rh,40141,1,2,allocortex_scope->Agranular
rh,40142,1,2,allocortex_scope->Agranular
rh,40143,1,2,allocortex_scope->Agranular
rh,40144,2,3,PHA1->Dysgranular
rh,40145,2,3,PHA1->Dysgranular
rh,40146,2,3,PHA1->Dysgranular
rh,40147,2,3,PHA1->Dysgranular
rh,40150,3,2,HABC->Agranular
rh,40151,3,2,HABC->Agranular
rh,40152,3,2,HABC->Agranular
rh,40153,4,3,topology_buffer
rh,40156,3,2,HABC->Agranular
rh,40162,3,2,HABC->Agranular
rh,40163,3,2,HABC->Agranular
rh,40164,4,3,topology_buffer
rh,40165,3,2,HABC->Agranular
rh,40166,4,3,topology_buffer
rh,40180,1,2,allocortex_scope->Agranular
rh,40181,1,2,allocortex_scope->Agranular
rh,40182,1,2,allocortex_scope->Agranular
rh,40183,1,2,allocortex_scope->Agranular
rh,40184,1,2,allocortex_scope->Agranular
rh,40185,1,2,allocortex_scope->Agranular
rh,40188,3,2,HABC->Agranular
rh,40189,1,2,allocortex_scope->Agranular
rh,40190,1,2,allocortex_scope->Agranular
rh,40191,1,2,allocortex_scope->Agranular
rh,40196,3,2,HABC->Agranular
rh,40197,3,2,HABC->Agranular
rh,40198,3,2,Perirhinal->Agranular
rh,40199,3,2,Perirhinal->Agranular
rh,40200,4,3,topology_buffer
rh,40201,3,2,Perirhinal->Agranular
rh,40202,4,3,topology_buffer
rh,41133,1,2,allocortex_scope->Agranular
rh,41134,1,2,allocortex_scope->Agranular
rh,41135,1,2,allocortex_scope->Agranular
rh,41136,1,2,allocortex_scope->Agranular
rh,41137,1,2,allocortex_scope->Agranular
rh,41283,1,2,allocortex_scope->Agranular
rh,41284,1,2,allocortex_scope->Agranular
rh,41285,1,2,allocortex_scope->Agranular
rh,41286,1,2,allocortex_scope->Agranular
rh,41287,1,2,allocortex_scope->Agranular
rh,41501,1,2,allocortex_scope->Agranular
rh,41502,1,2,allocortex_scope->Agranular
rh,41503,1,2,allocortex_scope->Agranular
rh,41521,1,3,cingulate_posterior->Dysgranular
rh,41522,1,3,cingulate_posterior->Dysgranular
rh,41681,1,2,allocortex_scope->Agranular
rh,41682,1,2,allocortex_scope->Agranular
rh,41683,1,2,allocortex_scope->Agranular
rh,41684,1,2,allocortex_scope->Agranular
rh,41685,1,2,allocortex_scope->Agranular
rh,41686,1,2,allocortex_scope->Agranular
rh,41687,1,2,allocortex_scope->Agranular
rh,42286,1,2,allocortex_scope->Agranular
rh,42287,1,2,allocortex_scope->Agranular
rh,42288,1,2,allocortex_scope->Agranular
rh,42289,1,2,allocortex_scope->Agranular
rh,42290,1,2,allocortex_scope->Agranular
rh,42291,1,2,allocortex_scope->Agranular
rh,42292,1,2,allocortex_scope->Agranular
rh,42548,1,2,cingulate_anterior->Agranular
rh,42549,1,2,cingulate_anterior->Agranular
rh,43401,1,2,allocortex_scope->Agranular
rh,43458,1,3,cingulate_posterior->Dysgranular
rh,43459,1,3,cingulate_posterior->Dysgranular
rh,43460,1,3,cingulate_posterior->Dysgranular
rh,43462,1,3,cingulate_posterior->Dysgranular
rh,43463,1,3,cingulate_posterior->Dysgranular
rh,43464,1,3,cingulate_posterior->Dysgranular
rh,43832,3,2,topology_buffer
rh,43848,3,1,Pir->Allocortex(paleocortex)
rh,43849,3,2,topology_buffer
rh,43850,3,1,Pir->Allocortex(paleocortex)
rh,43851,3,1,Pir->Allocortex(paleocortex)
rh,43852,3,1,Pir->Allocortex(paleocortex)
rh,43870,1,2,allocortex_scope->Agranular
rh,43871,1,2,allocortex_scope->Agranular
rh,43872,1,2,allocortex_scope->Agranular
rh,43873,1,2,allocortex_scope->Agranular
rh,43874,1,2,allocortex_scope->Agranular
rh,43908,1,2,allocortex_scope->Agranular
rh,43909,1,2,allocortex_scope->Agranular
rh,43910,1,2,allocortex_scope->Agranular
rh,43911,1,2,allocortex_scope->Agranular
rh,43912,1,2,allocortex_scope->Agranular
rh,43938,3,2,HABC->Agranular
rh,43939,3,2,HABC->Agranular
rh,43940,3,2,HABC->Agranular
rh,43941,3,2,HABC->Agranular
rh,43942,3,2,HABC->Agranular
rh,43943,1,2,allocortex_scope->Agranular
rh,43944,1,2,allocortex_scope->Agranular
rh,43945,1,2,allocortex_scope->Agranular
rh,43951,3,2,Perirhinal->Agranular
rh,44688,1,2,allocortex_scope->Agranular
rh,44689,1,2,allocortex_scope->Agranular
rh,44690,1,2,allocortex_scope->Agranular
rh,44691,1,2,allocortex_scope->Agranular
rh,44692,1,2,allocortex_scope->Agranular
rh,44948,1,2,cingulate_anterior->Agranular
rh,44950,1,2,cingulate_anterior->Agranular
rh,44951,1,2,cingulate_anterior->Agranular
rh,44952,1,2,cingulate_anterior->Agranular
rh,44953,1,2,cingulate_anterior->Agranular
rh,44954,1,2,cingulate_anterior->Agranular
rh,44955,1,2,cingulate_anterior->Agranular
rh,44956,1,2,cingulate_anterior->Agranular
rh,45797,1,2,allocortex_scope->Agranular
rh,45798,1,2,allocortex_scope->Agranular
rh,45799,1,2,allocortex_scope->Agranular
rh,45800,1,2,allocortex_scope->Agranular
rh,45843,1,3,cingulate_posterior->Dysgranular
rh,45844,1,3,cingulate_posterior->Dysgranular
rh,45845,1,3,cingulate_posterior->Dysgranular
rh,45846,1,3,cingulate_posterior->Dysgranular
rh,45847,1,3,cingulate_posterior->Dysgranular
rh,46245,4,2,topology_buffer
rh,46246,4,1,Pir->Allocortex(paleocortex)
rh,46247,4,1,Pir->Allocortex(paleocortex)
rh,46248,4,1,Pir->Allocortex(paleocortex)
rh,46249,4,1,Pir->Allocortex(paleocortex)
rh,46250,4,1,Pir->Allocortex(paleocortex)
rh,46251,4,1,Pir->Allocortex(paleocortex)
rh,46252,4,1,Pir->Allocortex(paleocortex)
rh,46331,1,2,allocortex_scope->Agranular
rh,46332,1,2,allocortex_scope->Agranular
rh,46333,1,2,Perirhinal->Agranular
rh,46334,1,2,Perirhinal->Agranular
rh,46335,1,2,Perirhinal->Agranular
rh,46337,1,2,Perirhinal->Agranular
rh,46338,1,2,allocortex_scope->Agranular
rh,46339,1,2,allocortex_scope->Agranular
rh,46340,1,2,allocortex_scope->Agranular
rh,46341,1,2,allocortex_scope->Agranular
rh,46342,1,2,allocortex_scope->Agranular
rh,46343,1,2,allocortex_scope->Agranular
rh,46344,1,2,allocortex_scope->Agranular
rh,46345,1,2,allocortex_scope->Agranular
rh,46920,1,2,allocortex_scope->Agranular
rh,46923,1,2,allocortex_scope->Agranular
rh,46931,1,2,allocortex_scope->Agranular
rh,46932,1,2,allocortex_scope->Agranular
rh,46933,1,2,allocortex_scope->Agranular
rh,46934,1,2,allocortex_scope->Agranular
rh,46935,1,2,allocortex_scope->Agranular
rh,46936,1,2,allocortex_scope->Agranular
rh,46937,1,2,allocortex_scope->Agranular
rh,46938,1,2,allocortex_scope->Agranular
rh,46939,1,2,allocortex_scope->Agranular
rh,46940,1,2,allocortex_scope->Agranular
rh,46941,1,2,allocortex_scope->Agranular
rh,46942,1,2,allocortex_scope->Agranular
rh,48131,1,2,allocortex_scope->Agranular
rh,48133,1,2,allocortex_scope->Agranular
rh,48134,1,2,allocortex_scope->Agranular
rh,48135,1,2,allocortex_scope->Agranular
rh,48136,1,2,allocortex_scope->Agranular
rh,48137,1,2,allocortex_scope->Agranular
rh,48138,1,2,allocortex_scope->Agranular
rh,48139,1,2,allocortex_scope->Agranular
rh,48140,1,2,allocortex_scope->Agranular
rh,48141,1,2,allocortex_scope->Agranular
rh,48142,1,2,allocortex_scope->Agranular
rh,48143,1,2,allocortex_scope->Agranular
rh,48144,1,2,allocortex_scope->Agranular
rh,48145,1,2,allocortex_scope->Agranular
rh,48146,1,2,allocortex_scope->Agranular
rh,48147,1,2,allocortex_scope->Agranular
rh,48148,1,2,allocortex_scope->Agranular
rh,48149,1,2,allocortex_scope->Agranular
rh,48150,1,2,allocortex_scope->Agranular
rh,48151,1,2,allocortex_scope->Agranular
rh,48152,1,2,allocortex_scope->Agranular
rh,48153,1,2,allocortex_scope->Agranular
rh,48154,1,2,allocortex_scope->Agranular
rh,48155,1,2,allocortex_scope->Agranular
rh,48156,1,2,allocortex_scope->Agranular
rh,48157,1,2,allocortex_scope->Agranular
rh,48922,1,2,cingulate_anterior->Agranular
rh,48924,1,2,cingulate_anterior->Agranular
rh,48952,1,2,cingulate_anterior->Agranular
rh,48954,1,2,cingulate_anterior->Agranular
rh,48955,1,2,cingulate_anterior->Agranular
rh,48961,1,2,cingulate_anterior->Agranular
rh,48989,1,3,cingulate_posterior->Dysgranular
rh,49503,1,2,allocortex_scope->Agranular
rh,49504,1,2,allocortex_scope->Agranular
rh,49505,1,2,allocortex_scope->Agranular
rh,49506,1,2,allocortex_scope->Agranular
rh,49507,1,2,allocortex_scope->Agranular
rh,51329,1,2,allocortex_scope->Agranular
rh,51330,1,2,allocortex_scope->Agranular
rh,51331,1,2,allocortex_scope->Agranular
rh,51508,1,2,allocortex_scope->Agranular
rh,51510,1,2,allocortex_scope->Agranular
rh,51636,1,3,cingulate_posterior->Dysgranular
rh,51637,1,3,cingulate_posterior->Dysgranular
rh,51638,1,3,cingulate_posterior->Dysgranular
rh,51639,1,3,cingulate_posterior->Dysgranular
rh,51640,1,3,cingulate_posterior->Dysgranular
rh,51675,1,3,cingulate_posterior->Dysgranular
rh,51676,1,3,cingulate_posterior->Dysgranular
rh,51677,1,3,cingulate_posterior->Dysgranular
rh,51685,1,3,cingulate_posterior->Dysgranular
rh,51708,1,2,allocortex_scope->Agranular
rh,51709,1,2,allocortex_scope->Agranular
rh,51710,1,3,cingulate_posterior->Dysgranular
rh,51714,1,3,cingulate_posterior->Dysgranular
rh,51715,1,2,allocortex_scope->Agranular
rh,51716,1,3,cingulate_posterior->Dysgranular
rh,51717,1,3,cingulate_posterior->Dysgranular
rh,51718,1,3,cingulate_posterior->Dysgranular
rh,51719,1,3,cingulate_posterior->Dysgranular
rh,51723,1,2,allocortex_scope->Agranular
rh,51724,1,2,allocortex_scope->Agranular
rh,51725,1,3,cingulate_posterior->Dysgranular
rh,51726,1,3,cingulate_posterior->Dysgranular
rh,51727,1,3,cingulate_posterior->Dysgranular
rh,51728,1,3,cingulate_posterior->Dysgranular
rh,51729,1,3,cingulate_posterior->Dysgranular
rh,51730,1,2,allocortex_scope->Agranular
rh,51731,1,3,cingulate_posterior->Dysgranular
rh,51732,1,2,allocortex_scope->Agranular
rh,51733,1,2,allocortex_scope->Agranular
rh,52793,1,2,allocortex_scope->Agranular
rh,52794,1,2,allocortex_scope->Agranular
rh,52795,1,2,allocortex_scope->Agranular
rh,52796,1,2,allocortex_scope->Agranular
rh,52797,1,2,allocortex_scope->Agranular
rh,52798,1,2,allocortex_scope->Agranular
rh,52799,1,2,allocortex_scope->Agranular
rh,52803,1,2,allocortex_scope->Agranular
rh,52804,1,2,allocortex_scope->Agranular
rh,52805,1,2,allocortex_scope->Agranular
rh,52806,1,2,allocortex_scope->Agranular
rh,52807,1,2,allocortex_scope->Agranular
rh,52808,1,2,allocortex_scope->Agranular
rh,52809,1,2,allocortex_scope->Agranular
rh,52810,1,2,allocortex_scope->Agranular
rh,52811,1,2,allocortex_scope->Agranular
rh,52812,1,2,allocortex_scope->Agranular
rh,52813,1,2,allocortex_scope->Agranular
rh,52814,1,2,allocortex_scope->Agranular
rh,52823,3,1,Pir->Allocortex(paleocortex)
rh,52824,3,1,Pir->Allocortex(paleocortex)
rh,52825,3,1,Pir->Allocortex(paleocortex)
rh,52827,3,2,topology_buffer
rh,52852,3,2,topology_buffer
rh,52853,3,2,topology_buffer
rh,52854,3,2,topology_buffer
rh,52856,2,1,Pir->Allocortex(paleocortex)
rh,52857,2,1,Pir->Allocortex(paleocortex)
rh,52858,2,1,Pir->Allocortex(paleocortex)
rh,52859,2,1,Pir->Allocortex(paleocortex)
rh,52860,2,1,Pir->Allocortex(paleocortex)
rh,52861,2,1,Pir->Allocortex(paleocortex)
rh,52862,2,1,Pir->Allocortex(paleocortex)
rh,52863,2,1,Pir->Allocortex(paleocortex)
rh,52864,2,1,Pir->Allocortex(paleocortex)
rh,52865,2,1,Pir->Allocortex(paleocortex)
rh,52866,2,1,Pir->Allocortex(paleocortex)
rh,52867,2,1,Pir->Allocortex(paleocortex)
rh,52883,1,2,allocortex_scope->Agranular
rh,52885,1,2,allocortex_scope->Agranular
rh,52887,1,2,allocortex_scope->Agranular
rh,52888,1,2,allocortex_scope->Agranular
rh,52889,1,2,allocortex_scope->Agranular
rh,52893,1,2,allocortex_scope->Agranular
rh,52894,1,2,allocortex_scope->Agranular
rh,52895,1,2,allocortex_scope->Agranular
rh,52896,1,2,allocortex_scope->Agranular
rh,52897,1,2,allocortex_scope->Agranular
rh,52898,1,2,allocortex_scope->Agranular
rh,52899,1,2,allocortex_scope->Agranular
rh,52900,1,2,allocortex_scope->Agranular
rh,52901,1,2,allocortex_scope->Agranular
rh,52902,1,2,allocortex_scope->Agranular
rh,52903,1,2,allocortex_scope->Agranular
rh,52950,1,2,allocortex_scope->Agranular
rh,52951,1,2,allocortex_scope->Agranular
rh,52952,1,2,allocortex_scope->Agranular
rh,52993,1,2,allocortex_scope->Agranular
rh,52994,1,2,allocortex_scope->Agranular
rh,52995,1,2,allocortex_scope->Agranular
rh,52996,1,2,allocortex_scope->Agranular
rh,52997,1,2,allocortex_scope->Agranular
rh,53008,2,3,PHA1->Dysgranular
rh,53009,2,3,PHA1->Dysgranular
rh,53010,2,3,PHA1->Dysgranular
rh,53011,2,3,PHA1->Dysgranular
rh,53012,2,3,PHA1->Dysgranular
rh,53013,2,3,PHA1->Dysgranular
rh,53071,1,2,allocortex_scope->Agranular
rh,53072,1,2,allocortex_scope->Agranular
rh,53073,1,2,allocortex_scope->Agranular
rh,53075,1,2,allocortex_scope->Agranular
rh,53076,1,2,allocortex_scope->Agranular
rh,53077,1,2,allocortex_scope->Agranular
rh,53078,1,3,PHA1->Dysgranular
rh,53079,2,3,PHA1->Dysgranular
rh,53080,2,3,PHA1->Dysgranular
rh,53081,3,2,HABC->Agranular
rh,53082,3,2,HABC->Agranular
rh,53083,3,2,HABC->Agranular
rh,53084,3,2,HABC->Agranular
rh,53085,3,2,HABC->Agranular
rh,53086,3,2,HABC->Agranular
rh,53087,3,2,HABC->Agranular
rh,53094,3,2,HABC->Agranular
rh,53095,3,2,HABC->Agranular
rh,53096,4,3,topology_buffer
rh,53097,4,3,topology_buffer
rh,53108,1,2,allocortex_scope->Agranular
rh,53109,1,2,allocortex_scope->Agranular
rh,53110,1,2,allocortex_scope->Agranular
rh,53111,1,2,allocortex_scope->Agranular
rh,53112,1,2,allocortex_scope->Agranular
rh,53113,1,2,allocortex_scope->Agranular
rh,53114,1,2,allocortex_scope->Agranular
rh,53115,1,2,allocortex_scope->Agranular
rh,53116,1,2,allocortex_scope->Agranular
rh,53117,1,2,allocortex_scope->Agranular
rh,53118,1,2,allocortex_scope->Agranular
rh,53124,3,2,Perirhinal->Agranular
rh,53125,3,2,Perirhinal->Agranular
rh,54287,1,2,allocortex_scope->Agranular
rh,54288,1,2,allocortex_scope->Agranular
rh,54289,1,2,allocortex_scope->Agranular
rh,54290,1,2,allocortex_scope->Agranular
rh,54291,1,2,allocortex_scope->Agranular
rh,54292,1,2,allocortex_scope->Agranular
rh,54570,1,2,cingulate_anterior->Agranular
rh,54571,1,2,cingulate_anterior->Agranular
rh,54572,1,2,cingulate_anterior->Agranular
rh,54728,1,2,allocortex_scope->Agranular
rh,54730,1,2,allocortex_scope->Agranular
rh,55383,1,2,allocortex_scope->Agranular
rh,55384,1,2,allocortex_scope->Agranular
rh,55398,1,2,allocortex_scope->Agranular
rh,55399,1,2,allocortex_scope->Agranular
rh,55400,1,2,allocortex_scope->Agranular
rh,55440,1,3,cingulate_posterior->Dysgranular
rh,55442,1,3,cingulate_posterior->Dysgranular
rh,55443,1,3,cingulate_posterior->Dysgranular
rh,55444,1,3,cingulate_posterior->Dysgranular
rh,55445,1,3,cingulate_posterior->Dysgranular
rh,55446,1,3,cingulate_posterior->Dysgranular
rh,55447,1,3,cingulate_posterior->Dysgranular
rh,55849,4,3,topology_buffer
rh,55850,4,3,topology_buffer
rh,55851,4,2,topology_buffer
rh,55852,4,3,topology_buffer
rh,55924,1,2,allocortex_scope->Agranular
rh,55928,1,2,allocortex_scope->Agranular
rh,55929,1,2,allocortex_scope->Agranular
rh,55930,1,2,allocortex_scope->Agranular
rh,55931,1,2,allocortex_scope->Agranular
rh,55932,1,2,allocortex_scope->Agranular
rh,55933,1,2,allocortex_scope->Agranular
rh,55934,1,2,allocortex_scope->Agranular
rh,55935,1,2,allocortex_scope->Agranular
rh,55936,1,2,allocortex_scope->Agranular
rh,55937,1,2,allocortex_scope->Agranular
rh,55938,1,2,allocortex_scope->Agranular
rh,55939,1,2,allocortex_scope->Agranular
rh,55940,1,2,allocortex_scope->Agranular
rh,55941,1,2,allocortex_scope->Agranular
rh,55942,1,2,allocortex_scope->Agranular
rh,56521,1,2,allocortex_scope->Agranular
rh,56526,1,2,allocortex_scope->Agranular
rh,57180,1,2,cingulate_anterior->Agranular
rh,57183,1,2,allocortex_scope->Agranular
rh,57184,1,2,allocortex_scope->Agranular
rh,57185,1,2,allocortex_scope->Agranular
rh,57187,1,2,allocortex_scope->Agranular
rh,57188,1,2,allocortex_scope->Agranular
rh,57189,1,2,allocortex_scope->Agranular
rh,57190,1,2,cingulate_anterior->Agranular
rh,57191,1,2,cingulate_anterior->Agranular
rh,57735,1,2,allocortex_scope->Agranular
rh,57736,1,2,allocortex_scope->Agranular
rh,57737,1,2,allocortex_scope->Agranular
rh,57738,1,2,allocortex_scope->Agranular
rh,57739,1,2,allocortex_scope->Agranular
rh,57740,1,2,allocortex_scope->Agranular
rh,57741,1,2,allocortex_scope->Agranular
rh,57742,1,2,allocortex_scope->Agranular
rh,57743,1,2,allocortex_scope->Agranular
rh,57744,1,2,allocortex_scope->Agranular
rh,57745,1,2,allocortex_scope->Agranular
rh,57746,1,2,allocortex_scope->Agranular
rh,57747,1,2,allocortex_scope->Agranular
rh,57748,1,2,allocortex_scope->Agranular
rh,57749,1,2,allocortex_scope->Agranular
rh,57750,1,2,allocortex_scope->Agranular
rh,57751,1,2,allocortex_scope->Agranular
rh,57752,1,2,allocortex_scope->Agranular
rh,57753,1,2,allocortex_scope->Agranular
rh,57754,1,2,allocortex_scope->Agranular
rh,57755,1,2,allocortex_scope->Agranular
rh,57756,1,2,allocortex_scope->Agranular
rh,57757,1,2,allocortex_scope->Agranular
rh,58522,1,2,cingulate_anterior->Agranular
rh,58523,1,2,cingulate_anterior->Agranular
rh,58524,1,2,cingulate_anterior->Agranular
rh,58525,1,2,cingulate_anterior->Agranular
rh,58526,1,2,cingulate_anterior->Agranular
rh,58527,1,2,cingulate_anterior->Agranular
rh,58598,1,3,cingulate_posterior->Dysgranular
rh,58599,1,3,cingulate_posterior->Dysgranular
rh,58600,1,3,cingulate_posterior->Dysgranular
rh,58601,1,3,cingulate_posterior->Dysgranular
rh,58602,1,3,cingulate_posterior->Dysgranular
rh,58603,1,3,cingulate_posterior->Dysgranular
rh,58604,1,3,cingulate_posterior->Dysgranular
rh,58605,1,3,cingulate_posterior->Dysgranular
rh,58606,1,3,cingulate_posterior->Dysgranular
rh,58607,1,3,cingulate_posterior->Dysgranular
rh,59104,1,2,allocortex_scope->Agranular
rh,59105,1,2,allocortex_scope->Agranular
rh,59106,1,2,allocortex_scope->Agranular
rh,59107,1,2,allocortex_scope->Agranular
rh,60929,1,2,allocortex_scope->Agranular
rh,60930,1,2,allocortex_scope->Agranular
rh,60931,1,2,allocortex_scope->Agranular
rh,61239,1,3,cingulate_posterior->Dysgranular
rh,61242,1,3,cingulate_posterior->Dysgranular
rh,61243,1,3,cingulate_posterior->Dysgranular
rh,61244,1,3,cingulate_posterior->Dysgranular
rh,61245,1,3,cingulate_posterior->Dysgranular
rh,61246,1,3,cingulate_posterior->Dysgranular
rh,61247,1,3,cingulate_posterior->Dysgranular
rh,61256,1,3,cingulate_posterior->Dysgranular
rh,61257,1,3,cingulate_posterior->Dysgranular
rh,61258,1,3,cingulate_posterior->Dysgranular
rh,61259,1,3,cingulate_posterior->Dysgranular
rh,61276,1,3,cingulate_posterior->Dysgranular
rh,61277,1,3,cingulate_posterior->Dysgranular
rh,61278,1,3,cingulate_posterior->Dysgranular
rh,61279,1,3,cingulate_posterior->Dysgranular
rh,61280,1,3,cingulate_posterior->Dysgranular
rh,61281,1,3,cingulate_posterior->Dysgranular
rh,61282,1,3,cingulate_posterior->Dysgranular
rh,61283,1,3,cingulate_posterior->Dysgranular
rh,61284,1,3,cingulate_posterior->Dysgranular
rh,61286,1,3,cingulate_posterior->Dysgranular
rh,61287,1,3,cingulate_posterior->Dysgranular
rh,61288,1,3,cingulate_posterior->Dysgranular
rh,61289,1,3,cingulate_posterior->Dysgranular
rh,61311,1,2,allocortex_scope->Agranular
rh,61312,1,2,allocortex_scope->Agranular
rh,61313,1,2,allocortex_scope->Agranular
rh,61314,1,2,allocortex_scope->Agranular
rh,61316,1,2,allocortex_scope->Agranular
rh,61317,1,2,allocortex_scope->Agranular
rh,61318,1,2,allocortex_scope->Agranular
rh,61319,1,2,allocortex_scope->Agranular
rh,61327,1,2,allocortex_scope->Agranular
rh,61328,1,2,allocortex_scope->Agranular
rh,61329,1,2,allocortex_scope->Agranular
rh,61330,1,2,allocortex_scope->Agranular
rh,61331,1,2,allocortex_scope->Agranular
rh,61332,1,2,allocortex_scope->Agranular
rh,61333,1,2,allocortex_scope->Agranular
rh,62377,3,2,topology_buffer
rh,62398,1,2,allocortex_scope->Agranular
rh,62399,1,2,allocortex_scope->Agranular
rh,62406,1,2,allocortex_scope->Agranular
rh,62407,1,2,allocortex_scope->Agranular
rh,62408,1,2,allocortex_scope->Agranular
rh,62409,1,2,allocortex_scope->Agranular
rh,62411,1,2,allocortex_scope->Agranular
rh,62412,1,2,allocortex_scope->Agranular
rh,62413,1,2,allocortex_scope->Agranular
rh,62414,1,2,allocortex_scope->Agranular
rh,62423,3,1,Pir->Allocortex(paleocortex)
rh,62424,3,1,Pir->Allocortex(paleocortex)
rh,62425,3,1,Pir->Allocortex(paleocortex)
rh,62426,3,1,Pir->Allocortex(paleocortex)
rh,62427,3,1,Pir->Allocortex(paleocortex)
rh,62428,3,1,Pir->Allocortex(paleocortex)
rh,62429,3,1,Pir->Allocortex(paleocortex)
rh,62430,3,2,topology_buffer
rh,62432,3,2,topology_buffer
rh,62433,3,2,topology_buffer
rh,62435,3,2,topology_buffer
rh,62436,3,2,topology_buffer
rh,62437,3,1,Pir->Allocortex(paleocortex)
rh,62457,2,1,Pir->Allocortex(paleocortex)
rh,62459,2,1,Pir->Allocortex(paleocortex)
rh,62461,2,1,Pir->Allocortex(paleocortex)
rh,62466,2,1,Pir->Allocortex(paleocortex)
rh,62488,1,2,allocortex_scope->Agranular
rh,62489,1,2,allocortex_scope->Agranular
rh,62490,1,2,allocortex_scope->Agranular
rh,62491,1,2,allocortex_scope->Agranular
rh,62492,1,2,allocortex_scope->Agranular
rh,62493,1,2,allocortex_scope->Agranular
rh,62494,1,2,allocortex_scope->Agranular
rh,62495,1,2,allocortex_scope->Agranular
rh,62496,1,2,allocortex_scope->Agranular
rh,62497,1,2,allocortex_scope->Agranular
rh,62498,1,2,allocortex_scope->Agranular
rh,62499,1,2,allocortex_scope->Agranular
rh,62500,1,2,allocortex_scope->Agranular
rh,62501,1,2,allocortex_scope->Agranular
rh,62502,1,2,allocortex_scope->Agranular
rh,62503,1,2,allocortex_scope->Agranular
rh,62504,1,2,allocortex_scope->Agranular
rh,62606,1,2,allocortex_scope->Agranular
rh,62607,1,2,allocortex_scope->Agranular
rh,62608,1,2,allocortex_scope->Agranular
rh,62610,2,3,PHA1->Dysgranular
rh,62611,2,3,PHA1->Dysgranular
rh,62612,2,3,PHA1->Dysgranular
rh,62613,2,3,PHA1->Dysgranular
rh,62614,2,3,PHA1->Dysgranular
rh,62615,2,3,PHA1->Dysgranular
rh,62616,2,3,PHA1->Dysgranular
rh,62617,2,3,PHA1->Dysgranular
rh,62671,1,2,allocortex_scope->Agranular
rh,62672,1,2,allocortex_scope->Agranular
rh,62673,1,2,Perirhinal->Agranular
rh,62678,2,3,PHA1->Dysgranular
rh,62679,2,3,PHA1->Dysgranular
rh,62680,2,3,PHA1->Dysgranular
rh,62685,3,2,HABC->Agranular
rh,62686,3,2,HABC->Agranular
rh,62687,3,2,HABC->Agranular
rh,62688,3,2,HABC->Agranular
rh,62689,3,2,HABC->Agranular
rh,62690,3,2,HABC->Agranular
rh,62691,3,2,HABC->Agranular
rh,62692,3,2,HABC->Agranular
rh,62693,3,2,HABC->Agranular
rh,62694,3,2,HABC->Agranular
rh,62695,3,2,HABC->Agranular
rh,62696,3,2,HABC->Agranular
rh,62697,3,2,HABC->Agranular
rh,62698,3,2,HABC->Agranular
rh,62699,3,2,HABC->Agranular
rh,62700,3,2,HABC->Agranular
rh,62701,3,2,HABC->Agranular
rh,62702,3,2,HABC->Agranular
rh,62703,3,2,Perirhinal->Agranular
rh,62704,3,2,Perirhinal->Agranular
rh,62705,3,2,Perirhinal->Agranular
rh,62707,3,2,Perirhinal->Agranular
rh,62708,1,2,allocortex_scope->Agranular
rh,62709,1,2,allocortex_scope->Agranular
rh,62710,1,2,allocortex_scope->Agranular
rh,62711,1,2,allocortex_scope->Agranular
rh,62712,1,2,allocortex_scope->Agranular
rh,62713,1,2,allocortex_scope->Agranular
rh,62714,1,2,allocortex_scope->Agranular
rh,62715,1,2,allocortex_scope->Agranular
rh,62727,3,2,Perirhinal->Agranular
rh,64375,1,2,allocortex_scope->Agranular
rh,64379,1,2,cingulate_anterior->Agranular
rh,64386,1,2,cingulate_anterior->Agranular
rh,64388,1,2,cingulate_anterior->Agranular
rh,64938,1,2,allocortex_scope->Agranular
rh,64939,1,2,allocortex_scope->Agranular
rh,64940,1,2,allocortex_scope->Agranular
rh,64941,1,2,allocortex_scope->Agranular
rh,64942,1,2,allocortex_scope->Agranular
rh,64943,1,2,allocortex_scope->Agranular
rh,64944,1,2,allocortex_scope->Agranular
rh,64945,1,2,allocortex_scope->Agranular
rh,64946,1,2,allocortex_scope->Agranular
rh,64947,1,2,allocortex_scope->Agranular
rh,64948,1,2,allocortex_scope->Agranular
rh,64949,1,2,allocortex_scope->Agranular
rh,64950,1,2,allocortex_scope->Agranular
rh,64951,1,2,allocortex_scope->Agranular
rh,64952,1,2,allocortex_scope->Agranular
rh,64953,1,2,allocortex_scope->Agranular
rh,64954,1,2,allocortex_scope->Agranular
rh,64956,1,2,allocortex_scope->Agranular
rh,65724,1,2,cingulate_anterior->Agranular
rh,65725,1,2,cingulate_anterior->Agranular
rh,65726,1,2,cingulate_anterior->Agranular
rh,65727,1,2,cingulate_anterior->Agranular
rh,65728,1,2,cingulate_anterior->Agranular
rh,65729,1,2,cingulate_anterior->Agranular
rh,65731,1,2,cingulate_anterior->Agranular
rh,65732,1,2,cingulate_anterior->Agranular
rh,65733,1,2,cingulate_anterior->Agranular
rh,65734,1,2,cingulate_anterior->Agranular
rh,65735,1,2,cingulate_anterior->Agranular
rh,65736,1,2,cingulate_anterior->Agranular
rh,65747,1,2,cingulate_anterior->Agranular
rh,65749,1,2,cingulate_anterior->Agranular
rh,65750,1,2,cingulate_anterior->Agranular
rh,65751,1,2,cingulate_anterior->Agranular
rh,65798,1,2,cingulate_anterior->Agranular
rh,65799,1,2,cingulate_anterior->Agranular
rh,65800,1,2,cingulate_anterior->Agranular
rh,65801,1,2,cingulate_anterior->Agranular
rh,65802,1,2,cingulate_anterior->Agranular
rh,65803,1,2,cingulate_anterior->Agranular
rh,65804,1,2,cingulate_anterior->Agranular
rh,65805,1,2,cingulate_anterior->Agranular
rh,65806,1,2,cingulate_anterior->Agranular
rh,65807,1,2,cingulate_anterior->Agranular
rh,68282,1,2,allocortex_scope->Agranular
rh,68284,1,2,allocortex_scope->Agranular
rh,68285,1,2,allocortex_scope->Agranular
rh,68286,1,2,allocortex_scope->Agranular
rh,68422,1,3,cingulate_posterior->Dysgranular
rh,69570,3,2,topology_buffer
rh,69571,3,2,topology_buffer
rh,69618,4,1,Pir->Allocortex(paleocortex)
rh,69619,3,1,Pir->Allocortex(paleocortex)
rh,69620,3,1,Pir->Allocortex(paleocortex)
rh,69621,3,1,Pir->Allocortex(paleocortex)
rh,69622,3,1,Pir->Allocortex(paleocortex)
rh,69623,4,2,topology_buffer
rh,69624,4,2,topology_buffer
rh,69625,4,1,Pir->Allocortex(paleocortex)
rh,69626,4,1,Pir->Allocortex(paleocortex)
rh,69627,4,1,Pir->Allocortex(paleocortex)
rh,69628,4,1,Pir->Allocortex(paleocortex)
rh,69629,3,1,Pir->Allocortex(paleocortex)
rh,69630,3,1,Pir->Allocortex(paleocortex)
rh,69631,3,1,Pir->Allocortex(paleocortex)
rh,69632,3,1,Pir->Allocortex(paleocortex)
rh,69633,3,1,Pir->Allocortex(paleocortex)
rh,69634,3,1,Pir->Allocortex(paleocortex)
rh,69635,3,1,Pir->Allocortex(paleocortex)
rh,69636,3,1,Pir->Allocortex(paleocortex)
rh,69637,3,1,Pir->Allocortex(paleocortex)
rh,69869,1,2,allocortex_scope->Agranular
rh,69870,1,2,allocortex_scope->Agranular
rh,69871,1,2,allocortex_scope->Agranular
rh,69872,1,2,allocortex_scope->Agranular
rh,69873,1,2,allocortex_scope->Agranular
rh,69874,1,2,allocortex_scope->Agranular
rh,69875,1,2,allocortex_scope->Agranular
rh,69876,1,2,allocortex_scope->Agranular
rh,69877,1,2,allocortex_scope->Agranular
rh,69878,1,2,allocortex_scope->Agranular
rh,69879,1,2,allocortex_scope->Agranular
rh,69880,1,2,Perirhinal->Agranular
rh,69881,1,2,Perirhinal->Agranular
rh,69882,1,2,Perirhinal->Agranular
rh,69893,1,2,Perirhinal->Agranular
rh,69894,1,2,Perirhinal->Agranular
rh,69895,1,2,Perirhinal->Agranular
rh,69899,2,3,PHA1->Dysgranular
rh,69905,3,2,HABC->Agranular
rh,69906,3,2,HABC->Agranular
rh,69907,3,2,HABC->Agranular
rh,69908,1,2,allocortex_scope->Agranular
rh,69909,1,2,allocortex_scope->Agranular
rh,69910,1,2,allocortex_scope->Agranular
rh,69911,1,2,allocortex_scope->Agranular
rh,69912,1,2,allocortex_scope->Agranular
rh,69913,1,2,allocortex_scope->Agranular
rh,69914,1,2,allocortex_scope->Agranular
rh,69915,1,2,allocortex_scope->Agranular
rh,69917,1,2,allocortex_scope->Agranular
rh,69936,3,2,Perirhinal->Agranular
rh,71102,1,2,cingulate_anterior->Agranular
rh,71103,1,2,cingulate_anterior->Agranular
rh,71104,1,2,cingulate_anterior->Agranular
rh,71105,1,2,cingulate_anterior->Agranular
rh,71106,1,2,cingulate_anterior->Agranular
rh,71111,1,2,cingulate_anterior->Agranular
rh,71112,1,2,cingulate_anterior->Agranular
rh,71113,1,2,cingulate_anterior->Agranular
rh,71114,1,2,cingulate_anterior->Agranular
rh,71115,1,2,cingulate_anterior->Agranular
rh,71116,1,2,cingulate_anterior->Agranular
rh,71229,1,2,cingulate_anterior->Agranular
rh,71230,1,2,cingulate_anterior->Agranular
rh,71231,1,2,cingulate_anterior->Agranular
rh,71232,1,2,cingulate_anterior->Agranular
rh,71648,1,2,allocortex_scope->Agranular
rh,71674,1,2,allocortex_scope->Agranular
rh,71676,1,2,allocortex_scope->Agranular
rh,71677,1,2,allocortex_scope->Agranular
rh,71678,1,2,allocortex_scope->Agranular
rh,71680,1,2,allocortex_scope->Agranular
rh,71693,1,2,allocortex_scope->Agranular
rh,71694,1,2,allocortex_scope->Agranular
rh,71695,1,2,allocortex_scope->Agranular
rh,71696,1,2,allocortex_scope->Agranular
rh,71697,1,2,allocortex_scope->Agranular
rh,71698,1,2,allocortex_scope->Agranular
rh,71701,1,2,allocortex_scope->Agranular
rh,71702,1,2,allocortex_scope->Agranular
rh,71703,1,2,allocortex_scope->Agranular
rh,71704,1,2,allocortex_scope->Agranular
rh,71705,1,2,allocortex_scope->Agranular
rh,71706,1,2,allocortex_scope->Agranular
rh,71707,1,2,allocortex_scope->Agranular
rh,73653,1,2,allocortex_scope->Agranular
rh,74993,3,2,topology_buffer
rh,75281,1,2,allocortex_scope->Agranular
rh,75282,1,2,allocortex_scope->Agranular
rh,75283,1,2,allocortex_scope->Agranular
rh,75284,1,2,allocortex_scope->Agranular
rh,75285,1,2,allocortex_scope->Agranular
rh,75286,1,2,allocortex_scope->Agranular
rh,75287,1,2,allocortex_scope->Agranular
rh,75288,1,2,allocortex_scope->Agranular
rh,75289,1,2,allocortex_scope->Agranular
rh,75290,1,2,allocortex_scope->Agranular
rh,75291,1,2,allocortex_scope->Agranular
rh,75292,1,2,allocortex_scope->Agranular
rh,75293,1,2,allocortex_scope->Agranular
rh,75294,1,2,allocortex_scope->Agranular
rh,75295,1,2,allocortex_scope->Agranular
rh,75296,1,2,allocortex_scope->Agranular
rh,75297,1,2,allocortex_scope->Agranular
rh,75298,1,2,allocortex_scope->Agranular
rh,75299,1,2,allocortex_scope->Agranular
rh,75300,1,2,allocortex_scope->Agranular
rh,75301,1,2,allocortex_scope->Agranular
rh,75302,1,2,allocortex_scope->Agranular
rh,75303,1,2,allocortex_scope->Agranular
rh,75304,1,2,allocortex_scope->Agranular
rh,75305,1,2,allocortex_scope->Agranular
rh,75306,1,2,allocortex_scope->Agranular
rh,75307,1,2,allocortex_scope->Agranular
rh,75308,1,2,allocortex_scope->Agranular
rh,75309,1,2,allocortex_scope->Agranular
rh,75310,1,2,allocortex_scope->Agranular
rh,75311,1,2,allocortex_scope->Agranular
rh,75312,1,2,allocortex_scope->Agranular
rh,75313,1,2,allocortex_scope->Agranular
rh,75314,1,2,allocortex_scope->Agranular
rh,75315,1,2,allocortex_scope->Agranular
rh,75316,1,2,allocortex_scope->Agranular
rh,75317,1,2,allocortex_scope->Agranular
rh,75318,1,2,allocortex_scope->Agranular
rh,75319,1,2,allocortex_scope->Agranular
rh,75320,1,2,allocortex_scope->Agranular
rh,75321,1,2,allocortex_scope->Agranular
rh,75322,1,2,allocortex_scope->Agranular
rh,75323,1,2,allocortex_scope->Agranular
rh,75324,1,2,allocortex_scope->Agranular
rh,75325,1,2,allocortex_scope->Agranular
rh,75326,1,2,allocortex_scope->Agranular
rh,75327,1,2,allocortex_scope->Agranular
rh,75328,1,2,allocortex_scope->Agranular
rh,75329,1,2,allocortex_scope->Agranular
rh,75330,1,2,allocortex_scope->Agranular
rh,75331,1,2,allocortex_scope->Agranular
rh,75332,1,2,allocortex_scope->Agranular
rh,75333,1,2,allocortex_scope->Agranular
rh,75334,1,2,allocortex_scope->Agranular
rh,75335,1,2,allocortex_scope->Agranular
rh,75336,1,2,allocortex_scope->Agranular
rh,75337,1,2,allocortex_scope->Agranular
rh,75338,1,2,allocortex_scope->Agranular
rh,75339,1,2,allocortex_scope->Agranular
rh,75340,1,2,allocortex_scope->Agranular
rh,75341,1,2,allocortex_scope->Agranular
rh,75342,1,2,allocortex_scope->Agranular
rh,75343,1,2,allocortex_scope->Agranular
rh,75344,1,2,allocortex_scope->Agranular
rh,75345,1,2,allocortex_scope->Agranular
rh,75346,1,2,allocortex_scope->Agranular
rh,75347,1,2,allocortex_scope->Agranular
rh,75348,1,2,allocortex_scope->Agranular
rh,75349,1,2,allocortex_scope->Agranular
rh,77670,1,2,cingulate_anterior->Agranular
rh,77671,1,2,cingulate_anterior->Agranular
rh,77672,1,2,cingulate_anterior->Agranular
rh,77745,1,2,cingulate_anterior->Agranular
rh,77762,1,2,cingulate_anterior->Agranular
rh,77764,1,2,cingulate_anterior->Agranular
rh,77845,1,3,cingulate_posterior->Dysgranular
rh,77846,1,3,cingulate_posterior->Dysgranular
rh,77847,1,3,cingulate_posterior->Dysgranular
rh,77848,1,3,cingulate_posterior->Dysgranular
rh,77849,1,3,cingulate_posterior->Dysgranular
rh,77881,1,3,cingulate_posterior->Dysgranular
rh,77903,1,3,cingulate_posterior->Dysgranular
rh,77904,1,3,cingulate_posterior->Dysgranular
rh,77905,1,3,cingulate_posterior->Dysgranular
rh,77906,1,3,cingulate_posterior->Dysgranular
rh,77907,1,3,cingulate_posterior->Dysgranular
rh,77908,1,3,cingulate_posterior->Dysgranular
rh,77909,1,3,cingulate_posterior->Dysgranular
rh,77910,1,3,cingulate_posterior->Dysgranular
rh,77911,1,3,cingulate_posterior->Dysgranular
rh,77912,1,3,cingulate_posterior->Dysgranular
rh,79391,1,2,allocortex_scope->Agranular
rh,79397,1,2,allocortex_scope->Agranular
rh,79398,1,2,allocortex_scope->Agranular
rh,79399,1,2,allocortex_scope->Agranular
rh,79400,1,2,allocortex_scope->Agranular
rh,79401,1,2,allocortex_scope->Agranular
rh,79402,1,2,allocortex_scope->Agranular
rh,84870,1,3,cingulate_posterior->Dysgranular
rh,84871,1,3,cingulate_posterior->Dysgranular
rh,84872,1,2,allocortex_scope->Agranular
rh,84873,1,2,allocortex_scope->Agranular
rh,84874,1,2,allocortex_scope->Agranular
rh,84875,1,2,allocortex_scope->Agranular
rh,84876,1,2,allocortex_scope->Agranular
rh,84877,1,2,allocortex_scope->Agranular
rh,84878,1,2,allocortex_scope->Agranular
rh,84879,1,2,allocortex_scope->Agranular
rh,84880,1,2,allocortex_scope->Agranular
rh,84881,1,2,allocortex_scope->Agranular
rh,84882,1,2,allocortex_scope->Agranular
rh,84883,1,2,allocortex_scope->Agranular
rh,84884,1,2,allocortex_scope->Agranular
rh,85388,1,2,allocortex_scope->Agranular
rh,85391,1,2,allocortex_scope->Agranular
rh,85392,1,2,allocortex_scope->Agranular
rh,85393,1,2,allocortex_scope->Agranular
rh,85394,1,2,allocortex_scope->Agranular
rh,85398,1,2,allocortex_scope->Agranular
rh,85400,1,2,allocortex_scope->Agranular
rh,85401,1,2,allocortex_scope->Agranular
rh,85402,1,2,allocortex_scope->Agranular
rh,85404,1,2,allocortex_scope->Agranular
rh,85412,1,2,allocortex_scope->Agranular
rh,85413,1,2,allocortex_scope->Agranular
rh,85414,1,2,allocortex_scope->Agranular
rh,85415,1,2,allocortex_scope->Agranular
rh,85416,1,2,allocortex_scope->Agranular
rh,85754,1,3,cingulate_posterior->Dysgranular
rh,85755,1,3,cingulate_posterior->Dysgranular
rh,85762,1,3,cingulate_posterior->Dysgranular
rh,85763,1,3,cingulate_posterior->Dysgranular
rh,85764,1,3,cingulate_posterior->Dysgranular
rh,85766,1,3,cingulate_posterior->Dysgranular
rh,85767,1,3,cingulate_posterior->Dysgranular
rh,85768,1,3,cingulate_posterior->Dysgranular
rh,85769,1,3,cingulate_posterior->Dysgranular
rh,85770,1,3,cingulate_posterior->Dysgranular
rh,85787,1,3,cingulate_posterior->Dysgranular
rh,85788,1,3,cingulate_posterior->Dysgranular
rh,85801,1,3,cingulate_posterior->Dysgranular
rh,85802,1,3,cingulate_posterior->Dysgranular
rh,85823,1,3,cingulate_posterior->Dysgranular
rh,85844,1,3,cingulate_posterior->Dysgranular
rh,85845,1,3,cingulate_posterior->Dysgranular
rh,85846,1,3,cingulate_posterior->Dysgranular
rh,85848,1,3,cingulate_posterior->Dysgranular
rh,85850,1,3,cingulate_posterior->Dysgranular
rh,85905,1,3,cingulate_posterior->Dysgranular
rh,85906,1,3,cingulate_posterior->Dysgranular
rh,85907,1,3,cingulate_posterior->Dysgranular
rh,85908,1,3,cingulate_posterior->Dysgranular
rh,85909,1,3,cingulate_posterior->Dysgranular
rh,85910,1,3,cingulate_posterior->Dysgranular
rh,85913,1,3,cingulate_posterior->Dysgranular
rh,85914,1,3,cingulate_posterior->Dysgranular
rh,85915,1,3,cingulate_posterior->Dysgranular
rh,86001,1,2,allocortex_scope->Agranular
rh,86006,1,3,cingulate_posterior->Dysgranular
rh,86007,1,2,allocortex_scope->Agranular
rh,86008,1,3,cingulate_posterior->Dysgranular
rh,86009,1,3,cingulate_posterior->Dysgranular
rh,86010,1,3,cingulate_posterior->Dysgranular
rh,86025,1,3,cingulate_posterior->Dysgranular
rh,86026,1,3,cingulate_posterior->Dysgranular
rh,86027,1,3,cingulate_posterior->Dysgranular
rh,86046,1,2,allocortex_scope->Agranular
rh,86051,1,2,allocortex_scope->Agranular
rh,86052,1,2,allocortex_scope->Agranular
rh,86053,1,2,allocortex_scope->Agranular
rh,86054,1,2,allocortex_scope->Agranular
rh,86055,1,3,cingulate_posterior->Dysgranular
rh,86056,1,3,cingulate_posterior->Dysgranular
rh,86057,1,3,cingulate_posterior->Dysgranular
rh,86070,1,2,allocortex_scope->Agranular
rh,86071,1,3,cingulate_posterior->Dysgranular
rh,86072,1,3,cingulate_posterior->Dysgranular
rh,86073,1,3,cingulate_posterior->Dysgranular
rh,86074,1,3,cingulate_posterior->Dysgranular
rh,86080,1,3,cingulate_posterior->Dysgranular
rh,89187,1,2,allocortex_scope->Agranular
rh,89188,1,2,allocortex_scope->Agranular
rh,89189,1,2,allocortex_scope->Agranular
rh,89213,3,1,Pir->Allocortex(paleocortex)
rh,89214,3,1,Pir->Allocortex(paleocortex)
rh,89215,3,1,Pir->Allocortex(paleocortex)
rh,89217,3,2,topology_buffer
rh,89218,3,2,topology_buffer
rh,89219,3,1,Pir->Allocortex(paleocortex)
rh,89220,3,1,Pir->Allocortex(paleocortex)
rh,89227,3,2,topology_buffer
rh,89253,1,2,allocortex_scope->Agranular
rh,89255,1,2,allocortex_scope->Agranular
rh,89256,1,2,allocortex_scope->Agranular
rh,89257,1,2,allocortex_scope->Agranular
rh,89258,1,2,allocortex_scope->Agranular
rh,89259,1,2,allocortex_scope->Agranular
rh,89260,1,2,allocortex_scope->Agranular
rh,89261,1,2,allocortex_scope->Agranular
rh,89262,1,2,allocortex_scope->Agranular
rh,89263,1,2,allocortex_scope->Agranular
rh,89264,1,2,allocortex_scope->Agranular
rh,89265,1,2,allocortex_scope->Agranular
rh,89266,1,2,allocortex_scope->Agranular
rh,89267,1,2,allocortex_scope->Agranular
rh,89268,1,2,allocortex_scope->Agranular
rh,89269,1,2,allocortex_scope->Agranular
rh,89270,1,2,allocortex_scope->Agranular
rh,89286,1,2,allocortex_scope->Agranular
rh,89287,1,2,allocortex_scope->Agranular
rh,89288,1,2,allocortex_scope->Agranular
rh,89290,1,2,allocortex_scope->Agranular
rh,89291,1,2,allocortex_scope->Agranular
rh,89292,1,2,allocortex_scope->Agranular
rh,89293,1,2,allocortex_scope->Agranular
rh,89294,1,2,allocortex_scope->Agranular
rh,89295,1,2,allocortex_scope->Agranular
rh,89296,1,2,allocortex_scope->Agranular
rh,89297,1,2,allocortex_scope->Agranular
rh,89298,1,2,allocortex_scope->Agranular
rh,89299,1,2,allocortex_scope->Agranular
rh,89300,1,2,allocortex_scope->Agranular
rh,89301,1,2,allocortex_scope->Agranular
rh,89302,1,2,allocortex_scope->Agranular
rh,89305,1,2,allocortex_scope->Agranular
rh,89306,1,2,allocortex_scope->Agranular
rh,89307,1,2,allocortex_scope->Agranular
rh,89308,1,2,allocortex_scope->Agranular
rh,89309,1,2,allocortex_scope->Agranular
rh,89310,1,2,allocortex_scope->Agranular
rh,89311,1,2,allocortex_scope->Agranular
rh,89312,1,2,allocortex_scope->Agranular
rh,89313,1,2,allocortex_scope->Agranular
rh,89314,1,2,allocortex_scope->Agranular
rh,89315,1,2,allocortex_scope->Agranular
rh,89316,1,2,allocortex_scope->Agranular
rh,89317,1,2,allocortex_scope->Agranular
rh,89318,1,2,allocortex_scope->Agranular
rh,89319,1,2,allocortex_scope->Agranular
rh,89320,1,2,allocortex_scope->Agranular
rh,89321,1,2,allocortex_scope->Agranular
rh,89322,1,2,allocortex_scope->Agranular
rh,89323,1,2,allocortex_scope->Agranular
rh,89324,1,2,allocortex_scope->Agranular
rh,89348,3,2,topology_buffer
rh,89349,3,2,topology_buffer
rh,89350,3,1,Pir->Allocortex(paleocortex)
rh,89351,3,1,Pir->Allocortex(paleocortex)
rh,89352,3,2,topology_buffer
rh,89353,3,2,topology_buffer
rh,89355,3,2,topology_buffer
rh,89356,3,1,Pir->Allocortex(paleocortex)
rh,89357,3,1,Pir->Allocortex(paleocortex)
rh,89358,3,1,Pir->Allocortex(paleocortex)
rh,89359,3,2,topology_buffer
rh,89360,3,2,topology_buffer
rh,89361,3,2,topology_buffer
rh,89362,3,2,topology_buffer
rh,89413,3,2,topology_buffer
rh,89414,3,1,Pir->Allocortex(paleocortex)
rh,89415,3,2,topology_buffer
rh,89434,3,2,topology_buffer
rh,89436,3,2,topology_buffer
rh,89437,3,2,topology_buffer
rh,89438,3,1,Pir->Allocortex(paleocortex)
rh,89439,3,1,Pir->Allocortex(paleocortex)
rh,89440,3,1,Pir->Allocortex(paleocortex)
rh,89441,2,1,Pir->Allocortex(paleocortex)
rh,89442,2,1,Pir->Allocortex(paleocortex)
rh,89443,2,1,Pir->Allocortex(paleocortex)
rh,89444,2,1,Pir->Allocortex(paleocortex)
rh,89445,2,1,Pir->Allocortex(paleocortex)
rh,89446,2,1,Pir->Allocortex(paleocortex)
rh,89447,2,1,Pir->Allocortex(paleocortex)
rh,89448,2,1,Pir->Allocortex(paleocortex)
rh,89449,2,1,Pir->Allocortex(paleocortex)
rh,89450,2,1,Pir->Allocortex(paleocortex)
rh,89451,2,1,Pir->Allocortex(paleocortex)
rh,89452,2,1,Pir->Allocortex(paleocortex)
rh,89453,2,1,Pir->Allocortex(paleocortex)
rh,89463,2,1,Pir->Allocortex(paleocortex)
rh,89468,2,1,Pir->Allocortex(paleocortex)
rh,89469,2,1,Pir->Allocortex(paleocortex)
rh,89470,2,1,Pir->Allocortex(paleocortex)
rh,89471,2,1,Pir->Allocortex(paleocortex)
rh,89472,2,1,Pir->Allocortex(paleocortex)
rh,89473,2,1,Pir->Allocortex(paleocortex)
rh,89474,2,1,Pir->Allocortex(paleocortex)
rh,89475,2,1,Pir->Allocortex(paleocortex)
rh,89520,1,2,allocortex_scope->Agranular
rh,89521,1,2,allocortex_scope->Agranular
rh,89522,1,2,allocortex_scope->Agranular
rh,89523,1,2,allocortex_scope->Agranular
rh,89524,1,2,allocortex_scope->Agranular
rh,89525,1,2,allocortex_scope->Agranular
rh,89526,1,2,allocortex_scope->Agranular
rh,89527,1,2,allocortex_scope->Agranular
rh,89528,1,2,allocortex_scope->Agranular
rh,89529,1,2,allocortex_scope->Agranular
rh,89530,1,2,allocortex_scope->Agranular
rh,89531,1,2,allocortex_scope->Agranular
rh,89532,1,2,allocortex_scope->Agranular
rh,89533,1,2,allocortex_scope->Agranular
rh,89545,1,2,allocortex_scope->Agranular
rh,89547,1,2,allocortex_scope->Agranular
rh,89548,1,2,allocortex_scope->Agranular
rh,89549,1,2,allocortex_scope->Agranular
rh,89550,1,2,allocortex_scope->Agranular
rh,89551,1,2,allocortex_scope->Agranular
rh,89552,1,2,allocortex_scope->Agranular
rh,89553,1,2,allocortex_scope->Agranular
rh,89554,1,2,allocortex_scope->Agranular
rh,89555,1,2,allocortex_scope->Agranular
rh,89556,1,2,allocortex_scope->Agranular
rh,89557,1,2,allocortex_scope->Agranular
rh,89558,1,2,allocortex_scope->Agranular
rh,89559,1,2,allocortex_scope->Agranular
rh,89560,1,2,allocortex_scope->Agranular
rh,89561,1,2,allocortex_scope->Agranular
rh,89562,1,2,allocortex_scope->Agranular
rh,89563,1,2,allocortex_scope->Agranular
rh,89564,1,2,allocortex_scope->Agranular
rh,89565,1,2,allocortex_scope->Agranular
rh,89566,1,2,allocortex_scope->Agranular
rh,89567,1,2,allocortex_scope->Agranular
rh,89568,1,2,allocortex_scope->Agranular
rh,89569,1,2,allocortex_scope->Agranular
rh,89570,1,2,allocortex_scope->Agranular
rh,89571,1,2,allocortex_scope->Agranular
rh,89572,1,2,allocortex_scope->Agranular
rh,89573,1,2,allocortex_scope->Agranular
rh,89574,1,2,allocortex_scope->Agranular
rh,89575,1,2,allocortex_scope->Agranular
rh,89576,1,2,allocortex_scope->Agranular
rh,89577,1,2,allocortex_scope->Agranular
rh,89578,1,2,allocortex_scope->Agranular
rh,89579,1,2,allocortex_scope->Agranular
rh,89580,1,2,allocortex_scope->Agranular
rh,89581,1,2,allocortex_scope->Agranular
rh,89582,1,2,allocortex_scope->Agranular
rh,89583,1,2,allocortex_scope->Agranular
rh,89584,1,2,allocortex_scope->Agranular
rh,89585,1,2,allocortex_scope->Agranular
rh,89586,1,2,allocortex_scope->Agranular
rh,89587,1,2,allocortex_scope->Agranular
rh,89588,1,2,allocortex_scope->Agranular
rh,89589,1,2,allocortex_scope->Agranular
rh,89730,1,3,cingulate_posterior->Dysgranular
rh,89732,1,3,cingulate_posterior->Dysgranular
rh,89733,1,2,allocortex_scope->Agranular
rh,89734,1,3,cingulate_posterior->Dysgranular
rh,89735,1,2,allocortex_scope->Agranular
rh,89736,1,3,cingulate_posterior->Dysgranular
rh,89737,1,2,allocortex_scope->Agranular
rh,89739,1,2,allocortex_scope->Agranular
rh,89741,1,2,allocortex_scope->Agranular
rh,89742,1,2,allocortex_scope->Agranular
rh,89743,1,2,allocortex_scope->Agranular
rh,89744,1,3,cingulate_posterior->Dysgranular
rh,89745,1,3,cingulate_posterior->Dysgranular
rh,89746,1,2,allocortex_scope->Agranular
rh,89747,1,3,cingulate_posterior->Dysgranular
rh,89748,1,2,allocortex_scope->Agranular
rh,89749,1,2,allocortex_scope->Agranular
rh,89750,1,2,allocortex_scope->Agranular
rh,89751,1,2,allocortex_scope->Agranular
rh,89752,1,2,allocortex_scope->Agranular
rh,89774,1,2,allocortex_scope->Agranular
rh,89775,1,2,allocortex_scope->Agranular
rh,89776,1,3,cingulate_posterior->Dysgranular
rh,89777,1,2,allocortex_scope->Agranular
rh,89779,1,2,allocortex_scope->Agranular
rh,89780,1,2,allocortex_scope->Agranular
rh,89781,1,3,cingulate_posterior->Dysgranular
rh,89782,1,2,allocortex_scope->Agranular
rh,89788,1,2,allocortex_scope->Agranular
rh,89789,1,2,allocortex_scope->Agranular
rh,89790,1,2,allocortex_scope->Agranular
rh,89792,1,2,allocortex_scope->Agranular
rh,89793,1,2,allocortex_scope->Agranular
rh,89861,1,2,allocortex_scope->Agranular
rh,89862,1,2,allocortex_scope->Agranular
rh,89873,1,2,allocortex_scope->Agranular
rh,89874,1,2,allocortex_scope->Agranular
rh,89880,2,3,PHA1->Dysgranular
rh,89881,2,3,PHA1->Dysgranular
rh,89882,2,3,PHA1->Dysgranular
rh,89883,2,3,PHA1->Dysgranular
rh,89884,2,3,PHA1->Dysgranular
rh,89885,2,3,PHA1->Dysgranular
rh,89894,1,2,allocortex_scope->Agranular
rh,89895,1,2,allocortex_scope->Agranular
rh,89898,1,2,allocortex_scope->Agranular
rh,89899,1,2,allocortex_scope->Agranular
rh,89900,1,2,allocortex_scope->Agranular
rh,89901,1,2,allocortex_scope->Agranular
rh,89902,1,2,allocortex_scope->Agranular
rh,89905,2,3,PHA1->Dysgranular
rh,89906,2,3,PHA1->Dysgranular
rh,89907,2,3,PHA1->Dysgranular
rh,89908,2,3,PHA1->Dysgranular
rh,89913,2,3,PHA1->Dysgranular
rh,89918,2,3,PHA1->Dysgranular
rh,89919,2,3,PHA1->Dysgranular
rh,89920,2,3,PHA1->Dysgranular
rh,90099,1,2,allocortex_scope->Agranular
rh,90100,1,2,allocortex_scope->Agranular
rh,90101,1,2,allocortex_scope->Agranular
rh,90102,1,2,allocortex_scope->Agranular
rh,90103,1,2,allocortex_scope->Agranular
rh,90104,1,2,allocortex_scope->Agranular
rh,90106,1,2,allocortex_scope->Agranular
rh,90108,1,2,allocortex_scope->Agranular
rh,90109,1,2,allocortex_scope->Agranular
rh,90110,1,2,allocortex_scope->Agranular
rh,90111,1,2,allocortex_scope->Agranular
rh,90112,1,2,allocortex_scope->Agranular
rh,90113,1,2,allocortex_scope->Agranular
rh,90114,1,2,allocortex_scope->Agranular
rh,90115,1,3,PHA1->Dysgranular
rh,90116,2,3,PHA1->Dysgranular
rh,90117,2,3,PHA1->Dysgranular
rh,90118,2,3,PHA1->Dysgranular
rh,90119,2,3,PHA1->Dysgranular
rh,90120,2,3,PHA1->Dysgranular
rh,90121,2,3,PHA1->Dysgranular
rh,90122,2,3,PHA1->Dysgranular
rh,90131,3,2,HABC->Agranular
rh,90132,3,2,HABC->Agranular
rh,90133,3,2,HABC->Agranular
rh,90134,3,2,HABC->Agranular
rh,90135,3,2,HABC->Agranular
rh,90136,4,3,topology_buffer
rh,90137,3,2,HABC->Agranular
rh,90138,3,2,HABC->Agranular
rh,90139,4,3,topology_buffer
rh,90140,4,3,topology_buffer
rh,90143,3,2,HABC->Agranular
rh,90144,3,2,HABC->Agranular
rh,90145,3,2,HABC->Agranular
rh,90147,4,3,topology_buffer
rh,90161,3,2,HABC->Agranular
rh,90162,3,2,HABC->Agranular
rh,90163,3,2,HABC->Agranular
rh,90164,3,2,HABC->Agranular
rh,90165,3,2,HABC->Agranular
rh,90166,3,2,HABC->Agranular
rh,90167,3,2,HABC->Agranular
rh,90168,3,2,HABC->Agranular
rh,90169,4,3,topology_buffer
rh,90170,4,3,topology_buffer
rh,90203,1,2,allocortex_scope->Agranular
rh,90204,1,2,allocortex_scope->Agranular
rh,90205,1,2,allocortex_scope->Agranular
rh,90206,1,2,allocortex_scope->Agranular
rh,90207,1,2,allocortex_scope->Agranular
rh,90208,1,2,allocortex_scope->Agranular
rh,90209,1,2,allocortex_scope->Agranular
rh,90210,1,2,allocortex_scope->Agranular
rh,90211,1,2,allocortex_scope->Agranular
rh,90212,1,2,allocortex_scope->Agranular
rh,90213,1,2,allocortex_scope->Agranular
rh,90214,1,2,allocortex_scope->Agranular
rh,90215,1,2,allocortex_scope->Agranular
rh,90216,1,2,allocortex_scope->Agranular
rh,90217,1,2,allocortex_scope->Agranular
rh,90218,1,2,allocortex_scope->Agranular
rh,90219,1,2,allocortex_scope->Agranular
rh,90220,1,2,allocortex_scope->Agranular
rh,90226,1,2,allocortex_scope->Agranular
rh,90227,1,2,allocortex_scope->Agranular
rh,90228,1,2,allocortex_scope->Agranular
rh,90229,1,2,allocortex_scope->Agranular
rh,90230,1,2,allocortex_scope->Agranular
rh,90231,1,2,allocortex_scope->Agranular
rh,90232,1,2,allocortex_scope->Agranular
rh,90233,1,2,allocortex_scope->Agranular
rh,90244,3,2,Perirhinal->Agranular
rh,90245,3,2,Perirhinal->Agranular
rh,90246,3,2,Perirhinal->Agranular
rh,90247,3,2,HABC->Agranular
rh,90248,3,2,Perirhinal->Agranular
rh,90249,3,2,Perirhinal->Agranular
rh,90250,3,2,Perirhinal->Agranular
rh,90251,3,2,Perirhinal->Agranular
rh,90252,3,2,Perirhinal->Agranular
rh,90253,3,2,Perirhinal->Agranular
rh,90254,3,2,Perirhinal->Agranular
rh,90255,3,2,Perirhinal->Agranular
rh,90256,3,2,Perirhinal->Agranular
rh,90257,3,2,Perirhinal->Agranular
rh,90258,3,2,Perirhinal->Agranular
rh,90260,4,3,topology_buffer
rh,92471,1,2,allocortex_scope->Agranular
rh,92473,1,2,allocortex_scope->Agranular
rh,92474,1,2,allocortex_scope->Agranular
rh,92475,1,2,allocortex_scope->Agranular
rh,92476,1,2,allocortex_scope->Agranular
rh,92477,1,2,allocortex_scope->Agranular
rh,92478,1,2,allocortex_scope->Agranular
rh,92479,1,2,allocortex_scope->Agranular
rh,92646,1,2,cingulate_anterior->Agranular
rh,92741,1,2,allocortex_scope->Agranular
rh,92742,1,2,allocortex_scope->Agranular
rh,92743,1,2,allocortex_scope->Agranular
rh,92744,1,2,allocortex_scope->Agranular
rh,92745,1,2,allocortex_scope->Agranular
rh,92747,1,2,allocortex_scope->Agranular
rh,92748,1,2,allocortex_scope->Agranular
rh,92749,1,2,allocortex_scope->Agranular
rh,93132,1,2,allocortex_scope->Agranular
rh,93133,1,2,allocortex_scope->Agranular
rh,93134,1,2,allocortex_scope->Agranular
rh,93135,1,2,allocortex_scope->Agranular
rh,93136,1,2,allocortex_scope->Agranular
rh,93138,1,2,allocortex_scope->Agranular
rh,93139,1,2,allocortex_scope->Agranular
rh,93140,1,2,allocortex_scope->Agranular
rh,93141,1,2,allocortex_scope->Agranular
rh,93142,1,2,allocortex_scope->Agranular
rh,93168,1,3,cingulate_posterior->Dysgranular
rh,93169,1,3,cingulate_posterior->Dysgranular
rh,93170,1,3,cingulate_posterior->Dysgranular
rh,93171,1,3,cingulate_posterior->Dysgranular
rh,93172,1,3,cingulate_posterior->Dysgranular
rh,93459,1,2,allocortex_scope->Agranular
rh,93460,1,2,allocortex_scope->Agranular
rh,93461,1,2,allocortex_scope->Agranular
rh,93462,1,2,allocortex_scope->Agranular
rh,93463,1,2,allocortex_scope->Agranular
rh,93464,1,2,allocortex_scope->Agranular
rh,93465,1,2,allocortex_scope->Agranular
rh,93466,1,2,allocortex_scope->Agranular
rh,93467,1,2,allocortex_scope->Agranular
rh,93468,1,2,allocortex_scope->Agranular
rh,93469,1,2,allocortex_scope->Agranular
rh,94212,1,2,cingulate_anterior->Agranular
rh,94213,1,2,cingulate_anterior->Agranular
rh,94214,1,2,cingulate_anterior->Agranular
rh,94215,1,2,cingulate_anterior->Agranular
rh,94216,1,2,cingulate_anterior->Agranular
rh,94217,1,2,cingulate_anterior->Agranular
rh,94218,1,2,cingulate_anterior->Agranular
rh,94219,1,2,cingulate_anterior->Agranular
rh,94546,1,2,allocortex_scope->Agranular
rh,94547,1,2,allocortex_scope->Agranular
rh,94548,1,2,allocortex_scope->Agranular
rh,94549,1,2,allocortex_scope->Agranular
rh,94550,1,2,allocortex_scope->Agranular
rh,94551,1,2,allocortex_scope->Agranular
rh,94552,1,2,allocortex_scope->Agranular
rh,94553,1,2,allocortex_scope->Agranular
rh,94554,1,2,allocortex_scope->Agranular
rh,94555,1,2,allocortex_scope->Agranular
rh,94556,1,2,allocortex_scope->Agranular
rh,94557,1,2,allocortex_scope->Agranular
rh,94558,1,2,allocortex_scope->Agranular
rh,95017,1,2,cingulate_anterior->Agranular
rh,95018,1,2,cingulate_anterior->Agranular
rh,95019,1,2,cingulate_anterior->Agranular
rh,95020,1,2,cingulate_anterior->Agranular
rh,95021,1,2,cingulate_anterior->Agranular
rh,95064,1,3,cingulate_posterior->Dysgranular
rh,96555,1,2,allocortex_scope->Agranular
rh,96656,1,3,cingulate_posterior->Dysgranular
rh,96657,1,3,cingulate_posterior->Dysgranular
rh,96658,1,3,cingulate_posterior->Dysgranular
rh,96659,1,3,cingulate_posterior->Dysgranular
rh,96660,1,3,cingulate_posterior->Dysgranular
rh,96668,1,3,cingulate_posterior->Dysgranular
rh,96673,1,3,cingulate_posterior->Dysgranular
rh,96674,1,3,cingulate_posterior->Dysgranular
rh,96701,1,2,allocortex_scope->Agranular
rh,97330,3,2,topology_buffer
rh,97349,1,2,allocortex_scope->Agranular
rh,97358,3,1,Pir->Allocortex(paleocortex)
rh,97359,3,1,Pir->Allocortex(paleocortex)
rh,97360,3,1,Pir->Allocortex(paleocortex)
rh,97361,3,1,Pir->Allocortex(paleocortex)
rh,97362,3,2,topology_buffer
rh,97363,3,2,topology_buffer
rh,97364,3,2,topology_buffer
rh,97365,3,1,Pir->Allocortex(paleocortex)
rh,97366,3,1,Pir->Allocortex(paleocortex)
rh,97398,1,2,allocortex_scope->Agranular
rh,97399,1,2,allocortex_scope->Agranular
rh,97400,1,2,allocortex_scope->Agranular
rh,97401,1,2,allocortex_scope->Agranular
rh,97402,1,2,allocortex_scope->Agranular
rh,97403,1,2,allocortex_scope->Agranular
rh,97404,1,2,allocortex_scope->Agranular
rh,97405,1,2,allocortex_scope->Agranular
rh,97406,1,2,allocortex_scope->Agranular
rh,97467,1,2,allocortex_scope->Agranular
rh,97468,1,2,allocortex_scope->Agranular
rh,97469,1,2,allocortex_scope->Agranular
rh,97470,1,2,allocortex_scope->Agranular
rh,97507,1,2,Perirhinal->Agranular
rh,97508,1,2,Perirhinal->Agranular
rh,97511,2,3,PHA1->Dysgranular
rh,97512,2,3,PHA1->Dysgranular
rh,97519,3,2,HABC->Agranular
rh,97520,3,2,HABC->Agranular
rh,97521,3,2,HABC->Agranular
rh,97522,3,2,HABC->Agranular
rh,97523,3,2,HABC->Agranular
rh,97524,3,2,HABC->Agranular
rh,97525,3,2,HABC->Agranular
rh,97526,3,2,HABC->Agranular
rh,97527,3,2,HABC->Agranular
rh,97528,3,2,Perirhinal->Agranular
rh,97529,1,2,allocortex_scope->Agranular
rh,97530,1,2,allocortex_scope->Agranular
rh,97531,1,2,allocortex_scope->Agranular
rh,97532,1,2,allocortex_scope->Agranular
rh,97533,1,2,allocortex_scope->Agranular
rh,98527,1,2,cingulate_anterior->Agranular
rh,98529,1,2,cingulate_anterior->Agranular
rh,98530,1,2,cingulate_anterior->Agranular
rh,98868,1,2,allocortex_scope->Agranular
rh,98869,1,2,allocortex_scope->Agranular
rh,98870,1,2,allocortex_scope->Agranular
rh,98871,1,2,allocortex_scope->Agranular
rh,98872,1,2,allocortex_scope->Agranular
rh,98873,1,2,allocortex_scope->Agranular
rh,98874,1,2,allocortex_scope->Agranular
rh,98875,1,2,allocortex_scope->Agranular
rh,98876,1,2,allocortex_scope->Agranular
rh,98877,1,2,allocortex_scope->Agranular
rh,99338,1,2,cingulate_anterior->Agranular
rh,99340,1,2,cingulate_anterior->Agranular
rh,99341,1,2,cingulate_anterior->Agranular
rh,99342,1,2,cingulate_anterior->Agranular
rh,99343,1,2,cingulate_anterior->Agranular
rh,99344,1,2,cingulate_anterior->Agranular
rh,99345,1,2,cingulate_anterior->Agranular
rh,99346,1,2,cingulate_anterior->Agranular
rh,99347,1,2,cingulate_anterior->Agranular
rh,99348,1,2,cingulate_anterior->Agranular
rh,99349,1,2,cingulate_anterior->Agranular
rh,99352,1,2,cingulate_anterior->Agranular
rh,99353,1,2,cingulate_anterior->Agranular
rh,99354,1,2,cingulate_anterior->Agranular
rh,99384,1,2,cingulate_anterior->Agranular
rh,100867,1,2,allocortex_scope->Agranular
rh,100869,1,2,allocortex_scope->Agranular
rh,100873,1,2,allocortex_scope->Agranular
rh,100874,1,2,allocortex_scope->Agranular
rh,100875,1,2,allocortex_scope->Agranular
rh,100956,1,3,cingulate_posterior->Dysgranular
rh,100957,1,3,cingulate_posterior->Dysgranular
rh,101673,4,3,topology_buffer
rh,101674,3,2,topology_buffer
rh,101675,4,2,topology_buffer
rh,101676,4,1,Pir->Allocortex(paleocortex)
rh,101677,4,1,Pir->Allocortex(paleocortex)
rh,101678,4,1,Pir->Allocortex(paleocortex)
rh,101679,4,1,Pir->Allocortex(paleocortex)
rh,101680,4,1,Pir->Allocortex(paleocortex)
rh,101681,4,1,Pir->Allocortex(paleocortex)
rh,101682,4,1,Pir->Allocortex(paleocortex)
rh,101683,3,1,Pir->Allocortex(paleocortex)
rh,101684,3,1,Pir->Allocortex(paleocortex)
rh,101685,3,1,Pir->Allocortex(paleocortex)
rh,101686,3,1,Pir->Allocortex(paleocortex)
rh,101826,1,2,allocortex_scope->Agranular
rh,101827,1,2,allocortex_scope->Agranular
rh,101828,1,2,allocortex_scope->Agranular
rh,101829,1,2,allocortex_scope->Agranular
rh,101830,1,2,allocortex_scope->Agranular
rh,101831,1,2,allocortex_scope->Agranular
rh,101832,1,2,Perirhinal->Agranular
rh,101833,1,2,Perirhinal->Agranular
rh,101834,1,2,Perirhinal->Agranular
rh,101840,1,2,allocortex_scope->Agranular
rh,101841,1,2,allocortex_scope->Agranular
rh,101842,1,2,allocortex_scope->Agranular
rh,101843,1,2,allocortex_scope->Agranular
rh,101849,1,2,allocortex_scope->Agranular
rh,101850,1,2,allocortex_scope->Agranular
rh,101851,1,2,allocortex_scope->Agranular
rh,101852,1,2,allocortex_scope->Agranular
rh,101853,1,2,allocortex_scope->Agranular
rh,102563,1,2,cingulate_anterior->Agranular
rh,102564,1,2,cingulate_anterior->Agranular
rh,102565,1,2,cingulate_anterior->Agranular
rh,102566,1,2,cingulate_anterior->Agranular
rh,102567,1,2,cingulate_anterior->Agranular
rh,102641,1,2,cingulate_anterior->Agranular
rh,102643,1,2,cingulate_anterior->Agranular
rh,102893,1,2,allocortex_scope->Agranular
rh,102910,1,2,allocortex_scope->Agranular
rh,102911,1,2,allocortex_scope->Agranular
rh,102912,1,2,allocortex_scope->Agranular
rh,102913,1,2,allocortex_scope->Agranular
rh,102919,1,2,allocortex_scope->Agranular
rh,102920,1,2,allocortex_scope->Agranular
rh,102921,1,2,allocortex_scope->Agranular
rh,102922,1,2,allocortex_scope->Agranular
rh,102923,1,2,allocortex_scope->Agranular
rh,102924,1,2,allocortex_scope->Agranular
rh,102925,1,2,allocortex_scope->Agranular
rh,102926,1,2,allocortex_scope->Agranular
rh,102927,1,2,allocortex_scope->Agranular
rh,102928,1,2,allocortex_scope->Agranular
rh,104094,1,2,allocortex_scope->Agranular
rh,104095,1,2,allocortex_scope->Agranular
rh,104096,1,2,allocortex_scope->Agranular
rh,104097,1,2,allocortex_scope->Agranular
rh,104098,1,2,allocortex_scope->Agranular
rh,104099,1,2,allocortex_scope->Agranular
rh,105073,1,2,allocortex_scope->Agranular
rh,105074,1,2,allocortex_scope->Agranular
rh,105075,1,2,allocortex_scope->Agranular
rh,105076,1,2,allocortex_scope->Agranular
rh,105077,1,2,allocortex_scope->Agranular
rh,105078,1,2,allocortex_scope->Agranular
rh,105079,1,2,allocortex_scope->Agranular
rh,105080,1,2,allocortex_scope->Agranular
rh,105081,1,2,allocortex_scope->Agranular
rh,105082,1,2,allocortex_scope->Agranular
rh,105083,1,2,allocortex_scope->Agranular
rh,105084,1,2,allocortex_scope->Agranular
rh,105085,1,2,allocortex_scope->Agranular
rh,105086,1,2,allocortex_scope->Agranular
rh,105087,1,2,allocortex_scope->Agranular
rh,105088,1,2,allocortex_scope->Agranular
rh,105089,1,2,allocortex_scope->Agranular
rh,105090,1,2,allocortex_scope->Agranular
rh,105091,1,2,allocortex_scope->Agranular
rh,105092,1,2,allocortex_scope->Agranular
rh,105093,1,2,allocortex_scope->Agranular
rh,105094,1,2,allocortex_scope->Agranular
rh,105095,1,2,allocortex_scope->Agranular
rh,105096,1,2,allocortex_scope->Agranular
rh,105097,1,2,allocortex_scope->Agranular
rh,105098,1,2,allocortex_scope->Agranular
rh,105099,1,2,allocortex_scope->Agranular
rh,105100,1,2,allocortex_scope->Agranular
rh,105101,1,2,allocortex_scope->Agranular
rh,105102,1,2,allocortex_scope->Agranular
rh,105103,1,2,allocortex_scope->Agranular
rh,105104,1,2,allocortex_scope->Agranular
rh,105105,1,2,allocortex_scope->Agranular
rh,105106,1,2,allocortex_scope->Agranular
rh,105107,1,2,allocortex_scope->Agranular
rh,105108,1,2,allocortex_scope->Agranular
rh,105109,1,2,allocortex_scope->Agranular
rh,105110,1,2,allocortex_scope->Agranular
rh,105111,1,2,allocortex_scope->Agranular
rh,105112,1,2,allocortex_scope->Agranular
rh,105113,1,2,allocortex_scope->Agranular
rh,105114,1,2,allocortex_scope->Agranular
rh,105115,1,2,allocortex_scope->Agranular
rh,106492,1,2,cingulate_anterior->Agranular
rh,106506,1,2,cingulate_anterior->Agranular
rh,106507,1,2,cingulate_anterior->Agranular
rh,106551,1,2,cingulate_anterior->Agranular
rh,106562,1,2,cingulate_anterior->Agranular
rh,106563,1,2,cingulate_anterior->Agranular
rh,106613,1,3,cingulate_posterior->Dysgranular
rh,106650,1,3,cingulate_posterior->Dysgranular
rh,106651,1,3,cingulate_posterior->Dysgranular
rh,106652,1,3,cingulate_posterior->Dysgranular
rh,107537,1,2,allocortex_scope->Agranular
rh,107539,1,2,allocortex_scope->Agranular
rh,107540,1,2,allocortex_scope->Agranular
rh,107541,1,2,allocortex_scope->Agranular
rh,107542,1,2,allocortex_scope->Agranular
rh,107543,1,2,allocortex_scope->Agranular
rh,107544,1,2,allocortex_scope->Agranular
rh,107545,1,2,allocortex_scope->Agranular
rh,110825,1,3,cingulate_posterior->Dysgranular
rh,110826,1,3,cingulate_posterior->Dysgranular
rh,110827,1,2,allocortex_scope->Agranular
rh,110828,1,2,allocortex_scope->Agranular
rh,110829,1,2,allocortex_scope->Agranular
rh,110830,1,2,allocortex_scope->Agranular
rh,110831,1,2,allocortex_scope->Agranular
rh,110832,1,2,allocortex_scope->Agranular
rh,111145,1,2,allocortex_scope->Agranular
rh,111146,1,2,allocortex_scope->Agranular
rh,111147,1,2,allocortex_scope->Agranular
rh,111148,1,2,allocortex_scope->Agranular
rh,111149,1,2,allocortex_scope->Agranular
rh,111151,1,2,allocortex_scope->Agranular
rh,111152,1,2,allocortex_scope->Agranular
rh,111153,1,2,allocortex_scope->Agranular
rh,111366,1,3,cingulate_posterior->Dysgranular
rh,111376,1,3,cingulate_posterior->Dysgranular
rh,111377,1,3,cingulate_posterior->Dysgranular
rh,111378,1,3,cingulate_posterior->Dysgranular
rh,111383,1,3,cingulate_posterior->Dysgranular
rh,111398,1,3,cingulate_posterior->Dysgranular
rh,111412,1,3,cingulate_posterior->Dysgranular
rh,111413,1,3,cingulate_posterior->Dysgranular
rh,111414,1,3,cingulate_posterior->Dysgranular
rh,111447,1,3,cingulate_posterior->Dysgranular
rh,111448,1,3,cingulate_posterior->Dysgranular
rh,111449,1,3,cingulate_posterior->Dysgranular
rh,111450,1,3,cingulate_posterior->Dysgranular
rh,111451,1,3,cingulate_posterior->Dysgranular
rh,111452,1,3,cingulate_posterior->Dysgranular
rh,111453,1,3,cingulate_posterior->Dysgranular
rh,111454,1,3,cingulate_posterior->Dysgranular
rh,111506,1,2,allocortex_scope->Agranular
rh,111508,1,2,allocortex_scope->Agranular
rh,111509,1,2,allocortex_scope->Agranular
rh,111510,1,3,cingulate_posterior->Dysgranular
rh,111519,1,3,cingulate_posterior->Dysgranular
rh,111520,1,3,cingulate_posterior->Dysgranular
rh,111521,1,3,cingulate_posterior->Dysgranular
rh,111535,1,2,allocortex_scope->Agranular
rh,111536,1,2,allocortex_scope->Agranular
rh,111537,1,3,cingulate_posterior->Dysgranular
rh,111538,1,3,cingulate_posterior->Dysgranular
rh,111539,1,3,cingulate_posterior->Dysgranular
rh,111540,1,3,cingulate_posterior->Dysgranular
rh,111545,1,3,cingulate_posterior->Dysgranular
rh,111546,1,2,allocortex_scope->Agranular
rh,111547,1,3,cingulate_posterior->Dysgranular
rh,111548,1,3,cingulate_posterior->Dysgranular
rh,111549,1,3,cingulate_posterior->Dysgranular
rh,111550,1,3,cingulate_posterior->Dysgranular
rh,111552,1,3,cingulate_posterior->Dysgranular
rh,111553,1,3,cingulate_posterior->Dysgranular
rh,113433,3,2,topology_buffer
rh,113458,1,2,allocortex_scope->Agranular
rh,113459,1,2,allocortex_scope->Agranular
rh,113460,1,2,allocortex_scope->Agranular
rh,113461,1,2,allocortex_scope->Agranular
rh,113462,1,2,allocortex_scope->Agranular
rh,113463,1,2,allocortex_scope->Agranular
rh,113464,1,2,allocortex_scope->Agranular
rh,113465,1,2,allocortex_scope->Agranular
rh,113466,1,2,allocortex_scope->Agranular
rh,113467,1,2,allocortex_scope->Agranular
rh,113469,1,2,allocortex_scope->Agranular
rh,113470,1,2,allocortex_scope->Agranular
rh,113471,1,2,allocortex_scope->Agranular
rh,113477,1,2,allocortex_scope->Agranular
rh,113478,1,2,allocortex_scope->Agranular
rh,113479,1,2,allocortex_scope->Agranular
rh,113480,1,2,allocortex_scope->Agranular
rh,113481,1,2,allocortex_scope->Agranular
rh,113482,1,2,allocortex_scope->Agranular
rh,113483,1,2,allocortex_scope->Agranular
rh,113484,1,2,allocortex_scope->Agranular
rh,113485,1,2,allocortex_scope->Agranular
rh,113486,1,2,allocortex_scope->Agranular
rh,113487,1,2,allocortex_scope->Agranular
rh,113488,1,2,allocortex_scope->Agranular
rh,113489,1,2,allocortex_scope->Agranular
rh,113490,1,2,allocortex_scope->Agranular
rh,113491,1,2,allocortex_scope->Agranular
rh,113492,1,2,allocortex_scope->Agranular
rh,113493,1,2,allocortex_scope->Agranular
rh,113494,1,2,allocortex_scope->Agranular
rh,113495,1,2,allocortex_scope->Agranular
rh,113496,1,2,allocortex_scope->Agranular
rh,113497,1,2,allocortex_scope->Agranular
rh,113498,1,2,allocortex_scope->Agranular
rh,113513,3,1,Pir->Allocortex(paleocortex)
rh,113514,3,1,Pir->Allocortex(paleocortex)
rh,113515,3,1,Pir->Allocortex(paleocortex)
rh,113516,3,1,Pir->Allocortex(paleocortex)
rh,113517,3,1,Pir->Allocortex(paleocortex)
rh,113518,3,1,Pir->Allocortex(paleocortex)
rh,113519,3,1,Pir->Allocortex(paleocortex)
rh,113520,3,1,Pir->Allocortex(paleocortex)
rh,113521,3,2,topology_buffer
rh,113565,3,2,topology_buffer
rh,113566,3,1,Pir->Allocortex(paleocortex)
rh,113567,3,1,Pir->Allocortex(paleocortex)
rh,113568,3,1,Pir->Allocortex(paleocortex)
rh,113569,3,1,Pir->Allocortex(paleocortex)
rh,113570,2,1,Pir->Allocortex(paleocortex)
rh,113571,2,1,Pir->Allocortex(paleocortex)
rh,113572,2,1,Pir->Allocortex(paleocortex)
rh,113573,2,1,Pir->Allocortex(paleocortex)
rh,113574,2,1,Pir->Allocortex(paleocortex)
rh,113575,2,1,Pir->Allocortex(paleocortex)
rh,113576,2,1,Pir->Allocortex(paleocortex)
rh,113578,2,1,Pir->Allocortex(paleocortex)
rh,113584,2,1,Pir->Allocortex(paleocortex)
rh,113585,2,1,Pir->Allocortex(paleocortex)
rh,113586,2,1,Pir->Allocortex(paleocortex)
rh,113587,2,1,Pir->Allocortex(paleocortex)
rh,113588,2,1,Pir->Allocortex(paleocortex)
rh,113589,2,1,Pir->Allocortex(paleocortex)
rh,113590,2,1,Pir->Allocortex(paleocortex)
rh,113591,2,1,Pir->Allocortex(paleocortex)
rh,113592,2,1,Pir->Allocortex(paleocortex)
rh,113617,1,2,allocortex_scope->Agranular
rh,113618,1,2,allocortex_scope->Agranular
rh,113619,1,2,allocortex_scope->Agranular
rh,113620,1,2,allocortex_scope->Agranular
rh,113621,1,2,allocortex_scope->Agranular
rh,113622,1,2,allocortex_scope->Agranular
rh,113623,1,2,allocortex_scope->Agranular
rh,113632,1,2,allocortex_scope->Agranular
rh,113633,1,2,allocortex_scope->Agranular
rh,113635,1,2,allocortex_scope->Agranular
rh,113636,1,2,allocortex_scope->Agranular
rh,113637,1,2,allocortex_scope->Agranular
rh,113638,1,2,allocortex_scope->Agranular
rh,113639,1,2,allocortex_scope->Agranular
rh,113640,1,2,allocortex_scope->Agranular
rh,113641,1,2,allocortex_scope->Agranular
rh,113642,1,2,allocortex_scope->Agranular
rh,113643,1,2,allocortex_scope->Agranular
rh,113644,1,2,allocortex_scope->Agranular
rh,113645,1,2,allocortex_scope->Agranular
rh,113646,1,2,allocortex_scope->Agranular
rh,113647,1,2,allocortex_scope->Agranular
rh,113648,1,2,allocortex_scope->Agranular
rh,113649,1,2,allocortex_scope->Agranular
rh,113650,1,2,allocortex_scope->Agranular
rh,113651,1,2,allocortex_scope->Agranular
rh,113652,1,2,allocortex_scope->Agranular
rh,113653,1,2,allocortex_scope->Agranular
rh,113654,1,2,allocortex_scope->Agranular
rh,113655,1,2,allocortex_scope->Agranular
rh,113656,1,2,allocortex_scope->Agranular
rh,113657,1,2,allocortex_scope->Agranular
rh,113658,1,2,allocortex_scope->Agranular
rh,113742,1,2,allocortex_scope->Agranular
rh,113743,1,2,allocortex_scope->Agranular
rh,113744,1,2,allocortex_scope->Agranular
rh,113745,1,2,allocortex_scope->Agranular
rh,113746,1,2,allocortex_scope->Agranular
rh,113751,1,2,allocortex_scope->Agranular
rh,113752,1,2,allocortex_scope->Agranular
rh,113779,1,2,allocortex_scope->Agranular
rh,113781,1,2,allocortex_scope->Agranular
rh,113782,1,2,allocortex_scope->Agranular
rh,113820,1,2,allocortex_scope->Agranular
rh,113821,1,2,allocortex_scope->Agranular
rh,113822,1,2,allocortex_scope->Agranular
rh,113828,1,2,allocortex_scope->Agranular
rh,113833,2,3,PHA1->Dysgranular
rh,113834,2,3,PHA1->Dysgranular
rh,113835,2,3,PHA1->Dysgranular
rh,113836,2,3,PHA1->Dysgranular
rh,113842,1,2,allocortex_scope->Agranular
rh,113843,1,2,allocortex_scope->Agranular
rh,113847,2,3,PHA1->Dysgranular
rh,113848,2,3,PHA1->Dysgranular
rh,113849,2,3,PHA1->Dysgranular
rh,113850,2,3,PHA1->Dysgranular
rh,113851,2,3,PHA1->Dysgranular
rh,113852,2,3,PHA1->Dysgranular
rh,113853,2,3,PHA1->Dysgranular
rh,113854,2,3,PHA1->Dysgranular
rh,113855,2,3,PHA1->Dysgranular
rh,113856,2,3,PHA1->Dysgranular
rh,113857,2,3,PHA1->Dysgranular
rh,113959,1,2,allocortex_scope->Agranular
rh,113961,1,2,allocortex_scope->Agranular
rh,113962,1,2,allocortex_scope->Agranular
rh,113963,1,2,allocortex_scope->Agranular
rh,113964,1,2,allocortex_scope->Agranular
rh,113965,1,2,allocortex_scope->Agranular
rh,113966,1,2,allocortex_scope->Agranular
rh,113967,1,2,allocortex_scope->Agranular
rh,113968,1,2,allocortex_scope->Agranular
rh,113969,1,2,allocortex_scope->Agranular
rh,113970,1,2,allocortex_scope->Agranular
rh,113971,1,2,allocortex_scope->Agranular
rh,113972,1,2,allocortex_scope->Agranular
rh,113973,1,3,PHA1->Dysgranular
rh,113974,2,3,PHA1->Dysgranular
rh,113975,2,3,PHA1->Dysgranular
rh,113976,2,3,PHA1->Dysgranular
rh,113979,3,2,HABC->Agranular
rh,113980,3,2,HABC->Agranular
rh,113981,3,2,HABC->Agranular
rh,113982,3,2,HABC->Agranular
rh,113983,3,2,HABC->Agranular
rh,113984,3,2,HABC->Agranular
rh,113985,3,2,HABC->Agranular
rh,113986,3,2,HABC->Agranular
rh,113987,3,2,HABC->Agranular
rh,113988,3,2,HABC->Agranular
rh,113989,3,2,HABC->Agranular
rh,113990,4,3,topology_buffer
rh,113991,3,2,HABC->Agranular
rh,113992,4,3,topology_buffer
rh,114002,3,2,HABC->Agranular
rh,114003,3,2,HABC->Agranular
rh,114004,3,2,HABC->Agranular
rh,114005,3,2,HABC->Agranular
rh,114006,3,2,HABC->Agranular
rh,114007,4,3,topology_buffer
rh,114026,1,2,allocortex_scope->Agranular
rh,114027,1,2,allocortex_scope->Agranular
rh,114028,1,2,allocortex_scope->Agranular
rh,114029,1,2,allocortex_scope->Agranular
rh,114030,1,2,allocortex_scope->Agranular
rh,114031,1,2,allocortex_scope->Agranular
rh,114032,1,2,allocortex_scope->Agranular
rh,114033,1,2,allocortex_scope->Agranular
rh,114034,1,2,allocortex_scope->Agranular
rh,114035,1,2,allocortex_scope->Agranular
rh,114036,1,2,allocortex_scope->Agranular
rh,114037,1,2,allocortex_scope->Agranular
rh,114040,1,2,allocortex_scope->Agranular
rh,114041,1,2,allocortex_scope->Agranular
rh,114042,1,2,allocortex_scope->Agranular
rh,114043,1,2,allocortex_scope->Agranular
rh,114044,1,2,allocortex_scope->Agranular
rh,114052,3,2,Perirhinal->Agranular
rh,114053,3,2,Perirhinal->Agranular
rh,114054,3,2,Perirhinal->Agranular
rh,114055,3,2,Perirhinal->Agranular
rh,114056,3,2,Perirhinal->Agranular
rh,114057,3,2,Perirhinal->Agranular
rh,115938,1,2,allocortex_scope->Agranular
rh,115939,1,2,allocortex_scope->Agranular
rh,115940,1,2,allocortex_scope->Agranular
rh,115941,1,2,allocortex_scope->Agranular
rh,115942,1,2,allocortex_scope->Agranular
rh,115943,1,2,allocortex_scope->Agranular
rh,115944,1,2,allocortex_scope->Agranular
rh,115945,1,2,allocortex_scope->Agranular
rh,116336,1,2,cingulate_anterior->Agranular
rh,116337,1,2,cingulate_anterior->Agranular
rh,116338,1,2,cingulate_anterior->Agranular
rh,116339,1,2,cingulate_anterior->Agranular
rh,116340,1,2,cingulate_anterior->Agranular
rh,116341,1,2,cingulate_anterior->Agranular
rh,117473,1,2,allocortex_scope->Agranular
rh,117493,1,2,allocortex_scope->Agranular
rh,117494,1,2,allocortex_scope->Agranular
rh,117495,1,2,allocortex_scope->Agranular
rh,117496,1,2,allocortex_scope->Agranular
rh,117497,1,2,allocortex_scope->Agranular
rh,117557,1,3,cingulate_posterior->Dysgranular
rh,117558,1,3,cingulate_posterior->Dysgranular
rh,117559,1,3,cingulate_posterior->Dysgranular
rh,117560,1,3,cingulate_posterior->Dysgranular
rh,117561,1,3,cingulate_posterior->Dysgranular
rh,117562,1,3,cingulate_posterior->Dysgranular
rh,118119,4,3,topology_buffer
rh,118120,4,2,topology_buffer
rh,118121,4,3,topology_buffer
rh,118122,4,3,topology_buffer
rh,118123,4,2,topology_buffer
rh,118125,4,3,topology_buffer
rh,118126,4,2,topology_buffer
rh,118127,4,1,Pir->Allocortex(paleocortex)
rh,118128,4,1,Pir->Allocortex(paleocortex)
rh,118129,4,2,topology_buffer
rh,118238,1,2,allocortex_scope->Agranular
rh,118239,1,2,allocortex_scope->Agranular
rh,118240,1,2,allocortex_scope->Agranular
rh,118241,1,2,allocortex_scope->Agranular
rh,118242,1,2,allocortex_scope->Agranular
rh,118243,1,2,allocortex_scope->Agranular
rh,118244,1,2,allocortex_scope->Agranular
rh,118245,1,2,allocortex_scope->Agranular
rh,118246,1,2,Perirhinal->Agranular
rh,118247,1,2,allocortex_scope->Agranular
rh,118248,1,2,allocortex_scope->Agranular
rh,118249,1,2,allocortex_scope->Agranular
rh,118250,1,2,allocortex_scope->Agranular
rh,118251,1,2,allocortex_scope->Agranular
rh,118252,1,2,allocortex_scope->Agranular
rh,118253,1,2,allocortex_scope->Agranular
rh,118254,1,2,allocortex_scope->Agranular
rh,118255,1,2,allocortex_scope->Agranular
rh,118256,1,2,allocortex_scope->Agranular
rh,118257,1,2,allocortex_scope->Agranular
rh,118258,1,2,allocortex_scope->Agranular
rh,119064,1,2,allocortex_scope->Agranular
rh,119065,1,2,allocortex_scope->Agranular
rh,119066,1,2,allocortex_scope->Agranular
rh,119067,1,2,allocortex_scope->Agranular
rh,119068,1,2,allocortex_scope->Agranular
rh,119070,1,2,allocortex_scope->Agranular
rh,119071,1,2,allocortex_scope->Agranular
rh,119072,1,2,allocortex_scope->Agranular
rh,119073,1,2,allocortex_scope->Agranular
rh,119074,1,2,allocortex_scope->Agranular
rh,119086,1,2,allocortex_scope->Agranular
rh,119993,1,2,cingulate_anterior->Agranular
rh,120002,1,2,allocortex_scope->Agranular
rh,120003,1,2,allocortex_scope->Agranular
rh,120004,1,2,allocortex_scope->Agranular
rh,120005,1,2,allocortex_scope->Agranular
rh,120006,1,2,cingulate_anterior->Agranular
rh,120765,1,2,allocortex_scope->Agranular
rh,120766,1,2,allocortex_scope->Agranular
rh,120767,1,2,allocortex_scope->Agranular
rh,120768,1,2,allocortex_scope->Agranular
rh,120769,1,2,allocortex_scope->Agranular
rh,120770,1,2,allocortex_scope->Agranular
rh,120771,1,2,allocortex_scope->Agranular
rh,120772,1,2,allocortex_scope->Agranular
rh,120773,1,2,allocortex_scope->Agranular
rh,120774,1,2,allocortex_scope->Agranular
rh,120775,1,2,allocortex_scope->Agranular
rh,120776,1,2,allocortex_scope->Agranular
rh,120777,1,2,allocortex_scope->Agranular
rh,120778,1,2,allocortex_scope->Agranular
rh,120779,1,2,allocortex_scope->Agranular
rh,120780,1,2,allocortex_scope->Agranular
rh,120781,1,2,allocortex_scope->Agranular
rh,120782,1,2,allocortex_scope->Agranular
rh,120783,1,2,allocortex_scope->Agranular
rh,120784,1,2,allocortex_scope->Agranular
rh,120785,1,2,allocortex_scope->Agranular
rh,120786,1,2,allocortex_scope->Agranular
rh,120787,1,2,allocortex_scope->Agranular
rh,120788,1,2,allocortex_scope->Agranular
rh,120789,1,2,allocortex_scope->Agranular
rh,120790,1,2,allocortex_scope->Agranular
rh,120791,1,2,allocortex_scope->Agranular
rh,120792,1,2,allocortex_scope->Agranular
rh,120793,1,2,allocortex_scope->Agranular
rh,120794,1,2,allocortex_scope->Agranular
rh,120795,1,2,allocortex_scope->Agranular
rh,120796,1,2,allocortex_scope->Agranular
rh,121867,1,2,cingulate_anterior->Agranular
rh,121868,1,2,cingulate_anterior->Agranular
rh,121869,1,2,cingulate_anterior->Agranular
rh,121870,1,2,cingulate_anterior->Agranular
rh,121872,1,2,cingulate_anterior->Agranular
rh,121873,1,2,cingulate_anterior->Agranular
rh,121909,1,2,cingulate_anterior->Agranular
rh,121910,1,2,cingulate_anterior->Agranular
rh,121911,1,2,cingulate_anterior->Agranular
rh,121912,1,2,cingulate_anterior->Agranular
rh,121913,1,2,cingulate_anterior->Agranular
rh,121916,1,2,cingulate_anterior->Agranular
rh,121917,1,2,cingulate_anterior->Agranular
rh,121918,1,2,cingulate_anterior->Agranular
rh,121919,1,2,cingulate_anterior->Agranular
rh,121920,1,2,cingulate_anterior->Agranular
rh,121973,1,3,cingulate_posterior->Dysgranular
rh,121974,1,3,cingulate_posterior->Dysgranular
rh,121975,1,3,cingulate_posterior->Dysgranular
rh,121976,1,3,cingulate_posterior->Dysgranular
rh,121977,1,3,cingulate_posterior->Dysgranular
rh,121978,1,3,cingulate_posterior->Dysgranular
rh,121979,1,3,cingulate_posterior->Dysgranular
rh,121980,1,3,cingulate_posterior->Dysgranular
rh,121981,1,3,cingulate_posterior->Dysgranular
rh,121982,1,3,cingulate_posterior->Dysgranular
rh,121983,1,3,cingulate_posterior->Dysgranular
rh,121984,1,3,cingulate_posterior->Dysgranular
rh,121985,1,3,cingulate_posterior->Dysgranular
rh,121986,1,3,cingulate_posterior->Dysgranular
rh,121987,1,3,cingulate_posterior->Dysgranular
rh,122683,1,2,allocortex_scope->Agranular
rh,122684,1,2,allocortex_scope->Agranular
rh,122685,1,2,allocortex_scope->Agranular
rh,122686,1,2,allocortex_scope->Agranular
rh,125237,1,2,allocortex_scope->Agranular
rh,125238,1,2,allocortex_scope->Agranular
rh,125239,1,2,allocortex_scope->Agranular
rh,125240,1,2,allocortex_scope->Agranular
rh,125241,1,2,allocortex_scope->Agranular
rh,125243,1,2,allocortex_scope->Agranular
rh,125244,1,2,allocortex_scope->Agranular
rh,125670,1,3,cingulate_posterior->Dysgranular
rh,125672,1,3,cingulate_posterior->Dysgranular
rh,125673,1,3,cingulate_posterior->Dysgranular
rh,125674,1,3,cingulate_posterior->Dysgranular
rh,125675,1,3,cingulate_posterior->Dysgranular
rh,125676,1,3,cingulate_posterior->Dysgranular
rh,125677,1,3,cingulate_posterior->Dysgranular
rh,125678,1,3,cingulate_posterior->Dysgranular
rh,125679,1,3,cingulate_posterior->Dysgranular
rh,125680,1,3,cingulate_posterior->Dysgranular
rh,125681,1,3,cingulate_posterior->Dysgranular
rh,125682,1,3,cingulate_posterior->Dysgranular
rh,125683,1,3,cingulate_posterior->Dysgranular
rh,125684,1,3,cingulate_posterior->Dysgranular
rh,125685,1,3,cingulate_posterior->Dysgranular
rh,125686,1,3,cingulate_posterior->Dysgranular
rh,125687,1,3,cingulate_posterior->Dysgranular
rh,125688,1,3,cingulate_posterior->Dysgranular
rh,125689,1,3,cingulate_posterior->Dysgranular
rh,125693,1,3,cingulate_posterior->Dysgranular
rh,125694,1,3,cingulate_posterior->Dysgranular
rh,125695,1,3,cingulate_posterior->Dysgranular
rh,125696,1,3,cingulate_posterior->Dysgranular
rh,125697,1,3,cingulate_posterior->Dysgranular
rh,125698,1,3,cingulate_posterior->Dysgranular
rh,125721,1,3,cingulate_posterior->Dysgranular
rh,125722,1,3,cingulate_posterior->Dysgranular
rh,125723,1,3,cingulate_posterior->Dysgranular
rh,125724,1,3,cingulate_posterior->Dysgranular
rh,125725,1,3,cingulate_posterior->Dysgranular
rh,125726,1,3,cingulate_posterior->Dysgranular
rh,125727,1,3,cingulate_posterior->Dysgranular
rh,125728,1,3,cingulate_posterior->Dysgranular
rh,125729,1,3,cingulate_posterior->Dysgranular
rh,125730,1,3,cingulate_posterior->Dysgranular
rh,125731,1,3,cingulate_posterior->Dysgranular
rh,125733,1,3,cingulate_posterior->Dysgranular
rh,125734,1,3,cingulate_posterior->Dysgranular
rh,125735,1,3,cingulate_posterior->Dysgranular
rh,125736,1,3,cingulate_posterior->Dysgranular
rh,125737,1,3,cingulate_posterior->Dysgranular
rh,125738,1,3,cingulate_posterior->Dysgranular
rh,125739,1,3,cingulate_posterior->Dysgranular
rh,125740,1,3,cingulate_posterior->Dysgranular
rh,125741,1,3,cingulate_posterior->Dysgranular
rh,125771,1,2,allocortex_scope->Agranular
rh,125772,1,2,allocortex_scope->Agranular
rh,125773,1,2,allocortex_scope->Agranular
rh,125774,1,3,cingulate_posterior->Dysgranular
rh,125775,1,2,allocortex_scope->Agranular
rh,125776,1,2,allocortex_scope->Agranular
rh,125777,1,2,allocortex_scope->Agranular
rh,125778,1,2,allocortex_scope->Agranular
rh,125779,1,2,allocortex_scope->Agranular
rh,125780,1,2,allocortex_scope->Agranular
rh,125781,1,2,allocortex_scope->Agranular
rh,125782,1,2,allocortex_scope->Agranular
rh,125783,1,2,allocortex_scope->Agranular
rh,125793,1,2,allocortex_scope->Agranular
rh,125794,1,2,allocortex_scope->Agranular
rh,125795,1,2,allocortex_scope->Agranular
rh,125796,1,2,allocortex_scope->Agranular
rh,125797,1,2,allocortex_scope->Agranular
rh,125798,1,2,allocortex_scope->Agranular
rh,125799,1,2,allocortex_scope->Agranular
rh,125800,1,2,allocortex_scope->Agranular
rh,125801,1,2,allocortex_scope->Agranular
rh,125802,1,2,allocortex_scope->Agranular
rh,125803,1,2,allocortex_scope->Agranular
rh,127286,1,2,allocortex_scope->Agranular
rh,127289,1,2,allocortex_scope->Agranular
rh,127292,1,2,allocortex_scope->Agranular
rh,127293,1,2,allocortex_scope->Agranular
rh,127294,1,2,allocortex_scope->Agranular
rh,127295,1,2,allocortex_scope->Agranular
rh,127300,1,2,allocortex_scope->Agranular
rh,127302,1,2,allocortex_scope->Agranular
rh,127303,1,2,allocortex_scope->Agranular
rh,127304,1,2,allocortex_scope->Agranular
rh,127305,1,2,allocortex_scope->Agranular
rh,127306,1,2,allocortex_scope->Agranular
rh,127307,1,2,allocortex_scope->Agranular
rh,127308,1,2,allocortex_scope->Agranular
rh,127309,1,2,allocortex_scope->Agranular
rh,127310,1,2,allocortex_scope->Agranular
rh,127311,1,2,allocortex_scope->Agranular
rh,127312,1,2,allocortex_scope->Agranular
rh,127313,1,2,allocortex_scope->Agranular
rh,127314,1,2,allocortex_scope->Agranular
rh,127315,1,2,allocortex_scope->Agranular
rh,127316,1,2,allocortex_scope->Agranular
rh,127328,3,1,Pir->Allocortex(paleocortex)
rh,127329,3,1,Pir->Allocortex(paleocortex)
rh,127330,3,1,Pir->Allocortex(paleocortex)
rh,127331,3,1,Pir->Allocortex(paleocortex)
rh,127332,3,1,Pir->Allocortex(paleocortex)
rh,127333,3,1,Pir->Allocortex(paleocortex)
rh,127334,3,1,Pir->Allocortex(paleocortex)
rh,127335,3,1,Pir->Allocortex(paleocortex)
rh,127336,3,1,Pir->Allocortex(paleocortex)
rh,127337,3,2,topology_buffer
rh,127374,2,1,Pir->Allocortex(paleocortex)
rh,127376,2,1,Pir->Allocortex(paleocortex)
rh,127377,2,1,Pir->Allocortex(paleocortex)
rh,127378,2,1,Pir->Allocortex(paleocortex)
rh,127379,2,1,Pir->Allocortex(paleocortex)
rh,127380,2,1,Pir->Allocortex(paleocortex)
rh,127381,2,1,Pir->Allocortex(paleocortex)
rh,127382,2,1,Pir->Allocortex(paleocortex)
rh,127383,2,1,Pir->Allocortex(paleocortex)
rh,127384,2,1,Pir->Allocortex(paleocortex)
rh,127386,2,1,Pir->Allocortex(paleocortex)
rh,127387,2,1,Pir->Allocortex(paleocortex)
rh,127388,2,1,Pir->Allocortex(paleocortex)
rh,127389,2,1,Pir->Allocortex(paleocortex)
rh,127390,2,1,Pir->Allocortex(paleocortex)
rh,127420,1,2,allocortex_scope->Agranular
rh,127421,1,2,allocortex_scope->Agranular
rh,127423,1,2,allocortex_scope->Agranular
rh,127424,1,2,allocortex_scope->Agranular
rh,127425,1,2,allocortex_scope->Agranular
rh,127426,1,2,allocortex_scope->Agranular
rh,127427,1,2,allocortex_scope->Agranular
rh,127428,1,2,allocortex_scope->Agranular
rh,127429,1,2,allocortex_scope->Agranular
rh,127430,1,2,allocortex_scope->Agranular
rh,127431,1,2,allocortex_scope->Agranular
rh,127432,1,2,allocortex_scope->Agranular
rh,127433,1,2,allocortex_scope->Agranular
rh,127434,1,2,allocortex_scope->Agranular
rh,127435,1,2,allocortex_scope->Agranular
rh,127436,1,2,allocortex_scope->Agranular
rh,127437,1,2,allocortex_scope->Agranular
rh,127438,1,2,allocortex_scope->Agranular
rh,127439,1,2,allocortex_scope->Agranular
rh,127440,1,2,allocortex_scope->Agranular
rh,127441,1,2,allocortex_scope->Agranular
rh,127442,1,2,allocortex_scope->Agranular
rh,127506,1,2,allocortex_scope->Agranular
rh,127507,1,2,allocortex_scope->Agranular
rh,127570,1,2,allocortex_scope->Agranular
rh,127571,1,2,allocortex_scope->Agranular
rh,127572,1,2,allocortex_scope->Agranular
rh,127573,1,2,allocortex_scope->Agranular
rh,127576,1,2,allocortex_scope->Agranular
rh,127577,1,2,allocortex_scope->Agranular
rh,127578,1,2,allocortex_scope->Agranular
rh,127579,1,2,allocortex_scope->Agranular
rh,127584,1,2,allocortex_scope->Agranular
rh,127585,1,2,allocortex_scope->Agranular
rh,127586,1,2,allocortex_scope->Agranular
rh,127587,1,2,allocortex_scope->Agranular
rh,127588,1,2,allocortex_scope->Agranular
rh,127590,2,3,PHA1->Dysgranular
rh,127591,2,3,PHA1->Dysgranular
rh,127592,2,3,PHA1->Dysgranular
rh,127593,2,3,PHA1->Dysgranular
rh,127594,2,3,PHA1->Dysgranular
rh,127595,2,3,PHA1->Dysgranular
rh,127596,2,3,PHA1->Dysgranular
rh,127597,2,3,PHA1->Dysgranular
rh,127598,2,3,PHA1->Dysgranular
rh,127599,2,3,PHA1->Dysgranular
rh,127600,2,3,PHA1->Dysgranular
rh,127675,1,2,allocortex_scope->Agranular
rh,127676,1,2,allocortex_scope->Agranular
rh,127677,1,2,allocortex_scope->Agranular
rh,127678,1,2,allocortex_scope->Agranular
rh,127679,1,2,Perirhinal->Agranular
rh,127680,1,2,Perirhinal->Agranular
rh,127681,1,2,Perirhinal->Agranular
rh,127682,1,3,PHA1->Dysgranular
rh,127683,1,3,PHA1->Dysgranular
rh,127686,2,3,PHA1->Dysgranular
rh,127687,2,3,PHA1->Dysgranular
rh,127688,2,3,PHA1->Dysgranular
rh,127694,3,2,HABC->Agranular
rh,127695,3,2,HABC->Agranular
rh,127696,3,2,HABC->Agranular
rh,127697,3,2,HABC->Agranular
rh,127698,3,2,HABC->Agranular
rh,127699,3,2,HABC->Agranular
rh,127700,3,2,HABC->Agranular
rh,127701,3,2,HABC->Agranular
rh,127702,3,2,HABC->Agranular
rh,127703,4,3,topology_buffer
rh,127704,4,3,topology_buffer
rh,127707,3,2,HABC->Agranular
rh,127708,3,2,HABC->Agranular
rh,127709,3,2,HABC->Agranular
rh,127710,3,2,HABC->Agranular
rh,127711,3,2,HABC->Agranular
rh,127712,3,2,HABC->Agranular
rh,127713,3,2,HABC->Agranular
rh,127714,3,2,HABC->Agranular
rh,127715,3,2,HABC->Agranular
rh,127716,4,3,topology_buffer
rh,127718,4,3,topology_buffer
rh,127721,3,2,HABC->Agranular
rh,127727,1,2,allocortex_scope->Agranular
rh,127728,1,2,allocortex_scope->Agranular
rh,127729,1,2,allocortex_scope->Agranular
rh,127730,1,2,allocortex_scope->Agranular
rh,127731,1,2,allocortex_scope->Agranular
rh,127732,1,2,allocortex_scope->Agranular
rh,127733,1,2,allocortex_scope->Agranular
rh,127734,1,2,allocortex_scope->Agranular
rh,127735,1,2,allocortex_scope->Agranular
rh,127736,1,2,allocortex_scope->Agranular
rh,127737,1,2,allocortex_scope->Agranular
rh,127751,3,2,Perirhinal->Agranular
rh,127752,3,2,Perirhinal->Agranular
rh,127753,3,2,Perirhinal->Agranular
rh,127754,3,2,Perirhinal->Agranular
rh,127755,3,2,Perirhinal->Agranular
rh,129939,1,2,cingulate_anterior->Agranular
rh,129940,1,2,allocortex_scope->Agranular
rh,129942,1,2,cingulate_anterior->Agranular
rh,129943,1,2,cingulate_anterior->Agranular
rh,129944,1,2,cingulate_anterior->Agranular
rh,129947,1,2,cingulate_anterior->Agranular
rh,130641,1,2,allocortex_scope->Agranular
rh,130642,1,2,allocortex_scope->Agranular
rh,130643,1,2,allocortex_scope->Agranular
rh,130644,1,2,allocortex_scope->Agranular
rh,130645,1,2,allocortex_scope->Agranular
rh,130646,1,2,allocortex_scope->Agranular
rh,130647,1,2,allocortex_scope->Agranular
rh,130648,1,2,allocortex_scope->Agranular
rh,130649,1,2,allocortex_scope->Agranular
rh,130650,1,2,allocortex_scope->Agranular
rh,130651,1,2,allocortex_scope->Agranular
rh,130652,1,2,allocortex_scope->Agranular
rh,130653,1,2,allocortex_scope->Agranular
rh,130654,1,2,allocortex_scope->Agranular
rh,130655,1,2,allocortex_scope->Agranular
rh,130656,1,2,allocortex_scope->Agranular
rh,130657,1,2,allocortex_scope->Agranular
rh,130658,1,2,allocortex_scope->Agranular
rh,130659,1,2,allocortex_scope->Agranular
rh,130660,1,2,allocortex_scope->Agranular
rh,130661,1,2,allocortex_scope->Agranular
rh,130662,1,2,allocortex_scope->Agranular
rh,130663,1,2,allocortex_scope->Agranular
rh,131633,1,2,cingulate_anterior->Agranular
rh,131635,1,2,cingulate_anterior->Agranular
rh,131636,1,2,cingulate_anterior->Agranular
rh,131637,1,2,cingulate_anterior->Agranular
rh,131638,1,2,cingulate_anterior->Agranular
rh,131639,1,2,cingulate_anterior->Agranular
rh,131640,1,2,cingulate_anterior->Agranular
rh,131644,1,2,cingulate_anterior->Agranular
rh,131645,1,2,cingulate_anterior->Agranular
rh,131646,1,2,cingulate_anterior->Agranular
rh,131647,1,2,cingulate_anterior->Agranular
rh,131648,1,2,cingulate_anterior->Agranular
rh,131649,1,2,cingulate_anterior->Agranular
rh,131669,1,2,cingulate_anterior->Agranular
rh,131670,1,2,cingulate_anterior->Agranular
rh,131671,1,2,cingulate_anterior->Agranular
rh,131672,1,2,cingulate_anterior->Agranular
rh,131673,1,2,cingulate_anterior->Agranular
rh,131676,1,2,cingulate_anterior->Agranular
rh,131677,1,2,cingulate_anterior->Agranular
rh,131678,1,2,cingulate_anterior->Agranular
rh,131679,1,2,cingulate_anterior->Agranular
rh,131728,1,2,cingulate_anterior->Agranular
rh,131731,1,2,cingulate_anterior->Agranular
rh,131732,1,2,cingulate_anterior->Agranular
rh,131733,1,2,cingulate_anterior->Agranular
rh,131734,1,2,cingulate_anterior->Agranular
rh,131735,1,2,cingulate_anterior->Agranular
rh,131736,1,2,cingulate_anterior->Agranular
rh,131737,1,2,cingulate_anterior->Agranular
rh,131738,1,2,cingulate_anterior->Agranular
rh,131739,1,2,cingulate_anterior->Agranular
rh,131740,1,2,cingulate_anterior->Agranular
rh,131741,1,2,cingulate_anterior->Agranular
rh,134879,1,2,allocortex_scope->Agranular
rh,134880,1,2,allocortex_scope->Agranular
rh,135107,1,3,cingulate_posterior->Dysgranular
rh,135108,1,3,cingulate_posterior->Dysgranular
rh,135109,1,3,cingulate_posterior->Dysgranular
rh,135110,1,3,cingulate_posterior->Dysgranular
rh,135111,1,3,cingulate_posterior->Dysgranular
rh,135112,1,3,cingulate_posterior->Dysgranular
rh,135113,1,3,cingulate_posterior->Dysgranular
rh,135116,1,3,cingulate_posterior->Dysgranular
rh,135117,1,3,cingulate_posterior->Dysgranular
rh,135118,1,3,cingulate_posterior->Dysgranular
rh,136506,3,1,Pir->Allocortex(paleocortex)
rh,136507,3,1,Pir->Allocortex(paleocortex)
rh,136508,3,1,Pir->Allocortex(paleocortex)
rh,136509,3,1,Pir->Allocortex(paleocortex)
rh,136510,3,2,topology_buffer
rh,136567,3,2,topology_buffer
rh,136568,3,2,topology_buffer
rh,136569,3,2,topology_buffer
rh,136570,3,1,Pir->Allocortex(paleocortex)
rh,136571,3,1,Pir->Allocortex(paleocortex)
rh,136572,3,1,Pir->Allocortex(paleocortex)
rh,136573,3,1,Pir->Allocortex(paleocortex)
rh,136574,4,1,Pir->Allocortex(paleocortex)
rh,136575,4,1,Pir->Allocortex(paleocortex)
rh,136576,4,1,Pir->Allocortex(paleocortex)
rh,136577,4,1,Pir->Allocortex(paleocortex)
rh,136578,4,1,Pir->Allocortex(paleocortex)
rh,136579,4,1,Pir->Allocortex(paleocortex)
rh,136580,3,1,Pir->Allocortex(paleocortex)
rh,136581,3,1,Pir->Allocortex(paleocortex)
rh,136582,3,1,Pir->Allocortex(paleocortex)
rh,136583,3,1,Pir->Allocortex(paleocortex)
rh,136584,3,1,Pir->Allocortex(paleocortex)
rh,136585,3,1,Pir->Allocortex(paleocortex)
rh,136586,3,1,Pir->Allocortex(paleocortex)
rh,136587,3,1,Pir->Allocortex(paleocortex)
rh,136588,3,1,Pir->Allocortex(paleocortex)
rh,136589,3,1,Pir->Allocortex(paleocortex)
rh,136590,3,1,Pir->Allocortex(paleocortex)
rh,136591,3,1,Pir->Allocortex(paleocortex)
rh,136673,1,2,allocortex_scope->Agranular
rh,136674,1,2,allocortex_scope->Agranular
rh,136675,1,2,allocortex_scope->Agranular
rh,136676,1,2,allocortex_scope->Agranular
rh,136819,1,2,allocortex_scope->Agranular
rh,136885,1,2,allocortex_scope->Agranular
rh,136886,1,2,allocortex_scope->Agranular
rh,136887,1,2,allocortex_scope->Agranular
rh,136889,1,2,allocortex_scope->Agranular
rh,136890,1,2,allocortex_scope->Agranular
rh,136891,1,2,allocortex_scope->Agranular
rh,136892,1,2,allocortex_scope->Agranular
rh,136893,1,2,allocortex_scope->Agranular
rh,136894,1,2,allocortex_scope->Agranular
rh,136895,1,2,allocortex_scope->Agranular
rh,136896,1,2,allocortex_scope->Agranular
rh,136897,1,2,allocortex_scope->Agranular
rh,136898,1,2,allocortex_scope->Agranular
rh,136899,1,2,Perirhinal->Agranular
rh,136900,1,2,Perirhinal->Agranular
rh,136901,1,2,Perirhinal->Agranular
rh,136902,1,2,Perirhinal->Agranular
rh,136907,2,3,PHA1->Dysgranular
rh,136908,2,3,PHA1->Dysgranular
rh,136909,2,3,PHA1->Dysgranular
rh,136912,2,3,PHA1->Dysgranular
rh,136913,2,3,PHA1->Dysgranular
rh,136914,2,3,PHA1->Dysgranular
rh,136915,2,3,PHA1->Dysgranular
rh,136916,1,2,Perirhinal->Agranular
rh,136925,3,2,HABC->Agranular
rh,136926,3,2,HABC->Agranular
rh,136927,3,2,HABC->Agranular
rh,136929,3,2,HABC->Agranular
rh,136930,3,2,HABC->Agranular
rh,136931,3,2,HABC->Agranular
rh,136932,3,2,HABC->Agranular
rh,136933,3,2,HABC->Agranular
rh,136934,1,2,allocortex_scope->Agranular
rh,136935,1,2,allocortex_scope->Agranular
rh,136936,1,2,allocortex_scope->Agranular
rh,136937,1,2,allocortex_scope->Agranular
rh,136938,1,2,allocortex_scope->Agranular
rh,136939,1,2,allocortex_scope->Agranular
rh,136940,1,2,allocortex_scope->Agranular
rh,136941,1,2,allocortex_scope->Agranular
rh,136942,1,2,allocortex_scope->Agranular
rh,136943,1,2,allocortex_scope->Agranular
rh,136945,1,2,allocortex_scope->Agranular
rh,136946,1,2,allocortex_scope->Agranular
rh,136947,1,2,allocortex_scope->Agranular
rh,136950,1,2,allocortex_scope->Agranular
rh,136965,3,2,Perirhinal->Agranular
rh,136966,3,2,Perirhinal->Agranular
rh,136968,3,2,Perirhinal->Agranular
rh,136969,3,2,Perirhinal->Agranular
rh,136970,3,2,Perirhinal->Agranular
rh,136971,3,2,Perirhinal->Agranular
rh,136972,3,2,Perirhinal->Agranular
rh,138425,1,2,cingulate_anterior->Agranular
rh,138426,1,2,cingulate_anterior->Agranular
rh,138427,1,2,cingulate_anterior->Agranular
rh,138428,1,2,cingulate_anterior->Agranular
rh,138429,1,2,cingulate_anterior->Agranular
rh,138432,1,2,cingulate_anterior->Agranular
rh,138434,1,2,cingulate_anterior->Agranular
rh,138435,1,2,cingulate_anterior->Agranular
rh,138436,1,2,cingulate_anterior->Agranular
rh,138437,1,2,cingulate_anterior->Agranular
rh,138438,1,2,cingulate_anterior->Agranular
rh,138439,1,2,cingulate_anterior->Agranular
rh,138440,1,2,cingulate_anterior->Agranular
rh,138441,1,2,cingulate_anterior->Agranular
rh,138577,1,2,cingulate_anterior->Agranular
rh,138578,1,2,cingulate_anterior->Agranular
rh,138579,1,2,cingulate_anterior->Agranular
rh,138580,1,2,cingulate_anterior->Agranular
rh,138581,1,2,cingulate_anterior->Agranular
rh,139116,1,2,allocortex_scope->Agranular
rh,139117,1,2,allocortex_scope->Agranular
rh,139125,1,2,allocortex_scope->Agranular
rh,139126,1,2,allocortex_scope->Agranular
rh,139145,1,2,allocortex_scope->Agranular
rh,139146,1,2,allocortex_scope->Agranular
rh,139147,1,2,allocortex_scope->Agranular
rh,139148,1,2,allocortex_scope->Agranular
rh,139149,1,2,allocortex_scope->Agranular
rh,139155,1,2,allocortex_scope->Agranular
rh,139156,1,2,allocortex_scope->Agranular
rh,139157,1,2,allocortex_scope->Agranular
rh,139158,1,2,allocortex_scope->Agranular
rh,139159,1,2,allocortex_scope->Agranular
rh,139160,1,2,allocortex_scope->Agranular
rh,139161,1,2,allocortex_scope->Agranular
rh,139162,1,2,allocortex_scope->Agranular
rh,141540,1,2,allocortex_scope->Agranular
rh,141548,1,2,allocortex_scope->Agranular
rh,141549,1,2,allocortex_scope->Agranular
rh,141550,1,2,allocortex_scope->Agranular
rh,141551,1,2,allocortex_scope->Agranular
rh,141552,1,2,allocortex_scope->Agranular
rh,141721,1,3,cingulate_posterior->Dysgranular
rh,143177,3,2,topology_buffer
rh,143178,3,2,topology_buffer
rh,143179,3,1,Pir->Allocortex(paleocortex)
rh,143180,3,2,topology_buffer
rh,143533,1,2,allocortex_scope->Agranular
rh,143534,1,2,allocortex_scope->Agranular
rh,143535,1,2,allocortex_scope->Agranular
rh,143536,1,2,allocortex_scope->Agranular
rh,143537,1,2,allocortex_scope->Agranular
rh,143538,1,2,allocortex_scope->Agranular
rh,143539,1,2,allocortex_scope->Agranular
rh,143540,1,2,allocortex_scope->Agranular
rh,143541,1,2,allocortex_scope->Agranular
rh,143542,1,2,allocortex_scope->Agranular
rh,143543,1,2,allocortex_scope->Agranular
rh,143544,1,2,allocortex_scope->Agranular
rh,143545,1,2,allocortex_scope->Agranular
rh,143546,1,2,allocortex_scope->Agranular
rh,143547,1,2,allocortex_scope->Agranular
rh,143548,1,2,allocortex_scope->Agranular
rh,143549,1,2,allocortex_scope->Agranular
rh,143550,1,2,allocortex_scope->Agranular
rh,143551,1,2,allocortex_scope->Agranular
rh,143552,1,2,allocortex_scope->Agranular
rh,143553,1,2,allocortex_scope->Agranular
rh,143554,1,2,allocortex_scope->Agranular
rh,143555,1,2,allocortex_scope->Agranular
rh,143556,1,2,allocortex_scope->Agranular
rh,143557,1,2,allocortex_scope->Agranular
rh,143558,1,2,allocortex_scope->Agranular
rh,143559,1,2,allocortex_scope->Agranular
rh,143560,1,2,allocortex_scope->Agranular
rh,143561,1,2,allocortex_scope->Agranular
rh,143562,1,2,allocortex_scope->Agranular
rh,143563,1,2,allocortex_scope->Agranular
rh,143564,1,2,allocortex_scope->Agranular
rh,143565,1,2,allocortex_scope->Agranular
rh,143566,1,2,allocortex_scope->Agranular
rh,143567,1,2,allocortex_scope->Agranular
rh,143568,1,2,allocortex_scope->Agranular
rh,143569,1,2,allocortex_scope->Agranular
rh,143570,1,2,allocortex_scope->Agranular
rh,143571,1,2,allocortex_scope->Agranular
rh,143572,1,2,allocortex_scope->Agranular
rh,143573,1,2,allocortex_scope->Agranular
rh,143574,1,2,allocortex_scope->Agranular
rh,143575,1,2,allocortex_scope->Agranular
rh,143576,1,2,allocortex_scope->Agranular
rh,143577,1,2,allocortex_scope->Agranular
rh,143578,1,2,allocortex_scope->Agranular
rh,143579,1,2,allocortex_scope->Agranular
rh,143580,1,2,allocortex_scope->Agranular
rh,143581,1,2,allocortex_scope->Agranular
rh,143582,1,2,allocortex_scope->Agranular
rh,143583,1,2,allocortex_scope->Agranular
rh,143584,1,2,allocortex_scope->Agranular
rh,143585,1,2,allocortex_scope->Agranular
rh,143586,1,2,allocortex_scope->Agranular
rh,143587,1,2,allocortex_scope->Agranular
rh,143588,1,2,allocortex_scope->Agranular
rh,143589,1,2,allocortex_scope->Agranular
rh,143590,1,2,allocortex_scope->Agranular
rh,143591,1,2,allocortex_scope->Agranular
rh,143592,1,2,allocortex_scope->Agranular
rh,143593,1,2,allocortex_scope->Agranular
rh,143594,1,2,allocortex_scope->Agranular
rh,143595,1,2,allocortex_scope->Agranular
rh,143596,1,2,allocortex_scope->Agranular
rh,143597,1,2,allocortex_scope->Agranular
rh,143598,1,2,allocortex_scope->Agranular
rh,143599,1,2,allocortex_scope->Agranular
rh,143600,1,2,allocortex_scope->Agranular
rh,143601,1,2,allocortex_scope->Agranular
rh,143602,1,2,allocortex_scope->Agranular
rh,143603,1,2,allocortex_scope->Agranular
rh,143604,1,2,allocortex_scope->Agranular
rh,143605,1,2,allocortex_scope->Agranular
rh,143606,1,2,allocortex_scope->Agranular
rh,143607,1,2,allocortex_scope->Agranular
rh,143608,1,2,allocortex_scope->Agranular
rh,143609,1,2,allocortex_scope->Agranular
rh,143610,1,2,allocortex_scope->Agranular
rh,143611,1,2,allocortex_scope->Agranular
rh,143612,1,2,allocortex_scope->Agranular
rh,143613,1,2,allocortex_scope->Agranular
rh,146425,1,2,cingulate_anterior->Agranular
rh,146426,1,2,cingulate_anterior->Agranular
rh,146427,1,2,cingulate_anterior->Agranular
rh,146428,1,2,cingulate_anterior->Agranular
rh,146429,1,2,cingulate_anterior->Agranular
rh,146539,1,2,cingulate_anterior->Agranular
rh,146636,1,3,cingulate_posterior->Dysgranular
rh,146638,1,3,cingulate_posterior->Dysgranular
rh,146639,1,3,cingulate_posterior->Dysgranular
rh,146640,1,3,cingulate_posterior->Dysgranular
rh,146641,1,3,cingulate_posterior->Dysgranular
rh,146706,1,3,cingulate_posterior->Dysgranular
rh,146707,1,3,cingulate_posterior->Dysgranular
rh,146709,1,3,cingulate_posterior->Dysgranular
rh,146710,1,3,cingulate_posterior->Dysgranular
rh,146714,1,3,cingulate_posterior->Dysgranular
rh,146715,1,3,cingulate_posterior->Dysgranular
rh,146716,1,3,cingulate_posterior->Dysgranular
rh,146717,1,3,cingulate_posterior->Dysgranular
rh,146718,1,3,cingulate_posterior->Dysgranular
rh,146719,1,3,cingulate_posterior->Dysgranular
rh,146720,1,3,cingulate_posterior->Dysgranular
rh,146721,1,3,cingulate_posterior->Dysgranular
rh,146722,1,3,cingulate_posterior->Dysgranular
rh,148089,4,3,topology_buffer
rh,148090,4,3,topology_buffer
rh,148091,4,3,topology_buffer
rh,148100,4,3,topology_buffer
rh,148511,1,2,allocortex_scope->Agranular
rh,148512,1,2,allocortex_scope->Agranular
rh,148513,1,2,allocortex_scope->Agranular
rh,148514,1,2,allocortex_scope->Agranular
rh,148515,1,2,allocortex_scope->Agranular
rh,148516,1,2,allocortex_scope->Agranular
rh,155094,1,3,cingulate_posterior->Dysgranular
rh,155095,1,2,allocortex_scope->Agranular
rh,155096,1,2,allocortex_scope->Agranular
rh,155097,1,2,allocortex_scope->Agranular
rh,155098,1,2,allocortex_scope->Agranular
rh,155099,1,2,allocortex_scope->Agranular
rh,155100,1,2,allocortex_scope->Agranular
rh,155101,1,2,allocortex_scope->Agranular
rh,155102,1,2,allocortex_scope->Agranular
rh,155103,1,2,allocortex_scope->Agranular
rh,155104,1,2,allocortex_scope->Agranular
rh,155105,1,2,allocortex_scope->Agranular
rh,155106,1,2,allocortex_scope->Agranular
rh,155107,1,2,allocortex_scope->Agranular
rh,155108,1,2,allocortex_scope->Agranular
rh,155109,1,2,allocortex_scope->Agranular
rh,155110,1,2,allocortex_scope->Agranular
rh,155684,1,2,allocortex_scope->Agranular
rh,155685,1,2,allocortex_scope->Agranular
rh,155686,1,2,allocortex_scope->Agranular
rh,155713,1,2,allocortex_scope->Agranular
rh,155714,1,2,allocortex_scope->Agranular
rh,155715,1,2,allocortex_scope->Agranular
rh,155716,1,2,allocortex_scope->Agranular
rh,155718,1,2,allocortex_scope->Agranular
rh,155719,1,2,allocortex_scope->Agranular
rh,155729,1,2,allocortex_scope->Agranular
rh,155748,1,2,allocortex_scope->Agranular
rh,155749,1,2,allocortex_scope->Agranular
rh,155756,1,2,allocortex_scope->Agranular
rh,155757,1,2,allocortex_scope->Agranular
rh,155758,1,2,allocortex_scope->Agranular
rh,156146,1,3,cingulate_posterior->Dysgranular
rh,156151,1,3,cingulate_posterior->Dysgranular
rh,156152,1,3,cingulate_posterior->Dysgranular
rh,156153,1,3,cingulate_posterior->Dysgranular
rh,156161,1,3,cingulate_posterior->Dysgranular
rh,156162,1,3,cingulate_posterior->Dysgranular
rh,156163,1,3,cingulate_posterior->Dysgranular
rh,156164,1,3,cingulate_posterior->Dysgranular
rh,156165,1,3,cingulate_posterior->Dysgranular
rh,156166,1,3,cingulate_posterior->Dysgranular
rh,156167,1,3,cingulate_posterior->Dysgranular
rh,156168,1,3,cingulate_posterior->Dysgranular
rh,156169,1,3,cingulate_posterior->Dysgranular
rh,156170,1,3,cingulate_posterior->Dysgranular
rh,156191,1,3,cingulate_posterior->Dysgranular
rh,156192,1,3,cingulate_posterior->Dysgranular
rh,156193,1,3,cingulate_posterior->Dysgranular
rh,156194,1,3,cingulate_posterior->Dysgranular
rh,156195,1,3,cingulate_posterior->Dysgranular
rh,156208,1,3,cingulate_posterior->Dysgranular
rh,156209,1,3,cingulate_posterior->Dysgranular
rh,156260,1,3,cingulate_posterior->Dysgranular
rh,156265,1,3,cingulate_posterior->Dysgranular
rh,156266,1,3,cingulate_posterior->Dysgranular
rh,156267,1,3,cingulate_posterior->Dysgranular
rh,156268,1,3,cingulate_posterior->Dysgranular
rh,156334,1,3,cingulate_posterior->Dysgranular
rh,156335,1,3,cingulate_posterior->Dysgranular
rh,156336,1,3,cingulate_posterior->Dysgranular
rh,156337,1,3,cingulate_posterior->Dysgranular
rh,156338,1,3,cingulate_posterior->Dysgranular
rh,156343,1,3,cingulate_posterior->Dysgranular
rh,156344,1,3,cingulate_posterior->Dysgranular
rh,156345,1,3,cingulate_posterior->Dysgranular
rh,156346,1,3,cingulate_posterior->Dysgranular
rh,156347,1,3,cingulate_posterior->Dysgranular
rh,156348,1,3,cingulate_posterior->Dysgranular
rh,156448,1,2,allocortex_scope->Agranular
rh,156449,1,3,cingulate_posterior->Dysgranular
rh,156450,1,3,cingulate_posterior->Dysgranular
rh,156457,1,3,cingulate_posterior->Dysgranular
rh,156458,1,3,cingulate_posterior->Dysgranular
rh,156459,1,3,cingulate_posterior->Dysgranular
rh,156478,1,3,cingulate_posterior->Dysgranular
rh,156502,1,2,allocortex_scope->Agranular
rh,156503,1,2,allocortex_scope->Agranular
rh,156504,1,2,allocortex_scope->Agranular
rh,156511,1,2,allocortex_scope->Agranular
rh,156512,1,2,allocortex_scope->Agranular
rh,156513,1,3,cingulate_posterior->Dysgranular
rh,156514,1,3,cingulate_posterior->Dysgranular
rh,156515,1,3,cingulate_posterior->Dysgranular
rh,156517,1,3,cingulate_posterior->Dysgranular
rh,156532,1,3,cingulate_posterior->Dysgranular
rh,156533,1,3,cingulate_posterior->Dysgranular
rh,156534,1,3,cingulate_posterior->Dysgranular
rh,156535,1,3,cingulate_posterior->Dysgranular
rh,156536,1,3,cingulate_posterior->Dysgranular
rh,160270,1,2,allocortex_scope->Agranular
rh,160271,1,2,allocortex_scope->Agranular
rh,160273,1,2,allocortex_scope->Agranular
rh,160274,1,2,allocortex_scope->Agranular
rh,160275,1,2,allocortex_scope->Agranular
rh,160276,1,2,allocortex_scope->Agranular
rh,160277,1,2,allocortex_scope->Agranular
rh,160305,3,1,Pir->Allocortex(paleocortex)
rh,160306,3,1,Pir->Allocortex(paleocortex)
rh,160307,3,2,topology_buffer
rh,160308,3,2,topology_buffer
rh,160309,3,1,Pir->Allocortex(paleocortex)
rh,160310,3,2,topology_buffer
rh,160311,3,1,Pir->Allocortex(paleocortex)
rh,160312,3,2,topology_buffer
rh,160313,3,2,topology_buffer
rh,160319,3,2,topology_buffer
rh,160320,3,1,Pir->Allocortex(paleocortex)
rh,160321,3,2,topology_buffer
rh,160356,1,2,allocortex_scope->Agranular
rh,160357,1,2,allocortex_scope->Agranular
rh,160358,1,2,allocortex_scope->Agranular
rh,160359,1,2,allocortex_scope->Agranular
rh,160360,1,2,allocortex_scope->Agranular
rh,160361,1,2,allocortex_scope->Agranular
rh,160362,1,2,allocortex_scope->Agranular
rh,160363,1,2,allocortex_scope->Agranular
rh,160364,1,2,allocortex_scope->Agranular
rh,160365,1,2,allocortex_scope->Agranular
rh,160368,1,2,allocortex_scope->Agranular
rh,160369,1,2,allocortex_scope->Agranular
rh,160370,1,2,allocortex_scope->Agranular
rh,160371,1,2,allocortex_scope->Agranular
rh,160372,1,2,allocortex_scope->Agranular
rh,160373,1,2,allocortex_scope->Agranular
rh,160374,1,2,allocortex_scope->Agranular
rh,160392,1,2,allocortex_scope->Agranular
rh,160393,1,2,allocortex_scope->Agranular
rh,160394,1,2,allocortex_scope->Agranular
rh,160396,1,2,allocortex_scope->Agranular
rh,160397,1,2,allocortex_scope->Agranular
rh,160398,1,2,allocortex_scope->Agranular
rh,160399,1,2,allocortex_scope->Agranular
rh,160400,1,2,allocortex_scope->Agranular
rh,160401,1,2,allocortex_scope->Agranular
rh,160402,1,2,allocortex_scope->Agranular
rh,160403,1,2,allocortex_scope->Agranular
rh,160404,1,2,allocortex_scope->Agranular
rh,160405,1,2,allocortex_scope->Agranular
rh,160406,1,2,allocortex_scope->Agranular
rh,160407,1,2,allocortex_scope->Agranular
rh,160408,1,2,allocortex_scope->Agranular
rh,160414,1,2,allocortex_scope->Agranular
rh,160415,1,2,allocortex_scope->Agranular
rh,160416,1,2,allocortex_scope->Agranular
rh,160417,1,2,allocortex_scope->Agranular
rh,160418,1,2,allocortex_scope->Agranular
rh,160419,1,2,allocortex_scope->Agranular
rh,160420,1,2,allocortex_scope->Agranular
rh,160421,1,2,allocortex_scope->Agranular
rh,160422,1,2,allocortex_scope->Agranular
rh,160423,1,2,allocortex_scope->Agranular
rh,160424,1,2,allocortex_scope->Agranular
rh,160425,1,2,allocortex_scope->Agranular
rh,160426,1,2,allocortex_scope->Agranular
rh,160427,1,2,allocortex_scope->Agranular
rh,160428,1,2,allocortex_scope->Agranular
rh,160429,1,2,allocortex_scope->Agranular
rh,160430,1,2,allocortex_scope->Agranular
rh,160431,1,2,allocortex_scope->Agranular
rh,160432,1,2,allocortex_scope->Agranular
rh,160433,1,2,allocortex_scope->Agranular
rh,160434,1,2,allocortex_scope->Agranular
rh,160435,1,2,allocortex_scope->Agranular
rh,160436,1,2,allocortex_scope->Agranular
rh,160437,1,2,allocortex_scope->Agranular
rh,160438,1,2,allocortex_scope->Agranular
rh,160439,1,2,allocortex_scope->Agranular
rh,160470,3,2,topology_buffer
rh,160476,3,1,Pir->Allocortex(paleocortex)
rh,160477,3,1,Pir->Allocortex(paleocortex)
rh,160478,3,1,Pir->Allocortex(paleocortex)
rh,160479,3,1,Pir->Allocortex(paleocortex)
rh,160480,3,1,Pir->Allocortex(paleocortex)
rh,160481,3,1,Pir->Allocortex(paleocortex)
rh,160482,3,2,topology_buffer
rh,160527,4,3,topology_buffer
rh,160528,4,3,topology_buffer
rh,160529,4,3,topology_buffer
rh,160537,4,3,topology_buffer
rh,160538,4,2,topology_buffer
rh,160539,3,2,topology_buffer
rh,160540,3,2,topology_buffer
rh,160541,3,1,Pir->Allocortex(paleocortex)
rh,160543,3,2,topology_buffer
rh,160544,3,1,Pir->Allocortex(paleocortex)
rh,160545,3,1,Pir->Allocortex(paleocortex)
rh,160546,3,1,Pir->Allocortex(paleocortex)
rh,160547,3,1,Pir->Allocortex(paleocortex)
rh,160572,3,2,topology_buffer
rh,160573,3,1,Pir->Allocortex(paleocortex)
rh,160574,3,1,Pir->Allocortex(paleocortex)
rh,160575,3,1,Pir->Allocortex(paleocortex)
rh,160576,3,1,Pir->Allocortex(paleocortex)
rh,160577,3,1,Pir->Allocortex(paleocortex)
rh,160578,3,1,Pir->Allocortex(paleocortex)
rh,160579,3,1,Pir->Allocortex(paleocortex)
rh,160580,3,1,Pir->Allocortex(paleocortex)
rh,160581,2,1,Pir->Allocortex(paleocortex)
rh,160582,2,1,Pir->Allocortex(paleocortex)
rh,160585,2,1,Pir->Allocortex(paleocortex)
rh,160586,2,1,Pir->Allocortex(paleocortex)
rh,160587,2,1,Pir->Allocortex(paleocortex)
rh,160588,2,1,Pir->Allocortex(paleocortex)
rh,160589,2,1,Pir->Allocortex(paleocortex)
rh,160590,2,1,Pir->Allocortex(paleocortex)
rh,160591,2,1,Pir->Allocortex(paleocortex)
rh,160611,2,1,Pir->Allocortex(paleocortex)
rh,160612,2,1,Pir->Allocortex(paleocortex)
rh,160613,2,1,Pir->Allocortex(paleocortex)
rh,160614,2,1,Pir->Allocortex(paleocortex)
rh,160615,2,1,Pir->Allocortex(paleocortex)
rh,160616,2,1,Pir->Allocortex(paleocortex)
rh,160664,1,2,allocortex_scope->Agranular
rh,160673,1,2,allocortex_scope->Agranular
rh,160674,1,2,allocortex_scope->Agranular
rh,160675,1,2,allocortex_scope->Agranular
rh,160676,1,2,allocortex_scope->Agranular
rh,160677,1,2,allocortex_scope->Agranular
rh,160678,1,2,allocortex_scope->Agranular
rh,160679,1,2,allocortex_scope->Agranular
rh,160680,1,2,allocortex_scope->Agranular
rh,160681,1,2,allocortex_scope->Agranular
rh,160682,1,2,allocortex_scope->Agranular
rh,160683,1,2,allocortex_scope->Agranular
rh,160684,1,2,allocortex_scope->Agranular
rh,160685,1,2,allocortex_scope->Agranular
rh,160686,1,2,allocortex_scope->Agranular
rh,160687,1,2,allocortex_scope->Agranular
rh,160688,1,2,allocortex_scope->Agranular
rh,160689,1,2,allocortex_scope->Agranular
rh,160690,1,2,allocortex_scope->Agranular
rh,160700,1,2,allocortex_scope->Agranular
rh,160707,1,2,allocortex_scope->Agranular
rh,160708,1,2,allocortex_scope->Agranular
rh,160709,1,2,allocortex_scope->Agranular
rh,160711,1,2,allocortex_scope->Agranular
rh,160712,1,2,allocortex_scope->Agranular
rh,160713,1,2,allocortex_scope->Agranular
rh,160714,1,2,allocortex_scope->Agranular
rh,160715,1,2,allocortex_scope->Agranular
rh,160716,1,2,allocortex_scope->Agranular
rh,160717,1,2,allocortex_scope->Agranular
rh,160718,1,2,allocortex_scope->Agranular
rh,160719,1,2,allocortex_scope->Agranular
rh,160720,1,2,allocortex_scope->Agranular
rh,160721,1,2,allocortex_scope->Agranular
rh,160722,1,2,allocortex_scope->Agranular
rh,160723,1,2,allocortex_scope->Agranular
rh,160724,1,2,allocortex_scope->Agranular
rh,160725,1,2,allocortex_scope->Agranular
rh,160726,1,2,allocortex_scope->Agranular
rh,160727,1,2,allocortex_scope->Agranular
rh,160728,1,2,allocortex_scope->Agranular
rh,160729,1,2,allocortex_scope->Agranular
rh,160730,1,2,allocortex_scope->Agranular
rh,160731,1,2,allocortex_scope->Agranular
rh,160732,1,2,allocortex_scope->Agranular
rh,160733,1,2,allocortex_scope->Agranular
rh,160734,1,2,allocortex_scope->Agranular
rh,160735,1,2,allocortex_scope->Agranular
rh,160736,1,2,allocortex_scope->Agranular
rh,160737,1,2,allocortex_scope->Agranular
rh,160738,1,2,allocortex_scope->Agranular
rh,160739,1,2,allocortex_scope->Agranular
rh,160740,1,2,allocortex_scope->Agranular
rh,160741,1,2,allocortex_scope->Agranular
rh,160742,1,2,allocortex_scope->Agranular
rh,160743,1,2,allocortex_scope->Agranular
rh,160744,1,2,allocortex_scope->Agranular
rh,160745,1,2,allocortex_scope->Agranular
rh,160746,1,2,allocortex_scope->Agranular
rh,160747,1,2,allocortex_scope->Agranular
rh,160748,1,2,allocortex_scope->Agranular
rh,160749,1,2,allocortex_scope->Agranular
rh,160750,1,2,allocortex_scope->Agranular
rh,160751,1,2,allocortex_scope->Agranular
rh,160752,1,2,allocortex_scope->Agranular
rh,160753,1,2,allocortex_scope->Agranular
rh,160754,1,2,allocortex_scope->Agranular
rh,160755,1,2,allocortex_scope->Agranular
rh,160756,1,2,allocortex_scope->Agranular
rh,160757,1,2,allocortex_scope->Agranular
rh,160758,1,2,allocortex_scope->Agranular
rh,160759,1,2,allocortex_scope->Agranular
rh,160817,1,2,allocortex_scope->Agranular
rh,160818,1,2,allocortex_scope->Agranular
rh,160819,1,2,allocortex_scope->Agranular
rh,160820,1,2,allocortex_scope->Agranular
rh,160823,1,2,allocortex_scope->Agranular
rh,160824,1,2,allocortex_scope->Agranular
rh,160825,1,2,allocortex_scope->Agranular
rh,160826,1,2,allocortex_scope->Agranular
rh,160930,1,2,allocortex_scope->Agranular
rh,160931,1,3,cingulate_posterior->Dysgranular
rh,160936,1,2,allocortex_scope->Agranular
rh,160937,1,2,allocortex_scope->Agranular
rh,160938,1,2,allocortex_scope->Agranular
rh,160939,1,2,allocortex_scope->Agranular
rh,160940,1,2,allocortex_scope->Agranular
rh,160941,1,2,allocortex_scope->Agranular
rh,160942,1,2,allocortex_scope->Agranular
rh,160943,1,3,cingulate_posterior->Dysgranular
rh,160948,1,3,cingulate_posterior->Dysgranular
rh,160949,1,3,cingulate_posterior->Dysgranular
rh,160952,1,2,allocortex_scope->Agranular
rh,160953,1,3,cingulate_posterior->Dysgranular
rh,160977,1,2,allocortex_scope->Agranular
rh,160978,1,2,allocortex_scope->Agranular
rh,160979,1,2,allocortex_scope->Agranular
rh,160980,1,2,allocortex_scope->Agranular
rh,160981,1,3,cingulate_posterior->Dysgranular
rh,160982,1,3,cingulate_posterior->Dysgranular
rh,160983,1,2,allocortex_scope->Agranular
rh,160984,1,2,allocortex_scope->Agranular
rh,160985,1,3,cingulate_posterior->Dysgranular
rh,160989,1,2,allocortex_scope->Agranular
rh,160996,1,2,allocortex_scope->Agranular
rh,160997,1,2,allocortex_scope->Agranular
rh,161002,1,2,allocortex_scope->Agranular
rh,161082,1,2,allocortex_scope->Agranular
rh,161083,1,2,allocortex_scope->Agranular
rh,161084,1,2,allocortex_scope->Agranular
rh,161098,1,2,allocortex_scope->Agranular
rh,161105,2,3,PHA1->Dysgranular
rh,161110,2,3,PHA1->Dysgranular
rh,161123,1,2,allocortex_scope->Agranular
rh,161124,1,2,allocortex_scope->Agranular
rh,161127,1,2,allocortex_scope->Agranular
rh,161128,1,2,allocortex_scope->Agranular
rh,161129,1,2,allocortex_scope->Agranular
rh,161130,1,2,allocortex_scope->Agranular
rh,161131,1,2,allocortex_scope->Agranular
rh,161132,1,2,allocortex_scope->Agranular
rh,161136,2,3,PHA1->Dysgranular
rh,161137,2,3,PHA1->Dysgranular
rh,161138,2,3,PHA1->Dysgranular
rh,161139,2,3,PHA1->Dysgranular
rh,161152,2,3,PHA1->Dysgranular
rh,161153,2,3,PHA1->Dysgranular
rh,161154,2,3,PHA1->Dysgranular
rh,161155,2,3,PHA1->Dysgranular
rh,161169,4,3,topology_buffer
rh,161358,1,2,allocortex_scope->Agranular
rh,161368,1,2,allocortex_scope->Agranular
rh,161369,1,2,allocortex_scope->Agranular
rh,161370,1,2,allocortex_scope->Agranular
rh,161371,1,2,allocortex_scope->Agranular
rh,161372,1,2,allocortex_scope->Agranular
rh,161380,1,2,allocortex_scope->Agranular
rh,161381,1,2,allocortex_scope->Agranular
rh,161382,1,2,allocortex_scope->Agranular
rh,161383,1,2,allocortex_scope->Agranular
rh,161384,1,2,allocortex_scope->Agranular
rh,161385,1,2,allocortex_scope->Agranular
rh,161386,1,2,allocortex_scope->Agranular
rh,161388,2,3,PHA1->Dysgranular
rh,161389,2,3,PHA1->Dysgranular
rh,161390,2,3,PHA1->Dysgranular
rh,161391,2,3,PHA1->Dysgranular
rh,161392,2,3,PHA1->Dysgranular
rh,161393,2,3,PHA1->Dysgranular
rh,161394,2,3,PHA1->Dysgranular
rh,161395,2,3,PHA1->Dysgranular
rh,161396,2,3,PHA1->Dysgranular
rh,161397,2,3,PHA1->Dysgranular
rh,161400,2,3,PHA1->Dysgranular
rh,161401,2,3,PHA1->Dysgranular
rh,161407,3,2,HABC->Agranular
rh,161408,3,2,HABC->Agranular
rh,161410,3,2,HABC->Agranular
rh,161411,3,2,HABC->Agranular
rh,161412,4,3,topology_buffer
rh,161413,4,3,topology_buffer
rh,161416,4,3,topology_buffer
rh,161422,3,2,HABC->Agranular
rh,161423,3,2,HABC->Agranular
rh,161424,4,3,topology_buffer
rh,161425,3,2,HABC->Agranular
rh,161426,4,3,topology_buffer
rh,161442,3,2,HABC->Agranular
rh,161443,3,2,HABC->Agranular
rh,161444,3,2,HABC->Agranular
rh,161445,3,2,HABC->Agranular
rh,161446,3,2,HABC->Agranular
rh,161447,4,3,topology_buffer
rh,161449,3,2,HABC->Agranular
rh,161450,3,2,HABC->Agranular
rh,161451,3,2,HABC->Agranular
rh,161452,3,2,HABC->Agranular
rh,161453,3,2,HABC->Agranular
rh,161454,3,2,HABC->Agranular
rh,161455,4,3,topology_buffer
rh,161494,1,2,allocortex_scope->Agranular
rh,161495,1,2,allocortex_scope->Agranular
rh,161496,1,2,allocortex_scope->Agranular
rh,161497,1,2,allocortex_scope->Agranular
rh,161498,1,2,allocortex_scope->Agranular
rh,161499,1,2,allocortex_scope->Agranular
rh,161500,1,2,allocortex_scope->Agranular
rh,161501,1,2,allocortex_scope->Agranular
rh,161502,1,2,allocortex_scope->Agranular
rh,161503,1,2,allocortex_scope->Agranular
rh,161504,1,2,allocortex_scope->Agranular
rh,161505,1,2,allocortex_scope->Agranular
rh,161506,1,2,allocortex_scope->Agranular
rh,161507,1,2,allocortex_scope->Agranular
rh,161508,1,2,allocortex_scope->Agranular
rh,161509,1,2,allocortex_scope->Agranular
rh,161510,1,2,allocortex_scope->Agranular
rh,161511,1,2,allocortex_scope->Agranular
rh,161512,1,2,allocortex_scope->Agranular
rh,161513,1,2,allocortex_scope->Agranular
rh,161519,3,2,HABC->Agranular
rh,161520,3,2,HABC->Agranular
rh,161521,1,2,allocortex_scope->Agranular
rh,161522,1,2,allocortex_scope->Agranular
rh,161523,1,2,allocortex_scope->Agranular
rh,161524,1,2,allocortex_scope->Agranular
rh,161525,1,2,allocortex_scope->Agranular
rh,161526,1,2,allocortex_scope->Agranular
rh,161527,1,2,allocortex_scope->Agranular
rh,161528,1,2,allocortex_scope->Agranular
rh,161529,1,2,allocortex_scope->Agranular
rh,161532,1,2,allocortex_scope->Agranular
rh,161535,1,2,allocortex_scope->Agranular
rh,161536,1,2,allocortex_scope->Agranular
rh,161537,1,2,allocortex_scope->Agranular
rh,161538,1,2,allocortex_scope->Agranular
rh,161545,3,2,HABC->Agranular
rh,161546,3,2,HABC->Agranular
rh,161547,3,2,HABC->Agranular
rh,161548,3,2,HABC->Agranular
rh,161549,3,2,Perirhinal->Agranular
rh,161550,3,2,Perirhinal->Agranular
rh,161551,3,2,Perirhinal->Agranular
rh,161552,3,2,Perirhinal->Agranular
rh,161553,3,2,Perirhinal->Agranular
rh,161554,3,2,Perirhinal->Agranular
rh,161555,4,3,topology_buffer
rh,161557,3,2,Perirhinal->Agranular
rh,161558,3,2,Perirhinal->Agranular
rh,161559,3,2,Perirhinal->Agranular
rh,161561,3,2,Perirhinal->Agranular
rh,161562,3,2,Perirhinal->Agranular
rh,161563,4,3,topology_buffer
