hemi,vertex,old_label,new_label,reason,low_conf_flag
lh,35,agranular,dysgranular,cingulate_gradient,False
lh,76,agranular,dysgranular,cingulate_gradient,False
lh,143,agranular,dysgranular,cingulate_gradient,False
lh,195,agranular,dysgranular,cingulate_gradient,False
lh,318,unknown,agranular,ring_closure,True
lh,320,unknown,agranular,ring_closure,True
lh,321,agranular,dysgranular,cingulate_gradient,False
lh,423,unknown,agranular,ring_closure,False
lh,424,agranular,dysgranular,cingulate_gradient,False
lh,425,agranular,dysgranular,cingulate_gradient,False
lh,596,agranular,dysgranular,cingulate_gradient,False
lh,801,agranular,dysgranular,cingulate_gradient,False
lh,945,agranular,dysgranular,cingulate_gradient,False
lh,946,agranular,dysgranular,cingulate_gradient,False
lh,947,agranular,dysgranular,cingulate_gradient,False
lh,948,agranular,dysgranular,cingulate_gradient,False
lh,949,agranular,dysgranular,cingulate_gradient,False
lh,950,agranular,dysgranular,cingulate_gradient,False
lh,951,agranular,dysgranular,cingulate_gradient,False
lh,1103,unknown,agranular,ring_closure,True
lh,1312,unknown,agranular,ring_closure,False
lh,1314,unknown,agranular,ring_closure,True
lh,1324,agranular,dysgranular,cingulate_gradient,False
lh,1503,agranular,dysgranular,cingulate_gradient,False
lh,1650,eulaminate I,dysgranular,boundary_smooth,False
lh,1724,unknown,agranular,ring_closure,False
lh,1726,unknown,agranular,ring_closure,False
lh,1727,unknown,agranular,ring_closure,True
lh,1729,unknown,agranular,ring_closure,False
lh,1731,agranular,dysgranular,cingulate_gradient,False
lh,1949,agranular,dysgranular,cingulate_gradient,False
lh,1951,agranular,dysgranular,cingulate_gradient,False
lh,1952,agranular,dysgranular,cingulate_gradient,False
lh,1953,agranular,dysgranular,cingulate_gradient,False
lh,1954,agranular,dysgranular,cingulate_gradient,False
lh,1955,agranular,dysgranular,cingulate_gradient,False
lh,1974,dysgranular,eulaminate I,boundary_smooth,False
lh,2161,unknown,agranular,ring_closure,True
lh,2714,unknown,agranular,ring_closure,True
lh,2716,unknown,agranular,ring_closure,True
lh,2717,agranular,dysgranular,cingulate_gradient,False
lh,2866,agranular,dysgranular,cingulate_gradient,False
lh,2867,agranular,dysgranular,cingulate_gradient,False
lh,2868,agranular,dysgranular,cingulate_gradient,False
lh,2869,agranular,dysgranular,cingulate_gradient,False
lh,2870,agranular,dysgranular,cingulate_gradient,False
lh,2871,agranular,dysgranular,cingulate_gradient,False
lh,3233,unknown,agranular,ring_closure,True
lh,3234,unknown,agranular,ring_closure,False
lh,3242,agranular,dysgranular,cingulate_gradient,False
lh,3243,agranular,dysgranular,cingulate_gradient,False
lh,3244,agranular,dysgranular,cingulate_gradient,False
lh,3245,agranular,dysgranular,cingulate_gradient,False
lh,3838,unknown,agranular,ring_closure,True
lh,3839,unknown,agranular,ring_closure,False
lh,3840,unknown,agranular,ring_closure,False
lh,3846,agranular,dysgranular,cingulate_gradient,False
lh,4277,agranular,dysgranular,cingulate_gradient,False
lh,4278,agranular,dysgranular,cingulate_gradient,False
lh,4279,agranular,dysgranular,cingulate_gradient,False
lh,4280,agranular,dysgranular,cingulate_gradient,False
lh,4281,agranular,dysgranular,cingulate_gradient,False
lh,4282,agranular,dysgranular,cingulate_gradient,False
lh,4283,agranular,dysgranular,cingulate_gradient,False
lh,4284,agranular,dysgranular,cingulate_gradient,False
lh,4285,agranular,dysgranular,cingulate_gradient,False
lh,4286,agranular,dysgranular,cingulate_gradient,False
lh,4287,agranular,dysgranular,cingulate_gradient,False
lh,4288,agranular,dysgranular,cingulate_gradient,False
lh,4289,agranular,dysgranular,cingulate_gradient,False
lh,4290,agranular,dysgranular,cingulate_gradient,False
lh,4291,agranular,dysgranular,cingulate_gradient,False
lh,4292,agranular,dysgranular,cingulate_gradient,False
lh,4293,agranular,dysgranular,cingulate_gradient,False
lh,4294,agranular,dysgranular,cingulate_gradient,False
lh,4759,unknown,agranular,ring_closure,True
lh,5321,eulaminate II,eulaminate I,boundary_smooth,False
lh,5377,unknown,agranular,ring_closure,False
lh,5379,unknown,agranular,ring_closure,True
lh,5385,unknown,agranular,ring_closure,False
lh,5386,unknown,agranular,ring_closure,True
lh,5410,agranular,dysgranular,cingulate_gradient,False
lh,5411,unknown,agranular,ring_closure,True
lh,5414,agranular,dysgranular,cingulate_gradient,False
lh,5415,agranular,dysgranular,cingulate_gradient,False
lh,5416,agranular,dysgranular,cingulate_gradient,False
lh,5894,eulaminate II,eulaminate III,boundary_smooth,False
lh,6051,agranular,dysgranular,cingulate_gradient,False
lh,6311,agranular,dysgranular,cingulate_gradient,False
lh,6312,agranular,dysgranular,cingulate_gradient,False
lh,6313,agranular,dysgranular,cingulate_gradient,False
lh,6314,agranular,dysgranular,cingulate_gradient,False
lh,6315,agranular,dysgranular,cingulate_gradient,False
lh,6316,agranular,dysgranular,cingulate_gradient,False
lh,6317,agranular,dysgranular,cingulate_gradient,False
lh,6318,agranular,dysgranular,cingulate_gradient,False
lh,6319,agranular,dysgranular,cingulate_gradient,False
lh,6320,agranular,dysgranular,cingulate_gradient,False
lh,6635,eulaminate II,eulaminate I,boundary_smooth,False
lh,6738,eulaminate III,eulaminate II,boundary_smooth,False
lh,6970,unknown,agranular,ring_closure,False
lh,6971,unknown,agranular,ring_closure,True
lh,6972,unknown,agranular,ring_closure,True
lh,6989,unknown,agranular,ring_closure,False
lh,6990,agranular,dysgranular,cingulate_gradient,False
lh,6991,agranular,dysgranular,cingulate_gradient,False
lh,6992,agranular,dysgranular,cingulate_gradient,False
lh,6993,agranular,dysgranular,cingulate_gradient,False
lh,6994,agranular,dysgranular,cingulate_gradient,False
lh,7193,eulaminate I,dysgranular,boundary_smooth,False
lh,7347,agranular,dysgranular,cingulate_gradient,False
lh,7349,agranular,dysgranular,cingulate_gradient,False
lh,7350,agranular,dysgranular,cingulate_gradient,False
lh,7353,agranular,dysgranular,cingulate_gradient,False
lh,7354,agranular,dysgranular,cingulate_gradient,False
lh,7401,agranular,dysgranular,cingulate_gradient,False
lh,7402,agranular,dysgranular,cingulate_gradient,False
lh,7865,unknown,agranular,ring_closure,False
lh,7868,unknown,agranular,ring_closure,True
lh,7869,unknown,agranular,ring_closure,True
lh,7874,unknown,agranular,ring_closure,True
lh,7875,unknown,agranular,ring_closure,True
lh,7880,agranular,dysgranular,cingulate_gradient,False
lh,7922,eulaminate III,eulaminate II,boundary_smooth,False
lh,7949,eulaminate I,eulaminate II,boundary_smooth,False
lh,8439,unknown,agranular,ring_closure,False
lh,8449,agranular,dysgranular,cingulate_gradient,False
lh,8450,agranular,dysgranular,cingulate_gradient,False
lh,8451,agranular,dysgranular,cingulate_gradient,False
lh,8452,agranular,dysgranular,cingulate_gradient,False
lh,8453,agranular,dysgranular,cingulate_gradient,False
lh,8454,agranular,dysgranular,cingulate_gradient,False
lh,8455,agranular,dysgranular,cingulate_gradient,False
lh,8456,agranular,dysgranular,cingulate_gradient,False
lh,8460,agranular,dysgranular,cingulate_gradient,False
lh,8461,agranular,dysgranular,cingulate_gradient,False
lh,8462,agranular,dysgranular,cingulate_gradient,False
lh,8463,agranular,dysgranular,cingulate_gradient,False
lh,8464,agranular,dysgranular,cingulate_gradient,False
lh,8465,agranular,dysgranular,cingulate_gradient,False
lh,8466,agranular,dysgranular,cingulate_gradient,False
lh,8594,agranular,dysgranular,cingulate_gradient,False
lh,8595,agranular,dysgranular,cingulate_gradient,False
lh,8596,agranular,dysgranular,cingulate_gradient,False
lh,9045,unknown,agranular,ring_closure,True
lh,9048,unknown,agranular,ring_closure,True
lh,9692,agranular,dysgranular,cingulate_gradient,False
lh,9693,agranular,dysgranular,cingulate_gradient,False
lh,9728,agranular,dysgranular,cingulate_gradient,False
lh,9793,unknown,agranular,ring_closure,False
lh,9823,unknown,agranular,ring_closure,True
lh,9827,unknown,agranular,ring_closure,True
lh,9829,agranular,dysgranular,cingulate_gradient,False
lh,9830,agranular,dysgranular,cingulate_gradient,False
lh,10395,unknown,agranular,ring_closure,True
lh,10396,unknown,agranular,ring_closure,True
lh,10401,agranular,dysgranular,cingulate_gradient,False
lh,10547,agranular,dysgranular,cingulate_gradient,False
lh,10548,agranular,dysgranular,cingulate_gradient,False
lh,10549,agranular,dysgranular,cingulate_gradient,False
lh,10550,agranular,dysgranular,cingulate_gradient,False
lh,10551,agranular,dysgranular,cingulate_gradient,False
lh,10913,unknown,agranular,ring_closure,False
lh,10922,agranular,dysgranular,cingulate_gradient,False
lh,10923,agranular,dysgranular,cingulate_gradient,False
lh,10924,agranular,dysgranular,cingulate_gradient,False
lh,10925,agranular,dysgranular,cingulate_gradient,False
lh,10926,agranular,dysgranular,cingulate_gradient,False
lh,11518,unknown,agranular,ring_closure,False
lh,11524,agranular,dysgranular,cingulate_gradient,False
lh,11525,agranular,dysgranular,cingulate_gradient,False
lh,11526,agranular,dysgranular,cingulate_gradient,False
lh,11957,agranular,dysgranular,cingulate_gradient,False
lh,11958,agranular,dysgranular,cingulate_gradient,False
lh,11959,agranular,dysgranular,cingulate_gradient,False
lh,11960,agranular,dysgranular,cingulate_gradient,False
lh,11961,agranular,dysgranular,cingulate_gradient,False
lh,11962,agranular,dysgranular,cingulate_gradient,False
lh,11963,agranular,dysgranular,cingulate_gradient,False
lh,11964,agranular,dysgranular,cingulate_gradient,False
lh,11965,agranular,dysgranular,cingulate_gradient,False
lh,11966,agranular,dysgranular,cingulate_gradient,False
lh,11967,agranular,dysgranular,cingulate_gradient,False
lh,11968,agranular,dysgranular,cingulate_gradient,False
lh,11969,agranular,dysgranular,cingulate_gradient,False
lh,11970,agranular,dysgranular,cingulate_gradient,False
lh,11971,agranular,dysgranular,cingulate_gradient,False
lh,11973,agranular,dysgranular,cingulate_gradient,False
lh,11975,agranular,dysgranular,cingulate_gradient,False
lh,12428,unknown,agranular,ring_closure,True
lh,13057,unknown,agranular,ring_closure,False
lh,13058,unknown,agranular,ring_closure,True
lh,13059,unknown,agranular,ring_closure,True
lh,13065,unknown,agranular,ring_closure,False
lh,13066,unknown,agranular,ring_closure,True
lh,13067,unknown,agranular,ring_closure,True
lh,13087,unknown,agranular,ring_closure,True
lh,13089,unknown,agranular,ring_closure,True
lh,13090,agranular,dysgranular,cingulate_gradient,False
lh,13094,agranular,dysgranular,cingulate_gradient,False
lh,13095,agranular,dysgranular,cingulate_gradient,False
lh,13096,agranular,dysgranular,cingulate_gradient,False
lh,13926,agranular,dysgranular,cingulate_gradient,False
lh,14357,agranular,dysgranular,cingulate_gradient,False
lh,14358,agranular,dysgranular,cingulate_gradient,False
lh,14359,agranular,dysgranular,cingulate_gradient,False
lh,14360,agranular,dysgranular,cingulate_gradient,False
lh,14361,agranular,dysgranular,cingulate_gradient,False
lh,14362,agranular,dysgranular,cingulate_gradient,False
lh,14363,agranular,dysgranular,cingulate_gradient,False
lh,14364,agranular,dysgranular,cingulate_gradient,False
lh,14365,agranular,dysgranular,cingulate_gradient,False
lh,14366,agranular,dysgranular,cingulate_gradient,False
lh,14367,agranular,dysgranular,cingulate_gradient,False
lh,14368,agranular,dysgranular,cingulate_gradient,False
lh,14369,agranular,dysgranular,cingulate_gradient,False
lh,14370,agranular,dysgranular,cingulate_gradient,False
lh,14371,agranular,dysgranular,cingulate_gradient,False
lh,14372,agranular,dysgranular,cingulate_gradient,False
lh,14373,agranular,dysgranular,cingulate_gradient,False
lh,14374,agranular,dysgranular,cingulate_gradient,False
lh,14375,agranular,dysgranular,cingulate_gradient,False
lh,14376,agranular,dysgranular,cingulate_gradient,False
lh,15404,eulaminate II,eulaminate I,boundary_smooth,False
lh,15457,unknown,agranular,ring_closure,False
lh,15458,unknown,agranular,ring_closure,True
lh,15459,unknown,agranular,ring_closure,False
lh,15460,unknown,agranular,ring_closure,True
lh,15461,unknown,agranular,ring_closure,True
lh,15490,agranular,dysgranular,cingulate_gradient,False
lh,15491,agranular,dysgranular,cingulate_gradient,False
lh,15492,agranular,dysgranular,cingulate_gradient,False
lh,15493,agranular,dysgranular,cingulate_gradient,False
lh,15494,agranular,dysgranular,cingulate_gradient,False
lh,15495,agranular,dysgranular,cingulate_gradient,False
lh,15496,agranular,dysgranular,cingulate_gradient,False
lh,16159,agranular,dysgranular,cingulate_gradient,False
lh,16160,agranular,dysgranular,cingulate_gradient,False
lh,16161,agranular,dysgranular,cingulate_gradient,False
lh,16168,agranular,dysgranular,cingulate_gradient,False
lh,16169,agranular,dysgranular,cingulate_gradient,False
lh,16170,agranular,dysgranular,cingulate_gradient,False
lh,16171,agranular,dysgranular,cingulate_gradient,False
lh,16269,agranular,dysgranular,cingulate_gradient,False
lh,16270,agranular,dysgranular,cingulate_gradient,False
lh,17270,unknown,agranular,ring_closure,False
lh,17271,unknown,agranular,ring_closure,False
lh,17272,unknown,agranular,ring_closure,False
lh,17273,unknown,agranular,ring_closure,True
lh,17274,unknown,agranular,ring_closure,True
lh,17275,unknown,agranular,ring_closure,True
lh,17276,unknown,agranular,ring_closure,True
lh,17281,unknown,agranular,ring_closure,True
lh,17282,unknown,agranular,ring_closure,False
lh,17283,unknown,agranular,ring_closure,True
lh,17284,unknown,agranular,ring_closure,True
lh,17285,unknown,agranular,ring_closure,True
lh,17286,unknown,agranular,ring_closure,False
lh,17297,agranular,dysgranular,cingulate_gradient,False
lh,17299,agranular,dysgranular,cingulate_gradient,False
lh,17300,agranular,dysgranular,cingulate_gradient,False
lh,17301,agranular,dysgranular,cingulate_gradient,False
lh,18594,agranular,dysgranular,cingulate_gradient,False
lh,18595,agranular,dysgranular,cingulate_gradient,False
lh,18596,agranular,dysgranular,cingulate_gradient,False
lh,18607,agranular,dysgranular,cingulate_gradient,False
lh,18608,agranular,dysgranular,cingulate_gradient,False
lh,18609,agranular,dysgranular,cingulate_gradient,False
lh,18610,agranular,dysgranular,cingulate_gradient,False
lh,18611,agranular,dysgranular,cingulate_gradient,False
lh,18612,agranular,dysgranular,cingulate_gradient,False
lh,18613,agranular,dysgranular,cingulate_gradient,False
lh,18614,agranular,dysgranular,cingulate_gradient,False
lh,18615,agranular,dysgranular,cingulate_gradient,False
lh,18616,agranular,dysgranular,cingulate_gradient,False
lh,18617,agranular,dysgranular,cingulate_gradient,False
lh,18618,agranular,dysgranular,cingulate_gradient,False
lh,18619,agranular,dysgranular,cingulate_gradient,False
lh,18620,agranular,dysgranular,cingulate_gradient,False
lh,18621,agranular,dysgranular,cingulate_gradient,False
lh,18622,agranular,dysgranular,cingulate_gradient,False
lh,18623,agranular,dysgranular,cingulate_gradient,False
lh,18624,agranular,dysgranular,cingulate_gradient,False
lh,18625,agranular,dysgranular,cingulate_gradient,False
lh,18626,agranular,dysgranular,cingulate_gradient,False
lh,18627,agranular,dysgranular,cingulate_gradient,False
lh,18629,agranular,dysgranular,cingulate_gradient,False
lh,18632,agranular,dysgranular,cingulate_gradient,False
lh,18636,agranular,dysgranular,cingulate_gradient,False
lh,18637,agranular,dysgranular,cingulate_gradient,False
lh,18638,agranular,dysgranular,cingulate_gradient,False
lh,18639,agranular,dysgranular,cingulate_gradient,False
lh,18640,agranular,dysgranular,cingulate_gradient,False
lh,18641,agranular,dysgranular,cingulate_gradient,False
lh,18642,agranular,dysgranular,cingulate_gradient,False
lh,18643,agranular,dysgranular,cingulate_gradient,False
lh,18644,agranular,dysgranular,cingulate_gradient,False
lh,18645,agranular,dysgranular,cingulate_gradient,False
lh,18646,agranular,dysgranular,cingulate_gradient,False
lh,18648,agranular,dysgranular,cingulate_gradient,False
lh,18649,agranular,dysgranular,cingulate_gradient,False
lh,18650,agranular,dysgranular,cingulate_gradient,False
lh,18947,agranular,dysgranular,cingulate_gradient,False
lh,18948,agranular,dysgranular,cingulate_gradient,False
lh,18949,agranular,dysgranular,cingulate_gradient,False
lh,18951,agranular,dysgranular,cingulate_gradient,False
lh,18952,agranular,dysgranular,cingulate_gradient,False
lh,18953,agranular,dysgranular,cingulate_gradient,False
lh,20011,unknown,agranular,ring_closure,True
lh,20056,unknown,agranular,ring_closure,True
lh,20057,unknown,agranular,ring_closure,True
lh,20058,unknown,agranular,ring_closure,True
lh,20059,unknown,agranular,ring_closure,True
lh,20060,unknown,agranular,ring_closure,True
lh,20064,unknown,agranular,ring_closure,True
lh,20189,eulaminate I,dysgranular,boundary_smooth,False
lh,21354,eulaminate III,eulaminate II,boundary_smooth,False
lh,21666,agranular,dysgranular,cingulate_gradient,False
lh,21667,agranular,dysgranular,cingulate_gradient,False
lh,21668,agranular,dysgranular,cingulate_gradient,False
lh,21758,agranular,dysgranular,cingulate_gradient,False
lh,21892,unknown,agranular,ring_closure,False
lh,21893,unknown,agranular,ring_closure,True
lh,21894,unknown,agranular,ring_closure,True
lh,21916,unknown,agranular,ring_closure,False
lh,21917,unknown,agranular,ring_closure,False
lh,21919,unknown,agranular,ring_closure,True
lh,21990,unknown,agranular,ring_closure,False
lh,21991,unknown,agranular,ring_closure,True
lh,21992,unknown,agranular,ring_closure,True
lh,21993,unknown,agranular,ring_closure,True
lh,21994,unknown,agranular,ring_closure,True
lh,22001,unknown,agranular,ring_closure,True
lh,22005,agranular,dysgranular,cingulate_gradient,False
lh,22006,agranular,dysgranular,cingulate_gradient,False
lh,22007,agranular,dysgranular,cingulate_gradient,False
lh,22008,agranular,dysgranular,cingulate_gradient,False
lh,22012,agranular,dysgranular,cingulate_gradient,False
lh,22013,agranular,dysgranular,cingulate_gradient,False
lh,22346,eulaminate II,eulaminate I,boundary_smooth,False
lh,23103,dysgranular,eulaminate I,boundary_smooth,False
lh,23318,unknown,agranular,ring_closure,True
lh,23592,agranular,dysgranular,cingulate_gradient,False
lh,23593,agranular,dysgranular,cingulate_gradient,False
lh,23594,agranular,dysgranular,cingulate_gradient,False
lh,23595,agranular,dysgranular,cingulate_gradient,False
lh,23596,agranular,dysgranular,cingulate_gradient,False
lh,23597,agranular,dysgranular,cingulate_gradient,False
lh,23598,agranular,dysgranular,cingulate_gradient,False
lh,23599,agranular,dysgranular,cingulate_gradient,False
lh,23600,agranular,dysgranular,cingulate_gradient,False
lh,23601,agranular,dysgranular,cingulate_gradient,False
lh,23659,unknown,agranular,ring_closure,True
lh,24250,unknown,agranular,ring_closure,False
lh,24251,unknown,agranular,ring_closure,False
lh,24252,unknown,agranular,ring_closure,False
lh,24253,unknown,agranular,ring_closure,False
lh,24254,unknown,agranular,ring_closure,True
lh,24268,agranular,dysgranular,cingulate_gradient,False
lh,24269,agranular,dysgranular,cingulate_gradient,False
lh,24270,agranular,dysgranular,cingulate_gradient,False
lh,24271,agranular,dysgranular,cingulate_gradient,False
lh,24272,agranular,dysgranular,cingulate_gradient,False
lh,24273,agranular,dysgranular,cingulate_gradient,False
lh,24274,agranular,dysgranular,cingulate_gradient,False
lh,24323,eulaminate II,eulaminate III,boundary_smooth,False
lh,24331,eulaminate II,eulaminate III,boundary_smooth,False
lh,25339,unknown,agranular,ring_closure,False
lh,25340,unknown,agranular,ring_closure,False
lh,25341,unknown,agranular,ring_closure,False
lh,25342,unknown,agranular,ring_closure,False
lh,25343,unknown,agranular,ring_closure,False
lh,25344,unknown,agranular,ring_closure,True
lh,25345,unknown,agranular,ring_closure,False
lh,25346,unknown,agranular,ring_closure,False
lh,25347,unknown,agranular,ring_closure,False
lh,25355,agranular,dysgranular,cingulate_gradient,False
lh,25356,agranular,dysgranular,cingulate_gradient,False
lh,25359,dysgranular,eulaminate I,boundary_smooth,False
lh,25510,eulaminate I,eulaminate II,boundary_smooth,False
lh,26131,agranular,dysgranular,cingulate_gradient,False
lh,26132,agranular,dysgranular,cingulate_gradient,False
lh,26133,agranular,dysgranular,cingulate_gradient,False
lh,26134,agranular,dysgranular,cingulate_gradient,False
lh,26135,agranular,dysgranular,cingulate_gradient,False
lh,26136,agranular,dysgranular,cingulate_gradient,False
lh,26137,agranular,dysgranular,cingulate_gradient,False
lh,26138,agranular,dysgranular,cingulate_gradient,False
lh,26139,agranular,dysgranular,cingulate_gradient,False
lh,26140,agranular,dysgranular,cingulate_gradient,False
lh,26141,agranular,dysgranular,cingulate_gradient,False
lh,26142,agranular,dysgranular,cingulate_gradient,False
lh,26143,agranular,dysgranular,cingulate_gradient,False
lh,26144,agranular,dysgranular,cingulate_gradient,False
lh,26145,agranular,dysgranular,cingulate_gradient,False
lh,26146,agranular,dysgranular,cingulate_gradient,False
lh,26147,agranular,dysgranular,cingulate_gradient,False
lh,26148,agranular,dysgranular,cingulate_gradient,False
lh,26149,agranular,dysgranular,cingulate_gradient,False
lh,26150,agranular,dysgranular,cingulate_gradient,False
lh,26151,agranular,dysgranular,cingulate_gradient,False
lh,26152,agranular,dysgranular,cingulate_gradient,False
lh,26153,agranular,dysgranular,cingulate_gradient,False
lh,26154,agranular,dysgranular,cingulate_gradient,False
lh,26155,agranular,dysgranular,cingulate_gradient,False
lh,26156,agranular,dysgranular,cingulate_gradient,False
lh,26157,agranular,dysgranular,cingulate_gradient,False
lh,26158,agranular,dysgranular,cingulate_gradient,False
lh,26159,agranular,dysgranular,cingulate_gradient,False
lh,26160,agranular,dysgranular,cingulate_gradient,False
lh,26161,agranular,dysgranular,cingulate_gradient,False
lh,26162,agranular,dysgranular,cingulate_gradient,False
lh,26163,agranular,dysgranular,cingulate_gradient,False
lh,26164,agranular,dysgranular,cingulate_gradient,False
lh,26167,dysgranular,eulaminate I,boundary_smooth,False
lh,26744,eulaminate II,eulaminate III,boundary_smooth,False
lh,26977,unknown,agranular,ring_closure,True
lh,26979,unknown,agranular,ring_closure,True
lh,27085,eulaminate I,dysgranular,boundary_smooth,False
lh,27219,unknown,agranular,ring_closure,True
lh,27327,eulaminate III,eulaminate II,boundary_smooth,False
lh,28111,unknown,agranular,ring_closure,False
lh,28112,unknown,agranular,ring_closure,True
lh,28113,unknown,agranular,ring_closure,True
lh,28125,unknown,agranular,ring_closure,False
lh,28126,unknown,agranular,ring_closure,False
lh,28127,unknown,agranular,ring_closure,False
lh,28128,unknown,agranular,ring_closure,True
lh,28171,unknown,agranular,ring_closure,False
lh,28179,agranular,dysgranular,cingulate_gradient,False
lh,28180,agranular,dysgranular,cingulate_gradient,False
lh,28181,agranular,dysgranular,cingulate_gradient,False
lh,28182,agranular,dysgranular,cingulate_gradient,False
lh,29111,eulaminate II,eulaminate III,boundary_smooth,False
lh,29481,agranular,dysgranular,cingulate_gradient,False
lh,30084,agranular,dysgranular,cingulate_gradient,False
lh,30086,agranular,dysgranular,cingulate_gradient,False
lh,30087,agranular,dysgranular,cingulate_gradient,False
lh,30088,agranular,dysgranular,cingulate_gradient,False
lh,30089,agranular,dysgranular,cingulate_gradient,False
lh,30090,agranular,dysgranular,cingulate_gradient,False
lh,30091,agranular,dysgranular,cingulate_gradient,False
lh,30092,agranular,dysgranular,cingulate_gradient,False
lh,30093,agranular,dysgranular,cingulate_gradient,False
lh,30094,agranular,dysgranular,cingulate_gradient,False
lh,30095,agranular,dysgranular,cingulate_gradient,False
lh,30096,agranular,dysgranular,cingulate_gradient,False
lh,30097,agranular,dysgranular,cingulate_gradient,False
lh,30098,agranular,dysgranular,cingulate_gradient,False
lh,30099,agranular,dysgranular,cingulate_gradient,False
lh,30100,agranular,dysgranular,cingulate_gradient,False
lh,30101,agranular,dysgranular,cingulate_gradient,False
lh,30102,agranular,dysgranular,cingulate_gradient,False
lh,30103,agranular,dysgranular,cingulate_gradient,False
lh,30104,agranular,dysgranular,cingulate_gradient,False
lh,30105,agranular,dysgranular,cingulate_gradient,False
lh,30106,agranular,dysgranular,cingulate_gradient,False
lh,30107,agranular,dysgranular,cingulate_gradient,False
lh,30108,agranular,dysgranular,cingulate_gradient,False
lh,30109,agranular,dysgranular,cingulate_gradient,False
lh,30110,agranular,dysgranular,cingulate_gradient,False
lh,30718,eulaminate II,eulaminate I,boundary_smooth,False
lh,30764,unknown,agranular,ring_closure,True
lh,30853,eulaminate I,eulaminate II,boundary_smooth,False
lh,31548,eulaminate III,eulaminate II,boundary_smooth,False
lh,31624,unknown,agranular,ring_closure,False
lh,31625,unknown,agranular,ring_closure,True
lh,31626,unknown,agranular,ring_closure,True
lh,31627,unknown,agranular,ring_closure,True
lh,31629,unknown,agranular,ring_closure,True
lh,31635,unknown,agranular,ring_closure,True
lh,31666,unknown,agranular,ring_closure,False
lh,31667,unknown,agranular,ring_closure,False
lh,31668,unknown,agranular,ring_closure,False
lh,31669,unknown,agranular,ring_closure,False
lh,31670,agranular,dysgranular,cingulate_gradient,False
lh,31671,agranular,dysgranular,cingulate_gradient,False
lh,31672,agranular,dysgranular,cingulate_gradient,False
lh,31673,agranular,dysgranular,cingulate_gradient,False
lh,31674,agranular,dysgranular,cingulate_gradient,False
lh,31675,agranular,dysgranular,cingulate_gradient,False
lh,31676,agranular,dysgranular,cingulate_gradient,False
lh,31677,agranular,dysgranular,cingulate_gradient,False
lh,31678,agranular,dysgranular,cingulate_gradient,False
lh,31679,agranular,dysgranular,cingulate_gradient,False
lh,31681,agranular,dysgranular,cingulate_gradient,False
lh,32160,agranular,dysgranular,boundary_smooth,False
lh,32559,agranular,dysgranular,cingulate_gradient,False
lh,32561,agranular,dysgranular,cingulate_gradient,False
lh,32562,agranular,dysgranular,cingulate_gradient,False
lh,32564,agranular,dysgranular,cingulate_gradient,False
lh,32565,agranular,dysgranular,cingulate_gradient,False
lh,32566,agranular,dysgranular,cingulate_gradient,False
lh,32567,agranular,dysgranular,cingulate_gradient,False
lh,32568,agranular,dysgranular,cingulate_gradient,False
lh,32575,agranular,dysgranular,cingulate_gradient,False
lh,32576,agranular,dysgranular,cingulate_gradient,False
lh,32577,agranular,dysgranular,cingulate_gradient,False
lh,32578,agranular,dysgranular,cingulate_gradient,False
lh,32579,agranular,dysgranular,cingulate_gradient,False
lh,32580,agranular,dysgranular,cingulate_gradient,False
lh,32583,agranular,dysgranular,cingulate_gradient,False
lh,32584,agranular,dysgranular,cingulate_gradient,False
lh,32585,agranular,dysgranular,cingulate_gradient,False
lh,32586,agranular,dysgranular,cingulate_gradient,False
lh,32636,dysgranular,eulaminate I,boundary_smooth,False
lh,32705,agranular,dysgranular,cingulate_gradient,False
lh,32706,agranular,dysgranular,cingulate_gradient,False
lh,33767,eulaminate III,eulaminate II,boundary_smooth,False
lh,33963,unknown,agranular,ring_closure,False
lh,33964,unknown,agranular,ring_closure,False
lh,33965,unknown,agranular,ring_closure,False
lh,33973,unknown,agranular,ring_closure,False
lh,33974,unknown,agranular,ring_closure,True
lh,33975,unknown,agranular,ring_closure,True
lh,33978,unknown,agranular,ring_closure,True
lh,33988,unknown,agranular,ring_closure,True
lh,33991,unknown,agranular,ring_closure,True
lh,33992,unknown,agranular,ring_closure,True
lh,33993,unknown,agranular,ring_closure,True
lh,34000,unknown,agranular,ring_closure,False
lh,34001,unknown,agranular,ring_closure,False
lh,34002,unknown,agranular,ring_closure,False
lh,34009,agranular,dysgranular,cingulate_gradient,False
lh,34010,agranular,dysgranular,cingulate_gradient,False
lh,34011,agranular,dysgranular,cingulate_gradient,False
lh,34692,eulaminate II,eulaminate III,boundary_smooth,False
lh,35510,eulaminate III,eulaminate II,boundary_smooth,False
lh,35603,unknown,agranular,ring_closure,False
lh,35604,unknown,agranular,ring_closure,False
lh,35608,agranular,dysgranular,cingulate_gradient,False
lh,35609,agranular,dysgranular,cingulate_gradient,False
lh,35623,agranular,dysgranular,cingulate_gradient,False
lh,35624,agranular,dysgranular,cingulate_gradient,False
lh,35625,agranular,dysgranular,cingulate_gradient,False
lh,35626,agranular,dysgranular,cingulate_gradient,False
lh,35627,agranular,dysgranular,cingulate_gradient,False
lh,35628,agranular,dysgranular,cingulate_gradient,False
lh,35629,agranular,dysgranular,cingulate_gradient,False
lh,35630,agranular,dysgranular,cingulate_gradient,False
lh,35631,agranular,dysgranular,cingulate_gradient,False
lh,35632,agranular,dysgranular,cingulate_gradient,False
lh,35633,agranular,dysgranular,cingulate_gradient,False
lh,35634,agranular,dysgranular,cingulate_gradient,False
lh,35635,agranular,dysgranular,cingulate_gradient,False
lh,35636,agranular,dysgranular,cingulate_gradient,False
lh,35637,agranular,dysgranular,cingulate_gradient,False
lh,35638,agranular,dysgranular,cingulate_gradient,False
lh,35639,agranular,dysgranular,cingulate_gradient,False
lh,35640,agranular,dysgranular,cingulate_gradient,False
lh,35641,agranular,dysgranular,cingulate_gradient,False
lh,35642,agranular,dysgranular,cingulate_gradient,False
lh,35643,agranular,dysgranular,cingulate_gradient,False
lh,35644,agranular,dysgranular,cingulate_gradient,False
lh,35645,agranular,dysgranular,cingulate_gradient,False
lh,35646,agranular,dysgranular,cingulate_gradient,False
lh,35659,agranular,dysgranular,cingulate_gradient,False
lh,35660,agranular,dysgranular,cingulate_gradient,False
lh,35661,agranular,dysgranular,cingulate_gradient,False
lh,35662,agranular,dysgranular,cingulate_gradient,False
lh,35663,agranular,dysgranular,cingulate_gradient,False
lh,35664,agranular,dysgranular,cingulate_gradient,False
lh,35665,agranular,dysgranular,cingulate_gradient,False
lh,35666,agranular,dysgranular,cingulate_gradient,False
lh,35670,agranular,dysgranular,cingulate_gradient,False
lh,35671,agranular,dysgranular,cingulate_gradient,False
lh,35672,agranular,dysgranular,cingulate_gradient,False
lh,35673,agranular,dysgranular,cingulate_gradient,False
lh,35674,agranular,dysgranular,cingulate_gradient,False
lh,35675,agranular,dysgranular,cingulate_gradient,False
lh,35676,agranular,dysgranular,cingulate_gradient,False
lh,36040,agranular,dysgranular,cingulate_gradient,False
lh,36041,agranular,dysgranular,cingulate_gradient,False
lh,36042,agranular,dysgranular,cingulate_gradient,False
lh,36043,agranular,dysgranular,cingulate_gradient,False
lh,37171,eulaminate II,eulaminate I,boundary_smooth,False
lh,37380,unknown,agranular,ring_closure,True
lh,37391,unknown,agranular,ring_closure,True
lh,37548,eulaminate I,dysgranular,boundary_smooth,False
lh,37954,eulaminate III,eulaminate II,boundary_smooth,False
lh,38920,eulaminate I,eulaminate II,boundary_smooth,False
lh,39287,agranular,dysgranular,cingulate_gradient,False
lh,39313,agranular,dysgranular,cingulate_gradient,False
lh,39314,agranular,dysgranular,cingulate_gradient,False
lh,39315,agranular,dysgranular,cingulate_gradient,False
lh,39316,agranular,dysgranular,cingulate_gradient,False
lh,39317,agranular,dysgranular,cingulate_gradient,False
lh,39341,agranular,dysgranular,cingulate_gradient,False
lh,39422,agranular,dysgranular,cingulate_gradient,False
lh,39423,agranular,dysgranular,cingulate_gradient,False
lh,39424,agranular,dysgranular,cingulate_gradient,False
lh,39425,agranular,dysgranular,cingulate_gradient,False
lh,39428,agranular,dysgranular,cingulate_gradient,False
lh,39429,agranular,dysgranular,cingulate_gradient,False
lh,39430,agranular,dysgranular,cingulate_gradient,False
lh,39431,agranular,dysgranular,cingulate_gradient,False
lh,39440,agranular,dysgranular,cingulate_gradient,False
lh,39441,agranular,dysgranular,cingulate_gradient,False
lh,39442,agranular,dysgranular,cingulate_gradient,False
lh,39479,eulaminate I,dysgranular,boundary_smooth,False
lh,39586,unknown,agranular,ring_closure,True
lh,39595,unknown,agranular,ring_closure,True
lh,39613,unknown,agranular,ring_closure,False
lh,39614,unknown,agranular,ring_closure,False
lh,39615,unknown,agranular,ring_closure,True
lh,39616,unknown,agranular,ring_closure,True
lh,39617,unknown,agranular,ring_closure,True
lh,39703,unknown,agranular,ring_closure,True
lh,39704,unknown,agranular,ring_closure,True
lh,39706,unknown,agranular,ring_closure,True
lh,39715,unknown,agranular,ring_closure,True
lh,39721,agranular,dysgranular,cingulate_gradient,False
lh,39722,agranular,dysgranular,cingulate_gradient,False
lh,39723,agranular,dysgranular,cingulate_gradient,False
lh,39724,agranular,dysgranular,cingulate_gradient,False
lh,39725,agranular,dysgranular,cingulate_gradient,False
lh,39726,agranular,dysgranular,cingulate_gradient,False
lh,39730,agranular,dysgranular,cingulate_gradient,False
lh,39731,agranular,dysgranular,cingulate_gradient,False
lh,40211,agranular,dysgranular,boundary_smooth,False
lh,41115,unknown,agranular,ring_closure,True
lh,41117,agranular,dysgranular,cingulate_gradient,False
lh,41121,agranular,dysgranular,cingulate_gradient,False
lh,41267,agranular,dysgranular,cingulate_gradient,False
lh,41268,agranular,dysgranular,cingulate_gradient,False
lh,41269,agranular,dysgranular,cingulate_gradient,False
lh,41270,agranular,dysgranular,cingulate_gradient,False
lh,41271,agranular,dysgranular,cingulate_gradient,False
lh,41642,agranular,dysgranular,cingulate_gradient,False
lh,41643,agranular,dysgranular,cingulate_gradient,False
lh,41644,agranular,dysgranular,cingulate_gradient,False
lh,41645,agranular,dysgranular,cingulate_gradient,False
lh,41646,agranular,dysgranular,cingulate_gradient,False
lh,42242,agranular,dysgranular,cingulate_gradient,False
lh,42244,agranular,dysgranular,cingulate_gradient,False
lh,42245,agranular,dysgranular,cingulate_gradient,False
lh,42246,agranular,dysgranular,cingulate_gradient,False
lh,42349,eulaminate II,eulaminate III,boundary_smooth,False
lh,42677,agranular,dysgranular,cingulate_gradient,False
lh,42678,agranular,dysgranular,cingulate_gradient,False
lh,42679,agranular,dysgranular,cingulate_gradient,False
lh,42680,agranular,dysgranular,cingulate_gradient,False
lh,42681,agranular,dysgranular,cingulate_gradient,False
lh,42682,agranular,dysgranular,cingulate_gradient,False
lh,42683,agranular,dysgranular,cingulate_gradient,False
lh,42684,agranular,dysgranular,cingulate_gradient,False
lh,42685,agranular,dysgranular,cingulate_gradient,False
lh,42686,agranular,dysgranular,cingulate_gradient,False
lh,42687,agranular,dysgranular,cingulate_gradient,False
lh,42688,agranular,dysgranular,cingulate_gradient,False
lh,42689,agranular,dysgranular,cingulate_gradient,False
lh,42690,agranular,dysgranular,cingulate_gradient,False
lh,42691,agranular,dysgranular,cingulate_gradient,False
lh,43777,unknown,agranular,ring_closure,False
lh,43778,unknown,agranular,ring_closure,True
lh,43779,unknown,agranular,ring_closure,False
lh,43785,unknown,agranular,ring_closure,True
lh,43786,unknown,agranular,ring_closure,True
lh,43787,unknown,agranular,ring_closure,True
lh,43807,unknown,agranular,ring_closure,True
lh,43808,unknown,agranular,ring_closure,True
lh,43809,unknown,agranular,ring_closure,True
lh,43810,agranular,dysgranular,cingulate_gradient,False
lh,43811,agranular,dysgranular,cingulate_gradient,False
lh,43812,agranular,dysgranular,cingulate_gradient,False
lh,43813,agranular,dysgranular,cingulate_gradient,False
lh,43814,agranular,dysgranular,cingulate_gradient,False
lh,43815,agranular,dysgranular,cingulate_gradient,False
lh,43816,agranular,dysgranular,cingulate_gradient,False
lh,43823,eulaminate I,dysgranular,boundary_smooth,False
lh,43930,eulaminate I,dysgranular,boundary_smooth,False
lh,44646,agranular,dysgranular,cingulate_gradient,False
lh,44648,dysgranular,eulaminate I,boundary_smooth,False
lh,45077,agranular,dysgranular,cingulate_gradient,False
lh,45078,agranular,dysgranular,cingulate_gradient,False
lh,45079,agranular,dysgranular,cingulate_gradient,False
lh,45080,agranular,dysgranular,cingulate_gradient,False
lh,45081,agranular,dysgranular,cingulate_gradient,False
lh,45082,agranular,dysgranular,cingulate_gradient,False
lh,45083,agranular,dysgranular,cingulate_gradient,False
lh,45084,agranular,dysgranular,cingulate_gradient,False
lh,45085,agranular,dysgranular,cingulate_gradient,False
lh,45086,agranular,dysgranular,cingulate_gradient,False
lh,45087,agranular,dysgranular,cingulate_gradient,False
lh,45088,agranular,dysgranular,cingulate_gradient,False
lh,45089,agranular,dysgranular,cingulate_gradient,False
lh,45090,agranular,dysgranular,cingulate_gradient,False
lh,45091,agranular,dysgranular,cingulate_gradient,False
lh,45092,agranular,dysgranular,cingulate_gradient,False
lh,45093,agranular,dysgranular,cingulate_gradient,False
lh,45094,agranular,dysgranular,cingulate_gradient,False
lh,45095,agranular,dysgranular,cingulate_gradient,False
lh,45096,agranular,dysgranular,cingulate_gradient,False
lh,46177,unknown,agranular,ring_closure,False
lh,46178,unknown,agranular,ring_closure,False
lh,46179,unknown,agranular,ring_closure,False
lh,46180,unknown,agranular,ring_closure,True
lh,46181,unknown,agranular,ring_closure,True
lh,46210,agranular,dysgranular,cingulate_gradient,False
lh,46211,agranular,dysgranular,cingulate_gradient,False
lh,46212,agranular,dysgranular,cingulate_gradient,False
lh,46213,agranular,dysgranular,cingulate_gradient,False
lh,46214,agranular,dysgranular,cingulate_gradient,False
lh,46215,agranular,dysgranular,cingulate_gradient,False
lh,46216,agranular,dysgranular,cingulate_gradient,False
lh,46880,agranular,dysgranular,cingulate_gradient,False
lh,46888,agranular,dysgranular,cingulate_gradient,False
lh,46889,agranular,dysgranular,cingulate_gradient,False
lh,46890,agranular,dysgranular,cingulate_gradient,False
lh,46989,agranular,dysgranular,cingulate_gradient,False
lh,46990,agranular,dysgranular,cingulate_gradient,False
lh,47215,eulaminate III,eulaminate II,boundary_smooth,False
lh,47988,unknown,agranular,ring_closure,False
lh,47989,unknown,agranular,ring_closure,False
lh,47990,unknown,agranular,ring_closure,False
lh,47991,unknown,agranular,ring_closure,False
lh,47992,unknown,agranular,ring_closure,False
lh,47993,unknown,agranular,ring_closure,True
lh,47994,unknown,agranular,ring_closure,False
lh,47995,unknown,agranular,ring_closure,True
lh,47996,unknown,agranular,ring_closure,True
lh,47997,unknown,agranular,ring_closure,True
lh,47999,unknown,agranular,ring_closure,True
lh,48001,unknown,agranular,ring_closure,True
lh,48002,unknown,agranular,ring_closure,False
lh,48003,unknown,agranular,ring_closure,False
lh,48004,unknown,agranular,ring_closure,False
lh,48005,unknown,agranular,ring_closure,False
lh,48006,unknown,agranular,ring_closure,False
lh,48017,agranular,dysgranular,cingulate_gradient,False
lh,48018,agranular,dysgranular,cingulate_gradient,False
lh,48019,agranular,dysgranular,cingulate_gradient,False
lh,48020,agranular,dysgranular,cingulate_gradient,False
lh,48021,agranular,dysgranular,cingulate_gradient,False
lh,48106,eulaminate III,eulaminate II,boundary_smooth,False
lh,49312,agranular,dysgranular,cingulate_gradient,False
lh,49313,agranular,dysgranular,cingulate_gradient,False
lh,49314,agranular,dysgranular,cingulate_gradient,False
lh,49315,agranular,dysgranular,cingulate_gradient,False
lh,49316,agranular,dysgranular,cingulate_gradient,False
lh,49327,agranular,dysgranular,cingulate_gradient,False
lh,49328,agranular,dysgranular,cingulate_gradient,False
lh,49329,agranular,dysgranular,cingulate_gradient,False
lh,49330,agranular,dysgranular,cingulate_gradient,False
lh,49331,agranular,dysgranular,cingulate_gradient,False
lh,49332,agranular,dysgranular,cingulate_gradient,False
lh,49333,agranular,dysgranular,cingulate_gradient,False
lh,49334,agranular,dysgranular,cingulate_gradient,False
lh,49335,agranular,dysgranular,cingulate_gradient,False
lh,49336,agranular,dysgranular,cingulate_gradient,False
lh,49337,agranular,dysgranular,cingulate_gradient,False
lh,49338,agranular,dysgranular,cingulate_gradient,False
lh,49339,agranular,dysgranular,cingulate_gradient,False
lh,49340,agranular,dysgranular,cingulate_gradient,False
lh,49341,agranular,dysgranular,cingulate_gradient,False
lh,49342,agranular,dysgranular,cingulate_gradient,False
lh,49343,agranular,dysgranular,cingulate_gradient,False
lh,49344,agranular,dysgranular,cingulate_gradient,False
lh,49345,agranular,dysgranular,cingulate_gradient,False
lh,49346,agranular,dysgranular,cingulate_gradient,False
lh,49347,agranular,dysgranular,cingulate_gradient,False
lh,49348,agranular,dysgranular,cingulate_gradient,False
lh,49349,agranular,dysgranular,cingulate_gradient,False
lh,49351,agranular,dysgranular,cingulate_gradient,False
lh,49352,agranular,dysgranular,cingulate_gradient,False
lh,49353,agranular,dysgranular,cingulate_gradient,False
lh,49354,agranular,dysgranular,cingulate_gradient,False
lh,49355,agranular,dysgranular,cingulate_gradient,False
lh,49356,agranular,dysgranular,cingulate_gradient,False
lh,49357,agranular,dysgranular,cingulate_gradient,False
lh,49358,agranular,dysgranular,cingulate_gradient,False
lh,49359,agranular,dysgranular,cingulate_gradient,False
lh,49360,agranular,dysgranular,cingulate_gradient,False
lh,49361,agranular,dysgranular,cingulate_gradient,False
lh,49362,agranular,dysgranular,cingulate_gradient,False
lh,49363,agranular,dysgranular,cingulate_gradient,False
lh,49364,agranular,dysgranular,cingulate_gradient,False
lh,49365,agranular,dysgranular,cingulate_gradient,False
lh,49366,agranular,dysgranular,cingulate_gradient,False
lh,49370,agranular,dysgranular,cingulate_gradient,False
lh,49668,agranular,dysgranular,cingulate_gradient,False
lh,49673,agranular,dysgranular,cingulate_gradient,False
lh,50730,unknown,agranular,ring_closure,True
lh,50731,unknown,agranular,ring_closure,True
lh,50732,unknown,agranular,ring_closure,True
lh,50776,unknown,agranular,ring_closure,False
lh,50778,unknown,agranular,ring_closure,True
lh,50779,unknown,agranular,ring_closure,True
lh,50780,unknown,agranular,ring_closure,True
lh,50781,unknown,agranular,ring_closure,True
lh,50782,unknown,agranular,ring_closure,True
lh,50783,unknown,agranular,ring_closure,True
lh,50784,unknown,agranular,ring_closure,True
lh,50911,eulaminate I,eulaminate II,boundary_smooth,False
lh,51297,eulaminate II,eulaminate III,boundary_smooth,False
lh,52386,agranular,dysgranular,cingulate_gradient,False
lh,52388,agranular,dysgranular,cingulate_gradient,False
lh,52612,unknown,agranular,ring_closure,False
lh,52613,unknown,agranular,ring_closure,True
lh,52614,unknown,agranular,ring_closure,True
lh,52635,unknown,agranular,ring_closure,False
lh,52636,unknown,agranular,ring_closure,False
lh,52637,unknown,agranular,ring_closure,False
lh,52710,unknown,agranular,ring_closure,False
lh,52711,unknown,agranular,ring_closure,False
lh,52712,unknown,agranular,ring_closure,False
lh,52713,unknown,agranular,ring_closure,True
lh,52727,agranular,dysgranular,cingulate_gradient,False
lh,52728,agranular,dysgranular,cingulate_gradient,False
lh,53982,eulaminate III,eulaminate II,boundary_smooth,False
lh,54224,unknown,agranular,ring_closure,True
lh,54225,unknown,agranular,ring_closure,True
lh,54226,unknown,agranular,ring_closure,True
lh,54227,unknown,agranular,ring_closure,True
lh,54679,agranular,dysgranular,cingulate_gradient,False
lh,54680,agranular,dysgranular,cingulate_gradient,False
lh,54681,agranular,dysgranular,cingulate_gradient,False
lh,54682,agranular,dysgranular,cingulate_gradient,False
lh,54683,agranular,dysgranular,cingulate_gradient,False
lh,54684,agranular,dysgranular,cingulate_gradient,False
lh,54685,agranular,dysgranular,cingulate_gradient,False
lh,54686,agranular,dysgranular,cingulate_gradient,False
lh,54687,agranular,dysgranular,cingulate_gradient,False
lh,54688,agranular,dysgranular,cingulate_gradient,False
lh,54689,agranular,dysgranular,cingulate_gradient,False
lh,54690,agranular,dysgranular,cingulate_gradient,False
lh,54691,agranular,dysgranular,cingulate_gradient,False
lh,54692,agranular,dysgranular,cingulate_gradient,False
lh,54693,agranular,dysgranular,cingulate_gradient,False
lh,54694,agranular,dysgranular,cingulate_gradient,False
lh,54695,agranular,dysgranular,cingulate_gradient,False
lh,54696,agranular,dysgranular,cingulate_gradient,False
lh,55626,eulaminate III,eulaminate II,boundary_smooth,False
lh,55778,unknown,agranular,ring_closure,False
lh,55779,unknown,agranular,ring_closure,False
lh,55780,unknown,agranular,ring_closure,False
lh,55781,unknown,agranular,ring_closure,False
lh,55782,unknown,agranular,ring_closure,False
lh,55783,unknown,agranular,ring_closure,True
lh,55784,unknown,agranular,ring_closure,False
lh,55807,agranular,dysgranular,cingulate_gradient,False
lh,55808,agranular,dysgranular,cingulate_gradient,False
lh,55809,agranular,dysgranular,cingulate_gradient,False
lh,55810,agranular,dysgranular,cingulate_gradient,False
lh,55811,agranular,dysgranular,cingulate_gradient,False
lh,55812,agranular,dysgranular,cingulate_gradient,False
lh,55813,agranular,dysgranular,cingulate_gradient,False
lh,55814,agranular,dysgranular,cingulate_gradient,False
lh,55815,agranular,dysgranular,cingulate_gradient,False
lh,55816,agranular,dysgranular,cingulate_gradient,False
lh,55817,agranular,dysgranular,cingulate_gradient,False
lh,55818,agranular,dysgranular,cingulate_gradient,False
lh,55898,eulaminate III,eulaminate II,boundary_smooth,False
lh,57213,dysgranular,eulaminate I,boundary_smooth,False
lh,57214,dysgranular,eulaminate I,boundary_smooth,False
lh,57593,unknown,agranular,ring_closure,False
lh,57594,unknown,agranular,ring_closure,False
lh,57595,unknown,agranular,ring_closure,False
lh,57596,unknown,agranular,ring_closure,False
lh,57597,unknown,agranular,ring_closure,False
lh,57598,unknown,agranular,ring_closure,False
lh,57599,unknown,agranular,ring_closure,False
lh,57600,unknown,agranular,ring_closure,False
lh,57601,unknown,agranular,ring_closure,False
lh,57603,unknown,agranular,ring_closure,False
lh,57605,unknown,agranular,ring_closure,False
lh,57617,agranular,dysgranular,cingulate_gradient,False
lh,57618,agranular,dysgranular,cingulate_gradient,False
lh,57619,agranular,dysgranular,cingulate_gradient,False
lh,57620,agranular,dysgranular,cingulate_gradient,False
lh,57621,agranular,dysgranular,cingulate_gradient,False
lh,58171,eulaminate II,eulaminate III,boundary_smooth,False
lh,58912,agranular,dysgranular,cingulate_gradient,False
lh,58913,agranular,dysgranular,cingulate_gradient,False
lh,58914,agranular,dysgranular,cingulate_gradient,False
lh,58915,agranular,dysgranular,cingulate_gradient,False
lh,58916,agranular,dysgranular,cingulate_gradient,False
lh,58917,agranular,dysgranular,cingulate_gradient,False
lh,58918,agranular,dysgranular,cingulate_gradient,False
lh,58919,agranular,dysgranular,cingulate_gradient,False
lh,58920,agranular,dysgranular,cingulate_gradient,False
lh,58921,agranular,dysgranular,cingulate_gradient,False
lh,58922,agranular,dysgranular,cingulate_gradient,False
lh,58923,agranular,dysgranular,cingulate_gradient,False
lh,58924,agranular,dysgranular,cingulate_gradient,False
lh,58925,agranular,dysgranular,cingulate_gradient,False
lh,58926,agranular,dysgranular,cingulate_gradient,False
lh,58927,agranular,dysgranular,cingulate_gradient,False
lh,58928,agranular,dysgranular,cingulate_gradient,False
lh,58929,agranular,dysgranular,cingulate_gradient,False
lh,58930,agranular,dysgranular,cingulate_gradient,False
lh,58931,agranular,dysgranular,cingulate_gradient,False
lh,58932,agranular,dysgranular,cingulate_gradient,False
lh,58933,agranular,dysgranular,cingulate_gradient,False
lh,58934,agranular,dysgranular,cingulate_gradient,False
lh,58935,agranular,dysgranular,cingulate_gradient,False
lh,58936,agranular,dysgranular,cingulate_gradient,False
lh,58937,agranular,dysgranular,cingulate_gradient,False
lh,58938,agranular,dysgranular,cingulate_gradient,False
lh,58939,agranular,dysgranular,cingulate_gradient,False
lh,58940,agranular,dysgranular,cingulate_gradient,False
lh,58941,agranular,dysgranular,cingulate_gradient,False
lh,58942,agranular,dysgranular,cingulate_gradient,False
lh,58943,agranular,dysgranular,cingulate_gradient,False
lh,58944,agranular,dysgranular,cingulate_gradient,False
lh,58945,agranular,dysgranular,cingulate_gradient,False
lh,58946,agranular,dysgranular,cingulate_gradient,False
lh,58947,agranular,dysgranular,cingulate_gradient,False
lh,58948,agranular,dysgranular,cingulate_gradient,False
lh,58949,agranular,dysgranular,cingulate_gradient,False
lh,58950,agranular,dysgranular,cingulate_gradient,False
lh,58951,agranular,dysgranular,cingulate_gradient,False
lh,58952,agranular,dysgranular,cingulate_gradient,False
lh,58953,agranular,dysgranular,cingulate_gradient,False
lh,58954,agranular,dysgranular,cingulate_gradient,False
lh,58955,agranular,dysgranular,cingulate_gradient,False
lh,58956,agranular,dysgranular,cingulate_gradient,False
lh,58957,agranular,dysgranular,cingulate_gradient,False
lh,58958,agranular,dysgranular,cingulate_gradient,False
lh,58959,agranular,dysgranular,cingulate_gradient,False
lh,58960,agranular,dysgranular,cingulate_gradient,False
lh,58961,agranular,dysgranular,cingulate_gradient,False
lh,58962,agranular,dysgranular,cingulate_gradient,False
lh,58963,agranular,dysgranular,cingulate_gradient,False
lh,58964,agranular,dysgranular,cingulate_gradient,False
lh,58965,agranular,dysgranular,cingulate_gradient,False
lh,58966,agranular,dysgranular,cingulate_gradient,False
lh,58973,eulaminate I,dysgranular,boundary_smooth,False
lh,59074,eulaminate I,dysgranular,boundary_smooth,False
lh,60204,eulaminate I,eulaminate II,boundary_smooth,False
lh,60322,unknown,agranular,ring_closure,True
lh,60323,unknown,agranular,ring_closure,True
lh,60324,unknown,agranular,ring_closure,True
lh,60325,unknown,agranular,ring_closure,True
lh,60326,unknown,agranular,ring_closure,True
lh,60327,unknown,agranular,ring_closure,True
lh,60503,dysgranular,eulaminate I,boundary_smooth,False
lh,60726,unknown,agranular,ring_closure,True
lh,62212,unknown,agranular,ring_closure,False
lh,62213,unknown,agranular,ring_closure,True
lh,62214,unknown,agranular,ring_closure,True
lh,62215,unknown,agranular,ring_closure,True
lh,62216,unknown,agranular,ring_closure,True
lh,62235,unknown,agranular,ring_closure,False
lh,62236,unknown,agranular,ring_closure,False
lh,62237,unknown,agranular,ring_closure,False
lh,62238,unknown,agranular,ring_closure,True
lh,62239,unknown,agranular,ring_closure,True
lh,62240,unknown,agranular,ring_closure,True
lh,62241,unknown,agranular,ring_closure,True
lh,62325,agranular,dysgranular,cingulate_gradient,False
lh,62326,agranular,dysgranular,cingulate_gradient,False
lh,62327,agranular,dysgranular,cingulate_gradient,False
lh,62328,agranular,dysgranular,cingulate_gradient,False
lh,62329,agranular,dysgranular,cingulate_gradient,False
lh,62330,agranular,dysgranular,cingulate_gradient,False
lh,62331,agranular,dysgranular,cingulate_gradient,False
lh,64821,agranular,dysgranular,cingulate_gradient,False
lh,66111,agranular,dysgranular,cingulate_gradient,False
lh,66115,agranular,dysgranular,cingulate_gradient,False
lh,66116,agranular,dysgranular,cingulate_gradient,False
lh,66117,agranular,dysgranular,cingulate_gradient,False
lh,66118,agranular,dysgranular,cingulate_gradient,False
lh,66119,agranular,dysgranular,cingulate_gradient,False
lh,66120,agranular,dysgranular,cingulate_gradient,False
lh,66121,agranular,dysgranular,cingulate_gradient,False
lh,66122,agranular,dysgranular,cingulate_gradient,False
lh,66123,agranular,dysgranular,cingulate_gradient,False
lh,66124,agranular,dysgranular,cingulate_gradient,False
lh,66125,agranular,dysgranular,cingulate_gradient,False
lh,66126,agranular,dysgranular,cingulate_gradient,False
lh,66127,agranular,dysgranular,cingulate_gradient,False
lh,66128,agranular,dysgranular,cingulate_gradient,False
lh,66129,agranular,dysgranular,cingulate_gradient,False
lh,66130,agranular,dysgranular,cingulate_gradient,False
lh,66131,agranular,dysgranular,cingulate_gradient,False
lh,66132,agranular,dysgranular,cingulate_gradient,False
lh,66133,agranular,dysgranular,cingulate_gradient,False
lh,66134,agranular,dysgranular,cingulate_gradient,False
lh,66135,agranular,dysgranular,cingulate_gradient,False
lh,66136,agranular,dysgranular,cingulate_gradient,False
lh,66137,agranular,dysgranular,cingulate_gradient,False
lh,66138,agranular,dysgranular,cingulate_gradient,False
lh,66139,agranular,dysgranular,cingulate_gradient,False
lh,66140,agranular,dysgranular,cingulate_gradient,False
lh,66141,agranular,dysgranular,cingulate_gradient,False
lh,66142,agranular,dysgranular,cingulate_gradient,False
lh,66143,agranular,dysgranular,cingulate_gradient,False
lh,66144,agranular,dysgranular,cingulate_gradient,False
lh,66145,agranular,dysgranular,cingulate_gradient,False
lh,66146,agranular,dysgranular,cingulate_gradient,False
lh,66147,agranular,dysgranular,cingulate_gradient,False
lh,66148,agranular,dysgranular,cingulate_gradient,False
lh,66149,agranular,dysgranular,cingulate_gradient,False
lh,66150,agranular,dysgranular,cingulate_gradient,False
lh,66151,agranular,dysgranular,cingulate_gradient,False
lh,66152,agranular,dysgranular,cingulate_gradient,False
lh,66153,agranular,dysgranular,cingulate_gradient,False
lh,66154,agranular,dysgranular,cingulate_gradient,False
lh,66155,agranular,dysgranular,cingulate_gradient,False
lh,66156,agranular,dysgranular,cingulate_gradient,False
lh,66157,agranular,dysgranular,cingulate_gradient,False
lh,66158,agranular,dysgranular,cingulate_gradient,False
lh,66159,agranular,dysgranular,cingulate_gradient,False
lh,66160,agranular,dysgranular,cingulate_gradient,False
lh,66161,agranular,dysgranular,cingulate_gradient,False
lh,66162,agranular,dysgranular,cingulate_gradient,False
lh,66163,agranular,dysgranular,cingulate_gradient,False
lh,66164,agranular,dysgranular,cingulate_gradient,False
lh,66165,agranular,dysgranular,cingulate_gradient,False
lh,66166,agranular,dysgranular,cingulate_gradient,False
lh,66167,agranular,dysgranular,cingulate_gradient,False
lh,66168,agranular,dysgranular,cingulate_gradient,False
lh,66453,unknown,agranular,ring_closure,True
lh,66939,eulaminate II,eulaminate III,boundary_smooth,False
lh,67538,unknown,agranular,ring_closure,True
lh,67727,eulaminate II,eulaminate I,boundary_smooth,False
lh,68876,eulaminate I,eulaminate II,boundary_smooth,False
lh,68886,eulaminate I,eulaminate II,boundary_smooth,False
lh,69412,unknown,agranular,ring_closure,False
lh,69413,unknown,agranular,ring_closure,False
lh,69414,unknown,agranular,ring_closure,False
lh,69415,unknown,agranular,ring_closure,True
lh,69416,unknown,agranular,ring_closure,True
lh,69417,unknown,agranular,ring_closure,True
lh,69418,unknown,agranular,ring_closure,True
lh,69419,unknown,agranular,ring_closure,True
lh,69420,unknown,agranular,ring_closure,False
lh,69421,unknown,agranular,ring_closure,True
lh,69422,unknown,agranular,ring_closure,True
lh,69424,unknown,agranular,ring_closure,True
lh,69502,unknown,agranular,ring_closure,False
lh,69503,unknown,agranular,ring_closure,False
lh,69509,agranular,dysgranular,cingulate_gradient,False
lh,69510,agranular,dysgranular,cingulate_gradient,False
lh,69511,agranular,dysgranular,cingulate_gradient,False
lh,69512,agranular,dysgranular,cingulate_gradient,False
lh,69513,agranular,dysgranular,cingulate_gradient,False
lh,69514,agranular,dysgranular,cingulate_gradient,False
lh,69515,agranular,dysgranular,cingulate_gradient,False
lh,69516,agranular,dysgranular,cingulate_gradient,False
lh,69517,agranular,dysgranular,cingulate_gradient,False
lh,69518,agranular,dysgranular,cingulate_gradient,False
lh,69519,agranular,dysgranular,cingulate_gradient,False
lh,69520,agranular,dysgranular,cingulate_gradient,False
lh,69521,agranular,dysgranular,cingulate_gradient,False
lh,69522,agranular,dysgranular,cingulate_gradient,False
lh,69523,agranular,dysgranular,cingulate_gradient,False
lh,69524,agranular,dysgranular,cingulate_gradient,False
lh,69525,agranular,dysgranular,cingulate_gradient,False
lh,69526,agranular,dysgranular,cingulate_gradient,False
lh,69527,agranular,dysgranular,cingulate_gradient,False
lh,69528,agranular,dysgranular,cingulate_gradient,False
lh,69529,agranular,dysgranular,cingulate_gradient,False
lh,69530,agranular,dysgranular,cingulate_gradient,False
lh,69531,agranular,dysgranular,cingulate_gradient,False
lh,69532,agranular,dysgranular,cingulate_gradient,False
lh,69533,agranular,dysgranular,cingulate_gradient,False
lh,69534,agranular,dysgranular,cingulate_gradient,False
lh,70521,agranular,dysgranular,boundary_smooth,False
lh,71510,agranular,dysgranular,cingulate_gradient,False
lh,71511,agranular,dysgranular,cingulate_gradient,False
lh,71515,agranular,dysgranular,cingulate_gradient,False
lh,71517,agranular,dysgranular,cingulate_gradient,False
lh,71518,agranular,dysgranular,cingulate_gradient,False
lh,71519,agranular,dysgranular,cingulate_gradient,False
lh,71520,agranular,dysgranular,cingulate_gradient,False
lh,71521,agranular,dysgranular,cingulate_gradient,False
lh,71522,agranular,dysgranular,cingulate_gradient,False
lh,71523,agranular,dysgranular,cingulate_gradient,False
lh,71524,agranular,dysgranular,cingulate_gradient,False
lh,71525,agranular,dysgranular,cingulate_gradient,False
lh,71526,agranular,dysgranular,cingulate_gradient,False
lh,71544,agranular,dysgranular,cingulate_gradient,False
lh,71545,agranular,dysgranular,cingulate_gradient,False
lh,71546,agranular,dysgranular,cingulate_gradient,False
lh,71547,agranular,dysgranular,cingulate_gradient,False
lh,71548,agranular,dysgranular,cingulate_gradient,False
lh,71549,agranular,dysgranular,cingulate_gradient,False
lh,71550,agranular,dysgranular,cingulate_gradient,False
lh,71551,agranular,dysgranular,cingulate_gradient,False
lh,71552,agranular,dysgranular,cingulate_gradient,False
lh,71553,agranular,dysgranular,cingulate_gradient,False
lh,71554,agranular,dysgranular,cingulate_gradient,False
lh,71555,agranular,dysgranular,cingulate_gradient,False
lh,71556,agranular,dysgranular,cingulate_gradient,False
lh,71563,agranular,dysgranular,cingulate_gradient,False
lh,71564,agranular,dysgranular,cingulate_gradient,False
lh,71565,agranular,dysgranular,cingulate_gradient,False
lh,71566,agranular,dysgranular,cingulate_gradient,False
lh,71568,agranular,dysgranular,cingulate_gradient,False
lh,71569,agranular,dysgranular,cingulate_gradient,False
lh,71570,agranular,dysgranular,cingulate_gradient,False
lh,71571,agranular,dysgranular,cingulate_gradient,False
lh,71691,eulaminate I,dysgranular,boundary_smooth,False
lh,71844,agranular,dysgranular,cingulate_gradient,False
lh,71845,agranular,dysgranular,cingulate_gradient,False
lh,71846,agranular,dysgranular,cingulate_gradient,False
lh,71847,agranular,dysgranular,cingulate_gradient,False
lh,71848,agranular,dysgranular,cingulate_gradient,False
lh,74832,unknown,agranular,ring_closure,False
lh,74833,unknown,agranular,ring_closure,False
lh,74834,unknown,agranular,ring_closure,False
lh,74853,unknown,agranular,ring_closure,False
lh,74854,unknown,agranular,ring_closure,False
lh,74855,unknown,agranular,ring_closure,False
lh,74856,unknown,agranular,ring_closure,False
lh,74857,unknown,agranular,ring_closure,True
lh,74858,unknown,agranular,ring_closure,True
lh,74859,unknown,agranular,ring_closure,True
lh,74860,unknown,agranular,ring_closure,True
lh,74861,unknown,agranular,ring_closure,True
lh,74865,unknown,agranular,ring_closure,False
lh,74866,unknown,agranular,ring_closure,True
lh,74867,unknown,agranular,ring_closure,True
lh,74869,unknown,agranular,ring_closure,True
lh,74887,unknown,agranular,ring_closure,True
lh,74888,unknown,agranular,ring_closure,True
lh,74889,unknown,agranular,ring_closure,True
lh,74890,unknown,agranular,ring_closure,True
lh,74891,unknown,agranular,ring_closure,True
lh,74892,unknown,agranular,ring_closure,True
lh,74896,unknown,agranular,ring_closure,True
lh,74897,unknown,agranular,ring_closure,True
lh,74898,unknown,agranular,ring_closure,True
lh,74899,unknown,agranular,ring_closure,True
lh,74900,unknown,agranular,ring_closure,True
lh,74901,unknown,agranular,ring_closure,True
lh,74918,unknown,agranular,ring_closure,False
lh,74919,unknown,agranular,ring_closure,False
lh,74921,unknown,agranular,ring_closure,False
lh,74922,unknown,agranular,ring_closure,False
lh,74923,unknown,agranular,ring_closure,False
lh,74924,unknown,agranular,ring_closure,False
lh,74925,unknown,agranular,ring_closure,False
lh,74935,agranular,dysgranular,cingulate_gradient,False
lh,74937,agranular,dysgranular,cingulate_gradient,False
lh,74939,agranular,dysgranular,cingulate_gradient,False
lh,74940,agranular,dysgranular,cingulate_gradient,False
lh,74941,agranular,dysgranular,cingulate_gradient,False
lh,74942,agranular,dysgranular,cingulate_gradient,False
lh,74943,agranular,dysgranular,cingulate_gradient,False
lh,74945,agranular,dysgranular,cingulate_gradient,False
lh,74946,agranular,dysgranular,cingulate_gradient,False
lh,75004,dysgranular,agranular,boundary_smooth,False
lh,75202,eulaminate II,eulaminate III,boundary_smooth,False
lh,76579,eulaminate III,eulaminate II,boundary_smooth,False
lh,78135,eulaminate II,eulaminate I,boundary_smooth,False
lh,78815,unknown,agranular,ring_closure,False
lh,78825,agranular,dysgranular,cingulate_gradient,False
lh,78826,agranular,dysgranular,cingulate_gradient,False
lh,78827,agranular,dysgranular,cingulate_gradient,False
lh,78828,agranular,dysgranular,cingulate_gradient,False
lh,78829,agranular,dysgranular,cingulate_gradient,False
lh,78830,agranular,dysgranular,cingulate_gradient,False
lh,78847,agranular,dysgranular,cingulate_gradient,False
lh,78862,agranular,dysgranular,cingulate_gradient,False
lh,78863,agranular,dysgranular,cingulate_gradient,False
lh,78864,agranular,dysgranular,cingulate_gradient,False
lh,78865,agranular,dysgranular,cingulate_gradient,False
lh,78866,agranular,dysgranular,cingulate_gradient,False
lh,78867,agranular,dysgranular,cingulate_gradient,False
lh,78868,agranular,dysgranular,cingulate_gradient,False
lh,78869,agranular,dysgranular,cingulate_gradient,False
lh,78870,agranular,dysgranular,cingulate_gradient,False
lh,78871,agranular,dysgranular,cingulate_gradient,False
lh,78872,agranular,dysgranular,cingulate_gradient,False
lh,78873,agranular,dysgranular,cingulate_gradient,False
lh,78874,agranular,dysgranular,cingulate_gradient,False
lh,78875,agranular,dysgranular,cingulate_gradient,False
lh,78876,agranular,dysgranular,cingulate_gradient,False
lh,78877,agranular,dysgranular,cingulate_gradient,False
lh,78878,agranular,dysgranular,cingulate_gradient,False
lh,78879,agranular,dysgranular,cingulate_gradient,False
lh,78880,agranular,dysgranular,cingulate_gradient,False
lh,78881,agranular,dysgranular,cingulate_gradient,False
lh,78882,agranular,dysgranular,cingulate_gradient,False
lh,78883,agranular,dysgranular,cingulate_gradient,False
lh,78884,agranular,dysgranular,cingulate_gradient,False
lh,78885,agranular,dysgranular,cingulate_gradient,False
lh,78886,agranular,dysgranular,cingulate_gradient,False
lh,78887,agranular,dysgranular,cingulate_gradient,False
lh,78888,agranular,dysgranular,cingulate_gradient,False
lh,78889,agranular,dysgranular,cingulate_gradient,False
lh,78890,agranular,dysgranular,cingulate_gradient,False
lh,78891,agranular,dysgranular,cingulate_gradient,False
lh,78892,agranular,dysgranular,cingulate_gradient,False
lh,78893,agranular,dysgranular,cingulate_gradient,False
lh,78894,agranular,dysgranular,cingulate_gradient,False
lh,78895,agranular,dysgranular,cingulate_gradient,False
lh,78896,agranular,dysgranular,cingulate_gradient,False
lh,78897,agranular,dysgranular,cingulate_gradient,False
lh,78898,agranular,dysgranular,cingulate_gradient,False
lh,78899,agranular,dysgranular,cingulate_gradient,False
lh,78900,agranular,dysgranular,cingulate_gradient,False
lh,78901,agranular,dysgranular,cingulate_gradient,False
lh,78902,agranular,dysgranular,cingulate_gradient,False
lh,78903,agranular,dysgranular,cingulate_gradient,False
lh,78904,agranular,dysgranular,cingulate_gradient,False
lh,78905,agranular,dysgranular,cingulate_gradient,False
lh,78906,agranular,dysgranular,cingulate_gradient,False
lh,78907,agranular,dysgranular,cingulate_gradient,False
lh,78908,agranular,dysgranular,cingulate_gradient,False
lh,78909,agranular,dysgranular,cingulate_gradient,False
lh,78910,agranular,dysgranular,cingulate_gradient,False
lh,78911,agranular,dysgranular,cingulate_gradient,False
lh,78912,agranular,dysgranular,cingulate_gradient,False
lh,78913,agranular,dysgranular,cingulate_gradient,False
lh,78914,agranular,dysgranular,cingulate_gradient,False
lh,78915,agranular,dysgranular,cingulate_gradient,False
lh,78916,agranular,dysgranular,cingulate_gradient,False
lh,78917,agranular,dysgranular,cingulate_gradient,False
lh,78918,agranular,dysgranular,cingulate_gradient,False
lh,78919,agranular,dysgranular,cingulate_gradient,False
lh,78920,agranular,dysgranular,cingulate_gradient,False
lh,78921,agranular,dysgranular,cingulate_gradient,False
lh,78922,agranular,dysgranular,cingulate_gradient,False
lh,78937,agranular,dysgranular,cingulate_gradient,False
lh,78947,agranular,dysgranular,cingulate_gradient,False
lh,78952,agranular,dysgranular,cingulate_gradient,False
lh,78953,agranular,dysgranular,cingulate_gradient,False
lh,78954,agranular,dysgranular,cingulate_gradient,False
lh,78955,agranular,dysgranular,cingulate_gradient,False
lh,78956,agranular,dysgranular,cingulate_gradient,False
lh,78957,agranular,dysgranular,cingulate_gradient,False
lh,78958,agranular,dysgranular,cingulate_gradient,False
lh,78959,agranular,dysgranular,cingulate_gradient,False
lh,78960,agranular,dysgranular,cingulate_gradient,False
lh,78961,agranular,dysgranular,cingulate_gradient,False
lh,78962,agranular,dysgranular,cingulate_gradient,False
lh,78963,agranular,dysgranular,cingulate_gradient,False
lh,78964,agranular,dysgranular,cingulate_gradient,False
lh,78965,agranular,dysgranular,cingulate_gradient,False
lh,78966,agranular,dysgranular,cingulate_gradient,False
lh,78967,agranular,dysgranular,cingulate_gradient,False
lh,78968,agranular,dysgranular,cingulate_gradient,False
lh,78969,agranular,dysgranular,cingulate_gradient,False
lh,78970,agranular,dysgranular,cingulate_gradient,False
lh,78971,agranular,dysgranular,cingulate_gradient,False
lh,78972,agranular,dysgranular,cingulate_gradient,False
lh,78977,agranular,dysgranular,cingulate_gradient,False
lh,78978,agranular,dysgranular,cingulate_gradient,False
lh,78979,agranular,dysgranular,cingulate_gradient,False
lh,78980,agranular,dysgranular,cingulate_gradient,False
lh,78981,agranular,dysgranular,cingulate_gradient,False
lh,78982,agranular,dysgranular,cingulate_gradient,False
lh,78983,agranular,dysgranular,cingulate_gradient,False
lh,78984,agranular,dysgranular,cingulate_gradient,False
lh,78985,agranular,dysgranular,cingulate_gradient,False
lh,78986,agranular,dysgranular,cingulate_gradient,False
lh,78987,agranular,dysgranular,cingulate_gradient,False
lh,78988,agranular,dysgranular,cingulate_gradient,False
lh,78989,agranular,dysgranular,cingulate_gradient,False
lh,78990,agranular,dysgranular,cingulate_gradient,False
lh,78991,agranular,dysgranular,cingulate_gradient,False
lh,78992,agranular,dysgranular,cingulate_gradient,False
lh,78993,agranular,dysgranular,cingulate_gradient,False
lh,78994,agranular,dysgranular,cingulate_gradient,False
lh,78995,agranular,dysgranular,cingulate_gradient,False
lh,78996,agranular,dysgranular,cingulate_gradient,False
lh,79877,agranular,dysgranular,cingulate_gradient,False
lh,79879,agranular,dysgranular,cingulate_gradient,False
lh,79880,agranular,dysgranular,cingulate_gradient,False
lh,79881,agranular,dysgranular,cingulate_gradient,False
lh,79882,agranular,dysgranular,cingulate_gradient,False
lh,79884,agranular,dysgranular,cingulate_gradient,False
lh,79888,agranular,dysgranular,cingulate_gradient,False
lh,79889,agranular,dysgranular,cingulate_gradient,False
lh,79890,agranular,dysgranular,cingulate_gradient,False
lh,79891,agranular,dysgranular,cingulate_gradient,False
lh,79892,agranular,dysgranular,cingulate_gradient,False
lh,79894,agranular,dysgranular,cingulate_gradient,False
lh,79895,agranular,dysgranular,cingulate_gradient,False
lh,79896,agranular,dysgranular,cingulate_gradient,False
lh,79897,agranular,dysgranular,cingulate_gradient,False
lh,79899,agranular,dysgranular,cingulate_gradient,False
lh,79921,agranular,dysgranular,cingulate_gradient,False
lh,79922,agranular,dysgranular,cingulate_gradient,False
lh,81866,eulaminate III,eulaminate II,boundary_smooth,False
lh,81952,eulaminate III,eulaminate II,boundary_smooth,False
lh,82386,eulaminate III,eulaminate II,boundary_smooth,False
lh,83134,unknown,agranular,ring_closure,True
lh,83207,unknown,agranular,ring_closure,True
lh,83208,unknown,agranular,ring_closure,True
lh,83209,unknown,agranular,ring_closure,True
lh,83210,unknown,agranular,ring_closure,True
lh,83215,unknown,agranular,ring_closure,True
lh,83216,unknown,agranular,ring_closure,True
lh,83217,unknown,agranular,ring_closure,True
lh,83230,unknown,agranular,ring_closure,True
lh,83241,unknown,agranular,ring_closure,True
lh,83242,unknown,agranular,ring_closure,True
lh,83243,unknown,agranular,ring_closure,True
lh,83557,dysgranular,eulaminate I,boundary_smooth,False
lh,83629,dysgranular,eulaminate I,boundary_smooth,False
lh,83634,dysgranular,eulaminate I,boundary_smooth,False
lh,84686,eulaminate III,eulaminate II,boundary_smooth,False
lh,88038,agranular,dysgranular,cingulate_gradient,False
lh,88039,agranular,dysgranular,cingulate_gradient,False
lh,88040,agranular,dysgranular,cingulate_gradient,False
lh,88041,agranular,dysgranular,cingulate_gradient,False
lh,88042,agranular,dysgranular,cingulate_gradient,False
lh,88043,agranular,dysgranular,cingulate_gradient,False
lh,88044,agranular,dysgranular,cingulate_gradient,False
lh,88045,agranular,dysgranular,cingulate_gradient,False
lh,88046,agranular,dysgranular,cingulate_gradient,False
lh,88047,agranular,dysgranular,cingulate_gradient,False
lh,88048,agranular,dysgranular,cingulate_gradient,False
lh,88049,agranular,dysgranular,cingulate_gradient,False
lh,88310,agranular,dysgranular,cingulate_gradient,False
lh,88311,agranular,dysgranular,cingulate_gradient,False
lh,88312,agranular,dysgranular,cingulate_gradient,False
lh,88313,agranular,dysgranular,cingulate_gradient,False
lh,88314,agranular,dysgranular,cingulate_gradient,False
lh,88316,agranular,dysgranular,cingulate_gradient,False
lh,88317,agranular,dysgranular,cingulate_gradient,False
lh,88318,agranular,dysgranular,cingulate_gradient,False
lh,88319,agranular,dysgranular,cingulate_gradient,False
lh,88326,agranular,dysgranular,cingulate_gradient,False
lh,88327,agranular,dysgranular,cingulate_gradient,False
lh,88328,agranular,dysgranular,cingulate_gradient,False
lh,88329,agranular,dysgranular,cingulate_gradient,False
lh,88331,agranular,dysgranular,cingulate_gradient,False
lh,88332,agranular,dysgranular,cingulate_gradient,False
lh,88333,agranular,dysgranular,cingulate_gradient,False
lh,88358,agranular,dysgranular,cingulate_gradient,False
lh,88717,unknown,agranular,ring_closure,False
lh,88718,unknown,agranular,ring_closure,True
lh,88719,unknown,agranular,ring_closure,True
lh,88720,unknown,agranular,ring_closure,True
lh,88721,unknown,agranular,ring_closure,True
lh,88725,unknown,agranular,ring_closure,True
lh,88726,unknown,agranular,ring_closure,True
lh,88740,unknown,agranular,ring_closure,True
lh,88741,unknown,agranular,ring_closure,True
lh,88742,unknown,agranular,ring_closure,True
lh,88788,unknown,agranular,ring_closure,False
lh,88789,unknown,agranular,ring_closure,False
lh,88790,unknown,agranular,ring_closure,False
lh,88791,unknown,agranular,ring_closure,True
lh,88792,unknown,agranular,ring_closure,True
lh,88793,unknown,agranular,ring_closure,True
lh,88794,unknown,agranular,ring_closure,True
lh,88795,unknown,agranular,ring_closure,True
lh,88797,unknown,agranular,ring_closure,True
lh,88798,unknown,agranular,ring_closure,True
lh,88799,unknown,agranular,ring_closure,True
lh,89010,unknown,agranular,ring_closure,False
lh,89011,unknown,agranular,ring_closure,True
lh,89012,unknown,agranular,ring_closure,True
lh,89013,unknown,agranular,ring_closure,True
lh,89014,unknown,agranular,ring_closure,True
lh,89015,unknown,agranular,ring_closure,True
lh,89018,unknown,agranular,ring_closure,True
lh,89019,unknown,agranular,ring_closure,True
lh,89020,unknown,agranular,ring_closure,True
lh,89041,unknown,agranular,ring_closure,True
lh,89042,unknown,agranular,ring_closure,True
lh,89043,unknown,agranular,ring_closure,True
lh,89044,unknown,agranular,ring_closure,True
lh,89045,unknown,agranular,ring_closure,True
lh,89047,unknown,agranular,ring_closure,True
lh,89049,unknown,agranular,ring_closure,True
lh,89057,agranular,dysgranular,cingulate_gradient,False
lh,89058,agranular,dysgranular,cingulate_gradient,False
lh,89059,agranular,dysgranular,cingulate_gradient,False
lh,89060,agranular,dysgranular,cingulate_gradient,False
lh,89061,agranular,dysgranular,cingulate_gradient,False
lh,89062,agranular,dysgranular,cingulate_gradient,False
lh,89063,agranular,dysgranular,cingulate_gradient,False
lh,89064,agranular,dysgranular,cingulate_gradient,False
lh,89065,agranular,dysgranular,cingulate_gradient,False
lh,89066,agranular,dysgranular,cingulate_gradient,False
lh,89067,agranular,dysgranular,cingulate_gradient,False
lh,89068,agranular,dysgranular,cingulate_gradient,False
lh,89069,agranular,dysgranular,cingulate_gradient,False
lh,89077,agranular,dysgranular,cingulate_gradient,False
lh,89078,agranular,dysgranular,cingulate_gradient,False
lh,89079,agranular,dysgranular,cingulate_gradient,False
lh,89080,agranular,dysgranular,cingulate_gradient,False
lh,89081,agranular,dysgranular,cingulate_gradient,False
lh,89082,agranular,dysgranular,cingulate_gradient,False
lh,89083,agranular,dysgranular,cingulate_gradient,False
lh,90083,eulaminate III,eulaminate II,boundary_smooth,False
lh,90326,agranular,dysgranular,boundary_smooth,False
lh,90327,agranular,dysgranular,boundary_smooth,False
lh,90539,eulaminate II,eulaminate I,boundary_smooth,False
lh,92152,dysgranular,agranular,boundary_smooth,False
lh,92160,agranular,dysgranular,boundary_smooth,False
lh,92161,agranular,dysgranular,boundary_smooth,False
lh,92439,unknown,agranular,ring_closure,True
lh,92440,unknown,agranular,ring_closure,True
lh,92441,unknown,agranular,ring_closure,True
lh,92442,unknown,agranular,ring_closure,True
lh,92712,agranular,dysgranular,cingulate_gradient,False
lh,92713,agranular,dysgranular,cingulate_gradient,False
lh,92714,agranular,dysgranular,cingulate_gradient,False
lh,92715,agranular,dysgranular,cingulate_gradient,False
lh,92716,agranular,dysgranular,cingulate_gradient,False
lh,92717,agranular,dysgranular,cingulate_gradient,False
lh,92718,agranular,dysgranular,cingulate_gradient,False
lh,92719,agranular,dysgranular,cingulate_gradient,False
lh,92720,agranular,dysgranular,cingulate_gradient,False
lh,92721,agranular,dysgranular,cingulate_gradient,False
lh,93371,unknown,agranular,ring_closure,False
lh,93373,unknown,agranular,ring_closure,False
lh,93374,unknown,agranular,ring_closure,False
lh,93388,agranular,dysgranular,cingulate_gradient,False
lh,93389,agranular,dysgranular,cingulate_gradient,False
lh,93390,agranular,dysgranular,cingulate_gradient,False
lh,93391,agranular,dysgranular,cingulate_gradient,False
lh,93392,agranular,dysgranular,cingulate_gradient,False
lh,93393,agranular,dysgranular,cingulate_gradient,False
lh,93394,agranular,dysgranular,cingulate_gradient,False
lh,93395,agranular,dysgranular,cingulate_gradient,False
lh,93445,eulaminate III,eulaminate II,boundary_smooth,False
lh,93446,eulaminate II,eulaminate III,boundary_smooth,False
lh,94406,eulaminate III,eulaminate II,boundary_smooth,False
lh,94464,unknown,agranular,ring_closure,False
lh,94473,agranular,dysgranular,cingulate_gradient,False
lh,94474,agranular,dysgranular,cingulate_gradient,False
lh,94475,agranular,dysgranular,cingulate_gradient,False
lh,94476,agranular,dysgranular,cingulate_gradient,False
lh,95251,agranular,dysgranular,cingulate_gradient,False
lh,95252,agranular,dysgranular,cingulate_gradient,False
lh,95253,agranular,dysgranular,cingulate_gradient,False
lh,95254,agranular,dysgranular,cingulate_gradient,False
lh,95255,agranular,dysgranular,cingulate_gradient,False
lh,95256,agranular,dysgranular,cingulate_gradient,False
lh,95257,agranular,dysgranular,cingulate_gradient,False
lh,95258,agranular,dysgranular,cingulate_gradient,False
lh,95259,agranular,dysgranular,cingulate_gradient,False
lh,95260,agranular,dysgranular,cingulate_gradient,False
lh,95261,agranular,dysgranular,cingulate_gradient,False
lh,95262,agranular,dysgranular,cingulate_gradient,False
lh,95263,agranular,dysgranular,cingulate_gradient,False
lh,95264,agranular,dysgranular,cingulate_gradient,False
lh,95265,agranular,dysgranular,cingulate_gradient,False
lh,95266,agranular,dysgranular,cingulate_gradient,False
lh,95267,agranular,dysgranular,cingulate_gradient,False
lh,95268,agranular,dysgranular,cingulate_gradient,False
lh,95269,agranular,dysgranular,cingulate_gradient,False
lh,95270,agranular,dysgranular,cingulate_gradient,False
lh,95271,agranular,dysgranular,cingulate_gradient,False
lh,95272,agranular,dysgranular,cingulate_gradient,False
lh,95273,agranular,dysgranular,cingulate_gradient,False
lh,95274,agranular,dysgranular,cingulate_gradient,False
lh,95275,agranular,dysgranular,cingulate_gradient,False
lh,95276,agranular,dysgranular,cingulate_gradient,False
lh,95277,agranular,dysgranular,cingulate_gradient,False
lh,95278,agranular,dysgranular,cingulate_gradient,False
lh,95279,agranular,dysgranular,cingulate_gradient,False
lh,95280,agranular,dysgranular,cingulate_gradient,False
lh,95281,agranular,dysgranular,cingulate_gradient,False
lh,95282,agranular,dysgranular,cingulate_gradient,False
lh,95283,agranular,dysgranular,cingulate_gradient,False
lh,95351,eulaminate I,dysgranular,boundary_smooth,False
lh,96100,unknown,agranular,ring_closure,True
lh,96101,unknown,agranular,ring_closure,True
lh,97231,unknown,agranular,ring_closure,False
lh,97232,unknown,agranular,ring_closure,True
lh,97233,unknown,agranular,ring_closure,True
lh,97234,unknown,agranular,ring_closure,True
lh,97235,unknown,agranular,ring_closure,True
lh,97245,unknown,agranular,ring_closure,False
lh,97246,unknown,agranular,ring_closure,True
lh,97247,unknown,agranular,ring_closure,True
lh,97248,unknown,agranular,ring_closure,True
lh,97249,unknown,agranular,ring_closure,True
lh,97287,unknown,agranular,ring_closure,True
lh,97288,unknown,agranular,ring_closure,True
lh,97289,unknown,agranular,ring_closure,True
lh,97290,agranular,dysgranular,cingulate_gradient,False
lh,97297,agranular,dysgranular,cingulate_gradient,False
lh,97298,agranular,dysgranular,cingulate_gradient,False
lh,97299,agranular,dysgranular,cingulate_gradient,False
lh,97300,agranular,dysgranular,cingulate_gradient,False
lh,97301,agranular,dysgranular,cingulate_gradient,False
lh,97302,agranular,dysgranular,cingulate_gradient,False
lh,98796,agranular,dysgranular,cingulate_gradient,False
lh,99465,eulaminate II,eulaminate I,boundary_smooth,False
lh,99571,agranular,dysgranular,cingulate_gradient,False
lh,99572,agranular,dysgranular,cingulate_gradient,False
lh,99573,agranular,dysgranular,cingulate_gradient,False
lh,99574,agranular,dysgranular,cingulate_gradient,False
lh,99575,agranular,dysgranular,cingulate_gradient,False
lh,99576,agranular,dysgranular,cingulate_gradient,False
lh,99577,agranular,dysgranular,cingulate_gradient,False
lh,99578,agranular,dysgranular,cingulate_gradient,False
lh,99579,agranular,dysgranular,cingulate_gradient,False
lh,99580,agranular,dysgranular,cingulate_gradient,False
lh,99581,agranular,dysgranular,cingulate_gradient,False
lh,99582,agranular,dysgranular,cingulate_gradient,False
lh,99583,agranular,dysgranular,cingulate_gradient,False
lh,99584,agranular,dysgranular,cingulate_gradient,False
lh,99585,agranular,dysgranular,cingulate_gradient,False
lh,99586,agranular,dysgranular,cingulate_gradient,False
lh,99587,agranular,dysgranular,cingulate_gradient,False
lh,99588,agranular,dysgranular,cingulate_gradient,False
lh,99589,agranular,dysgranular,cingulate_gradient,False
lh,99590,agranular,dysgranular,cingulate_gradient,False
lh,99591,agranular,dysgranular,cingulate_gradient,False
lh,99592,agranular,dysgranular,cingulate_gradient,False
lh,99593,agranular,dysgranular,cingulate_gradient,False
lh,99594,agranular,dysgranular,cingulate_gradient,False
lh,99595,agranular,dysgranular,cingulate_gradient,False
lh,99596,agranular,dysgranular,cingulate_gradient,False
lh,99597,agranular,dysgranular,cingulate_gradient,False
lh,99598,agranular,dysgranular,cingulate_gradient,False
lh,99599,agranular,dysgranular,cingulate_gradient,False
lh,99600,agranular,dysgranular,cingulate_gradient,False
lh,99601,agranular,dysgranular,cingulate_gradient,False
lh,99602,agranular,dysgranular,cingulate_gradient,False
lh,99603,agranular,dysgranular,cingulate_gradient,False
lh,99604,agranular,dysgranular,cingulate_gradient,False
lh,99605,agranular,dysgranular,cingulate_gradient,False
lh,99606,agranular,dysgranular,cingulate_gradient,False
lh,99664,eulaminate I,dysgranular,boundary_smooth,False
lh,100383,eulaminate I,eulaminate II,boundary_smooth,False
lh,101048,eulaminate I,eulaminate II,boundary_smooth,False
lh,101551,unknown,agranular,ring_closure,False
lh,101552,unknown,agranular,ring_closure,False
lh,101553,unknown,agranular,ring_closure,False
lh,101554,unknown,agranular,ring_closure,False
lh,101555,unknown,agranular,ring_closure,True
lh,101556,unknown,agranular,ring_closure,True
lh,101557,unknown,agranular,ring_closure,True
lh,101558,unknown,agranular,ring_closure,True
lh,101609,agranular,dysgranular,cingulate_gradient,False
lh,101610,agranular,dysgranular,cingulate_gradient,False
lh,101611,agranular,dysgranular,cingulate_gradient,False
lh,101612,agranular,dysgranular,cingulate_gradient,False
lh,101613,agranular,dysgranular,cingulate_gradient,False
lh,101614,agranular,dysgranular,cingulate_gradient,False
lh,101615,agranular,dysgranular,cingulate_gradient,False
lh,101616,agranular,dysgranular,cingulate_gradient,False
lh,101617,agranular,dysgranular,cingulate_gradient,False
lh,101618,agranular,dysgranular,cingulate_gradient,False
lh,101619,agranular,dysgranular,cingulate_gradient,False
lh,101620,agranular,dysgranular,cingulate_gradient,False
lh,101621,agranular,dysgranular,cingulate_gradient,False
lh,101622,agranular,dysgranular,cingulate_gradient,False
lh,101624,agranular,dysgranular,cingulate_gradient,False
lh,102815,agranular,dysgranular,cingulate_gradient,False
lh,102816,agranular,dysgranular,cingulate_gradient,False
lh,102817,agranular,dysgranular,cingulate_gradient,False
lh,102818,agranular,dysgranular,cingulate_gradient,False
lh,102819,agranular,dysgranular,cingulate_gradient,False
lh,102830,agranular,dysgranular,cingulate_gradient,False
lh,102831,agranular,dysgranular,cingulate_gradient,False
lh,102832,agranular,dysgranular,cingulate_gradient,False
lh,102833,agranular,dysgranular,cingulate_gradient,False
lh,102834,agranular,dysgranular,cingulate_gradient,False
lh,102835,agranular,dysgranular,cingulate_gradient,False
lh,102836,agranular,dysgranular,cingulate_gradient,False
lh,102837,agranular,dysgranular,cingulate_gradient,False
lh,103011,agranular,dysgranular,cingulate_gradient,False
lh,103012,agranular,dysgranular,cingulate_gradient,False
lh,103013,agranular,dysgranular,cingulate_gradient,False
lh,103014,agranular,dysgranular,cingulate_gradient,False
lh,104814,unknown,agranular,ring_closure,False
lh,104815,unknown,agranular,ring_closure,False
lh,104816,unknown,agranular,ring_closure,False
lh,104817,unknown,agranular,ring_closure,False
lh,104818,unknown,agranular,ring_closure,True
lh,104819,unknown,agranular,ring_closure,True
lh,104820,unknown,agranular,ring_closure,True
lh,104821,unknown,agranular,ring_closure,True
lh,104822,unknown,agranular,ring_closure,True
lh,104823,unknown,agranular,ring_closure,True
lh,104824,unknown,agranular,ring_closure,True
lh,104825,unknown,agranular,ring_closure,True
lh,104826,unknown,agranular,ring_closure,True
lh,104836,unknown,agranular,ring_closure,False
lh,104837,unknown,agranular,ring_closure,True
lh,104838,unknown,agranular,ring_closure,True
lh,104839,unknown,agranular,ring_closure,True
lh,104840,unknown,agranular,ring_closure,True
lh,104841,unknown,agranular,ring_closure,True
lh,104842,unknown,agranular,ring_closure,True
lh,104843,unknown,agranular,ring_closure,False
lh,104844,unknown,agranular,ring_closure,False
lh,104863,agranular,dysgranular,cingulate_gradient,False
lh,104865,agranular,dysgranular,cingulate_gradient,False
lh,104866,agranular,dysgranular,cingulate_gradient,False
lh,104867,agranular,dysgranular,cingulate_gradient,False
lh,104868,agranular,dysgranular,cingulate_gradient,False
lh,104869,agranular,dysgranular,cingulate_gradient,False
lh,104870,agranular,dysgranular,cingulate_gradient,False
lh,105024,eulaminate II,eulaminate III,boundary_smooth,False
lh,107199,agranular,dysgranular,cingulate_gradient,False
lh,107200,agranular,dysgranular,cingulate_gradient,False
lh,107201,agranular,dysgranular,cingulate_gradient,False
lh,107202,agranular,dysgranular,cingulate_gradient,False
lh,107212,agranular,dysgranular,cingulate_gradient,False
lh,107221,agranular,dysgranular,cingulate_gradient,False
lh,107222,agranular,dysgranular,cingulate_gradient,False
lh,107223,agranular,dysgranular,cingulate_gradient,False
lh,107224,agranular,dysgranular,cingulate_gradient,False
lh,107225,agranular,dysgranular,cingulate_gradient,False
lh,107226,agranular,dysgranular,cingulate_gradient,False
lh,107227,agranular,dysgranular,cingulate_gradient,False
lh,107228,agranular,dysgranular,cingulate_gradient,False
lh,107229,agranular,dysgranular,cingulate_gradient,False
lh,107230,agranular,dysgranular,cingulate_gradient,False
lh,107231,agranular,dysgranular,cingulate_gradient,False
lh,107232,agranular,dysgranular,cingulate_gradient,False
lh,107233,agranular,dysgranular,cingulate_gradient,False
lh,107234,agranular,dysgranular,cingulate_gradient,False
lh,107235,agranular,dysgranular,cingulate_gradient,False
lh,107236,agranular,dysgranular,cingulate_gradient,False
lh,107237,agranular,dysgranular,cingulate_gradient,False
lh,107238,agranular,dysgranular,cingulate_gradient,False
lh,107239,agranular,dysgranular,cingulate_gradient,False
lh,107240,agranular,dysgranular,cingulate_gradient,False
lh,107241,agranular,dysgranular,cingulate_gradient,False
lh,107242,agranular,dysgranular,cingulate_gradient,False
lh,107243,agranular,dysgranular,cingulate_gradient,False
lh,107244,agranular,dysgranular,cingulate_gradient,False
lh,107245,agranular,dysgranular,cingulate_gradient,False
lh,107246,agranular,dysgranular,cingulate_gradient,False
lh,107247,agranular,dysgranular,cingulate_gradient,False
lh,107248,agranular,dysgranular,cingulate_gradient,False
lh,107249,agranular,dysgranular,cingulate_gradient,False
lh,107250,agranular,dysgranular,cingulate_gradient,False
lh,107251,agranular,dysgranular,cingulate_gradient,False
lh,107252,agranular,dysgranular,cingulate_gradient,False
lh,107253,agranular,dysgranular,cingulate_gradient,False
lh,107254,agranular,dysgranular,cingulate_gradient,False
lh,107255,agranular,dysgranular,cingulate_gradient,False
lh,107256,agranular,dysgranular,cingulate_gradient,False
lh,107257,agranular,dysgranular,cingulate_gradient,False
lh,107258,agranular,dysgranular,cingulate_gradient,False
lh,107259,agranular,dysgranular,cingulate_gradient,False
lh,107260,agranular,dysgranular,cingulate_gradient,False
lh,107266,agranular,dysgranular,cingulate_gradient,False
lh,107268,agranular,dysgranular,cingulate_gradient,False
lh,107273,agranular,dysgranular,cingulate_gradient,False
lh,107274,agranular,dysgranular,cingulate_gradient,False
lh,107275,agranular,dysgranular,cingulate_gradient,False
lh,107276,agranular,dysgranular,cingulate_gradient,False
lh,107277,agranular,dysgranular,cingulate_gradient,False
lh,107278,agranular,dysgranular,cingulate_gradient,False
lh,107279,agranular,dysgranular,cingulate_gradient,False
lh,107280,agranular,dysgranular,cingulate_gradient,False
lh,107281,agranular,dysgranular,cingulate_gradient,False
lh,107282,agranular,dysgranular,cingulate_gradient,False
lh,107283,agranular,dysgranular,cingulate_gradient,False
lh,107284,agranular,dysgranular,cingulate_gradient,False
lh,107285,agranular,dysgranular,cingulate_gradient,False
lh,107286,agranular,dysgranular,cingulate_gradient,False
lh,107287,agranular,dysgranular,cingulate_gradient,False
lh,107288,agranular,dysgranular,cingulate_gradient,False
lh,107289,agranular,dysgranular,cingulate_gradient,False
lh,107290,agranular,dysgranular,cingulate_gradient,False
lh,107291,agranular,dysgranular,cingulate_gradient,False
lh,107292,agranular,dysgranular,cingulate_gradient,False
lh,107294,agranular,dysgranular,cingulate_gradient,False
lh,107295,agranular,dysgranular,cingulate_gradient,False
lh,107296,agranular,dysgranular,cingulate_gradient,False
lh,107297,agranular,dysgranular,cingulate_gradient,False
lh,107298,agranular,dysgranular,cingulate_gradient,False
lh,107299,agranular,dysgranular,cingulate_gradient,False
lh,107300,agranular,dysgranular,cingulate_gradient,False
lh,107301,agranular,dysgranular,cingulate_gradient,False
lh,107831,agranular,dysgranular,cingulate_gradient,False
lh,107832,agranular,dysgranular,cingulate_gradient,False
lh,107833,agranular,dysgranular,cingulate_gradient,False
lh,107834,agranular,dysgranular,cingulate_gradient,False
lh,107835,agranular,dysgranular,cingulate_gradient,False
lh,107839,agranular,dysgranular,cingulate_gradient,False
lh,107840,agranular,dysgranular,cingulate_gradient,False
lh,107841,agranular,dysgranular,cingulate_gradient,False
lh,107842,agranular,dysgranular,cingulate_gradient,False
lh,107843,agranular,dysgranular,cingulate_gradient,False
lh,107844,agranular,dysgranular,cingulate_gradient,False
lh,109748,unknown,agranular,ring_closure,True
lh,109749,unknown,agranular,ring_closure,True
lh,109793,unknown,agranular,ring_closure,True
lh,109828,unknown,agranular,ring_closure,True
lh,109829,unknown,agranular,ring_closure,True
lh,109830,unknown,agranular,ring_closure,True
lh,109831,unknown,agranular,ring_closure,True
lh,109833,unknown,agranular,ring_closure,True
lh,109834,unknown,agranular,ring_closure,True
lh,109835,unknown,agranular,ring_closure,True
lh,109843,unknown,agranular,ring_closure,True
lh,109844,unknown,agranular,ring_closure,True
lh,110072,eulaminate II,eulaminate I,boundary_smooth,False
lh,112651,eulaminate II,eulaminate I,boundary_smooth,False
lh,112727,agranular,dysgranular,cingulate_gradient,False
lh,112728,agranular,dysgranular,cingulate_gradient,False
lh,112729,agranular,dysgranular,cingulate_gradient,False
lh,112730,agranular,dysgranular,cingulate_gradient,False
lh,112731,agranular,dysgranular,cingulate_gradient,False
lh,112732,agranular,dysgranular,cingulate_gradient,False
lh,112733,agranular,dysgranular,cingulate_gradient,False
lh,112892,agranular,dysgranular,cingulate_gradient,False
lh,112969,dysgranular,eulaminate I,boundary_smooth,False
lh,113134,unknown,agranular,ring_closure,False
lh,113135,unknown,agranular,ring_closure,True
lh,113136,unknown,agranular,ring_closure,True
lh,113137,unknown,agranular,ring_closure,True
lh,113138,unknown,agranular,ring_closure,True
lh,113177,unknown,agranular,ring_closure,False
lh,113178,unknown,agranular,ring_closure,False
lh,113179,unknown,agranular,ring_closure,False
lh,113180,unknown,agranular,ring_closure,True
lh,113181,unknown,agranular,ring_closure,True
lh,113310,unknown,agranular,ring_closure,False
lh,113311,unknown,agranular,ring_closure,True
lh,113312,unknown,agranular,ring_closure,False
lh,113313,unknown,agranular,ring_closure,True
lh,113314,unknown,agranular,ring_closure,True
lh,113315,unknown,agranular,ring_closure,True
lh,113316,unknown,agranular,ring_closure,True
lh,113317,unknown,agranular,ring_closure,True
lh,113329,unknown,agranular,ring_closure,True
lh,113339,agranular,dysgranular,cingulate_gradient,False
lh,113340,agranular,dysgranular,cingulate_gradient,False
lh,113341,agranular,dysgranular,cingulate_gradient,False
lh,113342,agranular,dysgranular,cingulate_gradient,False
lh,113343,agranular,dysgranular,cingulate_gradient,False
lh,113344,agranular,dysgranular,cingulate_gradient,False
lh,113345,agranular,dysgranular,cingulate_gradient,False
lh,113350,agranular,dysgranular,cingulate_gradient,False
lh,113351,agranular,dysgranular,cingulate_gradient,False
lh,113352,agranular,dysgranular,cingulate_gradient,False
lh,114100,dysgranular,agranular,boundary_smooth,False
lh,115196,agranular,dysgranular,boundary_smooth,False
lh,115197,agranular,dysgranular,boundary_smooth,False
lh,115199,agranular,dysgranular,boundary_smooth,False
lh,115850,unknown,agranular,ring_closure,True
lh,115855,unknown,agranular,ring_closure,True
lh,115881,agranular,dysgranular,cingulate_gradient,False
lh,116488,agranular,dysgranular,cingulate_gradient,False
lh,116489,agranular,dysgranular,cingulate_gradient,False
lh,116490,agranular,dysgranular,cingulate_gradient,False
lh,116491,agranular,dysgranular,cingulate_gradient,False
lh,116492,agranular,dysgranular,cingulate_gradient,False
lh,116493,agranular,dysgranular,cingulate_gradient,False
lh,116494,agranular,dysgranular,cingulate_gradient,False
lh,116495,agranular,dysgranular,cingulate_gradient,False
lh,116496,agranular,dysgranular,cingulate_gradient,False
lh,116497,agranular,dysgranular,cingulate_gradient,False
lh,116498,agranular,dysgranular,cingulate_gradient,False
lh,116499,agranular,dysgranular,cingulate_gradient,False
lh,116500,agranular,dysgranular,cingulate_gradient,False
lh,116501,agranular,dysgranular,cingulate_gradient,False
lh,116502,agranular,dysgranular,cingulate_gradient,False
lh,116503,agranular,dysgranular,cingulate_gradient,False
lh,116504,agranular,dysgranular,cingulate_gradient,False
lh,116505,agranular,dysgranular,cingulate_gradient,False
lh,116506,agranular,dysgranular,cingulate_gradient,False
lh,116507,agranular,dysgranular,cingulate_gradient,False
lh,116508,agranular,dysgranular,cingulate_gradient,False
lh,116509,agranular,dysgranular,cingulate_gradient,False
lh,116510,agranular,dysgranular,cingulate_gradient,False
lh,116511,agranular,dysgranular,cingulate_gradient,False
lh,118024,unknown,agranular,ring_closure,False
lh,118025,unknown,agranular,ring_closure,False
lh,118026,unknown,agranular,ring_closure,False
lh,118027,unknown,agranular,ring_closure,False
lh,118028,unknown,agranular,ring_closure,False
lh,118029,unknown,agranular,ring_closure,False
lh,118030,unknown,agranular,ring_closure,False
lh,118031,unknown,agranular,ring_closure,True
lh,118032,unknown,agranular,ring_closure,True
lh,118033,unknown,agranular,ring_closure,True
lh,118034,unknown,agranular,ring_closure,True
lh,118066,agranular,dysgranular,cingulate_gradient,False
lh,118067,agranular,dysgranular,cingulate_gradient,False
lh,118068,agranular,dysgranular,cingulate_gradient,False
lh,118069,agranular,dysgranular,cingulate_gradient,False
lh,118070,agranular,dysgranular,cingulate_gradient,False
lh,118071,agranular,dysgranular,cingulate_gradient,False
lh,118072,agranular,dysgranular,cingulate_gradient,False
lh,118073,agranular,dysgranular,cingulate_gradient,False
lh,118074,agranular,dysgranular,cingulate_gradient,False
lh,118075,agranular,dysgranular,cingulate_gradient,False
lh,118076,agranular,dysgranular,cingulate_gradient,False
lh,118077,agranular,dysgranular,cingulate_gradient,False
lh,118078,agranular,dysgranular,cingulate_gradient,False
lh,118079,agranular,dysgranular,cingulate_gradient,False
lh,118080,agranular,dysgranular,cingulate_gradient,False
lh,118081,agranular,dysgranular,cingulate_gradient,False
lh,118082,agranular,dysgranular,cingulate_gradient,False
lh,118083,agranular,dysgranular,cingulate_gradient,False
lh,119478,eulaminate II,eulaminate III,boundary_smooth,False
lh,119480,eulaminate II,eulaminate III,boundary_smooth,False
lh,120033,eulaminate I,dysgranular,boundary_smooth,False
lh,120565,unknown,agranular,ring_closure,False
lh,120566,unknown,agranular,ring_closure,False
lh,120567,unknown,agranular,ring_closure,False
lh,120568,unknown,agranular,ring_closure,False
lh,120569,unknown,agranular,ring_closure,False
lh,120570,unknown,agranular,ring_closure,False
lh,120571,unknown,agranular,ring_closure,False
lh,120572,unknown,agranular,ring_closure,False
lh,120573,unknown,agranular,ring_closure,True
lh,120574,unknown,agranular,ring_closure,True
lh,120575,unknown,agranular,ring_closure,True
lh,120576,unknown,agranular,ring_closure,True
lh,120577,unknown,agranular,ring_closure,True
lh,120578,unknown,agranular,ring_closure,False
lh,120579,unknown,agranular,ring_closure,False
lh,120580,unknown,agranular,ring_closure,False
lh,120581,unknown,agranular,ring_closure,False
lh,120582,unknown,agranular,ring_closure,False
lh,120583,unknown,agranular,ring_closure,False
lh,120584,unknown,agranular,ring_closure,False
lh,120585,unknown,agranular,ring_closure,False
lh,120601,agranular,dysgranular,cingulate_gradient,False
lh,120602,agranular,dysgranular,cingulate_gradient,False
lh,120603,agranular,dysgranular,cingulate_gradient,False
lh,120604,agranular,dysgranular,cingulate_gradient,False
lh,120605,agranular,dysgranular,cingulate_gradient,False
lh,120606,agranular,dysgranular,cingulate_gradient,False
lh,120610,eulaminate I,dysgranular,boundary_smooth,False
lh,120963,eulaminate I,eulaminate II,boundary_smooth,False
lh,122413,agranular,dysgranular,cingulate_gradient,False
lh,122414,agranular,dysgranular,cingulate_gradient,False
lh,122415,agranular,dysgranular,cingulate_gradient,False
lh,122416,agranular,dysgranular,cingulate_gradient,False
lh,122417,agranular,dysgranular,cingulate_gradient,False
lh,122418,agranular,dysgranular,cingulate_gradient,False
lh,122419,agranular,dysgranular,cingulate_gradient,False
lh,122420,agranular,dysgranular,cingulate_gradient,False
lh,122421,agranular,dysgranular,cingulate_gradient,False
lh,122422,agranular,dysgranular,cingulate_gradient,False
lh,122423,agranular,dysgranular,cingulate_gradient,False
lh,122424,agranular,dysgranular,cingulate_gradient,False
lh,122425,agranular,dysgranular,cingulate_gradient,False
lh,122426,agranular,dysgranular,cingulate_gradient,False
lh,122427,agranular,dysgranular,cingulate_gradient,False
lh,122428,agranular,dysgranular,cingulate_gradient,False
lh,122429,agranular,dysgranular,cingulate_gradient,False
lh,122430,agranular,dysgranular,cingulate_gradient,False
lh,122431,agranular,dysgranular,cingulate_gradient,False
lh,122432,agranular,dysgranular,cingulate_gradient,False
lh,122433,agranular,dysgranular,cingulate_gradient,False
lh,122434,agranular,dysgranular,cingulate_gradient,False
lh,122435,agranular,dysgranular,cingulate_gradient,False
lh,122436,agranular,dysgranular,cingulate_gradient,False
lh,122437,agranular,dysgranular,cingulate_gradient,False
lh,122438,agranular,dysgranular,cingulate_gradient,False
lh,122439,agranular,dysgranular,cingulate_gradient,False
lh,122440,agranular,dysgranular,cingulate_gradient,False
lh,122441,agranular,dysgranular,cingulate_gradient,False
lh,122442,agranular,dysgranular,cingulate_gradient,False
lh,122443,agranular,dysgranular,cingulate_gradient,False
lh,122444,agranular,dysgranular,cingulate_gradient,False
lh,122445,agranular,dysgranular,cingulate_gradient,False
lh,122446,agranular,dysgranular,cingulate_gradient,False
lh,122447,agranular,dysgranular,cingulate_gradient,False
lh,122448,agranular,dysgranular,cingulate_gradient,False
lh,122449,agranular,dysgranular,cingulate_gradient,False
lh,122450,agranular,dysgranular,cingulate_gradient,False
lh,122451,agranular,dysgranular,cingulate_gradient,False
lh,122452,agranular,dysgranular,cingulate_gradient,False
lh,122453,agranular,dysgranular,cingulate_gradient,False
lh,122454,agranular,dysgranular,cingulate_gradient,False
lh,122455,agranular,dysgranular,cingulate_gradient,False
lh,122456,agranular,dysgranular,cingulate_gradient,False
lh,122457,agranular,dysgranular,cingulate_gradient,False
lh,122458,agranular,dysgranular,cingulate_gradient,False
lh,122459,agranular,dysgranular,cingulate_gradient,False
lh,122460,agranular,dysgranular,cingulate_gradient,False
lh,122461,agranular,dysgranular,cingulate_gradient,False
lh,122462,agranular,dysgranular,cingulate_gradient,False
lh,122463,agranular,dysgranular,cingulate_gradient,False
lh,122464,agranular,dysgranular,cingulate_gradient,False
lh,122465,agranular,dysgranular,cingulate_gradient,False
lh,122466,agranular,dysgranular,cingulate_gradient,False
lh,122467,agranular,dysgranular,cingulate_gradient,False
lh,122468,agranular,dysgranular,cingulate_gradient,False
lh,122469,agranular,dysgranular,cingulate_gradient,False
lh,122470,agranular,dysgranular,cingulate_gradient,False
lh,122471,agranular,dysgranular,cingulate_gradient,False
lh,122472,agranular,dysgranular,cingulate_gradient,False
lh,122473,agranular,dysgranular,cingulate_gradient,False
lh,122474,agranular,dysgranular,cingulate_gradient,False
lh,122475,agranular,dysgranular,cingulate_gradient,False
lh,122476,agranular,dysgranular,cingulate_gradient,False
lh,122477,agranular,dysgranular,cingulate_gradient,False
lh,122478,agranular,dysgranular,cingulate_gradient,False
lh,122479,agranular,dysgranular,cingulate_gradient,False
lh,122480,agranular,dysgranular,cingulate_gradient,False
lh,122481,agranular,dysgranular,cingulate_gradient,False
lh,122482,agranular,dysgranular,cingulate_gradient,False
lh,122483,agranular,dysgranular,cingulate_gradient,False
lh,122484,agranular,dysgranular,cingulate_gradient,False
lh,122485,agranular,dysgranular,cingulate_gradient,False
lh,122486,agranular,dysgranular,cingulate_gradient,False
lh,122487,agranular,dysgranular,cingulate_gradient,False
lh,122488,agranular,dysgranular,cingulate_gradient,False
lh,122489,agranular,dysgranular,cingulate_gradient,False
lh,122490,agranular,dysgranular,cingulate_gradient,False
lh,122491,agranular,dysgranular,cingulate_gradient,False
lh,122492,agranular,dysgranular,cingulate_gradient,False
lh,122497,dysgranular,eulaminate I,boundary_smooth,False
lh,124309,eulaminate I,eulaminate II,boundary_smooth,False
lh,124390,unknown,agranular,ring_closure,True
lh,124392,unknown,agranular,ring_closure,True
lh,124393,unknown,agranular,ring_closure,True
lh,124435,unknown,agranular,ring_closure,True
lh,124436,unknown,agranular,ring_closure,True
lh,124663,eulaminate II,eulaminate I,boundary_smooth,False
lh,124952,unknown,agranular,ring_closure,True
lh,124953,unknown,agranular,ring_closure,True
lh,125067,eulaminate II,eulaminate I,boundary_smooth,False
lh,127033,unknown,agranular,ring_closure,False
lh,127034,unknown,agranular,ring_closure,True
lh,127035,unknown,agranular,ring_closure,True
lh,127036,unknown,agranular,ring_closure,True
lh,127037,unknown,agranular,ring_closure,True
lh,127038,unknown,agranular,ring_closure,True
lh,127039,unknown,agranular,ring_closure,True
lh,127065,unknown,agranular,ring_closure,False
lh,127066,unknown,agranular,ring_closure,False
lh,127067,unknown,agranular,ring_closure,False
lh,127068,unknown,agranular,ring_closure,False
lh,127069,unknown,agranular,ring_closure,True
lh,127070,unknown,agranular,ring_closure,True
lh,127071,unknown,agranular,ring_closure,True
lh,127072,unknown,agranular,ring_closure,True
lh,127073,unknown,agranular,ring_closure,True
lh,127179,unknown,agranular,ring_closure,True
lh,127180,unknown,agranular,ring_closure,True
lh,127181,unknown,agranular,ring_closure,True
lh,127191,agranular,dysgranular,cingulate_gradient,False
lh,127192,agranular,dysgranular,cingulate_gradient,False
lh,127193,agranular,dysgranular,cingulate_gradient,False
lh,127194,agranular,dysgranular,cingulate_gradient,False
lh,127195,agranular,dysgranular,cingulate_gradient,False
lh,127196,agranular,dysgranular,cingulate_gradient,False
lh,127197,agranular,dysgranular,cingulate_gradient,False
lh,127198,agranular,dysgranular,cingulate_gradient,False
lh,127199,agranular,dysgranular,cingulate_gradient,False
lh,127200,agranular,dysgranular,cingulate_gradient,False
lh,128664,eulaminate III,eulaminate II,boundary_smooth,False
lh,129053,eulaminate I,dysgranular,boundary_smooth,False
lh,129474,eulaminate III,eulaminate II,boundary_smooth,False
lh,130491,agranular,dysgranular,cingulate_gradient,False
lh,132125,agranular,dysgranular,cingulate_gradient,False
lh,132126,agranular,dysgranular,cingulate_gradient,False
lh,132130,agranular,dysgranular,cingulate_gradient,False
lh,132131,agranular,dysgranular,cingulate_gradient,False
lh,132132,agranular,dysgranular,cingulate_gradient,False
lh,132133,agranular,dysgranular,cingulate_gradient,False
lh,132134,agranular,dysgranular,cingulate_gradient,False
lh,132135,agranular,dysgranular,cingulate_gradient,False
lh,132136,agranular,dysgranular,cingulate_gradient,False
lh,132137,agranular,dysgranular,cingulate_gradient,False
lh,132138,agranular,dysgranular,cingulate_gradient,False
lh,132139,agranular,dysgranular,cingulate_gradient,False
lh,132140,agranular,dysgranular,cingulate_gradient,False
lh,132141,agranular,dysgranular,cingulate_gradient,False
lh,132142,agranular,dysgranular,cingulate_gradient,False
lh,132143,agranular,dysgranular,cingulate_gradient,False
lh,132144,agranular,dysgranular,cingulate_gradient,False
lh,132145,agranular,dysgranular,cingulate_gradient,False
lh,132146,agranular,dysgranular,cingulate_gradient,False
lh,132147,agranular,dysgranular,cingulate_gradient,False
lh,132148,agranular,dysgranular,cingulate_gradient,False
lh,132149,agranular,dysgranular,cingulate_gradient,False
lh,132150,agranular,dysgranular,cingulate_gradient,False
lh,132151,agranular,dysgranular,cingulate_gradient,False
lh,132152,agranular,dysgranular,cingulate_gradient,False
lh,132153,agranular,dysgranular,cingulate_gradient,False
lh,132154,agranular,dysgranular,cingulate_gradient,False
lh,132155,agranular,dysgranular,cingulate_gradient,False
lh,132156,agranular,dysgranular,cingulate_gradient,False
lh,132157,agranular,dysgranular,cingulate_gradient,False
lh,132158,agranular,dysgranular,cingulate_gradient,False
lh,132159,agranular,dysgranular,cingulate_gradient,False
lh,132160,agranular,dysgranular,cingulate_gradient,False
lh,132161,agranular,dysgranular,cingulate_gradient,False
lh,132162,agranular,dysgranular,cingulate_gradient,False
lh,132163,agranular,dysgranular,cingulate_gradient,False
lh,132164,agranular,dysgranular,cingulate_gradient,False
lh,132165,agranular,dysgranular,cingulate_gradient,False
lh,132166,agranular,dysgranular,cingulate_gradient,False
lh,132167,agranular,dysgranular,cingulate_gradient,False
lh,132168,agranular,dysgranular,cingulate_gradient,False
lh,132169,agranular,dysgranular,cingulate_gradient,False
lh,132170,agranular,dysgranular,cingulate_gradient,False
lh,132171,agranular,dysgranular,cingulate_gradient,False
lh,132172,agranular,dysgranular,cingulate_gradient,False
lh,132173,agranular,dysgranular,cingulate_gradient,False
lh,132174,agranular,dysgranular,cingulate_gradient,False
lh,132175,agranular,dysgranular,cingulate_gradient,False
lh,132176,agranular,dysgranular,cingulate_gradient,False
lh,132177,agranular,dysgranular,cingulate_gradient,False
lh,132178,agranular,dysgranular,cingulate_gradient,False
lh,132179,agranular,dysgranular,cingulate_gradient,False
lh,132180,agranular,dysgranular,cingulate_gradient,False
lh,132181,agranular,dysgranular,cingulate_gradient,False
lh,132182,agranular,dysgranular,cingulate_gradient,False
lh,132183,agranular,dysgranular,cingulate_gradient,False
lh,132184,agranular,dysgranular,cingulate_gradient,False
lh,132185,agranular,dysgranular,cingulate_gradient,False
lh,132186,agranular,dysgranular,cingulate_gradient,False
lh,132187,agranular,dysgranular,cingulate_gradient,False
lh,132188,agranular,dysgranular,cingulate_gradient,False
lh,132189,agranular,dysgranular,cingulate_gradient,False
lh,132190,agranular,dysgranular,cingulate_gradient,False
lh,132191,agranular,dysgranular,cingulate_gradient,False
lh,132192,agranular,dysgranular,cingulate_gradient,False
lh,132193,agranular,dysgranular,cingulate_gradient,False
lh,132194,agranular,dysgranular,cingulate_gradient,False
lh,132195,agranular,dysgranular,cingulate_gradient,False
lh,132196,agranular,dysgranular,cingulate_gradient,False
lh,132197,agranular,dysgranular,cingulate_gradient,False
lh,132198,agranular,dysgranular,cingulate_gradient,False
lh,133931,unknown,agranular,ring_closure,True
lh,133935,unknown,agranular,ring_closure,True
lh,134677,eulaminate I,eulaminate II,boundary_smooth,False
lh,136092,eulaminate III,eulaminate II,boundary_smooth,False
lh,136306,unknown,agranular,ring_closure,False
lh,136307,unknown,agranular,ring_closure,False
lh,136308,unknown,agranular,ring_closure,False
lh,136309,unknown,agranular,ring_closure,True
lh,136310,unknown,agranular,ring_closure,True
lh,136311,unknown,agranular,ring_closure,True
lh,136312,unknown,agranular,ring_closure,True
lh,136313,unknown,agranular,ring_closure,True
lh,136317,unknown,agranular,ring_closure,False
lh,136318,unknown,agranular,ring_closure,True
lh,136319,unknown,agranular,ring_closure,True
lh,136320,unknown,agranular,ring_closure,True
lh,136321,unknown,agranular,ring_closure,True
lh,136322,unknown,agranular,ring_closure,True
lh,136335,unknown,agranular,ring_closure,True
lh,136336,unknown,agranular,ring_closure,True
lh,136420,unknown,agranular,ring_closure,False
lh,136421,unknown,agranular,ring_closure,False
lh,136422,unknown,agranular,ring_closure,False
lh,136423,unknown,agranular,ring_closure,False
lh,136424,unknown,agranular,ring_closure,False
lh,136426,unknown,agranular,ring_closure,False
lh,136427,unknown,agranular,ring_closure,False
lh,136428,unknown,agranular,ring_closure,False
lh,136432,agranular,dysgranular,cingulate_gradient,False
lh,136433,agranular,dysgranular,cingulate_gradient,False
lh,136434,agranular,dysgranular,cingulate_gradient,False
lh,136435,agranular,dysgranular,cingulate_gradient,False
lh,136436,agranular,dysgranular,cingulate_gradient,False
lh,136437,agranular,dysgranular,cingulate_gradient,False
lh,136438,agranular,dysgranular,cingulate_gradient,False
lh,136441,agranular,dysgranular,cingulate_gradient,False
lh,136442,agranular,dysgranular,cingulate_gradient,False
lh,136443,agranular,dysgranular,cingulate_gradient,False
lh,136444,agranular,dysgranular,cingulate_gradient,False
lh,136445,agranular,dysgranular,cingulate_gradient,False
lh,136446,agranular,dysgranular,cingulate_gradient,False
lh,136447,agranular,dysgranular,cingulate_gradient,False
lh,136448,agranular,dysgranular,cingulate_gradient,False
lh,136449,agranular,dysgranular,cingulate_gradient,False
lh,136450,agranular,dysgranular,cingulate_gradient,False
lh,136451,agranular,dysgranular,cingulate_gradient,False
lh,136452,agranular,dysgranular,cingulate_gradient,False
lh,136453,agranular,dysgranular,cingulate_gradient,False
lh,136454,agranular,dysgranular,cingulate_gradient,False
lh,136455,agranular,dysgranular,cingulate_gradient,False
lh,136456,agranular,dysgranular,cingulate_gradient,False
lh,136459,agranular,dysgranular,cingulate_gradient,False
lh,136460,agranular,dysgranular,cingulate_gradient,False
lh,136461,agranular,dysgranular,cingulate_gradient,False
lh,136462,agranular,dysgranular,cingulate_gradient,False
lh,136463,agranular,dysgranular,cingulate_gradient,False
lh,136464,agranular,dysgranular,cingulate_gradient,False
lh,137710,agranular,dysgranular,boundary_smooth,False
lh,138916,agranular,dysgranular,cingulate_gradient,False
lh,138917,agranular,dysgranular,cingulate_gradient,False
lh,138918,agranular,dysgranular,cingulate_gradient,False
lh,138920,agranular,dysgranular,cingulate_gradient,False
lh,138921,agranular,dysgranular,cingulate_gradient,False
lh,138922,agranular,dysgranular,cingulate_gradient,False
lh,138923,agranular,dysgranular,cingulate_gradient,False
lh,138924,agranular,dysgranular,cingulate_gradient,False
lh,138931,agranular,dysgranular,cingulate_gradient,False
lh,138932,agranular,dysgranular,cingulate_gradient,False
lh,138933,agranular,dysgranular,cingulate_gradient,False
lh,138934,agranular,dysgranular,cingulate_gradient,False
lh,138935,agranular,dysgranular,cingulate_gradient,False
lh,138936,agranular,dysgranular,cingulate_gradient,False
lh,138937,agranular,dysgranular,cingulate_gradient,False
lh,138938,agranular,dysgranular,cingulate_gradient,False
lh,138939,agranular,dysgranular,cingulate_gradient,False
lh,138940,agranular,dysgranular,cingulate_gradient,False
lh,138941,agranular,dysgranular,cingulate_gradient,False
lh,138942,agranular,dysgranular,cingulate_gradient,False
lh,138962,agranular,dysgranular,cingulate_gradient,False
lh,138963,agranular,dysgranular,cingulate_gradient,False
lh,138964,agranular,dysgranular,cingulate_gradient,False
lh,138965,agranular,dysgranular,cingulate_gradient,False
lh,138966,agranular,dysgranular,cingulate_gradient,False
lh,138967,agranular,dysgranular,cingulate_gradient,False
lh,138968,agranular,dysgranular,cingulate_gradient,False
lh,138969,agranular,dysgranular,cingulate_gradient,False
lh,138970,agranular,dysgranular,cingulate_gradient,False
lh,138971,agranular,dysgranular,cingulate_gradient,False
lh,138972,agranular,dysgranular,cingulate_gradient,False
lh,138973,agranular,dysgranular,cingulate_gradient,False
lh,138974,agranular,dysgranular,cingulate_gradient,False
lh,138975,agranular,dysgranular,cingulate_gradient,False
lh,138976,agranular,dysgranular,cingulate_gradient,False
lh,138977,agranular,dysgranular,cingulate_gradient,False
lh,138978,agranular,dysgranular,cingulate_gradient,False
lh,138981,agranular,dysgranular,cingulate_gradient,False
lh,138984,agranular,dysgranular,cingulate_gradient,False
lh,138985,agranular,dysgranular,cingulate_gradient,False
lh,138986,agranular,dysgranular,cingulate_gradient,False
lh,138987,agranular,dysgranular,cingulate_gradient,False
lh,138988,agranular,dysgranular,cingulate_gradient,False
lh,138989,agranular,dysgranular,cingulate_gradient,False
lh,138990,agranular,dysgranular,cingulate_gradient,False
lh,138991,agranular,dysgranular,cingulate_gradient,False
lh,138992,agranular,dysgranular,cingulate_gradient,False
lh,138993,agranular,dysgranular,cingulate_gradient,False
lh,138994,agranular,dysgranular,cingulate_gradient,False
lh,138995,agranular,dysgranular,cingulate_gradient,False
lh,138996,agranular,dysgranular,cingulate_gradient,False
lh,139332,agranular,dysgranular,cingulate_gradient,False
lh,139333,agranular,dysgranular,cingulate_gradient,False
lh,139334,agranular,dysgranular,cingulate_gradient,False
lh,139335,agranular,dysgranular,cingulate_gradient,False
lh,139336,agranular,dysgranular,cingulate_gradient,False
lh,139337,agranular,dysgranular,cingulate_gradient,False
lh,142632,eulaminate I,dysgranular,boundary_smooth,False
lh,142978,unknown,agranular,ring_closure,False
lh,142979,unknown,agranular,ring_closure,False
lh,142981,unknown,agranular,ring_closure,False
lh,142982,unknown,agranular,ring_closure,False
lh,142983,unknown,agranular,ring_closure,False
lh,142984,unknown,agranular,ring_closure,False
lh,142985,unknown,agranular,ring_closure,True
lh,143006,unknown,agranular,ring_closure,False
lh,143007,unknown,agranular,ring_closure,False
lh,143008,unknown,agranular,ring_closure,False
lh,143009,unknown,agranular,ring_closure,False
lh,143010,unknown,agranular,ring_closure,False
lh,143011,unknown,agranular,ring_closure,True
lh,143012,unknown,agranular,ring_closure,True
lh,143013,unknown,agranular,ring_closure,True
lh,143014,unknown,agranular,ring_closure,True
lh,143016,unknown,agranular,ring_closure,True
lh,143022,unknown,agranular,ring_closure,False
lh,143023,unknown,agranular,ring_closure,True
lh,143024,unknown,agranular,ring_closure,True
lh,143025,unknown,agranular,ring_closure,True
lh,143026,unknown,agranular,ring_closure,True
lh,143027,unknown,agranular,ring_closure,True
lh,143050,unknown,agranular,ring_closure,True
lh,143051,unknown,agranular,ring_closure,True
lh,143052,unknown,agranular,ring_closure,True
lh,143053,unknown,agranular,ring_closure,True
lh,143054,unknown,agranular,ring_closure,True
lh,143062,unknown,agranular,ring_closure,True
lh,143063,unknown,agranular,ring_closure,True
lh,143065,unknown,agranular,ring_closure,True
lh,143066,unknown,agranular,ring_closure,True
lh,143067,unknown,agranular,ring_closure,True
lh,143076,unknown,agranular,ring_closure,False
lh,143085,unknown,agranular,ring_closure,False
lh,143086,unknown,agranular,ring_closure,False
lh,143087,unknown,agranular,ring_closure,False
lh,143088,unknown,agranular,ring_closure,False
lh,143089,unknown,agranular,ring_closure,False
lh,143090,unknown,agranular,ring_closure,False
lh,143091,unknown,agranular,ring_closure,False
lh,143092,unknown,agranular,ring_closure,False
lh,143093,unknown,agranular,ring_closure,False
lh,143094,unknown,agranular,ring_closure,False
lh,143095,unknown,agranular,ring_closure,False
lh,143096,unknown,agranular,ring_closure,False
lh,143113,agranular,dysgranular,cingulate_gradient,False
lh,143114,agranular,dysgranular,cingulate_gradient,False
lh,143115,agranular,dysgranular,cingulate_gradient,False
lh,143116,agranular,dysgranular,cingulate_gradient,False
lh,143117,agranular,dysgranular,cingulate_gradient,False
lh,143118,agranular,dysgranular,cingulate_gradient,False
lh,143119,agranular,dysgranular,cingulate_gradient,False
lh,143120,agranular,dysgranular,cingulate_gradient,False
lh,143121,agranular,dysgranular,cingulate_gradient,False
lh,143576,dysgranular,agranular,boundary_smooth,False
lh,144226,eulaminate III,eulaminate II,boundary_smooth,False
lh,144294,dysgranular,agranular,boundary_smooth,False
lh,145129,eulaminate III,eulaminate II,boundary_smooth,False
lh,147804,unknown,agranular,ring_closure,False
lh,147807,unknown,agranular,ring_closure,False
lh,147808,unknown,agranular,ring_closure,False
lh,147809,unknown,agranular,ring_closure,False
lh,147810,unknown,agranular,ring_closure,False
lh,147820,agranular,dysgranular,cingulate_gradient,False
lh,147821,agranular,dysgranular,cingulate_gradient,False
lh,147822,agranular,dysgranular,cingulate_gradient,False
lh,147823,agranular,dysgranular,cingulate_gradient,False
lh,147824,agranular,dysgranular,cingulate_gradient,False
lh,147836,unknown,agranular,ring_closure,False
lh,147837,unknown,agranular,ring_closure,False
lh,147838,unknown,agranular,ring_closure,False
lh,147839,dysgranular,agranular,boundary_smooth,False
lh,147840,unknown,agranular,ring_closure,False
lh,147843,unknown,agranular,ring_closure,False
lh,147844,unknown,agranular,ring_closure,False
lh,147845,unknown,agranular,ring_closure,False
lh,147865,agranular,dysgranular,cingulate_gradient,False
lh,147866,agranular,dysgranular,cingulate_gradient,False
lh,147867,agranular,dysgranular,cingulate_gradient,False
lh,147868,agranular,dysgranular,cingulate_gradient,False
lh,147869,agranular,dysgranular,cingulate_gradient,False
lh,147870,agranular,dysgranular,cingulate_gradient,False
lh,147871,agranular,dysgranular,cingulate_gradient,False
lh,147872,agranular,dysgranular,cingulate_gradient,False
lh,147873,agranular,dysgranular,cingulate_gradient,False
lh,147874,agranular,dysgranular,cingulate_gradient,False
lh,147875,agranular,dysgranular,cingulate_gradient,False
lh,147876,agranular,dysgranular,cingulate_gradient,False
lh,147877,agranular,dysgranular,cingulate_gradient,False
lh,147878,agranular,dysgranular,cingulate_gradient,False
lh,147879,agranular,dysgranular,cingulate_gradient,False
lh,147880,agranular,dysgranular,cingulate_gradient,False
lh,147881,agranular,dysgranular,cingulate_gradient,False
lh,147882,agranular,dysgranular,cingulate_gradient,False
lh,147883,agranular,dysgranular,cingulate_gradient,False
lh,147884,agranular,dysgranular,cingulate_gradient,False
lh,147885,agranular,dysgranular,cingulate_gradient,False
lh,147886,agranular,dysgranular,cingulate_gradient,False
lh,147887,agranular,dysgranular,cingulate_gradient,False
lh,147888,agranular,dysgranular,cingulate_gradient,False
lh,147889,agranular,dysgranular,cingulate_gradient,False
lh,147890,agranular,dysgranular,cingulate_gradient,False
lh,147891,agranular,dysgranular,cingulate_gradient,False
lh,147892,agranular,dysgranular,cingulate_gradient,False
lh,147893,agranular,dysgranular,cingulate_gradient,False
lh,147894,agranular,dysgranular,cingulate_gradient,False
lh,147895,agranular,dysgranular,cingulate_gradient,False
lh,147896,agranular,dysgranular,cingulate_gradient,False
lh,147897,agranular,dysgranular,cingulate_gradient,False
lh,147898,agranular,dysgranular,cingulate_gradient,False
lh,147899,agranular,dysgranular,cingulate_gradient,False
lh,147900,agranular,dysgranular,cingulate_gradient,False
lh,147901,agranular,dysgranular,cingulate_gradient,False
lh,147902,agranular,dysgranular,cingulate_gradient,False
lh,147903,agranular,dysgranular,cingulate_gradient,False
lh,147904,agranular,dysgranular,cingulate_gradient,False
lh,147905,agranular,dysgranular,cingulate_gradient,False
lh,147906,agranular,dysgranular,cingulate_gradient,False
lh,147907,agranular,dysgranular,cingulate_gradient,False
lh,147908,agranular,dysgranular,cingulate_gradient,False
lh,147909,agranular,dysgranular,cingulate_gradient,False
lh,147910,agranular,dysgranular,cingulate_gradient,False
lh,147911,agranular,dysgranular,cingulate_gradient,False
lh,147912,agranular,dysgranular,cingulate_gradient,False
lh,147913,agranular,dysgranular,cingulate_gradient,False
lh,147914,agranular,dysgranular,cingulate_gradient,False
lh,147915,agranular,dysgranular,cingulate_gradient,False
lh,147916,agranular,dysgranular,cingulate_gradient,False
lh,147917,agranular,dysgranular,cingulate_gradient,False
lh,147918,agranular,dysgranular,cingulate_gradient,False
lh,147919,agranular,dysgranular,cingulate_gradient,False
lh,147920,agranular,dysgranular,cingulate_gradient,False
lh,147921,agranular,dysgranular,cingulate_gradient,False
lh,147922,agranular,dysgranular,cingulate_gradient,False
lh,147923,agranular,dysgranular,cingulate_gradient,False
lh,147924,agranular,dysgranular,cingulate_gradient,False
lh,147925,agranular,dysgranular,cingulate_gradient,False
lh,147926,agranular,dysgranular,cingulate_gradient,False
lh,147927,agranular,dysgranular,cingulate_gradient,False
lh,147928,agranular,dysgranular,cingulate_gradient,False
lh,147929,agranular,dysgranular,cingulate_gradient,False
lh,147930,agranular,dysgranular,cingulate_gradient,False
lh,147931,agranular,dysgranular,cingulate_gradient,False
lh,147932,agranular,dysgranular,cingulate_gradient,False
lh,147933,agranular,dysgranular,cingulate_gradient,False
lh,147934,agranular,dysgranular,cingulate_gradient,False
lh,147935,agranular,dysgranular,cingulate_gradient,False
lh,147936,agranular,dysgranular,cingulate_gradient,False
lh,147973,agranular,dysgranular,cingulate_gradient,False
lh,147974,agranular,dysgranular,cingulate_gradient,False
lh,147975,agranular,dysgranular,cingulate_gradient,False
lh,147976,agranular,dysgranular,cingulate_gradient,False
lh,147977,agranular,dysgranular,cingulate_gradient,False
lh,147978,agranular,dysgranular,cingulate_gradient,False
lh,147979,agranular,dysgranular,cingulate_gradient,False
lh,147980,agranular,dysgranular,cingulate_gradient,False
lh,147981,agranular,dysgranular,cingulate_gradient,False
lh,147982,agranular,dysgranular,cingulate_gradient,False
lh,147983,agranular,dysgranular,cingulate_gradient,False
lh,147984,agranular,dysgranular,cingulate_gradient,False
lh,147985,agranular,dysgranular,cingulate_gradient,False
lh,147986,agranular,dysgranular,cingulate_gradient,False
lh,147987,agranular,dysgranular,cingulate_gradient,False
lh,147988,agranular,dysgranular,cingulate_gradient,False
lh,147989,agranular,dysgranular,cingulate_gradient,False
lh,147990,agranular,dysgranular,cingulate_gradient,False
lh,147991,agranular,dysgranular,cingulate_gradient,False
lh,147992,agranular,dysgranular,cingulate_gradient,False
lh,147993,agranular,dysgranular,cingulate_gradient,False
lh,147994,agranular,dysgranular,cingulate_gradient,False
lh,147995,agranular,dysgranular,cingulate_gradient,False
lh,147996,agranular,dysgranular,cingulate_gradient,False
lh,148009,agranular,dysgranular,cingulate_gradient,False
lh,148010,agranular,dysgranular,cingulate_gradient,False
lh,148011,agranular,dysgranular,cingulate_gradient,False
lh,148012,agranular,dysgranular,cingulate_gradient,False
lh,148013,agranular,dysgranular,cingulate_gradient,False
lh,148014,agranular,dysgranular,cingulate_gradient,False
lh,148015,agranular,dysgranular,cingulate_gradient,False
lh,148016,agranular,dysgranular,cingulate_gradient,False
lh,148019,agranular,dysgranular,cingulate_gradient,False
lh,148020,agranular,dysgranular,cingulate_gradient,False
lh,148021,agranular,dysgranular,cingulate_gradient,False
lh,148022,agranular,dysgranular,cingulate_gradient,False
lh,148023,agranular,dysgranular,cingulate_gradient,False
lh,148024,agranular,dysgranular,cingulate_gradient,False
lh,148025,agranular,dysgranular,cingulate_gradient,False
lh,148026,agranular,dysgranular,cingulate_gradient,False
lh,148646,eulaminate II,eulaminate III,boundary_smooth,False
lh,149093,agranular,dysgranular,cingulate_gradient,False
lh,149098,agranular,dysgranular,cingulate_gradient,False
lh,149100,agranular,dysgranular,cingulate_gradient,False
lh,149101,agranular,dysgranular,cingulate_gradient,False
lh,149102,agranular,dysgranular,cingulate_gradient,False
lh,149103,agranular,dysgranular,cingulate_gradient,False
lh,149104,agranular,dysgranular,cingulate_gradient,False
lh,149105,agranular,dysgranular,cingulate_gradient,False
lh,149106,agranular,dysgranular,cingulate_gradient,False
lh,149107,agranular,dysgranular,cingulate_gradient,False
lh,149111,agranular,dysgranular,cingulate_gradient,False
lh,149140,agranular,dysgranular,cingulate_gradient,False
lh,149141,agranular,dysgranular,cingulate_gradient,False
lh,151419,eulaminate II,eulaminate III,boundary_smooth,False
lh,151481,eulaminate II,eulaminate III,boundary_smooth,False
lh,151689,eulaminate III,eulaminate II,boundary_smooth,False
lh,152105,eulaminate II,eulaminate III,boundary_smooth,False
lh,152134,eulaminate II,eulaminate III,boundary_smooth,False
lh,152481,eulaminate II,eulaminate I,boundary_smooth,False
lh,152933,unknown,agranular,ring_closure,True
lh,152934,unknown,agranular,ring_closure,True
lh,153007,unknown,agranular,ring_closure,True
lh,153024,unknown,agranular,ring_closure,True
lh,153096,unknown,agranular,ring_closure,True
lh,153103,unknown,agranular,ring_closure,True
lh,153104,unknown,agranular,ring_closure,True
lh,153105,unknown,agranular,ring_closure,True
lh,153106,unknown,agranular,ring_closure,True
lh,153134,unknown,agranular,ring_closure,True
lh,153135,unknown,agranular,ring_closure,True
lh,153136,unknown,agranular,ring_closure,True
lh,153137,unknown,agranular,ring_closure,True
lh,153138,unknown,agranular,ring_closure,True
lh,153139,unknown,agranular,ring_closure,True
lh,153140,unknown,agranular,ring_closure,True
lh,153598,dysgranular,eulaminate I,boundary_smooth,False
lh,153599,eulaminate I,dysgranular,boundary_smooth,False
lh,153801,dysgranular,eulaminate I,boundary_smooth,False
lh,155444,eulaminate II,eulaminate I,boundary_smooth,False
lh,157027,eulaminate II,eulaminate I,boundary_smooth,False
lh,157776,eulaminate II,eulaminate III,boundary_smooth,False
lh,157831,eulaminate II,eulaminate III,boundary_smooth,False
lh,158818,agranular,dysgranular,cingulate_gradient,False
lh,158819,agranular,dysgranular,cingulate_gradient,False
lh,158898,agranular,dysgranular,cingulate_gradient,False
lh,158899,agranular,dysgranular,cingulate_gradient,False
lh,158900,agranular,dysgranular,cingulate_gradient,False
lh,158901,agranular,dysgranular,cingulate_gradient,False
lh,158902,agranular,dysgranular,cingulate_gradient,False
lh,158903,agranular,dysgranular,cingulate_gradient,False
lh,158904,agranular,dysgranular,cingulate_gradient,False
lh,158905,agranular,dysgranular,cingulate_gradient,False
lh,158906,agranular,dysgranular,cingulate_gradient,False
lh,158907,agranular,dysgranular,cingulate_gradient,False
lh,158908,agranular,dysgranular,cingulate_gradient,False
lh,158909,agranular,dysgranular,cingulate_gradient,False
lh,158917,agranular,dysgranular,cingulate_gradient,False
lh,158918,agranular,dysgranular,cingulate_gradient,False
lh,158919,agranular,dysgranular,cingulate_gradient,False
lh,158920,agranular,dysgranular,cingulate_gradient,False
lh,158978,agranular,dysgranular,cingulate_gradient,False
lh,158979,agranular,dysgranular,cingulate_gradient,False
lh,158980,agranular,dysgranular,cingulate_gradient,False
lh,158981,agranular,dysgranular,cingulate_gradient,False
lh,159223,agranular,dysgranular,cingulate_gradient,False
lh,159224,agranular,dysgranular,cingulate_gradient,False
lh,159225,agranular,dysgranular,cingulate_gradient,False
lh,159226,agranular,dysgranular,cingulate_gradient,False
lh,159227,agranular,dysgranular,cingulate_gradient,False
lh,159228,agranular,dysgranular,cingulate_gradient,False
lh,159229,agranular,dysgranular,cingulate_gradient,False
lh,159230,agranular,dysgranular,cingulate_gradient,False
lh,159231,agranular,dysgranular,cingulate_gradient,False
lh,159232,agranular,dysgranular,cingulate_gradient,False
lh,159233,agranular,dysgranular,cingulate_gradient,False
lh,159240,agranular,dysgranular,cingulate_gradient,False
lh,159241,agranular,dysgranular,cingulate_gradient,False
lh,159242,agranular,dysgranular,cingulate_gradient,False
lh,159243,agranular,dysgranular,cingulate_gradient,False
lh,159244,agranular,dysgranular,cingulate_gradient,False
lh,159245,agranular,dysgranular,cingulate_gradient,False
lh,159246,agranular,dysgranular,cingulate_gradient,False
lh,159247,agranular,dysgranular,cingulate_gradient,False
lh,159248,agranular,dysgranular,cingulate_gradient,False
lh,159249,agranular,dysgranular,cingulate_gradient,False
lh,159250,agranular,dysgranular,cingulate_gradient,False
lh,159251,agranular,dysgranular,cingulate_gradient,False
lh,159277,agranular,dysgranular,cingulate_gradient,False
lh,159278,agranular,dysgranular,cingulate_gradient,False
lh,159279,agranular,dysgranular,cingulate_gradient,False
lh,159280,agranular,dysgranular,cingulate_gradient,False
lh,159281,agranular,dysgranular,cingulate_gradient,False
lh,159284,agranular,dysgranular,cingulate_gradient,False
lh,159285,agranular,dysgranular,cingulate_gradient,False
lh,159286,agranular,dysgranular,cingulate_gradient,False
lh,159304,agranular,dysgranular,cingulate_gradient,False
lh,159305,agranular,dysgranular,cingulate_gradient,False
lh,159386,agranular,dysgranular,cingulate_gradient,False
lh,159712,unknown,agranular,ring_closure,False
lh,159713,unknown,agranular,ring_closure,True
lh,159714,unknown,agranular,ring_closure,True
lh,159715,unknown,agranular,ring_closure,True
lh,159716,unknown,agranular,ring_closure,True
lh,159717,unknown,agranular,ring_closure,True
lh,159721,unknown,agranular,ring_closure,True
lh,159722,unknown,agranular,ring_closure,True
lh,159739,unknown,agranular,ring_closure,True
lh,159740,unknown,agranular,ring_closure,True
lh,159741,unknown,agranular,ring_closure,True
lh,159795,unknown,agranular,ring_closure,False
lh,159796,unknown,agranular,ring_closure,False
lh,159797,unknown,agranular,ring_closure,False
lh,159798,unknown,agranular,ring_closure,False
lh,159799,unknown,agranular,ring_closure,False
lh,159800,unknown,agranular,ring_closure,True
lh,159801,unknown,agranular,ring_closure,True
lh,159802,unknown,agranular,ring_closure,False
lh,159803,unknown,agranular,ring_closure,False
lh,159804,unknown,agranular,ring_closure,True
lh,159805,unknown,agranular,ring_closure,True
lh,159806,unknown,agranular,ring_closure,True
lh,159807,unknown,agranular,ring_closure,True
lh,159808,unknown,agranular,ring_closure,True
lh,159809,unknown,agranular,ring_closure,True
lh,159810,unknown,agranular,ring_closure,True
lh,159820,unknown,agranular,ring_closure,True
lh,159821,unknown,agranular,ring_closure,True
lh,160063,unknown,agranular,ring_closure,True
lh,160064,unknown,agranular,ring_closure,True
lh,160065,unknown,agranular,ring_closure,True
lh,160066,unknown,agranular,ring_closure,True
lh,160067,unknown,agranular,ring_closure,True
lh,160072,unknown,agranular,ring_closure,True
lh,160073,unknown,agranular,ring_closure,True
lh,160074,unknown,agranular,ring_closure,True
lh,160075,unknown,agranular,ring_closure,True
lh,160076,unknown,agranular,ring_closure,True
lh,160099,unknown,agranular,ring_closure,True
lh,160102,unknown,agranular,ring_closure,True
lh,160118,agranular,dysgranular,cingulate_gradient,False
lh,160119,agranular,dysgranular,cingulate_gradient,False
lh,160120,agranular,dysgranular,cingulate_gradient,False
lh,160121,agranular,dysgranular,cingulate_gradient,False
lh,160122,agranular,dysgranular,cingulate_gradient,False
lh,160123,agranular,dysgranular,cingulate_gradient,False
lh,160124,agranular,dysgranular,cingulate_gradient,False
lh,160125,agranular,dysgranular,cingulate_gradient,False
lh,160126,agranular,dysgranular,cingulate_gradient,False
lh,160127,agranular,dysgranular,cingulate_gradient,False
lh,160128,agranular,dysgranular,cingulate_gradient,False
lh,160129,agranular,dysgranular,cingulate_gradient,False
lh,160130,agranular,dysgranular,cingulate_gradient,False
lh,160131,agranular,dysgranular,cingulate_gradient,False
lh,160132,agranular,dysgranular,cingulate_gradient,False
lh,160133,agranular,dysgranular,cingulate_gradient,False
lh,160134,agranular,dysgranular,cingulate_gradient,False
lh,160144,agranular,dysgranular,cingulate_gradient,False
lh,160145,agranular,dysgranular,cingulate_gradient,False
lh,160146,agranular,dysgranular,cingulate_gradient,False
lh,160147,agranular,dysgranular,cingulate_gradient,False
lh,160148,agranular,dysgranular,cingulate_gradient,False
lh,160149,agranular,dysgranular,cingulate_gradient,False
lh,160150,agranular,dysgranular,cingulate_gradient,False
lh,160151,agranular,dysgranular,cingulate_gradient,False
lh,160482,dysgranular,agranular,boundary_smooth,False
lh,161642,agranular,dysgranular,boundary_smooth,False
lh,161897,eulaminate I,eulaminate II,boundary_smooth,False
lh,163105,agranular,dysgranular,boundary_smooth,False
lh,163794,dysgranular,agranular,boundary_smooth,False
lh,163795,dysgranular,agranular,boundary_smooth,False
lh,163796,dysgranular,agranular,boundary_smooth,False
rh,401,agranular,dysgranular,cingulate_gradient,False
rh,402,agranular,dysgranular,cingulate_gradient,False
rh,544,agranular,dysgranular,cingulate_gradient,False
rh,549,agranular,dysgranular,cingulate_gradient,False
rh,683,agranular,dysgranular,cingulate_gradient,False
rh,901,unknown,agranular,ring_closure,True
rh,903,unknown,agranular,ring_closure,False
rh,908,agranular,dysgranular,cingulate_gradient,False
rh,909,agranular,dysgranular,cingulate_gradient,False
rh,913,unknown,agranular,ring_closure,True
rh,1200,agranular,dysgranular,cingulate_gradient,False
rh,1201,agranular,dysgranular,cingulate_gradient,False
rh,1203,unknown,agranular,ring_closure,True
rh,1207,unknown,agranular,ring_closure,False
rh,1658,unknown,agranular,ring_closure,False
rh,1888,unknown,agranular,ring_closure,False
rh,1895,agranular,dysgranular,cingulate_gradient,False
rh,1896,agranular,dysgranular,cingulate_gradient,False
rh,1897,agranular,dysgranular,cingulate_gradient,False
rh,1898,agranular,dysgranular,cingulate_gradient,False
rh,1899,agranular,dysgranular,cingulate_gradient,False
rh,1900,agranular,dysgranular,cingulate_gradient,False
rh,1902,unknown,agranular,ring_closure,False
rh,2180,eulaminate I,dysgranular,boundary_smooth,False
rh,2272,agranular,dysgranular,cingulate_gradient,False
rh,2273,agranular,dysgranular,cingulate_gradient,False
rh,2277,agranular,dysgranular,cingulate_gradient,False
rh,2278,agranular,dysgranular,cingulate_gradient,False
rh,2279,agranular,dysgranular,cingulate_gradient,False
rh,2281,agranular,dysgranular,cingulate_gradient,False
rh,2289,agranular,dysgranular,cingulate_gradient,False
rh,2366,eulaminate II,eulaminate III,boundary_smooth,False
rh,2603,agranular,dysgranular,cingulate_gradient,False
rh,2604,agranular,dysgranular,cingulate_gradient,False
rh,2703,eulaminate I,eulaminate II,boundary_smooth,False
rh,2819,unknown,agranular,ring_closure,False
rh,2820,unknown,agranular,ring_closure,True
rh,2821,unknown,agranular,ring_closure,False
rh,2833,unknown,agranular,ring_closure,False
rh,3121,agranular,dysgranular,cingulate_gradient,False
rh,3123,unknown,agranular,ring_closure,True
rh,3124,unknown,agranular,ring_closure,False
rh,3125,unknown,agranular,ring_closure,True
rh,3126,unknown,agranular,ring_closure,False
rh,3127,unknown,agranular,ring_closure,True
rh,3491,agranular,dysgranular,cingulate_gradient,False
rh,3493,agranular,dysgranular,cingulate_gradient,False
rh,3720,unknown,agranular,ring_closure,False
rh,3721,unknown,agranular,ring_closure,False
rh,3722,unknown,agranular,ring_closure,True
rh,4150,unknown,agranular,ring_closure,True
rh,4151,unknown,agranular,ring_closure,True
rh,4165,agranular,dysgranular,cingulate_gradient,False
rh,4166,agranular,dysgranular,cingulate_gradient,False
rh,4167,agranular,dysgranular,cingulate_gradient,False
rh,4168,agranular,dysgranular,cingulate_gradient,False
rh,4169,agranular,dysgranular,cingulate_gradient,False
rh,4171,agranular,dysgranular,cingulate_gradient,False
rh,4172,agranular,dysgranular,cingulate_gradient,False
rh,4174,agranular,dysgranular,cingulate_gradient,False
rh,4429,eulaminate II,eulaminate I,boundary_smooth,False
rh,5040,agranular,dysgranular,cingulate_gradient,False
rh,5041,agranular,dysgranular,cingulate_gradient,False
rh,5042,agranular,dysgranular,cingulate_gradient,False
rh,5043,agranular,dysgranular,cingulate_gradient,False
rh,5044,agranular,dysgranular,cingulate_gradient,False
rh,5045,agranular,dysgranular,cingulate_gradient,False
rh,5047,agranular,dysgranular,cingulate_gradient,False
rh,5054,agranular,dysgranular,cingulate_gradient,False
rh,5060,agranular,dysgranular,cingulate_gradient,False
rh,5061,agranular,dysgranular,cingulate_gradient,False
rh,5062,agranular,dysgranular,cingulate_gradient,False
rh,5063,agranular,dysgranular,cingulate_gradient,False
rh,5064,agranular,dysgranular,cingulate_gradient,False
rh,5147,agranular,dysgranular,cingulate_gradient,False
rh,5149,agranular,dysgranular,cingulate_gradient,False
rh,5150,agranular,dysgranular,cingulate_gradient,False
rh,5151,agranular,dysgranular,cingulate_gradient,False
rh,5432,dysgranular,agranular,boundary_smooth,False
rh,5533,agranular,dysgranular,boundary_smooth,False
rh,5840,agranular,dysgranular,cingulate_gradient,False
rh,5975,agranular,dysgranular,cingulate_gradient,False
rh,6236,unknown,agranular,ring_closure,False
rh,6237,unknown,agranular,ring_closure,True
rh,6244,agranular,dysgranular,cingulate_gradient,False
rh,6245,agranular,dysgranular,cingulate_gradient,False
rh,6251,unknown,agranular,ring_closure,False
rh,6252,unknown,agranular,ring_closure,False
rh,6253,unknown,agranular,ring_closure,True
rh,6768,agranular,dysgranular,cingulate_gradient,False
rh,6769,agranular,dysgranular,cingulate_gradient,False
rh,6770,agranular,dysgranular,cingulate_gradient,False
rh,6771,agranular,dysgranular,cingulate_gradient,False
rh,6773,unknown,agranular,ring_closure,False
rh,6783,unknown,agranular,ring_closure,True
rh,6834,agranular,dysgranular,cingulate_gradient,False
rh,7708,unknown,agranular,ring_closure,False
rh,7710,unknown,agranular,ring_closure,True
rh,7711,unknown,agranular,ring_closure,False
rh,7712,unknown,agranular,ring_closure,True
rh,8278,unknown,agranular,ring_closure,False
rh,8279,unknown,agranular,ring_closure,True
rh,8281,unknown,agranular,ring_closure,False
rh,8299,agranular,dysgranular,cingulate_gradient,False
rh,8300,agranular,dysgranular,cingulate_gradient,False
rh,8301,agranular,dysgranular,cingulate_gradient,False
rh,8302,agranular,dysgranular,cingulate_gradient,False
rh,8303,agranular,dysgranular,cingulate_gradient,False
rh,8304,agranular,dysgranular,cingulate_gradient,False
rh,8305,agranular,dysgranular,cingulate_gradient,False
rh,8307,agranular,dysgranular,cingulate_gradient,False
rh,8308,agranular,dysgranular,cingulate_gradient,False
rh,8309,agranular,dysgranular,cingulate_gradient,False
rh,8310,agranular,dysgranular,cingulate_gradient,False
rh,8311,agranular,dysgranular,cingulate_gradient,False
rh,8312,agranular,dysgranular,cingulate_gradient,False
rh,8313,agranular,dysgranular,cingulate_gradient,False
rh,8317,unknown,agranular,ring_closure,False
rh,8318,unknown,agranular,ring_closure,True
rh,8319,unknown,agranular,ring_closure,True
rh,9090,eulaminate II,eulaminate III,boundary_smooth,False
rh,9377,agranular,dysgranular,cingulate_gradient,False
rh,9378,agranular,dysgranular,cingulate_gradient,False
rh,9379,agranular,dysgranular,cingulate_gradient,False
rh,9380,agranular,dysgranular,cingulate_gradient,False
rh,9390,agranular,dysgranular,cingulate_gradient,False
rh,9391,agranular,dysgranular,cingulate_gradient,False
rh,9392,agranular,dysgranular,cingulate_gradient,False
rh,9395,agranular,dysgranular,cingulate_gradient,False
rh,9396,agranular,dysgranular,cingulate_gradient,False
rh,9398,agranular,dysgranular,cingulate_gradient,False
rh,9399,agranular,dysgranular,cingulate_gradient,False
rh,9407,agranular,dysgranular,cingulate_gradient,False
rh,9408,agranular,dysgranular,cingulate_gradient,False
rh,9409,agranular,dysgranular,cingulate_gradient,False
rh,9410,agranular,dysgranular,cingulate_gradient,False
rh,9511,agranular,dysgranular,cingulate_gradient,False
rh,9573,eulaminate III,eulaminate II,boundary_smooth,False
rh,10499,unknown,agranular,ring_closure,False
rh,10500,unknown,agranular,ring_closure,False
rh,10513,unknown,agranular,ring_closure,False
rh,10804,unknown,agranular,ring_closure,True
rh,10805,unknown,agranular,ring_closure,True
rh,10806,unknown,agranular,ring_closure,True
rh,11172,agranular,dysgranular,cingulate_gradient,False
rh,11400,unknown,agranular,ring_closure,True
rh,11401,unknown,agranular,ring_closure,True
rh,11402,unknown,agranular,ring_closure,True
rh,11612,eulaminate II,eulaminate I,boundary_smooth,False
rh,11830,unknown,agranular,ring_closure,True
rh,11831,unknown,agranular,ring_closure,True
rh,11845,agranular,dysgranular,cingulate_gradient,False
rh,11846,agranular,dysgranular,cingulate_gradient,False
rh,11847,agranular,dysgranular,cingulate_gradient,False
rh,11848,agranular,dysgranular,cingulate_gradient,False
rh,11849,agranular,dysgranular,cingulate_gradient,False
rh,11851,agranular,dysgranular,cingulate_gradient,False
rh,12720,agranular,dysgranular,cingulate_gradient,False
rh,12721,agranular,dysgranular,cingulate_gradient,False
rh,12722,agranular,dysgranular,cingulate_gradient,False
rh,12723,agranular,dysgranular,cingulate_gradient,False
rh,12724,agranular,dysgranular,cingulate_gradient,False
rh,12725,agranular,dysgranular,cingulate_gradient,False
rh,12726,agranular,dysgranular,cingulate_gradient,False
rh,12727,agranular,dysgranular,cingulate_gradient,False
rh,12741,agranular,dysgranular,cingulate_gradient,False
rh,12742,agranular,dysgranular,cingulate_gradient,False
rh,12743,agranular,dysgranular,cingulate_gradient,False
rh,12748,unknown,agranular,ring_closure,True
rh,12827,agranular,dysgranular,cingulate_gradient,False
rh,12829,agranular,dysgranular,cingulate_gradient,False
rh,12830,agranular,dysgranular,cingulate_gradient,False
rh,12831,agranular,dysgranular,cingulate_gradient,False
rh,13230,dysgranular,agranular,boundary_smooth,False
rh,13291,eulaminate II,eulaminate I,boundary_smooth,False
rh,13572,agranular,dysgranular,cingulate_gradient,False
rh,13799,agranular,dysgranular,cingulate_gradient,False
rh,14222,unknown,agranular,ring_closure,True
rh,14233,unknown,agranular,ring_closure,False
rh,14247,agranular,dysgranular,cingulate_gradient,False
rh,14248,agranular,dysgranular,cingulate_gradient,False
rh,14249,agranular,dysgranular,cingulate_gradient,False
rh,14260,unknown,agranular,ring_closure,True
rh,14261,unknown,agranular,ring_closure,True
rh,14262,unknown,agranular,ring_closure,True
rh,15120,agranular,dysgranular,cingulate_gradient,False
rh,15121,agranular,dysgranular,cingulate_gradient,False
rh,15122,agranular,dysgranular,cingulate_gradient,False
rh,15124,agranular,dysgranular,cingulate_gradient,False
rh,15126,agranular,dysgranular,cingulate_gradient,False
rh,15128,unknown,agranular,ring_closure,False
rh,15129,unknown,agranular,ring_closure,False
rh,15130,unknown,agranular,ring_closure,False
rh,15131,unknown,agranular,ring_closure,False
rh,15138,unknown,agranular,ring_closure,False
rh,15140,unknown,agranular,ring_closure,False
rh,15142,unknown,agranular,ring_closure,False
rh,15143,unknown,agranular,ring_closure,False
rh,15144,unknown,agranular,ring_closure,True
rh,15230,agranular,dysgranular,cingulate_gradient,False
rh,15231,agranular,dysgranular,cingulate_gradient,False
rh,15353,eulaminate III,eulaminate II,boundary_smooth,False
rh,16197,eulaminate II,eulaminate I,boundary_smooth,False
rh,16923,unknown,agranular,ring_closure,False
rh,16925,unknown,agranular,ring_closure,False
rh,16927,unknown,agranular,ring_closure,False
rh,16933,unknown,agranular,ring_closure,True
rh,16934,unknown,agranular,ring_closure,True
rh,16935,unknown,agranular,ring_closure,True
rh,16936,unknown,agranular,ring_closure,True
rh,16937,unknown,agranular,ring_closure,True
rh,17988,eulaminate II,eulaminate III,boundary_smooth,False
rh,18205,unknown,agranular,ring_closure,False
rh,18206,unknown,agranular,ring_closure,False
rh,18207,unknown,agranular,ring_closure,True
rh,18208,unknown,agranular,ring_closure,True
rh,18209,unknown,agranular,ring_closure,True
rh,18210,unknown,agranular,ring_closure,False
rh,18211,unknown,agranular,ring_closure,False
rh,18212,unknown,agranular,ring_closure,False
rh,18232,unknown,agranular,ring_closure,True
rh,18233,unknown,agranular,ring_closure,True
rh,18234,unknown,agranular,ring_closure,True
rh,18236,unknown,agranular,ring_closure,True
rh,18237,unknown,agranular,ring_closure,True
rh,18240,unknown,agranular,ring_closure,True
rh,18250,agranular,dysgranular,cingulate_gradient,False
rh,18251,agranular,dysgranular,cingulate_gradient,False
rh,18252,agranular,dysgranular,cingulate_gradient,False
rh,18253,agranular,dysgranular,cingulate_gradient,False
rh,18254,agranular,dysgranular,cingulate_gradient,False
rh,18255,agranular,dysgranular,cingulate_gradient,False
rh,18256,agranular,dysgranular,cingulate_gradient,False
rh,18257,agranular,dysgranular,cingulate_gradient,False
rh,18258,agranular,dysgranular,cingulate_gradient,False
rh,18259,agranular,dysgranular,cingulate_gradient,False
rh,18260,agranular,dysgranular,cingulate_gradient,False
rh,18261,agranular,dysgranular,cingulate_gradient,False
rh,18262,agranular,dysgranular,cingulate_gradient,False
rh,18263,agranular,dysgranular,cingulate_gradient,False
rh,18264,agranular,dysgranular,cingulate_gradient,False
rh,18265,agranular,dysgranular,cingulate_gradient,False
rh,18266,agranular,dysgranular,cingulate_gradient,False
rh,18267,agranular,dysgranular,cingulate_gradient,False
rh,18273,agranular,dysgranular,cingulate_gradient,False
rh,18274,agranular,dysgranular,cingulate_gradient,False
rh,18275,agranular,dysgranular,cingulate_gradient,False
rh,18276,agranular,dysgranular,cingulate_gradient,False
rh,18277,agranular,dysgranular,cingulate_gradient,False
rh,18280,agranular,dysgranular,cingulate_gradient,False
rh,18281,agranular,dysgranular,cingulate_gradient,False
rh,18282,agranular,dysgranular,cingulate_gradient,False
rh,18283,agranular,dysgranular,cingulate_gradient,False
rh,18284,agranular,dysgranular,cingulate_gradient,False
rh,18285,agranular,dysgranular,cingulate_gradient,False
rh,18286,agranular,dysgranular,cingulate_gradient,False
rh,18287,agranular,dysgranular,cingulate_gradient,False
rh,18295,unknown,agranular,ring_closure,False
rh,18297,unknown,agranular,ring_closure,False
rh,18298,unknown,agranular,ring_closure,False
rh,18299,unknown,agranular,ring_closure,True
rh,18300,unknown,agranular,ring_closure,False
rh,18301,unknown,agranular,ring_closure,False
rh,18302,unknown,agranular,ring_closure,True
rh,20268,eulaminate I,dysgranular,boundary_smooth,False
rh,20882,agranular,dysgranular,cingulate_gradient,False
rh,20883,agranular,dysgranular,cingulate_gradient,False
rh,20884,agranular,dysgranular,cingulate_gradient,False
rh,20885,agranular,dysgranular,cingulate_gradient,False
rh,20886,agranular,dysgranular,cingulate_gradient,False
rh,20887,agranular,dysgranular,cingulate_gradient,False
rh,20888,agranular,dysgranular,cingulate_gradient,False
rh,20889,agranular,dysgranular,cingulate_gradient,False
rh,20890,agranular,dysgranular,cingulate_gradient,False
rh,20891,agranular,dysgranular,cingulate_gradient,False
rh,20892,agranular,dysgranular,cingulate_gradient,False
rh,20893,agranular,dysgranular,cingulate_gradient,False
rh,20894,agranular,dysgranular,cingulate_gradient,False
rh,20895,agranular,dysgranular,cingulate_gradient,False
rh,20918,agranular,dysgranular,cingulate_gradient,False
rh,20919,agranular,dysgranular,cingulate_gradient,False
rh,20922,agranular,dysgranular,cingulate_gradient,False
rh,20923,agranular,dysgranular,cingulate_gradient,False
rh,20924,agranular,dysgranular,cingulate_gradient,False
rh,20925,agranular,dysgranular,cingulate_gradient,False
rh,20927,agranular,dysgranular,cingulate_gradient,False
rh,20929,agranular,dysgranular,cingulate_gradient,False
rh,20930,agranular,dysgranular,cingulate_gradient,False
rh,20931,agranular,dysgranular,cingulate_gradient,False
rh,20932,agranular,dysgranular,cingulate_gradient,False
rh,20938,agranular,dysgranular,cingulate_gradient,False
rh,20939,agranular,dysgranular,cingulate_gradient,False
rh,20940,agranular,dysgranular,cingulate_gradient,False
rh,20942,agranular,dysgranular,cingulate_gradient,False
rh,20943,agranular,dysgranular,cingulate_gradient,False
rh,20950,agranular,dysgranular,cingulate_gradient,False
rh,20951,agranular,dysgranular,cingulate_gradient,False
rh,20952,agranular,dysgranular,cingulate_gradient,False
rh,20954,agranular,dysgranular,cingulate_gradient,False
rh,20961,agranular,dysgranular,cingulate_gradient,False
rh,20962,agranular,dysgranular,cingulate_gradient,False
rh,20963,agranular,dysgranular,cingulate_gradient,False
rh,20964,agranular,dysgranular,cingulate_gradient,False
rh,20968,agranular,dysgranular,cingulate_gradient,False
rh,21212,agranular,dysgranular,cingulate_gradient,False
rh,21213,agranular,dysgranular,cingulate_gradient,False
rh,21214,agranular,dysgranular,cingulate_gradient,False
rh,21215,agranular,dysgranular,cingulate_gradient,False
rh,21570,eulaminate II,eulaminate III,boundary_smooth,False
rh,21816,eulaminate III,eulaminate II,boundary_smooth,False
rh,22191,dysgranular,agranular,boundary_smooth,False
rh,22224,dysgranular,agranular,boundary_smooth,False
rh,22368,eulaminate I,dysgranular,boundary_smooth,False
rh,23019,dysgranular,eulaminate I,boundary_smooth,False
rh,23117,agranular,dysgranular,cingulate_gradient,False
rh,23118,agranular,dysgranular,cingulate_gradient,False
rh,23119,agranular,dysgranular,cingulate_gradient,False
rh,23507,unknown,agranular,ring_closure,True
rh,23508,unknown,agranular,ring_closure,True
rh,23509,unknown,agranular,ring_closure,True
rh,23510,unknown,agranular,ring_closure,True
rh,23511,unknown,agranular,ring_closure,True
rh,23531,unknown,agranular,ring_closure,False
rh,23532,unknown,agranular,ring_closure,False
rh,23533,unknown,agranular,ring_closure,False
rh,24048,agranular,dysgranular,cingulate_gradient,False
rh,24049,agranular,dysgranular,cingulate_gradient,False
rh,24053,unknown,agranular,ring_closure,True
rh,24054,unknown,agranular,ring_closure,False
rh,24055,unknown,agranular,ring_closure,True
rh,24056,unknown,agranular,ring_closure,True
rh,24057,unknown,agranular,ring_closure,False
rh,24058,unknown,agranular,ring_closure,False
rh,24059,unknown,agranular,ring_closure,False
rh,24060,unknown,agranular,ring_closure,True
rh,24061,unknown,agranular,ring_closure,True
rh,24062,unknown,agranular,ring_closure,True
rh,24063,unknown,agranular,ring_closure,True
rh,25128,unknown,agranular,ring_closure,False
rh,25130,unknown,agranular,ring_closure,False
rh,25131,unknown,agranular,ring_closure,False
rh,25132,unknown,agranular,ring_closure,True
rh,25901,unknown,agranular,ring_closure,False
rh,25902,unknown,agranular,ring_closure,False
rh,25903,unknown,agranular,ring_closure,True
rh,25904,unknown,agranular,ring_closure,True
rh,25928,agranular,dysgranular,cingulate_gradient,False
rh,25929,agranular,dysgranular,cingulate_gradient,False
rh,25930,agranular,dysgranular,cingulate_gradient,False
rh,25931,agranular,dysgranular,cingulate_gradient,False
rh,25932,agranular,dysgranular,cingulate_gradient,False
rh,25933,agranular,dysgranular,cingulate_gradient,False
rh,25934,agranular,dysgranular,cingulate_gradient,False
rh,25935,agranular,dysgranular,cingulate_gradient,False
rh,25936,agranular,dysgranular,cingulate_gradient,False
rh,25937,agranular,dysgranular,cingulate_gradient,False
rh,25939,agranular,dysgranular,cingulate_gradient,False
rh,25940,agranular,dysgranular,cingulate_gradient,False
rh,25941,agranular,dysgranular,cingulate_gradient,False
rh,25942,agranular,dysgranular,cingulate_gradient,False
rh,25955,unknown,agranular,ring_closure,False
rh,26194,dysgranular,eulaminate I,boundary_smooth,False
rh,27298,eulaminate I,dysgranular,boundary_smooth,False
rh,27504,agranular,dysgranular,cingulate_gradient,False
rh,27505,agranular,dysgranular,cingulate_gradient,False
rh,27506,agranular,dysgranular,cingulate_gradient,False
rh,27507,agranular,dysgranular,cingulate_gradient,False
rh,27508,agranular,dysgranular,cingulate_gradient,False
rh,27509,agranular,dysgranular,cingulate_gradient,False
rh,27510,agranular,dysgranular,cingulate_gradient,False
rh,27511,agranular,dysgranular,cingulate_gradient,False
rh,27512,agranular,dysgranular,cingulate_gradient,False
rh,27513,agranular,dysgranular,cingulate_gradient,False
rh,27515,agranular,dysgranular,cingulate_gradient,False
rh,27517,agranular,dysgranular,cingulate_gradient,False
rh,27540,agranular,dysgranular,cingulate_gradient,False
rh,27541,agranular,dysgranular,cingulate_gradient,False
rh,27542,agranular,dysgranular,cingulate_gradient,False
rh,27543,agranular,dysgranular,cingulate_gradient,False
rh,27544,agranular,dysgranular,cingulate_gradient,False
rh,27545,agranular,dysgranular,cingulate_gradient,False
rh,27546,agranular,dysgranular,cingulate_gradient,False
rh,27547,agranular,dysgranular,cingulate_gradient,False
rh,27548,agranular,dysgranular,cingulate_gradient,False
rh,27549,unknown,agranular,ring_closure,True
rh,27703,agranular,dysgranular,cingulate_gradient,False
rh,27704,agranular,dysgranular,cingulate_gradient,False
rh,27705,agranular,dysgranular,cingulate_gradient,False
rh,28699,eulaminate II,eulaminate III,boundary_smooth,False
rh,28984,agranular,dysgranular,cingulate_gradient,False
rh,28985,agranular,dysgranular,cingulate_gradient,False
rh,28986,agranular,dysgranular,cingulate_gradient,False
rh,28987,agranular,dysgranular,cingulate_gradient,False
rh,29909,unknown,agranular,ring_closure,False
rh,29910,unknown,agranular,ring_closure,False
rh,29911,unknown,agranular,ring_closure,True
rh,29912,unknown,agranular,ring_closure,True
rh,29913,unknown,agranular,ring_closure,True
rh,29914,unknown,agranular,ring_closure,True
rh,29915,unknown,agranular,ring_closure,False
rh,29927,agranular,dysgranular,cingulate_gradient,False
rh,29930,agranular,dysgranular,cingulate_gradient,False
rh,29931,agranular,dysgranular,cingulate_gradient,False
rh,29932,agranular,dysgranular,cingulate_gradient,False
rh,29933,agranular,dysgranular,cingulate_gradient,False
rh,29947,unknown,agranular,ring_closure,False
rh,29948,unknown,agranular,ring_closure,False
rh,29949,unknown,agranular,ring_closure,False
rh,29950,unknown,agranular,ring_closure,True
rh,29951,unknown,agranular,ring_closure,True
rh,30932,eulaminate I,dysgranular,boundary_smooth,False
rh,31152,agranular,dysgranular,cingulate_gradient,False
rh,31153,agranular,dysgranular,cingulate_gradient,False
rh,31154,agranular,dysgranular,cingulate_gradient,False
rh,31155,agranular,dysgranular,cingulate_gradient,False
rh,31156,agranular,dysgranular,cingulate_gradient,False
rh,31157,agranular,dysgranular,cingulate_gradient,False
rh,31158,agranular,dysgranular,cingulate_gradient,False
rh,31159,agranular,dysgranular,cingulate_gradient,False
rh,31160,agranular,dysgranular,cingulate_gradient,False
rh,31161,agranular,dysgranular,cingulate_gradient,False
rh,31168,unknown,agranular,ring_closure,False
rh,31186,unknown,agranular,ring_closure,False
rh,31187,unknown,agranular,ring_closure,True
rh,31188,unknown,agranular,ring_closure,True
rh,31189,unknown,agranular,ring_closure,True
rh,31190,unknown,agranular,ring_closure,True
rh,31306,agranular,dysgranular,cingulate_gradient,False
rh,31307,agranular,dysgranular,cingulate_gradient,False
rh,31308,agranular,dysgranular,cingulate_gradient,False
rh,31849,dysgranular,agranular,boundary_smooth,False
rh,31852,dysgranular,agranular,boundary_smooth,False
rh,33328,eulaminate II,eulaminate I,boundary_smooth,False
rh,33540,unknown,agranular,ring_closure,True
rh,33541,unknown,agranular,ring_closure,True
rh,33543,unknown,agranular,ring_closure,True
rh,33544,unknown,agranular,ring_closure,True
rh,33545,unknown,agranular,ring_closure,False
rh,33546,unknown,agranular,ring_closure,False
rh,33547,unknown,agranular,ring_closure,False
rh,33548,unknown,agranular,ring_closure,False
rh,33549,unknown,agranular,ring_closure,False
rh,33550,unknown,agranular,ring_closure,True
rh,33553,unknown,agranular,ring_closure,True
rh,35129,unknown,agranular,ring_closure,False
rh,35130,unknown,agranular,ring_closure,False
rh,35131,unknown,agranular,ring_closure,False
rh,35132,unknown,agranular,ring_closure,False
rh,35133,unknown,agranular,ring_closure,True
rh,35134,unknown,agranular,ring_closure,True
rh,35138,unknown,agranular,ring_closure,False
rh,35139,unknown,agranular,ring_closure,False
rh,35140,unknown,agranular,ring_closure,True
rh,35141,unknown,agranular,ring_closure,True
rh,35142,unknown,agranular,ring_closure,True
rh,35143,unknown,agranular,ring_closure,True
rh,35167,unknown,agranular,ring_closure,True
rh,35189,agranular,dysgranular,cingulate_gradient,False
rh,35190,agranular,dysgranular,cingulate_gradient,False
rh,35191,agranular,dysgranular,cingulate_gradient,False
rh,35192,agranular,dysgranular,cingulate_gradient,False
rh,35194,agranular,dysgranular,cingulate_gradient,False
rh,35195,agranular,dysgranular,cingulate_gradient,False
rh,35196,agranular,dysgranular,cingulate_gradient,False
rh,35197,agranular,dysgranular,cingulate_gradient,False
rh,35198,agranular,dysgranular,cingulate_gradient,False
rh,35199,agranular,dysgranular,cingulate_gradient,False
rh,35200,agranular,dysgranular,cingulate_gradient,False
rh,35201,agranular,dysgranular,cingulate_gradient,False
rh,35202,agranular,dysgranular,cingulate_gradient,False
rh,35203,agranular,dysgranular,cingulate_gradient,False
rh,35204,agranular,dysgranular,cingulate_gradient,False
rh,35205,agranular,dysgranular,cingulate_gradient,False
rh,35206,agranular,dysgranular,cingulate_gradient,False
rh,35207,agranular,dysgranular,cingulate_gradient,False
rh,35208,agranular,dysgranular,cingulate_gradient,False
rh,35213,agranular,dysgranular,cingulate_gradient,False
rh,35214,agranular,dysgranular,cingulate_gradient,False
rh,35215,agranular,dysgranular,cingulate_gradient,False
rh,35216,agranular,dysgranular,cingulate_gradient,False
rh,35217,agranular,dysgranular,cingulate_gradient,False
rh,35218,agranular,dysgranular,cingulate_gradient,False
rh,35219,agranular,dysgranular,cingulate_gradient,False
rh,35221,agranular,dysgranular,cingulate_gradient,False
rh,35222,agranular,dysgranular,cingulate_gradient,False
rh,35223,agranular,dysgranular,cingulate_gradient,False
rh,35224,agranular,dysgranular,cingulate_gradient,False
rh,35225,agranular,dysgranular,cingulate_gradient,False
rh,35226,agranular,dysgranular,cingulate_gradient,False
rh,35227,agranular,dysgranular,cingulate_gradient,False
rh,35228,agranular,dysgranular,cingulate_gradient,False
rh,35229,agranular,dysgranular,cingulate_gradient,False
rh,35230,agranular,dysgranular,cingulate_gradient,False
rh,35231,agranular,dysgranular,cingulate_gradient,False
rh,35244,unknown,agranular,ring_closure,False
rh,35245,unknown,agranular,ring_closure,True
rh,35246,unknown,agranular,ring_closure,True
rh,35247,unknown,agranular,ring_closure,False
rh,35248,unknown,agranular,ring_closure,False
rh,35249,unknown,agranular,ring_closure,True
rh,35250,unknown,agranular,ring_closure,True
rh,35251,unknown,agranular,ring_closure,True
rh,35252,unknown,agranular,ring_closure,True
rh,35253,unknown,agranular,ring_closure,True
rh,37205,eulaminate I,eulaminate II,boundary_smooth,False
rh,38295,eulaminate III,eulaminate II,boundary_smooth,False
rh,38371,agranular,dysgranular,cingulate_gradient,False
rh,38372,agranular,dysgranular,cingulate_gradient,False
rh,38373,agranular,dysgranular,cingulate_gradient,False
rh,38374,agranular,dysgranular,cingulate_gradient,False
rh,38375,agranular,dysgranular,cingulate_gradient,False
rh,38376,agranular,dysgranular,cingulate_gradient,False
rh,38377,agranular,dysgranular,cingulate_gradient,False
rh,38378,agranular,dysgranular,cingulate_gradient,False
rh,38379,agranular,dysgranular,cingulate_gradient,False
rh,38380,agranular,dysgranular,cingulate_gradient,False
rh,38381,agranular,dysgranular,cingulate_gradient,False
rh,38382,agranular,dysgranular,cingulate_gradient,False
rh,38383,agranular,dysgranular,cingulate_gradient,False
rh,38384,agranular,dysgranular,cingulate_gradient,False
rh,38403,agranular,dysgranular,cingulate_gradient,False
rh,38411,agranular,dysgranular,cingulate_gradient,False
rh,38412,agranular,dysgranular,cingulate_gradient,False
rh,38413,agranular,dysgranular,cingulate_gradient,False
rh,38414,agranular,dysgranular,cingulate_gradient,False
rh,38415,agranular,dysgranular,cingulate_gradient,False
rh,38416,agranular,dysgranular,cingulate_gradient,False
rh,38417,agranular,dysgranular,cingulate_gradient,False
rh,38418,agranular,dysgranular,cingulate_gradient,False
rh,38420,agranular,dysgranular,cingulate_gradient,False
rh,38425,agranular,dysgranular,cingulate_gradient,False
rh,38430,agranular,dysgranular,cingulate_gradient,False
rh,38436,agranular,dysgranular,cingulate_gradient,False
rh,38437,agranular,dysgranular,cingulate_gradient,False
rh,38438,agranular,dysgranular,cingulate_gradient,False
rh,38460,agranular,dysgranular,cingulate_gradient,False
rh,38462,agranular,dysgranular,cingulate_gradient,False
rh,38463,agranular,dysgranular,cingulate_gradient,False
rh,38464,agranular,dysgranular,cingulate_gradient,False
rh,38465,agranular,dysgranular,cingulate_gradient,False
rh,38471,agranular,dysgranular,cingulate_gradient,False
rh,38770,agranular,dysgranular,cingulate_gradient,False
rh,38771,agranular,dysgranular,cingulate_gradient,False
rh,38772,agranular,dysgranular,cingulate_gradient,False
rh,38773,agranular,dysgranular,cingulate_gradient,False
rh,40150,agranular,dysgranular,boundary_smooth,False
rh,41220,unknown,agranular,ring_closure,False
rh,41513,dysgranular,eulaminate I,boundary_smooth,False
rh,41546,eulaminate III,eulaminate II,boundary_smooth,False
rh,41547,eulaminate III,eulaminate II,boundary_smooth,False
rh,42120,unknown,agranular,ring_closure,True
rh,42121,unknown,agranular,ring_closure,True
rh,42565,agranular,dysgranular,cingulate_gradient,False
rh,42566,agranular,dysgranular,cingulate_gradient,False
rh,42567,agranular,dysgranular,cingulate_gradient,False
rh,42568,agranular,dysgranular,cingulate_gradient,False
rh,42569,agranular,dysgranular,cingulate_gradient,False
rh,43258,eulaminate II,eulaminate I,boundary_smooth,False
rh,43440,agranular,dysgranular,cingulate_gradient,False
rh,43441,agranular,dysgranular,cingulate_gradient,False
rh,43442,agranular,dysgranular,cingulate_gradient,False
rh,43443,agranular,dysgranular,cingulate_gradient,False
rh,43444,agranular,dysgranular,cingulate_gradient,False
rh,43445,agranular,dysgranular,cingulate_gradient,False
rh,43446,agranular,dysgranular,cingulate_gradient,False
rh,43447,agranular,dysgranular,cingulate_gradient,False
rh,43461,agranular,dysgranular,cingulate_gradient,False
rh,43547,agranular,dysgranular,cingulate_gradient,False
rh,43548,agranular,dysgranular,cingulate_gradient,False
rh,43549,agranular,dysgranular,cingulate_gradient,False
rh,43550,agranular,dysgranular,cingulate_gradient,False
rh,43551,agranular,dysgranular,cingulate_gradient,False
rh,43885,dysgranular,eulaminate I,boundary_smooth,False
rh,43951,agranular,dysgranular,boundary_smooth,False
rh,44290,agranular,dysgranular,cingulate_gradient,False
rh,44518,agranular,dysgranular,cingulate_gradient,False
rh,44942,unknown,agranular,ring_closure,True
rh,44944,unknown,agranular,ring_closure,True
rh,44946,unknown,agranular,ring_closure,True
rh,44965,agranular,dysgranular,cingulate_gradient,False
rh,44966,agranular,dysgranular,cingulate_gradient,False
rh,44967,agranular,dysgranular,cingulate_gradient,False
rh,44968,agranular,dysgranular,cingulate_gradient,False
rh,44969,agranular,dysgranular,cingulate_gradient,False
rh,44980,unknown,agranular,ring_closure,True
rh,44981,unknown,agranular,ring_closure,True
rh,44982,unknown,agranular,ring_closure,True
rh,45257,eulaminate II,eulaminate I,boundary_smooth,False
rh,45840,agranular,dysgranular,cingulate_gradient,False
rh,45841,agranular,dysgranular,cingulate_gradient,False
rh,45842,agranular,dysgranular,cingulate_gradient,False
rh,45848,unknown,agranular,ring_closure,False
rh,45849,unknown,agranular,ring_closure,False
rh,45850,unknown,agranular,ring_closure,False
rh,45851,unknown,agranular,ring_closure,False
rh,45852,unknown,agranular,ring_closure,False
rh,45858,unknown,agranular,ring_closure,False
rh,45859,unknown,agranular,ring_closure,False
rh,45860,unknown,agranular,ring_closure,False
rh,45861,unknown,agranular,ring_closure,False
rh,45862,unknown,agranular,ring_closure,False
rh,45863,unknown,agranular,ring_closure,False
rh,45864,unknown,agranular,ring_closure,False
rh,46513,eulaminate II,eulaminate III,boundary_smooth,False
rh,46915,eulaminate I,eulaminate II,boundary_smooth,False
rh,46916,eulaminate II,eulaminate I,boundary_smooth,False
rh,47643,unknown,agranular,ring_closure,False
rh,47644,unknown,agranular,ring_closure,False
rh,47645,unknown,agranular,ring_closure,False
rh,47646,unknown,agranular,ring_closure,False
rh,47647,unknown,agranular,ring_closure,False
rh,47653,unknown,agranular,ring_closure,True
rh,47654,unknown,agranular,ring_closure,True
rh,47655,unknown,agranular,ring_closure,True
rh,47656,unknown,agranular,ring_closure,True
rh,47657,unknown,agranular,ring_closure,True
rh,48451,eulaminate III,eulaminate II,boundary_smooth,False
rh,48925,unknown,agranular,ring_closure,False
rh,48926,unknown,agranular,ring_closure,False
rh,48927,unknown,agranular,ring_closure,True
rh,48928,unknown,agranular,ring_closure,True
rh,48929,unknown,agranular,ring_closure,True
rh,48930,unknown,agranular,ring_closure,False
rh,48931,unknown,agranular,ring_closure,False
rh,48932,unknown,agranular,ring_closure,False
rh,48953,unknown,agranular,ring_closure,True
rh,48956,unknown,agranular,ring_closure,True
rh,48957,unknown,agranular,ring_closure,True
rh,48958,unknown,agranular,ring_closure,True
rh,48959,unknown,agranular,ring_closure,True
rh,48960,unknown,agranular,ring_closure,True
rh,48970,agranular,dysgranular,cingulate_gradient,False
rh,48971,agranular,dysgranular,cingulate_gradient,False
rh,48972,agranular,dysgranular,cingulate_gradient,False
rh,48973,agranular,dysgranular,cingulate_gradient,False
rh,48974,agranular,dysgranular,cingulate_gradient,False
rh,48975,agranular,dysgranular,cingulate_gradient,False
rh,48976,agranular,dysgranular,cingulate_gradient,False
rh,48977,agranular,dysgranular,cingulate_gradient,False
rh,48978,agranular,dysgranular,cingulate_gradient,False
rh,48979,agranular,dysgranular,cingulate_gradient,False
rh,48980,agranular,dysgranular,cingulate_gradient,False
rh,48981,agranular,dysgranular,cingulate_gradient,False
rh,48982,agranular,dysgranular,cingulate_gradient,False
rh,48983,agranular,dysgranular,cingulate_gradient,False
rh,48984,agranular,dysgranular,cingulate_gradient,False
rh,48985,agranular,dysgranular,cingulate_gradient,False
rh,48986,agranular,dysgranular,cingulate_gradient,False
rh,48987,agranular,dysgranular,cingulate_gradient,False
rh,48988,agranular,dysgranular,cingulate_gradient,False
rh,48993,agranular,dysgranular,cingulate_gradient,False
rh,48994,agranular,dysgranular,cingulate_gradient,False
rh,48995,agranular,dysgranular,cingulate_gradient,False
rh,48996,agranular,dysgranular,cingulate_gradient,False
rh,48997,agranular,dysgranular,cingulate_gradient,False
rh,49000,agranular,dysgranular,cingulate_gradient,False
rh,49001,agranular,dysgranular,cingulate_gradient,False
rh,49002,agranular,dysgranular,cingulate_gradient,False
rh,49003,agranular,dysgranular,cingulate_gradient,False
rh,49004,agranular,dysgranular,cingulate_gradient,False
rh,49005,agranular,dysgranular,cingulate_gradient,False
rh,49006,agranular,dysgranular,cingulate_gradient,False
rh,49007,agranular,dysgranular,cingulate_gradient,False
rh,49015,unknown,agranular,ring_closure,False
rh,49016,unknown,agranular,ring_closure,False
rh,49017,unknown,agranular,ring_closure,False
rh,49018,unknown,agranular,ring_closure,False
rh,49019,unknown,agranular,ring_closure,False
rh,49020,unknown,agranular,ring_closure,True
rh,49021,unknown,agranular,ring_closure,True
rh,49022,unknown,agranular,ring_closure,True
rh,50182,eulaminate III,eulaminate II,boundary_smooth,False
rh,50521,eulaminate I,eulaminate II,boundary_smooth,False
rh,50769,eulaminate I,eulaminate II,boundary_smooth,False
rh,51600,agranular,dysgranular,cingulate_gradient,False
rh,51602,agranular,dysgranular,cingulate_gradient,False
rh,51603,agranular,dysgranular,cingulate_gradient,False
rh,51604,agranular,dysgranular,cingulate_gradient,False
rh,51605,agranular,dysgranular,cingulate_gradient,False
rh,51606,agranular,dysgranular,cingulate_gradient,False
rh,51607,agranular,dysgranular,cingulate_gradient,False
rh,51608,agranular,dysgranular,cingulate_gradient,False
rh,51609,agranular,dysgranular,cingulate_gradient,False
rh,51610,agranular,dysgranular,cingulate_gradient,False
rh,51611,agranular,dysgranular,cingulate_gradient,False
rh,51612,agranular,dysgranular,cingulate_gradient,False
rh,51613,agranular,dysgranular,cingulate_gradient,False
rh,51614,agranular,dysgranular,cingulate_gradient,False
rh,51615,agranular,dysgranular,cingulate_gradient,False
rh,51641,agranular,dysgranular,cingulate_gradient,False
rh,51642,agranular,dysgranular,cingulate_gradient,False
rh,51643,agranular,dysgranular,cingulate_gradient,False
rh,51644,agranular,dysgranular,cingulate_gradient,False
rh,51645,agranular,dysgranular,cingulate_gradient,False
rh,51646,agranular,dysgranular,cingulate_gradient,False
rh,51647,agranular,dysgranular,cingulate_gradient,False
rh,51648,agranular,dysgranular,cingulate_gradient,False
rh,51649,agranular,dysgranular,cingulate_gradient,False
rh,51650,agranular,dysgranular,cingulate_gradient,False
rh,51651,agranular,dysgranular,cingulate_gradient,False
rh,51652,agranular,dysgranular,cingulate_gradient,False
rh,51656,agranular,dysgranular,cingulate_gradient,False
rh,51657,agranular,dysgranular,cingulate_gradient,False
rh,51658,agranular,dysgranular,cingulate_gradient,False
rh,51659,agranular,dysgranular,cingulate_gradient,False
rh,51660,agranular,dysgranular,cingulate_gradient,False
rh,51661,agranular,dysgranular,cingulate_gradient,False
rh,51662,agranular,dysgranular,cingulate_gradient,False
rh,51670,agranular,dysgranular,cingulate_gradient,False
rh,51671,agranular,dysgranular,cingulate_gradient,False
rh,51672,agranular,dysgranular,cingulate_gradient,False
rh,51673,agranular,dysgranular,cingulate_gradient,False
rh,51674,agranular,dysgranular,cingulate_gradient,False
rh,51681,agranular,dysgranular,cingulate_gradient,False
rh,51682,agranular,dysgranular,cingulate_gradient,False
rh,51683,agranular,dysgranular,cingulate_gradient,False
rh,51895,eulaminate III,eulaminate II,boundary_smooth,False
rh,51932,agranular,dysgranular,cingulate_gradient,False
rh,51933,agranular,dysgranular,cingulate_gradient,False
rh,51934,agranular,dysgranular,cingulate_gradient,False
rh,51935,agranular,dysgranular,cingulate_gradient,False
rh,52285,eulaminate III,eulaminate II,boundary_smooth,False
rh,52290,eulaminate II,eulaminate III,boundary_smooth,False
rh,52855,dysgranular,agranular,boundary_smooth,False
rh,52944,agranular,dysgranular,boundary_smooth,False
rh,53888,agranular,dysgranular,cingulate_gradient,False
rh,53889,agranular,dysgranular,cingulate_gradient,False
rh,53890,agranular,dysgranular,cingulate_gradient,False
rh,54170,eulaminate III,eulaminate II,boundary_smooth,False
rh,54172,eulaminate III,eulaminate II,boundary_smooth,False
rh,54539,unknown,agranular,ring_closure,True
rh,54540,unknown,agranular,ring_closure,True
rh,54541,unknown,agranular,ring_closure,True
rh,54542,unknown,agranular,ring_closure,False
rh,54543,unknown,agranular,ring_closure,False
rh,54544,unknown,agranular,ring_closure,False
rh,54545,unknown,agranular,ring_closure,True
rh,54546,unknown,agranular,ring_closure,False
rh,54580,unknown,agranular,ring_closure,False
rh,54581,unknown,agranular,ring_closure,False
rh,54582,unknown,agranular,ring_closure,False
rh,54583,unknown,agranular,ring_closure,True
rh,55441,agranular,dysgranular,cingulate_gradient,False
rh,55448,unknown,agranular,ring_closure,True
rh,55449,unknown,agranular,ring_closure,True
rh,55450,unknown,agranular,ring_closure,True
rh,55451,unknown,agranular,ring_closure,True
rh,55452,unknown,agranular,ring_closure,True
rh,55453,unknown,agranular,ring_closure,True
rh,55454,unknown,agranular,ring_closure,False
rh,55455,unknown,agranular,ring_closure,False
rh,55456,unknown,agranular,ring_closure,False
rh,55457,unknown,agranular,ring_closure,True
rh,55458,unknown,agranular,ring_closure,True
rh,55459,unknown,agranular,ring_closure,True
rh,55460,unknown,agranular,ring_closure,True
rh,55461,unknown,agranular,ring_closure,True
rh,55462,unknown,agranular,ring_closure,True
rh,55463,unknown,agranular,ring_closure,True
rh,55464,unknown,agranular,ring_closure,True
rh,55550,eulaminate I,dysgranular,boundary_smooth,False
rh,56517,eulaminate II,eulaminate I,boundary_smooth,False
rh,56551,agranular,dysgranular,cingulate_gradient,False
rh,56553,agranular,dysgranular,cingulate_gradient,False
rh,56554,agranular,dysgranular,cingulate_gradient,False
rh,56555,agranular,dysgranular,cingulate_gradient,False
rh,56556,agranular,dysgranular,cingulate_gradient,False
rh,56560,agranular,dysgranular,cingulate_gradient,False
rh,57182,unknown,agranular,ring_closure,True
rh,57240,unknown,agranular,ring_closure,False
rh,57241,unknown,agranular,ring_closure,False
rh,57242,unknown,agranular,ring_closure,False
rh,57243,unknown,agranular,ring_closure,True
rh,57244,unknown,agranular,ring_closure,False
rh,57245,unknown,agranular,ring_closure,True
rh,57246,unknown,agranular,ring_closure,True
rh,57247,unknown,agranular,ring_closure,True
rh,58528,unknown,agranular,ring_closure,False
rh,58530,unknown,agranular,ring_closure,False
rh,58531,unknown,agranular,ring_closure,True
rh,58532,unknown,agranular,ring_closure,True
rh,58534,unknown,agranular,ring_closure,True
rh,58575,agranular,dysgranular,cingulate_gradient,False
rh,58576,agranular,dysgranular,cingulate_gradient,False
rh,58577,agranular,dysgranular,cingulate_gradient,False
rh,58578,agranular,dysgranular,cingulate_gradient,False
rh,58579,agranular,dysgranular,cingulate_gradient,False
rh,58580,agranular,dysgranular,cingulate_gradient,False
rh,58581,agranular,dysgranular,cingulate_gradient,False
rh,58582,agranular,dysgranular,cingulate_gradient,False
rh,58583,agranular,dysgranular,cingulate_gradient,False
rh,58584,agranular,dysgranular,cingulate_gradient,False
rh,58585,agranular,dysgranular,cingulate_gradient,False
rh,58586,agranular,dysgranular,cingulate_gradient,False
rh,58587,agranular,dysgranular,cingulate_gradient,False
rh,58588,agranular,dysgranular,cingulate_gradient,False
rh,58589,agranular,dysgranular,cingulate_gradient,False
rh,58591,agranular,dysgranular,cingulate_gradient,False
rh,58592,agranular,dysgranular,cingulate_gradient,False
rh,58593,agranular,dysgranular,cingulate_gradient,False
rh,58594,agranular,dysgranular,cingulate_gradient,False
rh,58595,agranular,dysgranular,cingulate_gradient,False
rh,58596,agranular,dysgranular,cingulate_gradient,False
rh,58597,agranular,dysgranular,cingulate_gradient,False
rh,58618,unknown,agranular,ring_closure,False
rh,58619,unknown,agranular,ring_closure,False
rh,59226,eulaminate II,eulaminate III,boundary_smooth,False
rh,59362,eulaminate II,eulaminate I,boundary_smooth,False
rh,59687,eulaminate II,eulaminate I,boundary_smooth,False
rh,59688,eulaminate II,eulaminate I,boundary_smooth,False
rh,61200,agranular,dysgranular,cingulate_gradient,False
rh,61201,agranular,dysgranular,cingulate_gradient,False
rh,61202,agranular,dysgranular,cingulate_gradient,False
rh,61203,agranular,dysgranular,cingulate_gradient,False
rh,61204,agranular,dysgranular,cingulate_gradient,False
rh,61205,agranular,dysgranular,cingulate_gradient,False
rh,61206,agranular,dysgranular,cingulate_gradient,False
rh,61207,agranular,dysgranular,cingulate_gradient,False
rh,61208,agranular,dysgranular,cingulate_gradient,False
rh,61209,agranular,dysgranular,cingulate_gradient,False
rh,61210,agranular,dysgranular,cingulate_gradient,False
rh,61211,agranular,dysgranular,cingulate_gradient,False
rh,61212,agranular,dysgranular,cingulate_gradient,False
rh,61213,agranular,dysgranular,cingulate_gradient,False
rh,61214,agranular,dysgranular,cingulate_gradient,False
rh,61215,agranular,dysgranular,cingulate_gradient,False
rh,61216,agranular,dysgranular,cingulate_gradient,False
rh,61217,agranular,dysgranular,cingulate_gradient,False
rh,61218,agranular,dysgranular,cingulate_gradient,False
rh,61219,agranular,dysgranular,cingulate_gradient,False
rh,61220,agranular,dysgranular,cingulate_gradient,False
rh,61222,agranular,dysgranular,cingulate_gradient,False
rh,61260,agranular,dysgranular,cingulate_gradient,False
rh,61261,agranular,dysgranular,cingulate_gradient,False
rh,61262,agranular,dysgranular,cingulate_gradient,False
rh,61263,agranular,dysgranular,cingulate_gradient,False
rh,61264,agranular,dysgranular,cingulate_gradient,False
rh,61265,agranular,dysgranular,cingulate_gradient,False
rh,61266,agranular,dysgranular,cingulate_gradient,False
rh,61267,agranular,dysgranular,cingulate_gradient,False
rh,61268,agranular,dysgranular,cingulate_gradient,False
rh,61269,agranular,dysgranular,cingulate_gradient,False
rh,61270,agranular,dysgranular,cingulate_gradient,False
rh,61271,agranular,dysgranular,cingulate_gradient,False
rh,61272,agranular,dysgranular,cingulate_gradient,False
rh,61273,agranular,dysgranular,cingulate_gradient,False
rh,61274,agranular,dysgranular,cingulate_gradient,False
rh,61275,unknown,agranular,ring_closure,True
rh,61525,agranular,dysgranular,cingulate_gradient,False
rh,61531,agranular,dysgranular,cingulate_gradient,False
rh,61532,agranular,dysgranular,cingulate_gradient,False
rh,61533,agranular,dysgranular,cingulate_gradient,False
rh,61534,agranular,dysgranular,cingulate_gradient,False
rh,61535,agranular,dysgranular,cingulate_gradient,False
rh,61536,agranular,dysgranular,cingulate_gradient,False
rh,62678,dysgranular,agranular,boundary_smooth,False
rh,62751,agranular,dysgranular,boundary_smooth,False
rh,63612,eulaminate II,eulaminate III,boundary_smooth,False
rh,63751,agranular,dysgranular,cingulate_gradient,False
rh,63752,agranular,dysgranular,cingulate_gradient,False
rh,63753,agranular,dysgranular,cingulate_gradient,False
rh,63754,agranular,dysgranular,cingulate_gradient,False
rh,63755,agranular,dysgranular,cingulate_gradient,False
rh,63756,agranular,dysgranular,cingulate_gradient,False
rh,63758,agranular,dysgranular,cingulate_gradient,False
rh,63759,agranular,dysgranular,cingulate_gradient,False
rh,63760,agranular,dysgranular,cingulate_gradient,False
rh,64435,agranular,dysgranular,cingulate_gradient,False
rh,64439,agranular,dysgranular,cingulate_gradient,False
rh,65707,unknown,agranular,ring_closure,True
rh,65738,unknown,agranular,ring_closure,False
rh,65739,unknown,agranular,ring_closure,False
rh,65740,unknown,agranular,ring_closure,False
rh,65741,unknown,agranular,ring_closure,False
rh,65742,unknown,agranular,ring_closure,True
rh,65743,unknown,agranular,ring_closure,True
rh,65744,unknown,agranular,ring_closure,True
rh,65745,unknown,agranular,ring_closure,True
rh,65746,unknown,agranular,ring_closure,True
rh,65748,unknown,agranular,ring_closure,False
rh,65778,agranular,dysgranular,cingulate_gradient,False
rh,65780,agranular,dysgranular,cingulate_gradient,False
rh,65781,agranular,dysgranular,cingulate_gradient,False
rh,65782,agranular,dysgranular,cingulate_gradient,False
rh,65783,agranular,dysgranular,cingulate_gradient,False
rh,65784,agranular,dysgranular,cingulate_gradient,False
rh,65785,agranular,dysgranular,cingulate_gradient,False
rh,65786,agranular,dysgranular,cingulate_gradient,False
rh,65787,agranular,dysgranular,cingulate_gradient,False
rh,65788,agranular,dysgranular,cingulate_gradient,False
rh,65789,agranular,dysgranular,cingulate_gradient,False
rh,65815,unknown,agranular,ring_closure,False
rh,65816,unknown,agranular,ring_closure,False
rh,65817,unknown,agranular,ring_closure,False
rh,65818,unknown,agranular,ring_closure,False
rh,65819,unknown,agranular,ring_closure,False
rh,65820,unknown,agranular,ring_closure,False
rh,65821,unknown,agranular,ring_closure,False
rh,65822,unknown,agranular,ring_closure,False
rh,65823,unknown,agranular,ring_closure,True
rh,65824,unknown,agranular,ring_closure,True
rh,65825,unknown,agranular,ring_closure,True
rh,65826,unknown,agranular,ring_closure,True
rh,65827,unknown,agranular,ring_closure,True
rh,65828,unknown,agranular,ring_closure,True
rh,66840,eulaminate III,eulaminate II,boundary_smooth,False
rh,66841,eulaminate III,eulaminate II,boundary_smooth,False
rh,68400,agranular,dysgranular,cingulate_gradient,False
rh,68401,agranular,dysgranular,cingulate_gradient,False
rh,68402,agranular,dysgranular,cingulate_gradient,False
rh,68403,agranular,dysgranular,cingulate_gradient,False
rh,68404,agranular,dysgranular,cingulate_gradient,False
rh,68405,agranular,dysgranular,cingulate_gradient,False
rh,68406,agranular,dysgranular,cingulate_gradient,False
rh,68407,agranular,dysgranular,cingulate_gradient,False
rh,68408,agranular,dysgranular,cingulate_gradient,False
rh,68409,agranular,dysgranular,cingulate_gradient,False
rh,68410,agranular,dysgranular,cingulate_gradient,False
rh,68411,agranular,dysgranular,cingulate_gradient,False
rh,68412,agranular,dysgranular,cingulate_gradient,False
rh,68413,agranular,dysgranular,cingulate_gradient,False
rh,68414,agranular,dysgranular,cingulate_gradient,False
rh,68415,agranular,dysgranular,cingulate_gradient,False
rh,68416,agranular,dysgranular,cingulate_gradient,False
rh,68417,agranular,dysgranular,cingulate_gradient,False
rh,68418,agranular,dysgranular,cingulate_gradient,False
rh,68419,agranular,dysgranular,cingulate_gradient,False
rh,68420,agranular,dysgranular,cingulate_gradient,False
rh,68421,agranular,dysgranular,cingulate_gradient,False
rh,68423,unknown,agranular,ring_closure,False
rh,68431,unknown,agranular,ring_closure,False
rh,68432,unknown,agranular,ring_closure,False
rh,68433,unknown,agranular,ring_closure,False
rh,68453,unknown,agranular,ring_closure,False
rh,68454,unknown,agranular,ring_closure,False
rh,68455,unknown,agranular,ring_closure,False
rh,68470,unknown,agranular,ring_closure,False
rh,68471,unknown,agranular,ring_closure,False
rh,68472,unknown,agranular,ring_closure,False
rh,68473,unknown,agranular,ring_closure,False
rh,68474,unknown,agranular,ring_closure,True
rh,68475,unknown,agranular,ring_closure,True
rh,68476,unknown,agranular,ring_closure,True
rh,68477,unknown,agranular,ring_closure,True
rh,68481,unknown,agranular,ring_closure,True
rh,68731,agranular,dysgranular,cingulate_gradient,False
rh,68732,agranular,dysgranular,cingulate_gradient,False
rh,68733,agranular,dysgranular,cingulate_gradient,False
rh,68734,agranular,dysgranular,cingulate_gradient,False
rh,68735,agranular,dysgranular,cingulate_gradient,False
rh,68736,agranular,dysgranular,cingulate_gradient,False
rh,69093,eulaminate III,eulaminate II,boundary_smooth,False
rh,69106,eulaminate II,eulaminate III,boundary_smooth,False
rh,70079,eulaminate III,eulaminate II,boundary_smooth,False
rh,70081,eulaminate II,eulaminate III,boundary_smooth,False
rh,71304,eulaminate III,eulaminate II,boundary_smooth,False
rh,73315,eulaminate I,eulaminate II,boundary_smooth,False
rh,73327,eulaminate I,eulaminate II,boundary_smooth,False
rh,73822,unknown,agranular,ring_closure,False
rh,73828,unknown,agranular,ring_closure,True
rh,73829,unknown,agranular,ring_closure,True
rh,73830,unknown,agranular,ring_closure,True
rh,73834,unknown,agranular,ring_closure,True
rh,73835,unknown,agranular,ring_closure,True
rh,73836,unknown,agranular,ring_closure,True
rh,73837,unknown,agranular,ring_closure,True
rh,73838,unknown,agranular,ring_closure,True
rh,73839,unknown,agranular,ring_closure,False
rh,73840,unknown,agranular,ring_closure,True
rh,73841,unknown,agranular,ring_closure,False
rh,73842,unknown,agranular,ring_closure,False
rh,73843,unknown,agranular,ring_closure,False
rh,73844,unknown,agranular,ring_closure,False
rh,73845,unknown,agranular,ring_closure,False
rh,73846,unknown,agranular,ring_closure,False
rh,73847,unknown,agranular,ring_closure,False
rh,73848,unknown,agranular,ring_closure,True
rh,73849,unknown,agranular,ring_closure,True
rh,73850,unknown,agranular,ring_closure,True
rh,73851,unknown,agranular,ring_closure,True
rh,73852,unknown,agranular,ring_closure,True
rh,73859,unknown,agranular,ring_closure,True
rh,73861,unknown,agranular,ring_closure,True
rh,77650,unknown,agranular,ring_closure,False
rh,77651,unknown,agranular,ring_closure,False
rh,77652,unknown,agranular,ring_closure,False
rh,77653,unknown,agranular,ring_closure,False
rh,77654,unknown,agranular,ring_closure,False
rh,77657,unknown,agranular,ring_closure,False
rh,77658,unknown,agranular,ring_closure,False
rh,77659,unknown,agranular,ring_closure,False
rh,77660,unknown,agranular,ring_closure,True
rh,77661,unknown,agranular,ring_closure,True
rh,77662,unknown,agranular,ring_closure,True
rh,77663,unknown,agranular,ring_closure,True
rh,77664,unknown,agranular,ring_closure,True
rh,77673,unknown,agranular,ring_closure,False
rh,77674,unknown,agranular,ring_closure,False
rh,77675,unknown,agranular,ring_closure,False
rh,77676,unknown,agranular,ring_closure,False
rh,77677,unknown,agranular,ring_closure,False
rh,77678,unknown,agranular,ring_closure,True
rh,77679,unknown,agranular,ring_closure,True
rh,77680,unknown,agranular,ring_closure,True
rh,77682,unknown,agranular,ring_closure,True
rh,77683,unknown,agranular,ring_closure,True
rh,77684,unknown,agranular,ring_closure,True
rh,77685,unknown,agranular,ring_closure,True
rh,77686,unknown,agranular,ring_closure,True
rh,77687,unknown,agranular,ring_closure,True
rh,77737,unknown,agranular,ring_closure,True
rh,77739,unknown,agranular,ring_closure,True
rh,77746,unknown,agranular,ring_closure,True
rh,77747,unknown,agranular,ring_closure,True
rh,77763,unknown,agranular,ring_closure,True
rh,77793,agranular,dysgranular,cingulate_gradient,False
rh,77794,agranular,dysgranular,cingulate_gradient,False
rh,77795,agranular,dysgranular,cingulate_gradient,False
rh,77796,agranular,dysgranular,cingulate_gradient,False
rh,77797,agranular,dysgranular,cingulate_gradient,False
rh,77798,agranular,dysgranular,cingulate_gradient,False
rh,77799,agranular,dysgranular,cingulate_gradient,False
rh,77800,agranular,dysgranular,cingulate_gradient,False
rh,77801,agranular,dysgranular,cingulate_gradient,False
rh,77802,agranular,dysgranular,cingulate_gradient,False
rh,77803,agranular,dysgranular,cingulate_gradient,False
rh,77804,agranular,dysgranular,cingulate_gradient,False
rh,77808,agranular,dysgranular,cingulate_gradient,False
rh,77809,agranular,dysgranular,cingulate_gradient,False
rh,77810,agranular,dysgranular,cingulate_gradient,False
rh,77811,agranular,dysgranular,cingulate_gradient,False
rh,77812,agranular,dysgranular,cingulate_gradient,False
rh,77813,agranular,dysgranular,cingulate_gradient,False
rh,77814,agranular,dysgranular,cingulate_gradient,False
rh,77815,agranular,dysgranular,cingulate_gradient,False
rh,77816,agranular,dysgranular,cingulate_gradient,False
rh,77817,agranular,dysgranular,cingulate_gradient,False
rh,77818,agranular,dysgranular,cingulate_gradient,False
rh,77819,agranular,dysgranular,cingulate_gradient,False
rh,77820,agranular,dysgranular,cingulate_gradient,False
rh,77821,agranular,dysgranular,cingulate_gradient,False
rh,77822,agranular,dysgranular,cingulate_gradient,False
rh,77823,agranular,dysgranular,cingulate_gradient,False
rh,77824,agranular,dysgranular,cingulate_gradient,False
rh,77825,agranular,dysgranular,cingulate_gradient,False
rh,77826,agranular,dysgranular,cingulate_gradient,False
rh,77827,agranular,dysgranular,cingulate_gradient,False
rh,77828,agranular,dysgranular,cingulate_gradient,False
rh,77829,agranular,dysgranular,cingulate_gradient,False
rh,77830,agranular,dysgranular,cingulate_gradient,False
rh,77831,agranular,dysgranular,cingulate_gradient,False
rh,77832,agranular,dysgranular,cingulate_gradient,False
rh,77833,agranular,dysgranular,cingulate_gradient,False
rh,77834,agranular,dysgranular,cingulate_gradient,False
rh,77835,agranular,dysgranular,cingulate_gradient,False
rh,77836,agranular,dysgranular,cingulate_gradient,False
rh,77837,agranular,dysgranular,cingulate_gradient,False
rh,77838,agranular,dysgranular,cingulate_gradient,False
rh,77839,agranular,dysgranular,cingulate_gradient,False
rh,77840,agranular,dysgranular,cingulate_gradient,False
rh,77841,agranular,dysgranular,cingulate_gradient,False
rh,77842,agranular,dysgranular,cingulate_gradient,False
rh,77843,agranular,dysgranular,cingulate_gradient,False
rh,77844,agranular,dysgranular,cingulate_gradient,False
rh,77857,agranular,dysgranular,cingulate_gradient,False
rh,77858,agranular,dysgranular,cingulate_gradient,False
rh,77859,agranular,dysgranular,cingulate_gradient,False
rh,77860,agranular,dysgranular,cingulate_gradient,False
rh,77861,agranular,dysgranular,cingulate_gradient,False
rh,77862,agranular,dysgranular,cingulate_gradient,False
rh,77863,agranular,dysgranular,cingulate_gradient,False
rh,77864,agranular,dysgranular,cingulate_gradient,False
rh,77865,agranular,dysgranular,cingulate_gradient,False
rh,77866,agranular,dysgranular,cingulate_gradient,False
rh,77867,agranular,dysgranular,cingulate_gradient,False
rh,77868,agranular,dysgranular,cingulate_gradient,False
rh,77869,agranular,dysgranular,cingulate_gradient,False
rh,77870,agranular,dysgranular,cingulate_gradient,False
rh,77871,agranular,dysgranular,cingulate_gradient,False
rh,77872,agranular,dysgranular,cingulate_gradient,False
rh,77876,agranular,dysgranular,cingulate_gradient,False
rh,77877,agranular,dysgranular,cingulate_gradient,False
rh,77878,agranular,dysgranular,cingulate_gradient,False
rh,77879,agranular,dysgranular,cingulate_gradient,False
rh,77880,agranular,dysgranular,cingulate_gradient,False
rh,77882,agranular,dysgranular,cingulate_gradient,False
rh,77883,agranular,dysgranular,cingulate_gradient,False
rh,77884,agranular,dysgranular,cingulate_gradient,False
rh,77885,agranular,dysgranular,cingulate_gradient,False
rh,77886,agranular,dysgranular,cingulate_gradient,False
rh,77887,agranular,dysgranular,cingulate_gradient,False
rh,77888,agranular,dysgranular,cingulate_gradient,False
rh,77889,agranular,dysgranular,cingulate_gradient,False
rh,77890,agranular,dysgranular,cingulate_gradient,False
rh,77891,agranular,dysgranular,cingulate_gradient,False
rh,77892,agranular,dysgranular,cingulate_gradient,False
rh,77893,agranular,dysgranular,cingulate_gradient,False
rh,77894,agranular,dysgranular,cingulate_gradient,False
rh,77895,agranular,dysgranular,cingulate_gradient,False
rh,77896,agranular,dysgranular,cingulate_gradient,False
rh,77897,agranular,dysgranular,cingulate_gradient,False
rh,77898,agranular,dysgranular,cingulate_gradient,False
rh,77899,agranular,dysgranular,cingulate_gradient,False
rh,77900,agranular,dysgranular,cingulate_gradient,False
rh,77901,agranular,dysgranular,cingulate_gradient,False
rh,77902,agranular,dysgranular,cingulate_gradient,False
rh,77932,unknown,agranular,ring_closure,False
rh,77933,unknown,agranular,ring_closure,False
rh,77934,unknown,agranular,ring_closure,False
rh,77935,unknown,agranular,ring_closure,True
rh,77936,unknown,agranular,ring_closure,True
rh,77937,unknown,agranular,ring_closure,True
rh,77938,unknown,agranular,ring_closure,True
rh,77939,unknown,agranular,ring_closure,True
rh,77942,unknown,agranular,ring_closure,False
rh,77943,unknown,agranular,ring_closure,False
rh,77944,unknown,agranular,ring_closure,False
rh,77945,unknown,agranular,ring_closure,False
rh,77946,unknown,agranular,ring_closure,False
rh,77947,unknown,agranular,ring_closure,True
rh,77949,unknown,agranular,ring_closure,True
rh,77953,unknown,agranular,ring_closure,True
rh,77954,unknown,agranular,ring_closure,True
rh,77955,unknown,agranular,ring_closure,True
rh,77956,unknown,agranular,ring_closure,True
rh,77957,unknown,agranular,ring_closure,True
rh,79068,dysgranular,eulaminate I,boundary_smooth,False
rh,79070,eulaminate I,dysgranular,boundary_smooth,False
rh,80983,eulaminate III,eulaminate II,boundary_smooth,False
rh,83132,eulaminate I,eulaminate II,boundary_smooth,False
rh,83824,dysgranular,eulaminate I,boundary_smooth,False
rh,83827,eulaminate I,dysgranular,boundary_smooth,False
rh,84653,dysgranular,eulaminate I,boundary_smooth,False
rh,85688,agranular,dysgranular,cingulate_gradient,False
rh,85689,agranular,dysgranular,cingulate_gradient,False
rh,85690,agranular,dysgranular,cingulate_gradient,False
rh,85691,agranular,dysgranular,cingulate_gradient,False
rh,85692,agranular,dysgranular,cingulate_gradient,False
rh,85693,agranular,dysgranular,cingulate_gradient,False
rh,85694,agranular,dysgranular,cingulate_gradient,False
rh,85695,agranular,dysgranular,cingulate_gradient,False
rh,85696,agranular,dysgranular,cingulate_gradient,False
rh,85697,agranular,dysgranular,cingulate_gradient,False
rh,85698,agranular,dysgranular,cingulate_gradient,False
rh,85699,agranular,dysgranular,cingulate_gradient,False
rh,85700,agranular,dysgranular,cingulate_gradient,False
rh,85701,agranular,dysgranular,cingulate_gradient,False
rh,85702,agranular,dysgranular,cingulate_gradient,False
rh,85703,agranular,dysgranular,cingulate_gradient,False
rh,85704,agranular,dysgranular,cingulate_gradient,False
rh,85705,agranular,dysgranular,cingulate_gradient,False
rh,85706,agranular,dysgranular,cingulate_gradient,False
rh,85707,agranular,dysgranular,cingulate_gradient,False
rh,85708,agranular,dysgranular,cingulate_gradient,False
rh,85709,agranular,dysgranular,cingulate_gradient,False
rh,85710,agranular,dysgranular,cingulate_gradient,False
rh,85711,agranular,dysgranular,cingulate_gradient,False
rh,85712,agranular,dysgranular,cingulate_gradient,False
rh,85713,agranular,dysgranular,cingulate_gradient,False
rh,85714,agranular,dysgranular,cingulate_gradient,False
rh,85715,agranular,dysgranular,cingulate_gradient,False
rh,85716,agranular,dysgranular,cingulate_gradient,False
rh,85717,agranular,dysgranular,cingulate_gradient,False
rh,85718,agranular,dysgranular,cingulate_gradient,False
rh,85719,agranular,dysgranular,cingulate_gradient,False
rh,85720,agranular,dysgranular,cingulate_gradient,False
rh,85721,agranular,dysgranular,cingulate_gradient,False
rh,85722,agranular,dysgranular,cingulate_gradient,False
rh,85723,agranular,dysgranular,cingulate_gradient,False
rh,85724,agranular,dysgranular,cingulate_gradient,False
rh,85789,agranular,dysgranular,cingulate_gradient,False
rh,85790,agranular,dysgranular,cingulate_gradient,False
rh,85791,agranular,dysgranular,cingulate_gradient,False
rh,85792,agranular,dysgranular,cingulate_gradient,False
rh,85793,agranular,dysgranular,cingulate_gradient,False
rh,85794,agranular,dysgranular,cingulate_gradient,False
rh,85795,agranular,dysgranular,cingulate_gradient,False
rh,85796,agranular,dysgranular,cingulate_gradient,False
rh,85797,agranular,dysgranular,cingulate_gradient,False
rh,85798,agranular,dysgranular,cingulate_gradient,False
rh,85799,agranular,dysgranular,cingulate_gradient,False
rh,85800,agranular,dysgranular,cingulate_gradient,False
rh,85803,agranular,dysgranular,cingulate_gradient,False
rh,85804,agranular,dysgranular,cingulate_gradient,False
rh,85805,agranular,dysgranular,cingulate_gradient,False
rh,85806,agranular,dysgranular,cingulate_gradient,False
rh,85807,agranular,dysgranular,cingulate_gradient,False
rh,85808,agranular,dysgranular,cingulate_gradient,False
rh,85810,agranular,dysgranular,cingulate_gradient,False
rh,85811,agranular,dysgranular,cingulate_gradient,False
rh,85812,agranular,dysgranular,cingulate_gradient,False
rh,85824,agranular,dysgranular,cingulate_gradient,False
rh,85825,agranular,dysgranular,cingulate_gradient,False
rh,85832,agranular,dysgranular,cingulate_gradient,False
rh,85833,agranular,dysgranular,cingulate_gradient,False
rh,85834,agranular,dysgranular,cingulate_gradient,False
rh,85835,agranular,dysgranular,cingulate_gradient,False
rh,85836,agranular,dysgranular,cingulate_gradient,False
rh,85837,agranular,dysgranular,cingulate_gradient,False
rh,85849,agranular,dysgranular,cingulate_gradient,False
rh,85851,agranular,dysgranular,cingulate_gradient,False
rh,85852,agranular,dysgranular,cingulate_gradient,False
rh,85853,agranular,dysgranular,cingulate_gradient,False
rh,85854,agranular,dysgranular,cingulate_gradient,False
rh,85855,agranular,dysgranular,cingulate_gradient,False
rh,85856,agranular,dysgranular,cingulate_gradient,False
rh,85857,agranular,dysgranular,cingulate_gradient,False
rh,85858,agranular,dysgranular,cingulate_gradient,False
rh,85859,agranular,dysgranular,cingulate_gradient,False
rh,85860,agranular,dysgranular,cingulate_gradient,False
rh,85868,agranular,dysgranular,cingulate_gradient,False
rh,85869,agranular,dysgranular,cingulate_gradient,False
rh,85870,agranular,dysgranular,cingulate_gradient,False
rh,85890,agranular,dysgranular,cingulate_gradient,False
rh,85892,agranular,dysgranular,cingulate_gradient,False
rh,85911,agranular,dysgranular,cingulate_gradient,False
rh,85912,agranular,dysgranular,cingulate_gradient,False
rh,85916,agranular,dysgranular,cingulate_gradient,False
rh,85917,agranular,dysgranular,cingulate_gradient,False
rh,85918,agranular,dysgranular,cingulate_gradient,False
rh,85919,agranular,dysgranular,cingulate_gradient,False
rh,85920,agranular,dysgranular,cingulate_gradient,False
rh,85921,agranular,dysgranular,cingulate_gradient,False
rh,85922,agranular,dysgranular,cingulate_gradient,False
rh,85923,agranular,dysgranular,cingulate_gradient,False
rh,85924,agranular,dysgranular,cingulate_gradient,False
rh,85925,agranular,dysgranular,cingulate_gradient,False
rh,85930,agranular,dysgranular,cingulate_gradient,False
rh,85940,agranular,dysgranular,cingulate_gradient,False
rh,86392,eulaminate II,eulaminate III,boundary_smooth,False
rh,86679,agranular,dysgranular,cingulate_gradient,False
rh,86680,agranular,dysgranular,cingulate_gradient,False
rh,86681,agranular,dysgranular,cingulate_gradient,False
rh,86682,agranular,dysgranular,cingulate_gradient,False
rh,86683,agranular,dysgranular,cingulate_gradient,False
rh,86684,agranular,dysgranular,cingulate_gradient,False
rh,86685,agranular,dysgranular,cingulate_gradient,False
rh,86686,agranular,dysgranular,cingulate_gradient,False
rh,86687,agranular,dysgranular,cingulate_gradient,False
rh,86688,agranular,dysgranular,cingulate_gradient,False
rh,88488,eulaminate III,eulaminate II,boundary_smooth,False
rh,88494,eulaminate II,eulaminate III,boundary_smooth,False
rh,89713,dysgranular,agranular,boundary_smooth,False
rh,89714,agranular,dysgranular,boundary_smooth,False
rh,90312,dysgranular,eulaminate I,boundary_smooth,False
rh,91583,eulaminate II,eulaminate III,boundary_smooth,False
rh,91954,eulaminate I,dysgranular,boundary_smooth,False
rh,92627,unknown,agranular,ring_closure,False
rh,92628,unknown,agranular,ring_closure,False
rh,92629,unknown,agranular,ring_closure,False
rh,92630,unknown,agranular,ring_closure,False
rh,92631,unknown,agranular,ring_closure,False
rh,92653,unknown,agranular,ring_closure,False
rh,93150,eulaminate I,dysgranular,boundary_smooth,False
rh,93174,unknown,agranular,ring_closure,True
rh,93176,unknown,agranular,ring_closure,True
rh,93177,unknown,agranular,ring_closure,True
rh,93178,unknown,agranular,ring_closure,True
rh,93179,unknown,agranular,ring_closure,True
rh,93180,unknown,agranular,ring_closure,True
rh,93219,eulaminate II,eulaminate III,boundary_smooth,False
rh,93221,eulaminate II,eulaminate III,boundary_smooth,False
rh,93836,agranular,dysgranular,cingulate_gradient,False
rh,94248,unknown,agranular,ring_closure,True
rh,94249,unknown,agranular,ring_closure,True
rh,94250,unknown,agranular,ring_closure,True
rh,94251,unknown,agranular,ring_closure,True
rh,94252,unknown,agranular,ring_closure,True
rh,94952,eulaminate III,eulaminate II,boundary_smooth,False
rh,95022,unknown,agranular,ring_closure,True
rh,95023,unknown,agranular,ring_closure,True
rh,95024,unknown,agranular,ring_closure,True
rh,95049,agranular,dysgranular,cingulate_gradient,False
rh,95050,agranular,dysgranular,cingulate_gradient,False
rh,95051,agranular,dysgranular,cingulate_gradient,False
rh,95052,agranular,dysgranular,cingulate_gradient,False
rh,95053,agranular,dysgranular,cingulate_gradient,False
rh,95054,agranular,dysgranular,cingulate_gradient,False
rh,95055,agranular,dysgranular,cingulate_gradient,False
rh,95056,agranular,dysgranular,cingulate_gradient,False
rh,95057,agranular,dysgranular,cingulate_gradient,False
rh,95062,agranular,dysgranular,cingulate_gradient,False
rh,96624,agranular,dysgranular,cingulate_gradient,False
rh,96625,agranular,dysgranular,cingulate_gradient,False
rh,96626,agranular,dysgranular,cingulate_gradient,False
rh,96627,agranular,dysgranular,cingulate_gradient,False
rh,96628,agranular,dysgranular,cingulate_gradient,False
rh,96629,agranular,dysgranular,cingulate_gradient,False
rh,96630,agranular,dysgranular,cingulate_gradient,False
rh,96631,agranular,dysgranular,cingulate_gradient,False
rh,96632,agranular,dysgranular,cingulate_gradient,False
rh,96633,agranular,dysgranular,cingulate_gradient,False
rh,96634,agranular,dysgranular,cingulate_gradient,False
rh,96635,agranular,dysgranular,cingulate_gradient,False
rh,96636,agranular,dysgranular,cingulate_gradient,False
rh,96637,agranular,dysgranular,cingulate_gradient,False
rh,96661,agranular,dysgranular,cingulate_gradient,False
rh,96662,agranular,dysgranular,cingulate_gradient,False
rh,96663,agranular,dysgranular,cingulate_gradient,False
rh,96664,agranular,dysgranular,cingulate_gradient,False
rh,96665,agranular,dysgranular,cingulate_gradient,False
rh,96666,agranular,dysgranular,cingulate_gradient,False
rh,96667,agranular,dysgranular,cingulate_gradient,False
rh,96817,agranular,dysgranular,cingulate_gradient,False
rh,96819,agranular,dysgranular,cingulate_gradient,False
rh,96820,agranular,dysgranular,cingulate_gradient,False
rh,96821,agranular,dysgranular,cingulate_gradient,False
rh,96822,agranular,dysgranular,cingulate_gradient,False
rh,96823,agranular,dysgranular,cingulate_gradient,False
rh,96824,agranular,dysgranular,cingulate_gradient,False
rh,96825,agranular,dysgranular,cingulate_gradient,False
rh,98156,agranular,dysgranular,cingulate_gradient,False
rh,98565,agranular,dysgranular,cingulate_gradient,False
rh,98566,agranular,dysgranular,cingulate_gradient,False
rh,98567,agranular,dysgranular,cingulate_gradient,False
rh,98695,eulaminate I,eulaminate II,boundary_smooth,False
rh,99328,unknown,agranular,ring_closure,True
rh,99350,unknown,agranular,ring_closure,False
rh,99351,unknown,agranular,ring_closure,False
rh,99372,agranular,dysgranular,cingulate_gradient,False
rh,99373,agranular,dysgranular,cingulate_gradient,False
rh,99374,agranular,dysgranular,cingulate_gradient,False
rh,99375,agranular,dysgranular,cingulate_gradient,False
rh,99376,agranular,dysgranular,cingulate_gradient,False
rh,99377,agranular,dysgranular,cingulate_gradient,False
rh,99395,unknown,agranular,ring_closure,False
rh,99396,unknown,agranular,ring_closure,True
rh,99397,unknown,agranular,ring_closure,False
rh,99398,unknown,agranular,ring_closure,True
rh,99399,unknown,agranular,ring_closure,True
rh,99400,unknown,agranular,ring_closure,True
rh,100944,agranular,dysgranular,cingulate_gradient,False
rh,100945,agranular,dysgranular,cingulate_gradient,False
rh,100946,agranular,dysgranular,cingulate_gradient,False
rh,100947,agranular,dysgranular,cingulate_gradient,False
rh,100948,agranular,dysgranular,cingulate_gradient,False
rh,100949,agranular,dysgranular,cingulate_gradient,False
rh,100950,agranular,dysgranular,cingulate_gradient,False
rh,100951,agranular,dysgranular,cingulate_gradient,False
rh,100952,agranular,dysgranular,cingulate_gradient,False
rh,100953,agranular,dysgranular,cingulate_gradient,False
rh,100954,agranular,dysgranular,cingulate_gradient,False
rh,100955,agranular,dysgranular,cingulate_gradient,False
rh,100958,unknown,agranular,ring_closure,False
rh,100959,unknown,agranular,ring_closure,False
rh,100960,unknown,agranular,ring_closure,False
rh,100961,unknown,agranular,ring_closure,False
rh,100962,unknown,agranular,ring_closure,False
rh,100963,unknown,agranular,ring_closure,False
rh,100964,unknown,agranular,ring_closure,False
rh,100965,unknown,agranular,ring_closure,False
rh,100976,unknown,agranular,ring_closure,False
rh,100977,unknown,agranular,ring_closure,False
rh,100978,unknown,agranular,ring_closure,False
rh,100979,unknown,agranular,ring_closure,False
rh,100983,unknown,agranular,ring_closure,False
rh,100984,unknown,agranular,ring_closure,False
rh,100985,unknown,agranular,ring_closure,False
rh,100986,unknown,agranular,ring_closure,False
rh,100987,unknown,agranular,ring_closure,False
rh,100988,unknown,agranular,ring_closure,True
rh,101142,agranular,dysgranular,cingulate_gradient,False
rh,101143,agranular,dysgranular,cingulate_gradient,False
rh,101144,agranular,dysgranular,cingulate_gradient,False
rh,101145,agranular,dysgranular,cingulate_gradient,False
rh,102961,agranular,dysgranular,cingulate_gradient,False
rh,103888,eulaminate II,eulaminate I,boundary_smooth,False
rh,104189,unknown,agranular,ring_closure,False
rh,104190,unknown,agranular,ring_closure,False
rh,104191,unknown,agranular,ring_closure,False
rh,104196,unknown,agranular,ring_closure,False
rh,104197,unknown,agranular,ring_closure,False
rh,104207,unknown,agranular,ring_closure,True
rh,104208,unknown,agranular,ring_closure,True
rh,104209,unknown,agranular,ring_closure,True
rh,104210,unknown,agranular,ring_closure,True
rh,104211,unknown,agranular,ring_closure,True
rh,104212,unknown,agranular,ring_closure,False
rh,104213,unknown,agranular,ring_closure,True
rh,104214,unknown,agranular,ring_closure,True
rh,104215,unknown,agranular,ring_closure,True
rh,105305,eulaminate II,eulaminate I,boundary_smooth,False
rh,106497,unknown,agranular,ring_closure,False
rh,106498,unknown,agranular,ring_closure,False
rh,106499,unknown,agranular,ring_closure,False
rh,106500,unknown,agranular,ring_closure,False
rh,106501,unknown,agranular,ring_closure,True
rh,106502,unknown,agranular,ring_closure,True
rh,106503,unknown,agranular,ring_closure,True
rh,106504,unknown,agranular,ring_closure,True
rh,106505,unknown,agranular,ring_closure,True
rh,106508,unknown,agranular,ring_closure,False
rh,106509,unknown,agranular,ring_closure,False
rh,106510,unknown,agranular,ring_closure,False
rh,106546,unknown,agranular,ring_closure,True
rh,106547,unknown,agranular,ring_closure,True
rh,106548,unknown,agranular,ring_closure,True
rh,106549,unknown,agranular,ring_closure,True
rh,106552,unknown,agranular,ring_closure,True
rh,106553,unknown,agranular,ring_closure,True
rh,106554,unknown,agranular,ring_closure,True
rh,106561,unknown,agranular,ring_closure,True
rh,106580,agranular,dysgranular,cingulate_gradient,False
rh,106581,agranular,dysgranular,cingulate_gradient,False
rh,106582,agranular,dysgranular,cingulate_gradient,False
rh,106583,agranular,dysgranular,cingulate_gradient,False
rh,106584,agranular,dysgranular,cingulate_gradient,False
rh,106585,agranular,dysgranular,cingulate_gradient,False
rh,106586,agranular,dysgranular,cingulate_gradient,False
rh,106589,agranular,dysgranular,cingulate_gradient,False
rh,106590,agranular,dysgranular,cingulate_gradient,False
rh,106591,agranular,dysgranular,cingulate_gradient,False
rh,106592,agranular,dysgranular,cingulate_gradient,False
rh,106593,agranular,dysgranular,cingulate_gradient,False
rh,106594,agranular,dysgranular,cingulate_gradient,False
rh,106595,agranular,dysgranular,cingulate_gradient,False
rh,106596,agranular,dysgranular,cingulate_gradient,False
rh,106597,agranular,dysgranular,cingulate_gradient,False
rh,106598,agranular,dysgranular,cingulate_gradient,False
rh,106599,agranular,dysgranular,cingulate_gradient,False
rh,106600,agranular,dysgranular,cingulate_gradient,False
rh,106601,agranular,dysgranular,cingulate_gradient,False
rh,106602,agranular,dysgranular,cingulate_gradient,False
rh,106603,agranular,dysgranular,cingulate_gradient,False
rh,106604,agranular,dysgranular,cingulate_gradient,False
rh,106605,agranular,dysgranular,cingulate_gradient,False
rh,106606,agranular,dysgranular,cingulate_gradient,False
rh,106607,agranular,dysgranular,cingulate_gradient,False
rh,106608,agranular,dysgranular,cingulate_gradient,False
rh,106609,agranular,dysgranular,cingulate_gradient,False
rh,106610,agranular,dysgranular,cingulate_gradient,False
rh,106611,agranular,dysgranular,cingulate_gradient,False
rh,106612,agranular,dysgranular,cingulate_gradient,False
rh,106619,agranular,dysgranular,cingulate_gradient,False
rh,106620,agranular,dysgranular,cingulate_gradient,False
rh,106621,agranular,dysgranular,cingulate_gradient,False
rh,106622,agranular,dysgranular,cingulate_gradient,False
rh,106623,agranular,dysgranular,cingulate_gradient,False
rh,106624,agranular,dysgranular,cingulate_gradient,False
rh,106625,agranular,dysgranular,cingulate_gradient,False
rh,106626,agranular,dysgranular,cingulate_gradient,False
rh,106627,agranular,dysgranular,cingulate_gradient,False
rh,106631,agranular,dysgranular,cingulate_gradient,False
rh,106632,agranular,dysgranular,cingulate_gradient,False
rh,106633,agranular,dysgranular,cingulate_gradient,False
rh,106634,agranular,dysgranular,cingulate_gradient,False
rh,106635,agranular,dysgranular,cingulate_gradient,False
rh,106636,agranular,dysgranular,cingulate_gradient,False
rh,106637,agranular,dysgranular,cingulate_gradient,False
rh,106638,agranular,dysgranular,cingulate_gradient,False
rh,106639,agranular,dysgranular,cingulate_gradient,False
rh,106640,agranular,dysgranular,cingulate_gradient,False
rh,106641,agranular,dysgranular,cingulate_gradient,False
rh,106642,agranular,dysgranular,cingulate_gradient,False
rh,106643,agranular,dysgranular,cingulate_gradient,False
rh,106644,agranular,dysgranular,cingulate_gradient,False
rh,106645,agranular,dysgranular,cingulate_gradient,False
rh,106662,unknown,agranular,ring_closure,False
rh,106663,unknown,agranular,ring_closure,False
rh,106664,unknown,agranular,ring_closure,False
rh,106665,unknown,agranular,ring_closure,False
rh,106666,unknown,agranular,ring_closure,False
rh,106667,unknown,agranular,ring_closure,True
rh,106668,unknown,agranular,ring_closure,False
rh,106669,unknown,agranular,ring_closure,False
rh,106670,unknown,agranular,ring_closure,False
rh,106671,unknown,agranular,ring_closure,True
rh,106672,unknown,agranular,ring_closure,True
rh,107682,eulaminate III,eulaminate II,boundary_smooth,False
rh,108514,dysgranular,eulaminate I,boundary_smooth,False
rh,108530,dysgranular,eulaminate I,boundary_smooth,False
rh,108554,dysgranular,eulaminate I,boundary_smooth,False
rh,108588,eulaminate II,eulaminate I,boundary_smooth,False
rh,108607,dysgranular,eulaminate I,boundary_smooth,False
rh,110200,eulaminate I,dysgranular,boundary_smooth,False
rh,110437,dysgranular,eulaminate I,boundary_smooth,False
rh,111317,agranular,dysgranular,cingulate_gradient,False
rh,111318,agranular,dysgranular,cingulate_gradient,False
rh,111319,agranular,dysgranular,cingulate_gradient,False
rh,111320,agranular,dysgranular,cingulate_gradient,False
rh,111321,agranular,dysgranular,cingulate_gradient,False
rh,111322,agranular,dysgranular,cingulate_gradient,False
rh,111323,agranular,dysgranular,cingulate_gradient,False
rh,111324,agranular,dysgranular,cingulate_gradient,False
rh,111325,agranular,dysgranular,cingulate_gradient,False
rh,111326,agranular,dysgranular,cingulate_gradient,False
rh,111327,agranular,dysgranular,cingulate_gradient,False
rh,111328,agranular,dysgranular,cingulate_gradient,False
rh,111329,agranular,dysgranular,cingulate_gradient,False
rh,111330,agranular,dysgranular,cingulate_gradient,False
rh,111331,agranular,dysgranular,cingulate_gradient,False
rh,111332,agranular,dysgranular,cingulate_gradient,False
rh,111333,agranular,dysgranular,cingulate_gradient,False
rh,111334,agranular,dysgranular,cingulate_gradient,False
rh,111335,agranular,dysgranular,cingulate_gradient,False
rh,111336,agranular,dysgranular,cingulate_gradient,False
rh,111337,agranular,dysgranular,cingulate_gradient,False
rh,111338,agranular,dysgranular,cingulate_gradient,False
rh,111379,agranular,dysgranular,cingulate_gradient,False
rh,111380,agranular,dysgranular,cingulate_gradient,False
rh,111381,agranular,dysgranular,cingulate_gradient,False
rh,111382,agranular,dysgranular,cingulate_gradient,False
rh,111384,agranular,dysgranular,cingulate_gradient,False
rh,111385,agranular,dysgranular,cingulate_gradient,False
rh,111386,agranular,dysgranular,cingulate_gradient,False
rh,111387,agranular,dysgranular,cingulate_gradient,False
rh,111388,agranular,dysgranular,cingulate_gradient,False
rh,111389,agranular,dysgranular,cingulate_gradient,False
rh,111390,agranular,dysgranular,cingulate_gradient,False
rh,111391,agranular,dysgranular,cingulate_gradient,False
rh,111392,agranular,dysgranular,cingulate_gradient,False
rh,111399,agranular,dysgranular,cingulate_gradient,False
rh,111400,agranular,dysgranular,cingulate_gradient,False
rh,111401,agranular,dysgranular,cingulate_gradient,False
rh,111402,agranular,dysgranular,cingulate_gradient,False
rh,111403,agranular,dysgranular,cingulate_gradient,False
rh,111404,agranular,dysgranular,cingulate_gradient,False
rh,111405,agranular,dysgranular,cingulate_gradient,False
rh,111406,agranular,dysgranular,cingulate_gradient,False
rh,111415,agranular,dysgranular,cingulate_gradient,False
rh,111416,agranular,dysgranular,cingulate_gradient,False
rh,111417,agranular,dysgranular,cingulate_gradient,False
rh,111418,agranular,dysgranular,cingulate_gradient,False
rh,111419,agranular,dysgranular,cingulate_gradient,False
rh,111420,agranular,dysgranular,cingulate_gradient,False
rh,111421,agranular,dysgranular,cingulate_gradient,False
rh,111422,agranular,dysgranular,cingulate_gradient,False
rh,111425,agranular,dysgranular,cingulate_gradient,False
rh,111426,agranular,dysgranular,cingulate_gradient,False
rh,111438,agranular,dysgranular,cingulate_gradient,False
rh,111439,agranular,dysgranular,cingulate_gradient,False
rh,111440,agranular,dysgranular,cingulate_gradient,False
rh,111441,agranular,dysgranular,cingulate_gradient,False
rh,111445,agranular,dysgranular,cingulate_gradient,False
rh,111446,agranular,dysgranular,cingulate_gradient,False
rh,111456,agranular,dysgranular,cingulate_gradient,False
rh,111457,agranular,dysgranular,cingulate_gradient,False
rh,111458,agranular,dysgranular,cingulate_gradient,False
rh,111459,agranular,dysgranular,cingulate_gradient,False
rh,111460,agranular,dysgranular,cingulate_gradient,False
rh,111461,agranular,dysgranular,cingulate_gradient,False
rh,111462,agranular,dysgranular,cingulate_gradient,False
rh,111463,agranular,dysgranular,cingulate_gradient,False
rh,111464,agranular,dysgranular,cingulate_gradient,False
rh,111470,agranular,dysgranular,cingulate_gradient,False
rh,111910,agranular,dysgranular,cingulate_gradient,False
rh,111911,agranular,dysgranular,cingulate_gradient,False
rh,111912,agranular,dysgranular,cingulate_gradient,False
rh,111913,agranular,dysgranular,cingulate_gradient,False
rh,111914,agranular,dysgranular,cingulate_gradient,False
rh,111915,agranular,dysgranular,cingulate_gradient,False
rh,111916,agranular,dysgranular,cingulate_gradient,False
rh,111917,agranular,dysgranular,cingulate_gradient,False
rh,112199,eulaminate II,eulaminate III,boundary_smooth,False
rh,112555,eulaminate III,eulaminate II,boundary_smooth,False
rh,112999,eulaminate III,eulaminate II,boundary_smooth,False
rh,114934,eulaminate I,eulaminate II,boundary_smooth,False
rh,115379,agranular,dysgranular,cingulate_gradient,False
rh,115380,agranular,dysgranular,cingulate_gradient,False
rh,115381,agranular,dysgranular,cingulate_gradient,False
rh,115382,agranular,dysgranular,cingulate_gradient,False
rh,115383,agranular,dysgranular,cingulate_gradient,False
rh,115746,eulaminate II,eulaminate I,boundary_smooth,False
rh,116291,unknown,agranular,ring_closure,True
rh,116293,unknown,agranular,ring_closure,True
rh,116294,unknown,agranular,ring_closure,True
rh,116295,unknown,agranular,ring_closure,True
rh,116296,unknown,agranular,ring_closure,False
rh,116297,unknown,agranular,ring_closure,True
rh,116298,unknown,agranular,ring_closure,True
rh,116299,unknown,agranular,ring_closure,True
rh,116300,unknown,agranular,ring_closure,True
rh,116301,unknown,agranular,ring_closure,True
rh,116333,agranular,dysgranular,cingulate_gradient,False
rh,116347,unknown,agranular,ring_closure,False
rh,116348,unknown,agranular,ring_closure,False
rh,116349,unknown,agranular,ring_closure,False
rh,116350,unknown,agranular,ring_closure,False
rh,116351,unknown,agranular,ring_closure,False
rh,116352,unknown,agranular,ring_closure,True
rh,116353,unknown,agranular,ring_closure,True
rh,117406,eulaminate I,eulaminate II,boundary_smooth,False
rh,117552,agranular,dysgranular,cingulate_gradient,False
rh,117553,agranular,dysgranular,cingulate_gradient,False
rh,117554,agranular,dysgranular,cingulate_gradient,False
rh,117555,agranular,dysgranular,cingulate_gradient,False
rh,117556,agranular,dysgranular,cingulate_gradient,False
rh,117563,unknown,agranular,ring_closure,True
rh,117564,unknown,agranular,ring_closure,False
rh,117565,unknown,agranular,ring_closure,True
rh,117566,unknown,agranular,ring_closure,True
rh,117567,unknown,agranular,ring_closure,False
rh,117568,unknown,agranular,ring_closure,True
rh,117569,unknown,agranular,ring_closure,True
rh,117570,unknown,agranular,ring_closure,False
rh,117571,unknown,agranular,ring_closure,False
rh,117572,unknown,agranular,ring_closure,False
rh,117573,unknown,agranular,ring_closure,False
rh,117574,unknown,agranular,ring_closure,False
rh,117575,unknown,agranular,ring_closure,False
rh,117576,unknown,agranular,ring_closure,False
rh,117577,unknown,agranular,ring_closure,False
rh,117578,unknown,agranular,ring_closure,True
rh,117579,unknown,agranular,ring_closure,True
rh,117580,unknown,agranular,ring_closure,False
rh,117581,unknown,agranular,ring_closure,False
rh,117582,unknown,agranular,ring_closure,False
rh,117583,unknown,agranular,ring_closure,True
rh,117584,unknown,agranular,ring_closure,True
rh,117585,unknown,agranular,ring_closure,True
rh,117586,unknown,agranular,ring_closure,True
rh,119112,agranular,dysgranular,cingulate_gradient,False
rh,119123,agranular,dysgranular,cingulate_gradient,False
rh,119124,agranular,dysgranular,cingulate_gradient,False
rh,120074,unknown,agranular,ring_closure,False
rh,120075,unknown,agranular,ring_closure,False
rh,120076,unknown,agranular,ring_closure,False
rh,120077,unknown,agranular,ring_closure,False
rh,120078,unknown,agranular,ring_closure,False
rh,120079,unknown,agranular,ring_closure,False
rh,120080,unknown,agranular,ring_closure,False
rh,120081,unknown,agranular,ring_closure,False
rh,120082,unknown,agranular,ring_closure,False
rh,121875,unknown,agranular,ring_closure,False
rh,121876,unknown,agranular,ring_closure,False
rh,121877,unknown,agranular,ring_closure,False
rh,121878,unknown,agranular,ring_closure,False
rh,121879,unknown,agranular,ring_closure,False
rh,121880,unknown,agranular,ring_closure,False
rh,121881,unknown,agranular,ring_closure,True
rh,121882,unknown,agranular,ring_closure,True
rh,121883,unknown,agranular,ring_closure,True
rh,121884,unknown,agranular,ring_closure,True
rh,121885,unknown,agranular,ring_closure,True
rh,121939,agranular,dysgranular,cingulate_gradient,False
rh,121940,agranular,dysgranular,cingulate_gradient,False
rh,121941,agranular,dysgranular,cingulate_gradient,False
rh,121942,agranular,dysgranular,cingulate_gradient,False
rh,121943,agranular,dysgranular,cingulate_gradient,False
rh,121944,agranular,dysgranular,cingulate_gradient,False
rh,121945,agranular,dysgranular,cingulate_gradient,False
rh,121946,agranular,dysgranular,cingulate_gradient,False
rh,121947,agranular,dysgranular,cingulate_gradient,False
rh,121948,agranular,dysgranular,cingulate_gradient,False
rh,121949,agranular,dysgranular,cingulate_gradient,False
rh,121950,agranular,dysgranular,cingulate_gradient,False
rh,121951,agranular,dysgranular,cingulate_gradient,False
rh,121952,agranular,dysgranular,cingulate_gradient,False
rh,121953,agranular,dysgranular,cingulate_gradient,False
rh,121954,agranular,dysgranular,cingulate_gradient,False
rh,121955,agranular,dysgranular,cingulate_gradient,False
rh,121956,agranular,dysgranular,cingulate_gradient,False
rh,121957,agranular,dysgranular,cingulate_gradient,False
rh,121958,agranular,dysgranular,cingulate_gradient,False
rh,121959,agranular,dysgranular,cingulate_gradient,False
rh,121960,agranular,dysgranular,cingulate_gradient,False
rh,121961,agranular,dysgranular,cingulate_gradient,False
rh,121962,agranular,dysgranular,boundary_smooth,False
rh,121963,agranular,dysgranular,cingulate_gradient,False
rh,121964,agranular,dysgranular,cingulate_gradient,False
rh,121965,agranular,dysgranular,cingulate_gradient,False
rh,121966,agranular,dysgranular,cingulate_gradient,False
rh,121967,agranular,dysgranular,cingulate_gradient,False
rh,121968,agranular,dysgranular,cingulate_gradient,False
rh,121969,agranular,dysgranular,cingulate_gradient,False
rh,121970,agranular,dysgranular,cingulate_gradient,False
rh,121971,agranular,dysgranular,cingulate_gradient,False
rh,121972,agranular,dysgranular,cingulate_gradient,False
rh,122002,unknown,agranular,ring_closure,False
rh,122003,unknown,agranular,ring_closure,False
rh,122004,unknown,agranular,ring_closure,True
rh,122005,unknown,agranular,ring_closure,True
rh,123221,eulaminate I,eulaminate II,boundary_smooth,False
rh,124763,eulaminate I,dysgranular,boundary_smooth,False
rh,125133,dysgranular,eulaminate I,boundary_smooth,False
rh,125616,agranular,dysgranular,cingulate_gradient,False
rh,125617,agranular,dysgranular,cingulate_gradient,False
rh,125618,agranular,dysgranular,cingulate_gradient,False
rh,125619,agranular,dysgranular,cingulate_gradient,False
rh,125620,agranular,dysgranular,cingulate_gradient,False
rh,125621,agranular,dysgranular,cingulate_gradient,False
rh,125622,agranular,dysgranular,cingulate_gradient,False
rh,125623,agranular,dysgranular,cingulate_gradient,False
rh,125624,agranular,dysgranular,cingulate_gradient,False
rh,125625,agranular,dysgranular,cingulate_gradient,False
rh,125626,agranular,dysgranular,cingulate_gradient,False
rh,125627,agranular,dysgranular,cingulate_gradient,False
rh,125628,agranular,dysgranular,cingulate_gradient,False
rh,125629,agranular,dysgranular,cingulate_gradient,False
rh,125630,agranular,dysgranular,cingulate_gradient,False
rh,125631,agranular,dysgranular,cingulate_gradient,False
rh,125632,agranular,dysgranular,cingulate_gradient,False
rh,125633,agranular,dysgranular,cingulate_gradient,False
rh,125634,agranular,dysgranular,cingulate_gradient,False
rh,125635,agranular,dysgranular,cingulate_gradient,False
rh,125636,agranular,dysgranular,cingulate_gradient,False
rh,125637,agranular,dysgranular,cingulate_gradient,False
rh,125639,agranular,dysgranular,cingulate_gradient,False
rh,125642,agranular,dysgranular,cingulate_gradient,False
rh,125699,agranular,dysgranular,cingulate_gradient,False
rh,125700,agranular,dysgranular,cingulate_gradient,False
rh,125701,agranular,dysgranular,cingulate_gradient,False
rh,125702,agranular,dysgranular,cingulate_gradient,False
rh,125703,agranular,dysgranular,cingulate_gradient,False
rh,125704,agranular,dysgranular,cingulate_gradient,False
rh,125705,agranular,dysgranular,cingulate_gradient,False
rh,125706,agranular,dysgranular,cingulate_gradient,False
rh,125707,agranular,dysgranular,cingulate_gradient,False
rh,125708,agranular,dysgranular,cingulate_gradient,False
rh,125709,agranular,dysgranular,cingulate_gradient,False
rh,125710,agranular,dysgranular,cingulate_gradient,False
rh,125712,agranular,dysgranular,cingulate_gradient,False
rh,125713,agranular,dysgranular,cingulate_gradient,False
rh,125714,agranular,dysgranular,cingulate_gradient,False
rh,125715,agranular,dysgranular,cingulate_gradient,False
rh,125716,agranular,dysgranular,cingulate_gradient,False
rh,125717,agranular,dysgranular,cingulate_gradient,False
rh,125718,agranular,dysgranular,cingulate_gradient,False
rh,125719,agranular,dysgranular,cingulate_gradient,False
rh,125720,agranular,dysgranular,cingulate_gradient,False
rh,126081,agranular,dysgranular,cingulate_gradient,False
rh,126082,agranular,dysgranular,cingulate_gradient,False
rh,126083,agranular,dysgranular,cingulate_gradient,False
rh,126084,agranular,dysgranular,cingulate_gradient,False
rh,126085,agranular,dysgranular,cingulate_gradient,False
rh,126086,agranular,dysgranular,cingulate_gradient,False
rh,126087,agranular,dysgranular,cingulate_gradient,False
rh,126580,eulaminate II,eulaminate III,boundary_smooth,False
rh,127706,dysgranular,agranular,boundary_smooth,False
rh,127769,dysgranular,agranular,boundary_smooth,False
rh,127771,agranular,dysgranular,boundary_smooth,False
rh,129136,agranular,dysgranular,cingulate_gradient,False
rh,129137,agranular,dysgranular,cingulate_gradient,False
rh,129138,agranular,dysgranular,cingulate_gradient,False
rh,129139,agranular,dysgranular,cingulate_gradient,False
rh,129140,agranular,dysgranular,cingulate_gradient,False
rh,129141,agranular,dysgranular,cingulate_gradient,False
rh,129145,agranular,dysgranular,cingulate_gradient,False
rh,129146,agranular,dysgranular,cingulate_gradient,False
rh,129147,agranular,dysgranular,cingulate_gradient,False
rh,129375,eulaminate II,eulaminate I,boundary_smooth,False
rh,129660,eulaminate III,eulaminate II,boundary_smooth,False
rh,131641,unknown,agranular,ring_closure,False
rh,131642,unknown,agranular,ring_closure,False
rh,131651,unknown,agranular,ring_closure,False
rh,131652,unknown,agranular,ring_closure,False
rh,131653,unknown,agranular,ring_closure,False
rh,131654,unknown,agranular,ring_closure,False
rh,131655,unknown,agranular,ring_closure,False
rh,131656,unknown,agranular,ring_closure,False
rh,131657,unknown,agranular,ring_closure,True
rh,131658,unknown,agranular,ring_closure,True
rh,131659,unknown,agranular,ring_closure,True
rh,131660,unknown,agranular,ring_closure,True
rh,131662,unknown,agranular,ring_closure,True
rh,131663,unknown,agranular,ring_closure,True
rh,131664,unknown,agranular,ring_closure,True
rh,131665,unknown,agranular,ring_closure,False
rh,131666,unknown,agranular,ring_closure,True
rh,131667,unknown,agranular,ring_closure,True
rh,131668,unknown,agranular,ring_closure,False
rh,131698,agranular,dysgranular,cingulate_gradient,False
rh,131699,agranular,dysgranular,cingulate_gradient,False
rh,131707,agranular,dysgranular,cingulate_gradient,False
rh,131708,agranular,dysgranular,cingulate_gradient,False
rh,131709,agranular,dysgranular,cingulate_gradient,False
rh,131710,agranular,dysgranular,cingulate_gradient,False
rh,131711,agranular,dysgranular,cingulate_gradient,False
rh,131712,agranular,dysgranular,cingulate_gradient,False
rh,131713,agranular,dysgranular,cingulate_gradient,False
rh,131714,agranular,dysgranular,cingulate_gradient,False
rh,131715,agranular,dysgranular,cingulate_gradient,False
rh,131716,agranular,dysgranular,cingulate_gradient,False
rh,131717,agranular,dysgranular,cingulate_gradient,False
rh,131753,unknown,agranular,ring_closure,False
rh,131754,unknown,agranular,ring_closure,False
rh,131755,unknown,agranular,ring_closure,False
rh,131756,unknown,agranular,ring_closure,True
rh,131758,unknown,agranular,ring_closure,False
rh,131759,unknown,agranular,ring_closure,False
rh,131760,unknown,agranular,ring_closure,False
rh,131761,unknown,agranular,ring_closure,False
rh,131762,unknown,agranular,ring_closure,False
rh,131763,unknown,agranular,ring_closure,True
rh,131764,unknown,agranular,ring_closure,True
rh,131765,unknown,agranular,ring_closure,True
rh,131766,unknown,agranular,ring_closure,True
rh,132012,eulaminate I,eulaminate II,boundary_smooth,False
rh,134444,eulaminate I,dysgranular,boundary_smooth,False
rh,135024,agranular,dysgranular,cingulate_gradient,False
rh,135025,agranular,dysgranular,cingulate_gradient,False
rh,135026,agranular,dysgranular,cingulate_gradient,False
rh,135027,agranular,dysgranular,cingulate_gradient,False
rh,135028,agranular,dysgranular,cingulate_gradient,False
rh,135029,agranular,dysgranular,cingulate_gradient,False
rh,135030,agranular,dysgranular,cingulate_gradient,False
rh,135031,agranular,dysgranular,cingulate_gradient,False
rh,135032,agranular,dysgranular,cingulate_gradient,False
rh,135033,agranular,dysgranular,cingulate_gradient,False
rh,135034,agranular,dysgranular,cingulate_gradient,False
rh,135035,agranular,dysgranular,cingulate_gradient,False
rh,135036,agranular,dysgranular,cingulate_gradient,False
rh,135037,agranular,dysgranular,cingulate_gradient,False
rh,135038,agranular,dysgranular,cingulate_gradient,False
rh,135039,agranular,dysgranular,cingulate_gradient,False
rh,135040,agranular,dysgranular,cingulate_gradient,False
rh,135041,agranular,dysgranular,cingulate_gradient,False
rh,135042,agranular,dysgranular,cingulate_gradient,False
rh,135043,agranular,dysgranular,cingulate_gradient,False
rh,135044,agranular,dysgranular,cingulate_gradient,False
rh,135045,agranular,dysgranular,cingulate_gradient,False
rh,135046,agranular,dysgranular,cingulate_gradient,False
rh,135047,agranular,dysgranular,cingulate_gradient,False
rh,135048,agranular,dysgranular,cingulate_gradient,False
rh,135049,agranular,dysgranular,cingulate_gradient,False
rh,135050,agranular,dysgranular,cingulate_gradient,False
rh,135051,agranular,dysgranular,cingulate_gradient,False
rh,135052,agranular,dysgranular,cingulate_gradient,False
rh,135064,unknown,agranular,ring_closure,False
rh,135065,unknown,agranular,ring_closure,False
rh,135067,unknown,agranular,ring_closure,False
rh,135114,unknown,agranular,ring_closure,False
rh,135115,unknown,agranular,ring_closure,False
rh,135119,unknown,agranular,ring_closure,True
rh,135120,unknown,agranular,ring_closure,True
rh,135121,unknown,agranular,ring_closure,True
rh,135122,unknown,agranular,ring_closure,True
rh,135124,unknown,agranular,ring_closure,True
rh,135125,unknown,agranular,ring_closure,True
rh,135126,unknown,agranular,ring_closure,True
rh,135127,unknown,agranular,ring_closure,True
rh,135128,unknown,agranular,ring_closure,True
rh,135129,unknown,agranular,ring_closure,True
rh,135444,agranular,dysgranular,cingulate_gradient,False
rh,135445,agranular,dysgranular,cingulate_gradient,False
rh,135446,agranular,dysgranular,cingulate_gradient,False
rh,135447,agranular,dysgranular,cingulate_gradient,False
rh,135448,agranular,dysgranular,cingulate_gradient,False
rh,135449,agranular,dysgranular,cingulate_gradient,False
rh,135450,agranular,dysgranular,cingulate_gradient,False
rh,137655,eulaminate II,eulaminate III,boundary_smooth,False
rh,137656,eulaminate III,eulaminate II,boundary_smooth,False
rh,140652,eulaminate II,eulaminate I,boundary_smooth,False
rh,141008,eulaminate II,eulaminate III,boundary_smooth,False
rh,141128,eulaminate II,eulaminate I,boundary_smooth,False
rh,141642,dysgranular,eulaminate I,boundary_smooth,False
rh,141750,unknown,agranular,ring_closure,True
rh,141751,unknown,agranular,ring_closure,True
rh,141754,unknown,agranular,ring_closure,True
rh,141755,unknown,agranular,ring_closure,True
rh,141756,unknown,agranular,ring_closure,True
rh,141757,unknown,agranular,ring_closure,True
rh,141763,unknown,agranular,ring_closure,True
rh,141764,unknown,agranular,ring_closure,True
rh,141765,unknown,agranular,ring_closure,True
rh,141766,unknown,agranular,ring_closure,False
rh,141767,unknown,agranular,ring_closure,False
rh,141768,unknown,agranular,ring_closure,False
rh,141769,unknown,agranular,ring_closure,False
rh,141770,unknown,agranular,ring_closure,True
rh,141771,unknown,agranular,ring_closure,False
rh,141772,unknown,agranular,ring_closure,False
rh,141773,unknown,agranular,ring_closure,False
rh,141777,unknown,agranular,ring_closure,False
rh,141778,unknown,agranular,ring_closure,False
rh,141779,unknown,agranular,ring_closure,False
rh,141780,unknown,agranular,ring_closure,False
rh,141781,unknown,agranular,ring_closure,False
rh,141782,unknown,agranular,ring_closure,False
rh,141783,unknown,agranular,ring_closure,True
rh,141784,unknown,agranular,ring_closure,True
rh,141787,unknown,agranular,ring_closure,True
rh,141790,unknown,agranular,ring_closure,True
rh,141791,unknown,agranular,ring_closure,True
rh,141792,unknown,agranular,ring_closure,True
rh,141793,unknown,agranular,ring_closure,True
rh,141794,unknown,agranular,ring_closure,True
rh,141795,unknown,agranular,ring_closure,True
rh,143888,eulaminate II,eulaminate I,boundary_smooth,False
rh,143890,eulaminate II,eulaminate I,boundary_smooth,False
rh,146400,unknown,agranular,ring_closure,False
rh,146402,unknown,agranular,ring_closure,False
rh,146403,unknown,agranular,ring_closure,False
rh,146404,unknown,agranular,ring_closure,False
rh,146405,unknown,agranular,ring_closure,True
rh,146406,unknown,agranular,ring_closure,True
rh,146409,unknown,agranular,ring_closure,False
rh,146410,unknown,agranular,ring_closure,False
rh,146411,unknown,agranular,ring_closure,False
rh,146412,unknown,agranular,ring_closure,False
rh,146413,unknown,agranular,ring_closure,False
rh,146414,unknown,agranular,ring_closure,True
rh,146415,unknown,agranular,ring_closure,True
rh,146416,unknown,agranular,ring_closure,True
rh,146419,unknown,agranular,ring_closure,True
rh,146431,unknown,agranular,ring_closure,False
rh,146432,unknown,agranular,ring_closure,False
rh,146433,unknown,agranular,ring_closure,False
rh,146434,unknown,agranular,ring_closure,True
rh,146435,unknown,agranular,ring_closure,True
rh,146436,unknown,agranular,ring_closure,True
rh,146437,unknown,agranular,ring_closure,True
rh,146438,unknown,agranular,ring_closure,True
rh,146439,unknown,agranular,ring_closure,True
rh,146440,unknown,agranular,ring_closure,True
rh,146441,unknown,agranular,ring_closure,True
rh,146442,unknown,agranular,ring_closure,True
rh,146443,unknown,agranular,ring_closure,True
rh,146444,unknown,agranular,ring_closure,True
rh,146509,unknown,agranular,ring_closure,True
rh,146515,unknown,agranular,ring_closure,True
rh,146516,unknown,agranular,ring_closure,True
rh,146518,unknown,agranular,ring_closure,True
rh,146570,agranular,dysgranular,cingulate_gradient,False
rh,146578,agranular,dysgranular,cingulate_gradient,False
rh,146579,agranular,dysgranular,cingulate_gradient,False
rh,146580,agranular,dysgranular,cingulate_gradient,False
rh,146581,agranular,dysgranular,cingulate_gradient,False
rh,146582,agranular,dysgranular,cingulate_gradient,False
rh,146583,agranular,dysgranular,cingulate_gradient,False
rh,146584,agranular,dysgranular,cingulate_gradient,False
rh,146585,agranular,dysgranular,cingulate_gradient,False
rh,146586,agranular,dysgranular,cingulate_gradient,False
rh,146587,agranular,dysgranular,cingulate_gradient,False
rh,146588,agranular,dysgranular,cingulate_gradient,False
rh,146595,agranular,dysgranular,cingulate_gradient,False
rh,146596,agranular,dysgranular,cingulate_gradient,False
rh,146597,agranular,dysgranular,cingulate_gradient,False
rh,146598,agranular,dysgranular,cingulate_gradient,False
rh,146599,agranular,dysgranular,cingulate_gradient,False
rh,146600,agranular,dysgranular,cingulate_gradient,False
rh,146601,agranular,dysgranular,cingulate_gradient,False
rh,146602,agranular,dysgranular,cingulate_gradient,False
rh,146603,agranular,dysgranular,cingulate_gradient,False
rh,146604,agranular,dysgranular,cingulate_gradient,False
rh,146605,agranular,dysgranular,cingulate_gradient,False
rh,146606,agranular,dysgranular,cingulate_gradient,False
rh,146607,agranular,dysgranular,cingulate_gradient,False
rh,146608,agranular,dysgranular,cingulate_gradient,False
rh,146609,agranular,dysgranular,cingulate_gradient,False
rh,146610,agranular,dysgranular,cingulate_gradient,False
rh,146611,agranular,dysgranular,cingulate_gradient,False
rh,146612,agranular,dysgranular,cingulate_gradient,False
rh,146613,agranular,dysgranular,cingulate_gradient,False
rh,146614,agranular,dysgranular,cingulate_gradient,False
rh,146615,agranular,dysgranular,cingulate_gradient,False
rh,146616,agranular,dysgranular,cingulate_gradient,False
rh,146617,agranular,dysgranular,cingulate_gradient,False
rh,146618,agranular,dysgranular,cingulate_gradient,False
rh,146619,agranular,dysgranular,cingulate_gradient,False
rh,146620,agranular,dysgranular,cingulate_gradient,False
rh,146621,agranular,dysgranular,cingulate_gradient,False
rh,146622,agranular,dysgranular,cingulate_gradient,False
rh,146623,agranular,dysgranular,cingulate_gradient,False
rh,146624,agranular,dysgranular,cingulate_gradient,False
rh,146625,agranular,dysgranular,cingulate_gradient,False
rh,146626,agranular,dysgranular,cingulate_gradient,False
rh,146627,agranular,dysgranular,cingulate_gradient,False
rh,146628,agranular,dysgranular,cingulate_gradient,False
rh,146629,agranular,dysgranular,cingulate_gradient,False
rh,146630,agranular,dysgranular,cingulate_gradient,False
rh,146631,agranular,dysgranular,cingulate_gradient,False
rh,146632,agranular,dysgranular,cingulate_gradient,False
rh,146633,agranular,dysgranular,cingulate_gradient,False
rh,146634,agranular,dysgranular,cingulate_gradient,False
rh,146635,agranular,dysgranular,cingulate_gradient,False
rh,146637,agranular,dysgranular,cingulate_gradient,False
rh,146651,agranular,dysgranular,cingulate_gradient,False
rh,146652,agranular,dysgranular,cingulate_gradient,False
rh,146653,agranular,dysgranular,cingulate_gradient,False
rh,146654,agranular,dysgranular,cingulate_gradient,False
rh,146655,agranular,dysgranular,cingulate_gradient,False
rh,146656,agranular,dysgranular,cingulate_gradient,False
rh,146657,agranular,dysgranular,cingulate_gradient,False
rh,146658,agranular,dysgranular,cingulate_gradient,False
rh,146659,agranular,dysgranular,cingulate_gradient,False
rh,146660,agranular,dysgranular,cingulate_gradient,False
rh,146661,agranular,dysgranular,cingulate_gradient,False
rh,146662,agranular,dysgranular,cingulate_gradient,False
rh,146663,agranular,dysgranular,cingulate_gradient,False
rh,146664,agranular,dysgranular,cingulate_gradient,False
rh,146665,agranular,dysgranular,cingulate_gradient,False
rh,146666,agranular,dysgranular,cingulate_gradient,False
rh,146667,agranular,dysgranular,cingulate_gradient,False
rh,146668,agranular,dysgranular,cingulate_gradient,False
rh,146669,agranular,dysgranular,cingulate_gradient,False
rh,146672,agranular,dysgranular,cingulate_gradient,False
rh,146674,agranular,dysgranular,cingulate_gradient,False
rh,146675,agranular,dysgranular,cingulate_gradient,False
rh,146676,agranular,dysgranular,cingulate_gradient,False
rh,146677,agranular,dysgranular,cingulate_gradient,False
rh,146678,agranular,dysgranular,cingulate_gradient,False
rh,146679,agranular,dysgranular,cingulate_gradient,False
rh,146680,agranular,dysgranular,cingulate_gradient,False
rh,146681,agranular,dysgranular,cingulate_gradient,False
rh,146682,agranular,dysgranular,cingulate_gradient,False
rh,146683,agranular,dysgranular,cingulate_gradient,False
rh,146684,agranular,dysgranular,cingulate_gradient,False
rh,146685,agranular,dysgranular,cingulate_gradient,False
rh,146686,agranular,dysgranular,cingulate_gradient,False
rh,146687,agranular,dysgranular,cingulate_gradient,False
rh,146688,agranular,dysgranular,cingulate_gradient,False
rh,146689,agranular,dysgranular,cingulate_gradient,False
rh,146690,agranular,dysgranular,cingulate_gradient,False
rh,146691,agranular,dysgranular,cingulate_gradient,False
rh,146692,agranular,dysgranular,cingulate_gradient,False
rh,146693,agranular,dysgranular,cingulate_gradient,False
rh,146694,agranular,dysgranular,cingulate_gradient,False
rh,146695,agranular,dysgranular,cingulate_gradient,False
rh,146696,agranular,dysgranular,cingulate_gradient,False
rh,146697,agranular,dysgranular,cingulate_gradient,False
rh,146698,agranular,dysgranular,cingulate_gradient,False
rh,146699,agranular,dysgranular,cingulate_gradient,False
rh,146700,agranular,dysgranular,cingulate_gradient,False
rh,146701,agranular,dysgranular,cingulate_gradient,False
rh,146702,agranular,dysgranular,cingulate_gradient,False
rh,146703,agranular,dysgranular,cingulate_gradient,False
rh,146704,agranular,dysgranular,cingulate_gradient,False
rh,146705,agranular,dysgranular,cingulate_gradient,False
rh,146708,agranular,dysgranular,cingulate_gradient,False
rh,146711,agranular,dysgranular,cingulate_gradient,False
rh,146712,agranular,dysgranular,cingulate_gradient,False
rh,146713,agranular,dysgranular,cingulate_gradient,False
rh,146742,unknown,agranular,ring_closure,False
rh,146743,unknown,agranular,ring_closure,False
rh,146744,unknown,agranular,ring_closure,False
rh,146745,unknown,agranular,ring_closure,False
rh,146746,unknown,agranular,ring_closure,False
rh,146747,unknown,agranular,ring_closure,True
rh,146748,unknown,agranular,ring_closure,True
rh,146749,unknown,agranular,ring_closure,True
rh,146754,unknown,agranular,ring_closure,False
rh,146755,unknown,agranular,ring_closure,False
rh,146756,unknown,agranular,ring_closure,False
rh,146757,unknown,agranular,ring_closure,False
rh,146758,unknown,agranular,ring_closure,False
rh,146759,unknown,agranular,ring_closure,False
rh,146760,unknown,agranular,ring_closure,True
rh,146761,unknown,agranular,ring_closure,True
rh,146762,unknown,agranular,ring_closure,True
rh,146764,unknown,agranular,ring_closure,True
rh,146765,unknown,agranular,ring_closure,True
rh,146766,unknown,agranular,ring_closure,True
rh,146767,unknown,agranular,ring_closure,True
rh,146768,unknown,agranular,ring_closure,True
rh,146769,unknown,agranular,ring_closure,True
rh,146770,unknown,agranular,ring_closure,True
rh,146771,unknown,agranular,ring_closure,True
rh,146773,unknown,agranular,ring_closure,True
rh,146774,unknown,agranular,ring_closure,True
rh,148088,eulaminate I,dysgranular,boundary_smooth,False
rh,149416,eulaminate II,eulaminate I,boundary_smooth,False
rh,150492,eulaminate I,dysgranular,boundary_smooth,False
rh,151257,eulaminate III,eulaminate II,boundary_smooth,False
rh,152494,eulaminate II,eulaminate I,boundary_smooth,False
rh,153006,eulaminate II,eulaminate I,boundary_smooth,False
rh,153838,dysgranular,eulaminate I,boundary_smooth,False
rh,154201,eulaminate III,eulaminate II,boundary_smooth,False
rh,154202,eulaminate III,eulaminate II,boundary_smooth,False
rh,154223,eulaminate I,dysgranular,boundary_smooth,False
rh,155075,dysgranular,eulaminate I,boundary_smooth,False
rh,155078,eulaminate I,dysgranular,boundary_smooth,False
rh,156073,agranular,dysgranular,cingulate_gradient,False
rh,156074,agranular,dysgranular,cingulate_gradient,False
rh,156075,agranular,dysgranular,cingulate_gradient,False
rh,156076,agranular,dysgranular,cingulate_gradient,False
rh,156077,agranular,dysgranular,cingulate_gradient,False
rh,156078,agranular,dysgranular,cingulate_gradient,False
rh,156079,agranular,dysgranular,cingulate_gradient,False
rh,156080,agranular,dysgranular,cingulate_gradient,False
rh,156082,agranular,dysgranular,cingulate_gradient,False
rh,156083,agranular,dysgranular,cingulate_gradient,False
rh,156084,agranular,dysgranular,cingulate_gradient,False
rh,156085,agranular,dysgranular,cingulate_gradient,False
rh,156086,agranular,dysgranular,cingulate_gradient,False
rh,156087,agranular,dysgranular,cingulate_gradient,False
rh,156088,agranular,dysgranular,cingulate_gradient,False
rh,156089,agranular,dysgranular,cingulate_gradient,False
rh,156091,agranular,dysgranular,cingulate_gradient,False
rh,156092,agranular,dysgranular,cingulate_gradient,False
rh,156093,agranular,dysgranular,cingulate_gradient,False
rh,156094,agranular,dysgranular,cingulate_gradient,False
rh,156095,agranular,dysgranular,cingulate_gradient,False
rh,156096,agranular,dysgranular,cingulate_gradient,False
rh,156097,agranular,dysgranular,cingulate_gradient,False
rh,156098,agranular,dysgranular,cingulate_gradient,False
rh,156099,agranular,dysgranular,cingulate_gradient,False
rh,156100,agranular,dysgranular,cingulate_gradient,False
rh,156101,agranular,dysgranular,cingulate_gradient,False
rh,156102,agranular,dysgranular,cingulate_gradient,False
rh,156103,agranular,dysgranular,cingulate_gradient,False
rh,156104,agranular,dysgranular,cingulate_gradient,False
rh,156105,agranular,dysgranular,cingulate_gradient,False
rh,156106,agranular,dysgranular,cingulate_gradient,False
rh,156107,agranular,dysgranular,cingulate_gradient,False
rh,156108,agranular,dysgranular,cingulate_gradient,False
rh,156109,agranular,dysgranular,cingulate_gradient,False
rh,156110,agranular,dysgranular,cingulate_gradient,False
rh,156111,agranular,dysgranular,cingulate_gradient,False
rh,156112,agranular,dysgranular,cingulate_gradient,False
rh,156113,agranular,dysgranular,cingulate_gradient,False
rh,156114,agranular,dysgranular,cingulate_gradient,False
rh,156115,agranular,dysgranular,cingulate_gradient,False
rh,156171,agranular,dysgranular,cingulate_gradient,False
rh,156196,agranular,dysgranular,cingulate_gradient,False
rh,156197,agranular,dysgranular,cingulate_gradient,False
rh,156198,agranular,dysgranular,cingulate_gradient,False
rh,156199,agranular,dysgranular,cingulate_gradient,False
rh,156200,agranular,dysgranular,cingulate_gradient,False
rh,156201,agranular,dysgranular,cingulate_gradient,False
rh,156202,agranular,dysgranular,cingulate_gradient,False
rh,156203,agranular,dysgranular,cingulate_gradient,False
rh,156204,agranular,dysgranular,cingulate_gradient,False
rh,156205,agranular,dysgranular,cingulate_gradient,False
rh,156206,agranular,dysgranular,cingulate_gradient,False
rh,156210,agranular,dysgranular,cingulate_gradient,False
rh,156211,agranular,dysgranular,cingulate_gradient,False
rh,156212,agranular,dysgranular,cingulate_gradient,False
rh,156213,agranular,dysgranular,cingulate_gradient,False
rh,156214,agranular,dysgranular,cingulate_gradient,False
rh,156215,agranular,dysgranular,cingulate_gradient,False
rh,156220,agranular,dysgranular,cingulate_gradient,False
rh,156221,agranular,dysgranular,cingulate_gradient,False
rh,156235,agranular,dysgranular,cingulate_gradient,False
rh,156236,agranular,dysgranular,cingulate_gradient,False
rh,156238,agranular,dysgranular,cingulate_gradient,False
rh,156247,agranular,dysgranular,cingulate_gradient,False
rh,156261,agranular,dysgranular,cingulate_gradient,False
rh,156269,agranular,dysgranular,cingulate_gradient,False
rh,156270,agranular,dysgranular,cingulate_gradient,False
rh,156271,agranular,dysgranular,cingulate_gradient,False
rh,156272,agranular,dysgranular,cingulate_gradient,False
rh,156273,agranular,dysgranular,cingulate_gradient,False
rh,156274,agranular,dysgranular,cingulate_gradient,False
rh,156275,agranular,dysgranular,cingulate_gradient,False
rh,156276,agranular,dysgranular,cingulate_gradient,False
rh,156277,agranular,dysgranular,cingulate_gradient,False
rh,156278,agranular,dysgranular,cingulate_gradient,False
rh,156289,agranular,dysgranular,cingulate_gradient,False
rh,156290,agranular,dysgranular,cingulate_gradient,False
rh,156339,agranular,dysgranular,cingulate_gradient,False
rh,156340,agranular,dysgranular,cingulate_gradient,False
rh,156341,agranular,dysgranular,cingulate_gradient,False
rh,156342,agranular,dysgranular,cingulate_gradient,False
rh,156349,agranular,dysgranular,cingulate_gradient,False
rh,156350,agranular,dysgranular,cingulate_gradient,False
rh,156351,agranular,dysgranular,cingulate_gradient,False
rh,156352,agranular,dysgranular,cingulate_gradient,False
rh,156353,agranular,dysgranular,cingulate_gradient,False
rh,156354,agranular,dysgranular,cingulate_gradient,False
rh,156355,agranular,dysgranular,cingulate_gradient,False
rh,156356,agranular,dysgranular,cingulate_gradient,False
rh,156372,agranular,dysgranular,cingulate_gradient,False
rh,156374,agranular,dysgranular,cingulate_gradient,False
rh,156375,agranular,dysgranular,cingulate_gradient,False
rh,156487,agranular,dysgranular,cingulate_gradient,False
rh,156488,agranular,dysgranular,cingulate_gradient,False
rh,156489,agranular,dysgranular,cingulate_gradient,False
rh,156492,agranular,dysgranular,cingulate_gradient,False
rh,156493,agranular,dysgranular,cingulate_gradient,False
rh,156494,agranular,dysgranular,cingulate_gradient,False
rh,156495,agranular,dysgranular,cingulate_gradient,False
rh,156521,agranular,dysgranular,cingulate_gradient,False
rh,156522,agranular,dysgranular,cingulate_gradient,False
rh,156523,agranular,dysgranular,cingulate_gradient,False
rh,156524,agranular,dysgranular,cingulate_gradient,False
rh,156525,agranular,dysgranular,cingulate_gradient,False
rh,156528,agranular,dysgranular,cingulate_gradient,False
rh,156529,agranular,dysgranular,cingulate_gradient,False
rh,156530,agranular,dysgranular,cingulate_gradient,False
rh,156531,agranular,dysgranular,cingulate_gradient,False
rh,156919,eulaminate III,eulaminate II,boundary_smooth,False
rh,157262,agranular,dysgranular,cingulate_gradient,False
rh,157266,agranular,dysgranular,cingulate_gradient,False
rh,157267,agranular,dysgranular,cingulate_gradient,False
rh,157269,agranular,dysgranular,cingulate_gradient,False
rh,157270,agranular,dysgranular,cingulate_gradient,False
rh,157271,agranular,dysgranular,cingulate_gradient,False
rh,157272,agranular,dysgranular,cingulate_gradient,False
rh,157273,agranular,dysgranular,cingulate_gradient,False
rh,157274,agranular,dysgranular,cingulate_gradient,False
rh,157275,agranular,dysgranular,cingulate_gradient,False
rh,157276,agranular,dysgranular,cingulate_gradient,False
rh,157277,agranular,dysgranular,cingulate_gradient,False
rh,159457,eulaminate II,eulaminate III,boundary_smooth,False
rh,160924,dysgranular,eulaminate I,boundary_smooth,False
rh,160925,dysgranular,eulaminate I,boundary_smooth,False
rh,161623,eulaminate I,dysgranular,boundary_smooth,False
rh,161648,dysgranular,eulaminate I,boundary_smooth,False
rh,161651,eulaminate I,dysgranular,boundary_smooth,False
rh,162485,eulaminate II,eulaminate I,boundary_smooth,False
rh,163306,eulaminate I,eulaminate II,boundary_smooth,False
