hemi,vertex,old_label,new_label,subregion,reason
lh,35,agranular,dysgranular,isthmuscingulate,posterior->dysgranular
lh,76,agranular,dysgranular,posteriorcingulate,posterior->dysgranular
lh,89,agranular,dysgranular,isthmuscingulate,posterior->dysgranular
lh,143,agranular,dysgranular,isthmuscingulate,posterior->dysgranular
lh,195,agranular,dysgranular,posteriorcingulate,posterior->dysgranular
lh,321,agranular,dysgranular,isthmuscingulate,posterior->dysgranular
lh,424,agranular,dysgranular,posteriorcingulate,posterior->dysgranular
lh,425,agranular,dysgranular,posteriorcingulate,posterior->dysgranular
lh,449,agranular,dysgranular,isthmuscingulate,posterior->dysgranular
lh,596,agranular,dysgranular,isthmuscingulate,posterior->dysgranular
lh,801,agranular,dysgranular,isthmuscingulate,posterior->dysgranular
lh,945,agranular,dysgranular,posteriorcingulate,posterior->dysgranular
lh,946,agranular,dysgranular,posteriorcingulate,posterior->dysgranular
lh,947,agranular,dysgranular,posteriorcingulate,posterior->dysgranular
lh,948,agranular,dysgranular,posteriorcingulate,posterior->dysgranular
lh,949,agranular,dysgranular,posteriorcingulate,posterior->dysgranular
lh,950,agranular,dysgranular,posteriorcingulate,posterior->dysgranular
lh,951,agranular,dysgranular,posteriorcingulate,posterior->dysgranular
lh,986,agranular,dysgranular,isthmuscingulate,posterior->dysgranular
lh,1324,agranular,dysgranular,isthmuscingulate,posterior->dysgranular
lh,1503,agranular,dysgranular,posteriorcingulate,posterior->dysgranular
lh,1731,agranular,dysgranular,isthmuscingulate,posterior->dysgranular
lh,1949,agranular,dysgranular,posteriorcingulate,posterior->dysgranular
lh,1951,agranular,dysgranular,posteriorcingulate,posterior->dysgranular
lh,1952,agranular,dysgranular,posteriorcingulate,posterior->dysgranular
lh,1953,agranular,dysgranular,posteriorcingulate,posterior->dysgranular
lh,1954,agranular,dysgranular,posteriorcingulate,posterior->dysgranular
lh,1955,agranular,dysgranular,posteriorcingulate,posterior->dysgranular
lh,2005,agranular,dysgranular,isthmuscingulate,posterior->dysgranular
lh,2424,agranular,dysgranular,isthmuscingulate,posterior->dysgranular
lh,2717,agranular,dysgranular,posteriorcingulate,posterior->dysgranular
lh,2866,agranular,dysgranular,posteriorcingulate,posterior->dysgranular
lh,2867,agranular,dysgranular,posteriorcingulate,posterior->dysgranular
lh,2868,agranular,dysgranular,posteriorcingulate,posterior->dysgranular
lh,2869,agranular,dysgranular,posteriorcingulate,posterior->dysgranular
lh,2870,agranular,dysgranular,posteriorcingulate,posterior->dysgranular
lh,2871,agranular,dysgranular,posteriorcingulate,posterior->dysgranular
lh,2906,agranular,dysgranular,isthmuscingulate,posterior->dysgranular
lh,3242,agranular,dysgranular,isthmuscingulate,posterior->dysgranular
lh,3243,agranular,dysgranular,isthmuscingulate,posterior->dysgranular
lh,3244,agranular,dysgranular,isthmuscingulate,posterior->dysgranular
lh,3245,agranular,dysgranular,isthmuscingulate,posterior->dysgranular
lh,3846,agranular,dysgranular,isthmuscingulate,posterior->dysgranular
lh,4277,agranular,dysgranular,posteriorcingulate,posterior->dysgranular
lh,4278,agranular,dysgranular,posteriorcingulate,posterior->dysgranular
lh,4279,agranular,dysgranular,posteriorcingulate,posterior->dysgranular
lh,4280,agranular,dysgranular,posteriorcingulate,posterior->dysgranular
lh,4281,agranular,dysgranular,posteriorcingulate,posterior->dysgranular
lh,4282,agranular,dysgranular,posteriorcingulate,posterior->dysgranular
lh,4283,agranular,dysgranular,posteriorcingulate,posterior->dysgranular
lh,4284,agranular,dysgranular,posteriorcingulate,posterior->dysgranular
lh,4285,agranular,dysgranular,posteriorcingulate,posterior->dysgranular
lh,4286,agranular,dysgranular,posteriorcingulate,posterior->dysgranular
lh,4287,agranular,dysgranular,posteriorcingulate,posterior->dysgranular
lh,4288,agranular,dysgranular,posteriorcingulate,posterior->dysgranular
lh,4289,agranular,dysgranular,posteriorcingulate,posterior->dysgranular
lh,4290,agranular,dysgranular,posteriorcingulate,posterior->dysgranular
lh,4291,agranular,dysgranular,posteriorcingulate,posterior->dysgranular
lh,4292,agranular,dysgranular,posteriorcingulate,posterior->dysgranular
lh,4293,agranular,dysgranular,posteriorcingulate,posterior->dysgranular
lh,4294,agranular,dysgranular,posteriorcingulate,posterior->dysgranular
lh,4396,agranular,dysgranular,isthmuscingulate,posterior->dysgranular
lh,5410,agranular,dysgranular,isthmuscingulate,posterior->dysgranular
lh,5414,agranular,dysgranular,isthmuscingulate,posterior->dysgranular
lh,5415,agranular,dysgranular,isthmuscingulate,posterior->dysgranular
lh,5416,agranular,dysgranular,isthmuscingulate,posterior->dysgranular
lh,6051,agranular,dysgranular,isthmuscingulate,posterior->dysgranular
lh,6311,agranular,dysgranular,posteriorcingulate,posterior->dysgranular
lh,6312,agranular,dysgranular,posteriorcingulate,posterior->dysgranular
lh,6313,agranular,dysgranular,posteriorcingulate,posterior->dysgranular
lh,6314,agranular,dysgranular,posteriorcingulate,posterior->dysgranular
lh,6315,agranular,dysgranular,posteriorcingulate,posterior->dysgranular
lh,6316,agranular,dysgranular,posteriorcingulate,posterior->dysgranular
lh,6317,agranular,dysgranular,posteriorcingulate,posterior->dysgranular
lh,6318,agranular,dysgranular,posteriorcingulate,posterior->dysgranular
lh,6319,agranular,dysgranular,posteriorcingulate,posterior->dysgranular
lh,6320,agranular,dysgranular,posteriorcingulate,posterior->dysgranular
lh,6382,agranular,dysgranular,isthmuscingulate,posterior->dysgranular
lh,6990,agranular,dysgranular,isthmuscingulate,posterior->dysgranular
lh,6991,agranular,dysgranular,isthmuscingulate,posterior->dysgranular
lh,6992,agranular,dysgranular,isthmuscingulate,posterior->dysgranular
lh,6993,agranular,dysgranular,isthmuscingulate,posterior->dysgranular
lh,6994,agranular,dysgranular,isthmuscingulate,posterior->dysgranular
lh,7347,agranular,dysgranular,posteriorcingulate,posterior->dysgranular
lh,7349,agranular,dysgranular,posteriorcingulate,posterior->dysgranular
lh,7350,agranular,dysgranular,posteriorcingulate,posterior->dysgranular
lh,7353,agranular,dysgranular,posteriorcingulate,posterior->dysgranular
lh,7354,agranular,dysgranular,posteriorcingulate,posterior->dysgranular
lh,7401,agranular,dysgranular,isthmuscingulate,posterior->dysgranular
lh,7402,agranular,dysgranular,isthmuscingulate,posterior->dysgranular
lh,7880,agranular,dysgranular,isthmuscingulate,posterior->dysgranular
lh,8449,agranular,dysgranular,posteriorcingulate,posterior->dysgranular
lh,8450,agranular,dysgranular,posteriorcingulate,posterior->dysgranular
lh,8451,agranular,dysgranular,posteriorcingulate,posterior->dysgranular
lh,8452,agranular,dysgranular,posteriorcingulate,posterior->dysgranular
lh,8453,agranular,dysgranular,posteriorcingulate,posterior->dysgranular
lh,8454,agranular,dysgranular,posteriorcingulate,posterior->dysgranular
lh,8455,agranular,dysgranular,posteriorcingulate,posterior->dysgranular
lh,8456,agranular,dysgranular,posteriorcingulate,posterior->dysgranular
lh,8460,agranular,dysgranular,posteriorcingulate,posterior->dysgranular
lh,8461,agranular,dysgranular,posteriorcingulate,posterior->dysgranular
lh,8462,agranular,dysgranular,posteriorcingulate,posterior->dysgranular
lh,8463,agranular,dysgranular,posteriorcingulate,posterior->dysgranular
lh,8464,agranular,dysgranular,posteriorcingulate,posterior->dysgranular
lh,8465,agranular,dysgranular,posteriorcingulate,posterior->dysgranular
lh,8466,agranular,dysgranular,posteriorcingulate,posterior->dysgranular
lh,8593,agranular,dysgranular,isthmuscingulate,posterior->dysgranular
lh,8594,agranular,dysgranular,isthmuscingulate,posterior->dysgranular
lh,8595,agranular,dysgranular,isthmuscingulate,posterior->dysgranular
lh,8596,agranular,dysgranular,isthmuscingulate,posterior->dysgranular
lh,8602,agranular,dysgranular,isthmuscingulate,posterior->dysgranular
lh,9692,agranular,dysgranular,posteriorcingulate,posterior->dysgranular
lh,9693,agranular,dysgranular,posteriorcingulate,posterior->dysgranular
lh,9728,agranular,dysgranular,isthmuscingulate,posterior->dysgranular
lh,9828,agranular,dysgranular,isthmuscingulate,posterior->dysgranular
lh,9829,agranular,dysgranular,isthmuscingulate,posterior->dysgranular
lh,9830,agranular,dysgranular,isthmuscingulate,posterior->dysgranular
lh,10401,agranular,dysgranular,isthmuscingulate,posterior->dysgranular
lh,10547,agranular,dysgranular,posteriorcingulate,posterior->dysgranular
lh,10548,agranular,dysgranular,posteriorcingulate,posterior->dysgranular
lh,10549,agranular,dysgranular,posteriorcingulate,posterior->dysgranular
lh,10550,agranular,dysgranular,posteriorcingulate,posterior->dysgranular
lh,10551,agranular,dysgranular,posteriorcingulate,posterior->dysgranular
lh,10586,agranular,dysgranular,isthmuscingulate,posterior->dysgranular
lh,10922,agranular,dysgranular,isthmuscingulate,posterior->dysgranular
lh,10923,agranular,dysgranular,isthmuscingulate,posterior->dysgranular
lh,10924,agranular,dysgranular,isthmuscingulate,posterior->dysgranular
lh,10925,agranular,dysgranular,isthmuscingulate,posterior->dysgranular
lh,10926,agranular,dysgranular,isthmuscingulate,posterior->dysgranular
lh,11524,agranular,dysgranular,isthmuscingulate,posterior->dysgranular
lh,11525,agranular,dysgranular,isthmuscingulate,posterior->dysgranular
lh,11526,agranular,dysgranular,isthmuscingulate,posterior->dysgranular
lh,11957,agranular,dysgranular,posteriorcingulate,posterior->dysgranular
lh,11958,agranular,dysgranular,posteriorcingulate,posterior->dysgranular
lh,11959,agranular,dysgranular,posteriorcingulate,posterior->dysgranular
lh,11960,agranular,dysgranular,posteriorcingulate,posterior->dysgranular
lh,11961,agranular,dysgranular,posteriorcingulate,posterior->dysgranular
lh,11962,agranular,dysgranular,posteriorcingulate,posterior->dysgranular
lh,11963,agranular,dysgranular,posteriorcingulate,posterior->dysgranular
lh,11964,agranular,dysgranular,posteriorcingulate,posterior->dysgranular
lh,11965,agranular,dysgranular,posteriorcingulate,posterior->dysgranular
lh,11966,agranular,dysgranular,posteriorcingulate,posterior->dysgranular
lh,11967,agranular,dysgranular,posteriorcingulate,posterior->dysgranular
lh,11968,agranular,dysgranular,posteriorcingulate,posterior->dysgranular
lh,11969,agranular,dysgranular,posteriorcingulate,posterior->dysgranular
lh,11970,agranular,dysgranular,posteriorcingulate,posterior->dysgranular
lh,11971,agranular,dysgranular,posteriorcingulate,posterior->dysgranular
lh,11973,agranular,dysgranular,posteriorcingulate,posterior->dysgranular
lh,11975,agranular,dysgranular,posteriorcingulate,posterior->dysgranular
lh,12072,agranular,dysgranular,isthmuscingulate,posterior->dysgranular
lh,12073,agranular,dysgranular,isthmuscingulate,posterior->dysgranular
lh,12074,agranular,dysgranular,isthmuscingulate,posterior->dysgranular
lh,12075,agranular,dysgranular,isthmuscingulate,posterior->dysgranular
lh,12076,agranular,dysgranular,isthmuscingulate,posterior->dysgranular
lh,13090,agranular,dysgranular,isthmuscingulate,posterior->dysgranular
lh,13092,agranular,dysgranular,isthmuscingulate,posterior->dysgranular
lh,13093,agranular,dysgranular,isthmuscingulate,posterior->dysgranular
lh,13094,agranular,dysgranular,isthmuscingulate,posterior->dysgranular
lh,13095,agranular,dysgranular,isthmuscingulate,posterior->dysgranular
lh,13096,agranular,dysgranular,isthmuscingulate,posterior->dysgranular
lh,13926,agranular,dysgranular,isthmuscingulate,posterior->dysgranular
lh,14357,agranular,dysgranular,posteriorcingulate,posterior->dysgranular
lh,14358,agranular,dysgranular,posteriorcingulate,posterior->dysgranular
lh,14359,agranular,dysgranular,posteriorcingulate,posterior->dysgranular
lh,14360,agranular,dysgranular,posteriorcingulate,posterior->dysgranular
lh,14361,agranular,dysgranular,posteriorcingulate,posterior->dysgranular
lh,14362,agranular,dysgranular,posteriorcingulate,posterior->dysgranular
lh,14363,agranular,dysgranular,posteriorcingulate,posterior->dysgranular
lh,14364,agranular,dysgranular,posteriorcingulate,posterior->dysgranular
lh,14365,agranular,dysgranular,posteriorcingulate,posterior->dysgranular
lh,14366,agranular,dysgranular,posteriorcingulate,posterior->dysgranular
lh,14367,agranular,dysgranular,posteriorcingulate,posterior->dysgranular
lh,14368,agranular,dysgranular,posteriorcingulate,posterior->dysgranular
lh,14369,agranular,dysgranular,posteriorcingulate,posterior->dysgranular
lh,14370,agranular,dysgranular,posteriorcingulate,posterior->dysgranular
lh,14371,agranular,dysgranular,posteriorcingulate,posterior->dysgranular
lh,14372,agranular,dysgranular,posteriorcingulate,posterior->dysgranular
lh,14373,agranular,dysgranular,posteriorcingulate,posterior->dysgranular
lh,14374,agranular,dysgranular,posteriorcingulate,posterior->dysgranular
lh,14375,agranular,dysgranular,posteriorcingulate,posterior->dysgranular
lh,14376,agranular,dysgranular,posteriorcingulate,posterior->dysgranular
lh,14474,agranular,dysgranular,isthmuscingulate,posterior->dysgranular
lh,14475,agranular,dysgranular,isthmuscingulate,posterior->dysgranular
lh,14476,agranular,dysgranular,isthmuscingulate,posterior->dysgranular
lh,15490,agranular,dysgranular,isthmuscingulate,posterior->dysgranular
lh,15491,agranular,dysgranular,isthmuscingulate,posterior->dysgranular
lh,15492,agranular,dysgranular,isthmuscingulate,posterior->dysgranular
lh,15493,agranular,dysgranular,isthmuscingulate,posterior->dysgranular
lh,15494,agranular,dysgranular,isthmuscingulate,posterior->dysgranular
lh,15495,agranular,dysgranular,isthmuscingulate,posterior->dysgranular
lh,15496,agranular,dysgranular,isthmuscingulate,posterior->dysgranular
lh,16159,agranular,dysgranular,posteriorcingulate,posterior->dysgranular
lh,16160,agranular,dysgranular,posteriorcingulate,posterior->dysgranular
lh,16161,agranular,dysgranular,posteriorcingulate,posterior->dysgranular
lh,16168,agranular,dysgranular,posteriorcingulate,posterior->dysgranular
lh,16169,agranular,dysgranular,posteriorcingulate,posterior->dysgranular
lh,16170,agranular,dysgranular,posteriorcingulate,posterior->dysgranular
lh,16171,agranular,dysgranular,posteriorcingulate,posterior->dysgranular
lh,16269,agranular,dysgranular,isthmuscingulate,posterior->dysgranular
lh,16270,agranular,dysgranular,isthmuscingulate,posterior->dysgranular
lh,17297,agranular,dysgranular,isthmuscingulate,posterior->dysgranular
lh,17299,agranular,dysgranular,isthmuscingulate,posterior->dysgranular
lh,17300,agranular,dysgranular,isthmuscingulate,posterior->dysgranular
lh,17301,agranular,dysgranular,isthmuscingulate,posterior->dysgranular
lh,18594,agranular,dysgranular,posteriorcingulate,posterior->dysgranular
lh,18595,agranular,dysgranular,posteriorcingulate,posterior->dysgranular
lh,18596,agranular,dysgranular,posteriorcingulate,posterior->dysgranular
lh,18607,agranular,dysgranular,posteriorcingulate,posterior->dysgranular
lh,18608,agranular,dysgranular,posteriorcingulate,posterior->dysgranular
lh,18609,agranular,dysgranular,posteriorcingulate,posterior->dysgranular
lh,18610,agranular,dysgranular,posteriorcingulate,posterior->dysgranular
lh,18611,agranular,dysgranular,posteriorcingulate,posterior->dysgranular
lh,18612,agranular,dysgranular,posteriorcingulate,posterior->dysgranular
lh,18613,agranular,dysgranular,posteriorcingulate,posterior->dysgranular
lh,18614,agranular,dysgranular,posteriorcingulate,posterior->dysgranular
lh,18615,agranular,dysgranular,posteriorcingulate,posterior->dysgranular
lh,18616,agranular,dysgranular,posteriorcingulate,posterior->dysgranular
lh,18617,agranular,dysgranular,posteriorcingulate,posterior->dysgranular
lh,18618,agranular,dysgranular,posteriorcingulate,posterior->dysgranular
lh,18619,agranular,dysgranular,posteriorcingulate,posterior->dysgranular
lh,18620,agranular,dysgranular,posteriorcingulate,posterior->dysgranular
lh,18621,agranular,dysgranular,posteriorcingulate,posterior->dysgranular
lh,18622,agranular,dysgranular,posteriorcingulate,posterior->dysgranular
lh,18623,agranular,dysgranular,posteriorcingulate,posterior->dysgranular
lh,18624,agranular,dysgranular,posteriorcingulate,posterior->dysgranular
lh,18625,agranular,dysgranular,posteriorcingulate,posterior->dysgranular
lh,18626,agranular,dysgranular,posteriorcingulate,posterior->dysgranular
lh,18627,agranular,dysgranular,posteriorcingulate,posterior->dysgranular
lh,18629,agranular,dysgranular,posteriorcingulate,posterior->dysgranular
lh,18632,agranular,dysgranular,posteriorcingulate,posterior->dysgranular
lh,18636,agranular,dysgranular,posteriorcingulate,posterior->dysgranular
lh,18637,agranular,dysgranular,posteriorcingulate,posterior->dysgranular
lh,18638,agranular,dysgranular,posteriorcingulate,posterior->dysgranular
lh,18639,agranular,dysgranular,posteriorcingulate,posterior->dysgranular
lh,18640,agranular,dysgranular,posteriorcingulate,posterior->dysgranular
lh,18641,agranular,dysgranular,posteriorcingulate,posterior->dysgranular
lh,18642,agranular,dysgranular,posteriorcingulate,posterior->dysgranular
lh,18643,agranular,dysgranular,posteriorcingulate,posterior->dysgranular
lh,18644,agranular,dysgranular,posteriorcingulate,posterior->dysgranular
lh,18645,agranular,dysgranular,posteriorcingulate,posterior->dysgranular
lh,18646,agranular,dysgranular,posteriorcingulate,posterior->dysgranular
lh,18648,agranular,dysgranular,posteriorcingulate,posterior->dysgranular
lh,18649,agranular,dysgranular,posteriorcingulate,posterior->dysgranular
lh,18650,agranular,dysgranular,posteriorcingulate,posterior->dysgranular
lh,18942,agranular,dysgranular,isthmuscingulate,posterior->dysgranular
lh,18944,agranular,dysgranular,isthmuscingulate,posterior->dysgranular
lh,18945,agranular,dysgranular,isthmuscingulate,posterior->dysgranular
lh,18946,agranular,dysgranular,isthmuscingulate,posterior->dysgranular
lh,18947,agranular,dysgranular,isthmuscingulate,posterior->dysgranular
lh,18948,agranular,dysgranular,isthmuscingulate,posterior->dysgranular
lh,18949,agranular,dysgranular,isthmuscingulate,posterior->dysgranular
lh,18951,agranular,dysgranular,isthmuscingulate,posterior->dysgranular
lh,18952,agranular,dysgranular,isthmuscingulate,posterior->dysgranular
lh,18953,agranular,dysgranular,isthmuscingulate,posterior->dysgranular
lh,21666,agranular,dysgranular,posteriorcingulate,posterior->dysgranular
lh,21667,agranular,dysgranular,posteriorcingulate,posterior->dysgranular
lh,21668,agranular,dysgranular,posteriorcingulate,posterior->dysgranular
lh,21758,agranular,dysgranular,isthmuscingulate,posterior->dysgranular
lh,22000,agranular,dysgranular,isthmuscingulate,posterior->dysgranular
lh,22002,agranular,dysgranular,isthmuscingulate,posterior->dysgranular
lh,22003,agranular,dysgranular,isthmuscingulate,posterior->dysgranular
lh,22004,agranular,dysgranular,isthmuscingulate,posterior->dysgranular
lh,22005,agranular,dysgranular,isthmuscingulate,posterior->dysgranular
lh,22006,agranular,dysgranular,isthmuscingulate,posterior->dysgranular
lh,22007,agranular,dysgranular,isthmuscingulate,posterior->dysgranular
lh,22008,agranular,dysgranular,isthmuscingulate,posterior->dysgranular
lh,22012,agranular,dysgranular,isthmuscingulate,posterior->dysgranular
lh,22013,agranular,dysgranular,isthmuscingulate,posterior->dysgranular
lh,23592,agranular,dysgranular,posteriorcingulate,posterior->dysgranular
lh,23593,agranular,dysgranular,posteriorcingulate,posterior->dysgranular
lh,23594,agranular,dysgranular,posteriorcingulate,posterior->dysgranular
lh,23595,agranular,dysgranular,posteriorcingulate,posterior->dysgranular
lh,23596,agranular,dysgranular,posteriorcingulate,posterior->dysgranular
lh,23597,agranular,dysgranular,posteriorcingulate,posterior->dysgranular
lh,23598,agranular,dysgranular,posteriorcingulate,posterior->dysgranular
lh,23599,agranular,dysgranular,posteriorcingulate,posterior->dysgranular
lh,23600,agranular,dysgranular,posteriorcingulate,posterior->dysgranular
lh,23601,agranular,dysgranular,posteriorcingulate,posterior->dysgranular
lh,23662,agranular,dysgranular,isthmuscingulate,posterior->dysgranular
lh,24268,agranular,dysgranular,isthmuscingulate,posterior->dysgranular
lh,24269,agranular,dysgranular,isthmuscingulate,posterior->dysgranular
lh,24270,agranular,dysgranular,isthmuscingulate,posterior->dysgranular
lh,24271,agranular,dysgranular,isthmuscingulate,posterior->dysgranular
lh,24272,agranular,dysgranular,isthmuscingulate,posterior->dysgranular
lh,24273,agranular,dysgranular,isthmuscingulate,posterior->dysgranular
lh,24274,agranular,dysgranular,isthmuscingulate,posterior->dysgranular
lh,25355,agranular,dysgranular,isthmuscingulate,posterior->dysgranular
lh,25356,agranular,dysgranular,isthmuscingulate,posterior->dysgranular
lh,26131,agranular,dysgranular,posteriorcingulate,posterior->dysgranular
lh,26132,agranular,dysgranular,posteriorcingulate,posterior->dysgranular
lh,26133,agranular,dysgranular,posteriorcingulate,posterior->dysgranular
lh,26134,agranular,dysgranular,posteriorcingulate,posterior->dysgranular
lh,26135,agranular,dysgranular,posteriorcingulate,posterior->dysgranular
lh,26136,agranular,dysgranular,posteriorcingulate,posterior->dysgranular
lh,26137,agranular,dysgranular,posteriorcingulate,posterior->dysgranular
lh,26138,agranular,dysgranular,posteriorcingulate,posterior->dysgranular
lh,26139,agranular,dysgranular,posteriorcingulate,posterior->dysgranular
lh,26140,agranular,dysgranular,posteriorcingulate,posterior->dysgranular
lh,26141,agranular,dysgranular,posteriorcingulate,posterior->dysgranular
lh,26142,agranular,dysgranular,posteriorcingulate,posterior->dysgranular
lh,26143,agranular,dysgranular,posteriorcingulate,posterior->dysgranular
lh,26144,agranular,dysgranular,posteriorcingulate,posterior->dysgranular
lh,26145,agranular,dysgranular,posteriorcingulate,posterior->dysgranular
lh,26146,agranular,dysgranular,posteriorcingulate,posterior->dysgranular
lh,26147,agranular,dysgranular,posteriorcingulate,posterior->dysgranular
lh,26148,agranular,dysgranular,posteriorcingulate,posterior->dysgranular
lh,26149,agranular,dysgranular,posteriorcingulate,posterior->dysgranular
lh,26150,agranular,dysgranular,posteriorcingulate,posterior->dysgranular
lh,26151,agranular,dysgranular,posteriorcingulate,posterior->dysgranular
lh,26152,agranular,dysgranular,posteriorcingulate,posterior->dysgranular
lh,26153,agranular,dysgranular,posteriorcingulate,posterior->dysgranular
lh,26154,agranular,dysgranular,posteriorcingulate,posterior->dysgranular
lh,26155,agranular,dysgranular,posteriorcingulate,posterior->dysgranular
lh,26156,agranular,dysgranular,posteriorcingulate,posterior->dysgranular
lh,26157,agranular,dysgranular,posteriorcingulate,posterior->dysgranular
lh,26158,agranular,dysgranular,posteriorcingulate,posterior->dysgranular
lh,26159,agranular,dysgranular,posteriorcingulate,posterior->dysgranular
lh,26160,agranular,dysgranular,posteriorcingulate,posterior->dysgranular
lh,26161,agranular,dysgranular,posteriorcingulate,posterior->dysgranular
lh,26162,agranular,dysgranular,posteriorcingulate,posterior->dysgranular
lh,26163,agranular,dysgranular,posteriorcingulate,posterior->dysgranular
lh,26164,agranular,dysgranular,posteriorcingulate,posterior->dysgranular
lh,26343,agranular,dysgranular,isthmuscingulate,posterior->dysgranular
lh,26344,agranular,dysgranular,isthmuscingulate,posterior->dysgranular
lh,28177,agranular,dysgranular,isthmuscingulate,posterior->dysgranular
lh,28178,agranular,dysgranular,isthmuscingulate,posterior->dysgranular
lh,28179,agranular,dysgranular,isthmuscingulate,posterior->dysgranular
lh,28180,agranular,dysgranular,isthmuscingulate,posterior->dysgranular
lh,28181,agranular,dysgranular,isthmuscingulate,posterior->dysgranular
lh,28182,agranular,dysgranular,isthmuscingulate,posterior->dysgranular
lh,29481,agranular,dysgranular,isthmuscingulate,posterior->dysgranular
lh,30084,agranular,dysgranular,posteriorcingulate,posterior->dysgranular
lh,30086,agranular,dysgranular,posteriorcingulate,posterior->dysgranular
lh,30087,agranular,dysgranular,posteriorcingulate,posterior->dysgranular
lh,30088,agranular,dysgranular,posteriorcingulate,posterior->dysgranular
lh,30089,agranular,dysgranular,posteriorcingulate,posterior->dysgranular
lh,30090,agranular,dysgranular,posteriorcingulate,posterior->dysgranular
lh,30091,agranular,dysgranular,posteriorcingulate,posterior->dysgranular
lh,30092,agranular,dysgranular,posteriorcingulate,posterior->dysgranular
lh,30093,agranular,dysgranular,posteriorcingulate,posterior->dysgranular
lh,30094,agranular,dysgranular,posteriorcingulate,posterior->dysgranular
lh,30095,agranular,dysgranular,posteriorcingulate,posterior->dysgranular
lh,30096,agranular,dysgranular,posteriorcingulate,posterior->dysgranular
lh,30097,agranular,dysgranular,posteriorcingulate,posterior->dysgranular
lh,30098,agranular,dysgranular,posteriorcingulate,posterior->dysgranular
lh,30099,agranular,dysgranular,posteriorcingulate,posterior->dysgranular
lh,30100,agranular,dysgranular,posteriorcingulate,posterior->dysgranular
lh,30101,agranular,dysgranular,posteriorcingulate,posterior->dysgranular
lh,30102,agranular,dysgranular,posteriorcingulate,posterior->dysgranular
lh,30103,agranular,dysgranular,posteriorcingulate,posterior->dysgranular
lh,30104,agranular,dysgranular,posteriorcingulate,posterior->dysgranular
lh,30105,agranular,dysgranular,posteriorcingulate,posterior->dysgranular
lh,30106,agranular,dysgranular,posteriorcingulate,posterior->dysgranular
lh,30107,agranular,dysgranular,posteriorcingulate,posterior->dysgranular
lh,30108,agranular,dysgranular,posteriorcingulate,posterior->dysgranular
lh,30109,agranular,dysgranular,posteriorcingulate,posterior->dysgranular
lh,30110,agranular,dysgranular,posteriorcingulate,posterior->dysgranular
lh,30249,agranular,dysgranular,isthmuscingulate,posterior->dysgranular
lh,30250,agranular,dysgranular,isthmuscingulate,posterior->dysgranular
lh,31670,agranular,dysgranular,isthmuscingulate,posterior->dysgranular
lh,31671,agranular,dysgranular,isthmuscingulate,posterior->dysgranular
lh,31672,agranular,dysgranular,isthmuscingulate,posterior->dysgranular
lh,31673,agranular,dysgranular,isthmuscingulate,posterior->dysgranular
lh,31674,agranular,dysgranular,isthmuscingulate,posterior->dysgranular
lh,31675,agranular,dysgranular,isthmuscingulate,posterior->dysgranular
lh,31676,agranular,dysgranular,isthmuscingulate,posterior->dysgranular
lh,31677,agranular,dysgranular,isthmuscingulate,posterior->dysgranular
lh,31678,agranular,dysgranular,isthmuscingulate,posterior->dysgranular
lh,31679,agranular,dysgranular,isthmuscingulate,posterior->dysgranular
lh,31681,agranular,dysgranular,isthmuscingulate,posterior->dysgranular
lh,32559,agranular,dysgranular,posteriorcingulate,posterior->dysgranular
lh,32561,agranular,dysgranular,posteriorcingulate,posterior->dysgranular
lh,32562,agranular,dysgranular,posteriorcingulate,posterior->dysgranular
lh,32564,agranular,dysgranular,posteriorcingulate,posterior->dysgranular
lh,32565,agranular,dysgranular,posteriorcingulate,posterior->dysgranular
lh,32566,agranular,dysgranular,posteriorcingulate,posterior->dysgranular
lh,32567,agranular,dysgranular,posteriorcingulate,posterior->dysgranular
lh,32568,agranular,dysgranular,posteriorcingulate,posterior->dysgranular
lh,32575,agranular,dysgranular,posteriorcingulate,posterior->dysgranular
lh,32576,agranular,dysgranular,posteriorcingulate,posterior->dysgranular
lh,32577,agranular,dysgranular,posteriorcingulate,posterior->dysgranular
lh,32578,agranular,dysgranular,posteriorcingulate,posterior->dysgranular
lh,32579,agranular,dysgranular,posteriorcingulate,posterior->dysgranular
lh,32580,agranular,dysgranular,posteriorcingulate,posterior->dysgranular
lh,32583,agranular,dysgranular,posteriorcingulate,posterior->dysgranular
lh,32584,agranular,dysgranular,posteriorcingulate,posterior->dysgranular
lh,32585,agranular,dysgranular,posteriorcingulate,posterior->dysgranular
lh,32586,agranular,dysgranular,posteriorcingulate,posterior->dysgranular
lh,32703,agranular,dysgranular,isthmuscingulate,posterior->dysgranular
lh,32704,agranular,dysgranular,isthmuscingulate,posterior->dysgranular
lh,32705,agranular,dysgranular,isthmuscingulate,posterior->dysgranular
lh,32706,agranular,dysgranular,isthmuscingulate,posterior->dysgranular
lh,34009,agranular,dysgranular,isthmuscingulate,posterior->dysgranular
lh,34010,agranular,dysgranular,isthmuscingulate,posterior->dysgranular
lh,34011,agranular,dysgranular,isthmuscingulate,posterior->dysgranular
lh,35608,agranular,dysgranular,posteriorcingulate,posterior->dysgranular
lh,35609,agranular,dysgranular,posteriorcingulate,posterior->dysgranular
lh,35623,agranular,dysgranular,posteriorcingulate,posterior->dysgranular
lh,35624,agranular,dysgranular,posteriorcingulate,posterior->dysgranular
lh,35625,agranular,dysgranular,posteriorcingulate,posterior->dysgranular
lh,35626,agranular,dysgranular,posteriorcingulate,posterior->dysgranular
lh,35627,agranular,dysgranular,posteriorcingulate,posterior->dysgranular
lh,35628,agranular,dysgranular,posteriorcingulate,posterior->dysgranular
lh,35629,agranular,dysgranular,posteriorcingulate,posterior->dysgranular
lh,35630,agranular,dysgranular,posteriorcingulate,posterior->dysgranular
lh,35631,agranular,dysgranular,posteriorcingulate,posterior->dysgranular
lh,35632,agranular,dysgranular,posteriorcingulate,posterior->dysgranular
lh,35633,agranular,dysgranular,posteriorcingulate,posterior->dysgranular
lh,35634,agranular,dysgranular,posteriorcingulate,posterior->dysgranular
lh,35635,agranular,dysgranular,posteriorcingulate,posterior->dysgranular
lh,35636,agranular,dysgranular,posteriorcingulate,posterior->dysgranular
lh,35637,agranular,dysgranular,posteriorcingulate,posterior->dysgranular
lh,35638,agranular,dysgranular,posteriorcingulate,posterior->dysgranular
lh,35639,agranular,dysgranular,posteriorcingulate,posterior->dysgranular
lh,35640,agranular,dysgranular,posteriorcingulate,posterior->dysgranular
lh,35641,agranular,dysgranular,posteriorcingulate,posterior->dysgranular
lh,35642,agranular,dysgranular,posteriorcingulate,posterior->dysgranular
lh,35643,agranular,dysgranular,posteriorcingulate,posterior->dysgranular
lh,35644,agranular,dysgranular,posteriorcingulate,posterior->dysgranular
lh,35645,agranular,dysgranular,posteriorcingulate,posterior->dysgranular
lh,35646,agranular,dysgranular,posteriorcingulate,posterior->dysgranular
lh,35659,agranular,dysgranular,posteriorcingulate,posterior->dysgranular
lh,35660,agranular,dysgranular,posteriorcingulate,posterior->dysgranular
lh,35661,agranular,dysgranular,posteriorcingulate,posterior->dysgranular
lh,35662,agranular,dysgranular,posteriorcingulate,posterior->dysgranular
lh,35663,agranular,dysgranular,posteriorcingulate,posterior->dysgranular
lh,35664,agranular,dysgranular,posteriorcingulate,posterior->dysgranular
lh,35665,agranular,dysgranular,posteriorcingulate,posterior->dysgranular
lh,35666,agranular,dysgranular,posteriorcingulate,posterior->dysgranular
lh,35670,agranular,dysgranular,posteriorcingulate,posterior->dysgranular
lh,35671,agranular,dysgranular,posteriorcingulate,posterior->dysgranular
lh,35672,agranular,dysgranular,posteriorcingulate,posterior->dysgranular
lh,35673,agranular,dysgranular,posteriorcingulate,posterior->dysgranular
lh,35674,agranular,dysgranular,posteriorcingulate,posterior->dysgranular
lh,35675,agranular,dysgranular,posteriorcingulate,posterior->dysgranular
lh,35676,agranular,dysgranular,posteriorcingulate,posterior->dysgranular
lh,36036,agranular,dysgranular,isthmuscingulate,posterior->dysgranular
lh,36038,agranular,dysgranular,isthmuscingulate,posterior->dysgranular
lh,36039,agranular,dysgranular,isthmuscingulate,posterior->dysgranular
lh,36040,agranular,dysgranular,isthmuscingulate,posterior->dysgranular
lh,36041,agranular,dysgranular,isthmuscingulate,posterior->dysgranular
lh,36042,agranular,dysgranular,isthmuscingulate,posterior->dysgranular
lh,36043,agranular,dysgranular,isthmuscingulate,posterior->dysgranular
lh,36044,agranular,dysgranular,isthmuscingulate,posterior->dysgranular
lh,36045,agranular,dysgranular,isthmuscingulate,posterior->dysgranular
lh,36046,agranular,dysgranular,isthmuscingulate,posterior->dysgranular
lh,36055,agranular,dysgranular,isthmuscingulate,posterior->dysgranular
lh,36056,agranular,dysgranular,isthmuscingulate,posterior->dysgranular
lh,36057,agranular,dysgranular,isthmuscingulate,posterior->dysgranular
lh,36058,agranular,dysgranular,isthmuscingulate,posterior->dysgranular
lh,36061,agranular,dysgranular,isthmuscingulate,posterior->dysgranular
lh,36062,agranular,dysgranular,isthmuscingulate,posterior->dysgranular
lh,36063,agranular,dysgranular,isthmuscingulate,posterior->dysgranular
lh,36064,agranular,dysgranular,isthmuscingulate,posterior->dysgranular
lh,36065,agranular,dysgranular,isthmuscingulate,posterior->dysgranular
lh,39287,agranular,dysgranular,posteriorcingulate,posterior->dysgranular
lh,39313,agranular,dysgranular,posteriorcingulate,posterior->dysgranular
lh,39314,agranular,dysgranular,posteriorcingulate,posterior->dysgranular
lh,39315,agranular,dysgranular,posteriorcingulate,posterior->dysgranular
lh,39316,agranular,dysgranular,posteriorcingulate,posterior->dysgranular
lh,39317,agranular,dysgranular,posteriorcingulate,posterior->dysgranular
lh,39341,agranular,dysgranular,isthmuscingulate,posterior->dysgranular
lh,39422,agranular,dysgranular,isthmuscingulate,posterior->dysgranular
lh,39423,agranular,dysgranular,isthmuscingulate,posterior->dysgranular
lh,39424,agranular,dysgranular,isthmuscingulate,posterior->dysgranular
lh,39425,agranular,dysgranular,isthmuscingulate,posterior->dysgranular
lh,39428,agranular,dysgranular,isthmuscingulate,posterior->dysgranular
lh,39429,agranular,dysgranular,isthmuscingulate,posterior->dysgranular
lh,39430,agranular,dysgranular,isthmuscingulate,posterior->dysgranular
lh,39431,agranular,dysgranular,isthmuscingulate,posterior->dysgranular
lh,39440,agranular,dysgranular,isthmuscingulate,posterior->dysgranular
lh,39441,agranular,dysgranular,isthmuscingulate,posterior->dysgranular
lh,39442,agranular,dysgranular,isthmuscingulate,posterior->dysgranular
lh,39719,agranular,dysgranular,isthmuscingulate,posterior->dysgranular
lh,39720,agranular,dysgranular,isthmuscingulate,posterior->dysgranular
lh,39721,agranular,dysgranular,isthmuscingulate,posterior->dysgranular
lh,39722,agranular,dysgranular,isthmuscingulate,posterior->dysgranular
lh,39723,agranular,dysgranular,isthmuscingulate,posterior->dysgranular
lh,39724,agranular,dysgranular,isthmuscingulate,posterior->dysgranular
lh,39725,agranular,dysgranular,isthmuscingulate,posterior->dysgranular
lh,39726,agranular,dysgranular,isthmuscingulate,posterior->dysgranular
lh,39730,agranular,dysgranular,isthmuscingulate,posterior->dysgranular
lh,39731,agranular,dysgranular,isthmuscingulate,posterior->dysgranular
lh,41117,agranular,dysgranular,isthmuscingulate,posterior->dysgranular
lh,41121,agranular,dysgranular,isthmuscingulate,posterior->dysgranular
lh,41267,agranular,dysgranular,posteriorcingulate,posterior->dysgranular
lh,41268,agranular,dysgranular,posteriorcingulate,posterior->dysgranular
lh,41269,agranular,dysgranular,posteriorcingulate,posterior->dysgranular
lh,41270,agranular,dysgranular,posteriorcingulate,posterior->dysgranular
lh,41271,agranular,dysgranular,posteriorcingulate,posterior->dysgranular
lh,41304,agranular,dysgranular,isthmuscingulate,posterior->dysgranular
lh,41305,agranular,dysgranular,isthmuscingulate,posterior->dysgranular
lh,41306,agranular,dysgranular,isthmuscingulate,posterior->dysgranular
lh,41642,agranular,dysgranular,isthmuscingulate,posterior->dysgranular
lh,41643,agranular,dysgranular,isthmuscingulate,posterior->dysgranular
lh,41644,agranular,dysgranular,isthmuscingulate,posterior->dysgranular
lh,41645,agranular,dysgranular,isthmuscingulate,posterior->dysgranular
lh,41646,agranular,dysgranular,isthmuscingulate,posterior->dysgranular
lh,42242,agranular,dysgranular,isthmuscingulate,posterior->dysgranular
lh,42244,agranular,dysgranular,isthmuscingulate,posterior->dysgranular
lh,42245,agranular,dysgranular,isthmuscingulate,posterior->dysgranular
lh,42246,agranular,dysgranular,isthmuscingulate,posterior->dysgranular
lh,42677,agranular,dysgranular,posteriorcingulate,posterior->dysgranular
lh,42678,agranular,dysgranular,posteriorcingulate,posterior->dysgranular
lh,42679,agranular,dysgranular,posteriorcingulate,posterior->dysgranular
lh,42680,agranular,dysgranular,posteriorcingulate,posterior->dysgranular
lh,42681,agranular,dysgranular,posteriorcingulate,posterior->dysgranular
lh,42682,agranular,dysgranular,posteriorcingulate,posterior->dysgranular
lh,42683,agranular,dysgranular,posteriorcingulate,posterior->dysgranular
lh,42684,agranular,dysgranular,posteriorcingulate,posterior->dysgranular
lh,42685,agranular,dysgranular,posteriorcingulate,posterior->dysgranular
lh,42686,agranular,dysgranular,posteriorcingulate,posterior->dysgranular
lh,42687,agranular,dysgranular,posteriorcingulate,posterior->dysgranular
lh,42688,agranular,dysgranular,posteriorcingulate,posterior->dysgranular
lh,42689,agranular,dysgranular,posteriorcingulate,posterior->dysgranular
lh,42690,agranular,dysgranular,posteriorcingulate,posterior->dysgranular
lh,42691,agranular,dysgranular,posteriorcingulate,posterior->dysgranular
lh,42792,agranular,dysgranular,isthmuscingulate,posterior->dysgranular
lh,42793,agranular,dysgranular,isthmuscingulate,posterior->dysgranular
lh,42794,agranular,dysgranular,isthmuscingulate,posterior->dysgranular
lh,42795,agranular,dysgranular,isthmuscingulate,posterior->dysgranular
lh,42796,agranular,dysgranular,isthmuscingulate,posterior->dysgranular
lh,43810,agranular,dysgranular,isthmuscingulate,posterior->dysgranular
lh,43811,agranular,dysgranular,isthmuscingulate,posterior->dysgranular
lh,43812,agranular,dysgranular,isthmuscingulate,posterior->dysgranular
lh,43813,agranular,dysgranular,isthmuscingulate,posterior->dysgranular
lh,43814,agranular,dysgranular,isthmuscingulate,posterior->dysgranular
lh,43815,agranular,dysgranular,isthmuscingulate,posterior->dysgranular
lh,43816,agranular,dysgranular,isthmuscingulate,posterior->dysgranular
lh,44646,agranular,dysgranular,isthmuscingulate,posterior->dysgranular
lh,45077,agranular,dysgranular,posteriorcingulate,posterior->dysgranular
lh,45078,agranular,dysgranular,posteriorcingulate,posterior->dysgranular
lh,45079,agranular,dysgranular,posteriorcingulate,posterior->dysgranular
lh,45080,agranular,dysgranular,posteriorcingulate,posterior->dysgranular
lh,45081,agranular,dysgranular,posteriorcingulate,posterior->dysgranular
lh,45082,agranular,dysgranular,posteriorcingulate,posterior->dysgranular
lh,45083,agranular,dysgranular,posteriorcingulate,posterior->dysgranular
lh,45084,agranular,dysgranular,posteriorcingulate,posterior->dysgranular
lh,45085,agranular,dysgranular,posteriorcingulate,posterior->dysgranular
lh,45086,agranular,dysgranular,posteriorcingulate,posterior->dysgranular
lh,45087,agranular,dysgranular,posteriorcingulate,posterior->dysgranular
lh,45088,agranular,dysgranular,posteriorcingulate,posterior->dysgranular
lh,45089,agranular,dysgranular,posteriorcingulate,posterior->dysgranular
lh,45090,agranular,dysgranular,posteriorcingulate,posterior->dysgranular
lh,45091,agranular,dysgranular,posteriorcingulate,posterior->dysgranular
lh,45092,agranular,dysgranular,posteriorcingulate,posterior->dysgranular
lh,45093,agranular,dysgranular,posteriorcingulate,posterior->dysgranular
lh,45094,agranular,dysgranular,posteriorcingulate,posterior->dysgranular
lh,45095,agranular,dysgranular,posteriorcingulate,posterior->dysgranular
lh,45096,agranular,dysgranular,posteriorcingulate,posterior->dysgranular
lh,45192,agranular,dysgranular,isthmuscingulate,posterior->dysgranular
lh,45194,agranular,dysgranular,isthmuscingulate,posterior->dysgranular
lh,45195,agranular,dysgranular,isthmuscingulate,posterior->dysgranular
lh,45196,agranular,dysgranular,isthmuscingulate,posterior->dysgranular
lh,46210,agranular,dysgranular,isthmuscingulate,posterior->dysgranular
lh,46211,agranular,dysgranular,isthmuscingulate,posterior->dysgranular
lh,46212,agranular,dysgranular,isthmuscingulate,posterior->dysgranular
lh,46213,agranular,dysgranular,isthmuscingulate,posterior->dysgranular
lh,46214,agranular,dysgranular,isthmuscingulate,posterior->dysgranular
lh,46215,agranular,dysgranular,isthmuscingulate,posterior->dysgranular
lh,46216,agranular,dysgranular,isthmuscingulate,posterior->dysgranular
lh,46880,agranular,dysgranular,posteriorcingulate,posterior->dysgranular
lh,46888,agranular,dysgranular,posteriorcingulate,posterior->dysgranular
lh,46889,agranular,dysgranular,posteriorcingulate,posterior->dysgranular
lh,46890,agranular,dysgranular,posteriorcingulate,posterior->dysgranular
lh,46989,agranular,dysgranular,isthmuscingulate,posterior->dysgranular
lh,46990,agranular,dysgranular,isthmuscingulate,posterior->dysgranular
lh,48017,agranular,dysgranular,isthmuscingulate,posterior->dysgranular
lh,48018,agranular,dysgranular,isthmuscingulate,posterior->dysgranular
lh,48019,agranular,dysgranular,isthmuscingulate,posterior->dysgranular
lh,48020,agranular,dysgranular,isthmuscingulate,posterior->dysgranular
lh,48021,agranular,dysgranular,isthmuscingulate,posterior->dysgranular
lh,49312,agranular,dysgranular,posteriorcingulate,posterior->dysgranular
lh,49313,agranular,dysgranular,posteriorcingulate,posterior->dysgranular
lh,49314,agranular,dysgranular,posteriorcingulate,posterior->dysgranular
lh,49315,agranular,dysgranular,posteriorcingulate,posterior->dysgranular
lh,49316,agranular,dysgranular,posteriorcingulate,posterior->dysgranular
lh,49327,agranular,dysgranular,posteriorcingulate,posterior->dysgranular
lh,49328,agranular,dysgranular,posteriorcingulate,posterior->dysgranular
lh,49329,agranular,dysgranular,posteriorcingulate,posterior->dysgranular
lh,49330,agranular,dysgranular,posteriorcingulate,posterior->dysgranular
lh,49331,agranular,dysgranular,posteriorcingulate,posterior->dysgranular
lh,49332,agranular,dysgranular,posteriorcingulate,posterior->dysgranular
lh,49333,agranular,dysgranular,posteriorcingulate,posterior->dysgranular
lh,49334,agranular,dysgranular,posteriorcingulate,posterior->dysgranular
lh,49335,agranular,dysgranular,posteriorcingulate,posterior->dysgranular
lh,49336,agranular,dysgranular,posteriorcingulate,posterior->dysgranular
lh,49337,agranular,dysgranular,posteriorcingulate,posterior->dysgranular
lh,49338,agranular,dysgranular,posteriorcingulate,posterior->dysgranular
lh,49339,agranular,dysgranular,posteriorcingulate,posterior->dysgranular
lh,49340,agranular,dysgranular,posteriorcingulate,posterior->dysgranular
lh,49341,agranular,dysgranular,posteriorcingulate,posterior->dysgranular
lh,49342,agranular,dysgranular,posteriorcingulate,posterior->dysgranular
lh,49343,agranular,dysgranular,posteriorcingulate,posterior->dysgranular
lh,49344,agranular,dysgranular,posteriorcingulate,posterior->dysgranular
lh,49345,agranular,dysgranular,posteriorcingulate,posterior->dysgranular
lh,49346,agranular,dysgranular,posteriorcingulate,posterior->dysgranular
lh,49347,agranular,dysgranular,posteriorcingulate,posterior->dysgranular
lh,49348,agranular,dysgranular,posteriorcingulate,posterior->dysgranular
lh,49349,agranular,dysgranular,posteriorcingulate,posterior->dysgranular
lh,49351,agranular,dysgranular,posteriorcingulate,posterior->dysgranular
lh,49352,agranular,dysgranular,posteriorcingulate,posterior->dysgranular
lh,49353,agranular,dysgranular,posteriorcingulate,posterior->dysgranular
lh,49354,agranular,dysgranular,posteriorcingulate,posterior->dysgranular
lh,49355,agranular,dysgranular,posteriorcingulate,posterior->dysgranular
lh,49356,agranular,dysgranular,posteriorcingulate,posterior->dysgranular
lh,49357,agranular,dysgranular,posteriorcingulate,posterior->dysgranular
lh,49358,agranular,dysgranular,posteriorcingulate,posterior->dysgranular
lh,49359,agranular,dysgranular,posteriorcingulate,posterior->dysgranular
lh,49360,agranular,dysgranular,posteriorcingulate,posterior->dysgranular
lh,49361,agranular,dysgranular,posteriorcingulate,posterior->dysgranular
lh,49362,agranular,dysgranular,posteriorcingulate,posterior->dysgranular
lh,49363,agranular,dysgranular,posteriorcingulate,posterior->dysgranular
lh,49364,agranular,dysgranular,posteriorcingulate,posterior->dysgranular
lh,49365,agranular,dysgranular,posteriorcingulate,posterior->dysgranular
lh,49366,agranular,dysgranular,posteriorcingulate,posterior->dysgranular
lh,49370,agranular,dysgranular,posteriorcingulate,posterior->dysgranular
lh,49662,agranular,dysgranular,isthmuscingulate,posterior->dysgranular
lh,49663,agranular,dysgranular,isthmuscingulate,posterior->dysgranular
lh,49664,agranular,dysgranular,isthmuscingulate,posterior->dysgranular
lh,49665,agranular,dysgranular,isthmuscingulate,posterior->dysgranular
lh,49666,agranular,dysgranular,isthmuscingulate,posterior->dysgranular
lh,49668,agranular,dysgranular,isthmuscingulate,posterior->dysgranular
lh,49673,agranular,dysgranular,isthmuscingulate,posterior->dysgranular
lh,52386,agranular,dysgranular,posteriorcingulate,posterior->dysgranular
lh,52388,agranular,dysgranular,posteriorcingulate,posterior->dysgranular
lh,52720,agranular,dysgranular,isthmuscingulate,posterior->dysgranular
lh,52721,agranular,dysgranular,isthmuscingulate,posterior->dysgranular
lh,52722,agranular,dysgranular,isthmuscingulate,posterior->dysgranular
lh,52723,agranular,dysgranular,isthmuscingulate,posterior->dysgranular
lh,52724,agranular,dysgranular,isthmuscingulate,posterior->dysgranular
lh,52725,agranular,dysgranular,isthmuscingulate,posterior->dysgranular
lh,52726,agranular,dysgranular,isthmuscingulate,posterior->dysgranular
lh,52727,agranular,dysgranular,isthmuscingulate,posterior->dysgranular
lh,52728,agranular,dysgranular,isthmuscingulate,posterior->dysgranular
lh,54679,agranular,dysgranular,posteriorcingulate,posterior->dysgranular
lh,54680,agranular,dysgranular,posteriorcingulate,posterior->dysgranular
lh,54681,agranular,dysgranular,posteriorcingulate,posterior->dysgranular
lh,54682,agranular,dysgranular,posteriorcingulate,posterior->dysgranular
lh,54683,agranular,dysgranular,posteriorcingulate,posterior->dysgranular
lh,54684,agranular,dysgranular,posteriorcingulate,posterior->dysgranular
lh,54685,agranular,dysgranular,posteriorcingulate,posterior->dysgranular
lh,54686,agranular,dysgranular,posteriorcingulate,posterior->dysgranular
lh,54687,agranular,dysgranular,posteriorcingulate,posterior->dysgranular
lh,54688,agranular,dysgranular,posteriorcingulate,posterior->dysgranular
lh,54689,agranular,dysgranular,posteriorcingulate,posterior->dysgranular
lh,54690,agranular,dysgranular,posteriorcingulate,posterior->dysgranular
lh,54691,agranular,dysgranular,posteriorcingulate,posterior->dysgranular
lh,54692,agranular,dysgranular,posteriorcingulate,posterior->dysgranular
lh,54693,agranular,dysgranular,posteriorcingulate,posterior->dysgranular
lh,54694,agranular,dysgranular,posteriorcingulate,posterior->dysgranular
lh,54695,agranular,dysgranular,posteriorcingulate,posterior->dysgranular
lh,54696,agranular,dysgranular,posteriorcingulate,posterior->dysgranular
lh,54792,agranular,dysgranular,isthmuscingulate,posterior->dysgranular
lh,54794,agranular,dysgranular,isthmuscingulate,posterior->dysgranular
lh,54795,agranular,dysgranular,isthmuscingulate,posterior->dysgranular
lh,54796,agranular,dysgranular,isthmuscingulate,posterior->dysgranular
lh,55807,agranular,dysgranular,isthmuscingulate,posterior->dysgranular
lh,55808,agranular,dysgranular,isthmuscingulate,posterior->dysgranular
lh,55809,agranular,dysgranular,isthmuscingulate,posterior->dysgranular
lh,55810,agranular,dysgranular,isthmuscingulate,posterior->dysgranular
lh,55811,agranular,dysgranular,isthmuscingulate,posterior->dysgranular
lh,55812,agranular,dysgranular,isthmuscingulate,posterior->dysgranular
lh,55813,agranular,dysgranular,isthmuscingulate,posterior->dysgranular
lh,55814,agranular,dysgranular,isthmuscingulate,posterior->dysgranular
lh,55815,agranular,dysgranular,isthmuscingulate,posterior->dysgranular
lh,55816,agranular,dysgranular,isthmuscingulate,posterior->dysgranular
lh,55817,agranular,dysgranular,isthmuscingulate,posterior->dysgranular
lh,55818,agranular,dysgranular,isthmuscingulate,posterior->dysgranular
lh,57617,agranular,dysgranular,isthmuscingulate,posterior->dysgranular
lh,57618,agranular,dysgranular,isthmuscingulate,posterior->dysgranular
lh,57619,agranular,dysgranular,isthmuscingulate,posterior->dysgranular
lh,57620,agranular,dysgranular,isthmuscingulate,posterior->dysgranular
lh,57621,agranular,dysgranular,isthmuscingulate,posterior->dysgranular
lh,58912,agranular,dysgranular,posteriorcingulate,posterior->dysgranular
lh,58913,agranular,dysgranular,posteriorcingulate,posterior->dysgranular
lh,58914,agranular,dysgranular,posteriorcingulate,posterior->dysgranular
lh,58915,agranular,dysgranular,posteriorcingulate,posterior->dysgranular
lh,58916,agranular,dysgranular,posteriorcingulate,posterior->dysgranular
lh,58917,agranular,dysgranular,posteriorcingulate,posterior->dysgranular
lh,58918,agranular,dysgranular,posteriorcingulate,posterior->dysgranular
lh,58919,agranular,dysgranular,posteriorcingulate,posterior->dysgranular
lh,58920,agranular,dysgranular,posteriorcingulate,posterior->dysgranular
lh,58921,agranular,dysgranular,posteriorcingulate,posterior->dysgranular
lh,58922,agranular,dysgranular,posteriorcingulate,posterior->dysgranular
lh,58923,agranular,dysgranular,posteriorcingulate,posterior->dysgranular
lh,58924,agranular,dysgranular,posteriorcingulate,posterior->dysgranular
lh,58925,agranular,dysgranular,posteriorcingulate,posterior->dysgranular
lh,58926,agranular,dysgranular,posteriorcingulate,posterior->dysgranular
lh,58927,agranular,dysgranular,posteriorcingulate,posterior->dysgranular
lh,58928,agranular,dysgranular,posteriorcingulate,posterior->dysgranular
lh,58929,agranular,dysgranular,posteriorcingulate,posterior->dysgranular
lh,58930,agranular,dysgranular,posteriorcingulate,posterior->dysgranular
lh,58931,agranular,dysgranular,posteriorcingulate,posterior->dysgranular
lh,58932,agranular,dysgranular,posteriorcingulate,posterior->dysgranular
lh,58933,agranular,dysgranular,posteriorcingulate,posterior->dysgranular
lh,58934,agranular,dysgranular,posteriorcingulate,posterior->dysgranular
lh,58935,agranular,dysgranular,posteriorcingulate,posterior->dysgranular
lh,58936,agranular,dysgranular,posteriorcingulate,posterior->dysgranular
lh,58937,agranular,dysgranular,posteriorcingulate,posterior->dysgranular
lh,58938,agranular,dysgranular,posteriorcingulate,posterior->dysgranular
lh,58939,agranular,dysgranular,posteriorcingulate,posterior->dysgranular
lh,58940,agranular,dysgranular,posteriorcingulate,posterior->dysgranular
lh,58941,agranular,dysgranular,posteriorcingulate,posterior->dysgranular
lh,58942,agranular,dysgranular,posteriorcingulate,posterior->dysgranular
lh,58943,agranular,dysgranular,posteriorcingulate,posterior->dysgranular
lh,58944,agranular,dysgranular,posteriorcingulate,posterior->dysgranular
lh,58945,agranular,dysgranular,posteriorcingulate,posterior->dysgranular
lh,58946,agranular,dysgranular,posteriorcingulate,posterior->dysgranular
lh,58947,agranular,dysgranular,posteriorcingulate,posterior->dysgranular
lh,58948,agranular,dysgranular,posteriorcingulate,posterior->dysgranular
lh,58949,agranular,dysgranular,posteriorcingulate,posterior->dysgranular
lh,58950,agranular,dysgranular,posteriorcingulate,posterior->dysgranular
lh,58951,agranular,dysgranular,posteriorcingulate,posterior->dysgranular
lh,58952,agranular,dysgranular,posteriorcingulate,posterior->dysgranular
lh,58953,agranular,dysgranular,posteriorcingulate,posterior->dysgranular
lh,58954,agranular,dysgranular,posteriorcingulate,posterior->dysgranular
lh,58955,agranular,dysgranular,posteriorcingulate,posterior->dysgranular
lh,58956,agranular,dysgranular,posteriorcingulate,posterior->dysgranular
lh,58957,agranular,dysgranular,posteriorcingulate,posterior->dysgranular
lh,58958,agranular,dysgranular,posteriorcingulate,posterior->dysgranular
lh,58959,agranular,dysgranular,posteriorcingulate,posterior->dysgranular
lh,58960,agranular,dysgranular,posteriorcingulate,posterior->dysgranular
lh,58961,agranular,dysgranular,posteriorcingulate,posterior->dysgranular
lh,58962,agranular,dysgranular,posteriorcingulate,posterior->dysgranular
lh,58963,agranular,dysgranular,posteriorcingulate,posterior->dysgranular
lh,58964,agranular,dysgranular,posteriorcingulate,posterior->dysgranular
lh,58965,agranular,dysgranular,posteriorcingulate,posterior->dysgranular
lh,58966,agranular,dysgranular,posteriorcingulate,posterior->dysgranular
lh,59255,agranular,dysgranular,isthmuscingulate,posterior->dysgranular
lh,59262,agranular,dysgranular,isthmuscingulate,posterior->dysgranular
lh,59263,agranular,dysgranular,isthmuscingulate,posterior->dysgranular
lh,59264,agranular,dysgranular,isthmuscingulate,posterior->dysgranular
lh,59265,agranular,dysgranular,isthmuscingulate,posterior->dysgranular
lh,59266,agranular,dysgranular,isthmuscingulate,posterior->dysgranular
lh,62310,agranular,dysgranular,isthmuscingulate,posterior->dysgranular
lh,62320,agranular,dysgranular,isthmuscingulate,posterior->dysgranular
lh,62321,agranular,dysgranular,isthmuscingulate,posterior->dysgranular
lh,62322,agranular,dysgranular,isthmuscingulate,posterior->dysgranular
lh,62323,agranular,dysgranular,isthmuscingulate,posterior->dysgranular
lh,62324,agranular,dysgranular,isthmuscingulate,posterior->dysgranular
lh,62325,agranular,dysgranular,isthmuscingulate,posterior->dysgranular
lh,62326,agranular,dysgranular,isthmuscingulate,posterior->dysgranular
lh,62327,agranular,dysgranular,isthmuscingulate,posterior->dysgranular
lh,62328,agranular,dysgranular,isthmuscingulate,posterior->dysgranular
lh,62329,agranular,dysgranular,isthmuscingulate,posterior->dysgranular
lh,62330,agranular,dysgranular,isthmuscingulate,posterior->dysgranular
lh,62331,agranular,dysgranular,isthmuscingulate,posterior->dysgranular
lh,64821,agranular,dysgranular,isthmuscingulate,posterior->dysgranular
lh,66111,agranular,dysgranular,posteriorcingulate,posterior->dysgranular
lh,66115,agranular,dysgranular,posteriorcingulate,posterior->dysgranular
lh,66116,agranular,dysgranular,posteriorcingulate,posterior->dysgranular
lh,66117,agranular,dysgranular,posteriorcingulate,posterior->dysgranular
lh,66118,agranular,dysgranular,posteriorcingulate,posterior->dysgranular
lh,66119,agranular,dysgranular,posteriorcingulate,posterior->dysgranular
lh,66120,agranular,dysgranular,posteriorcingulate,posterior->dysgranular
lh,66121,agranular,dysgranular,posteriorcingulate,posterior->dysgranular
lh,66122,agranular,dysgranular,posteriorcingulate,posterior->dysgranular
lh,66123,agranular,dysgranular,posteriorcingulate,posterior->dysgranular
lh,66124,agranular,dysgranular,posteriorcingulate,posterior->dysgranular
lh,66125,agranular,dysgranular,posteriorcingulate,posterior->dysgranular
lh,66126,agranular,dysgranular,posteriorcingulate,posterior->dysgranular
lh,66127,agranular,dysgranular,posteriorcingulate,posterior->dysgranular
lh,66128,agranular,dysgranular,posteriorcingulate,posterior->dysgranular
lh,66129,agranular,dysgranular,posteriorcingulate,posterior->dysgranular
lh,66130,agranular,dysgranular,posteriorcingulate,posterior->dysgranular
lh,66131,agranular,dysgranular,posteriorcingulate,posterior->dysgranular
lh,66132,agranular,dysgranular,posteriorcingulate,posterior->dysgranular
lh,66133,agranular,dysgranular,posteriorcingulate,posterior->dysgranular
lh,66134,agranular,dysgranular,posteriorcingulate,posterior->dysgranular
lh,66135,agranular,dysgranular,posteriorcingulate,posterior->dysgranular
lh,66136,agranular,dysgranular,posteriorcingulate,posterior->dysgranular
lh,66137,agranular,dysgranular,posteriorcingulate,posterior->dysgranular
lh,66138,agranular,dysgranular,posteriorcingulate,posterior->dysgranular
lh,66139,agranular,dysgranular,posteriorcingulate,posterior->dysgranular
lh,66140,agranular,dysgranular,posteriorcingulate,posterior->dysgranular
lh,66141,agranular,dysgranular,posteriorcingulate,posterior->dysgranular
lh,66142,agranular,dysgranular,posteriorcingulate,posterior->dysgranular
lh,66143,agranular,dysgranular,posteriorcingulate,posterior->dysgranular
lh,66144,agranular,dysgranular,posteriorcingulate,posterior->dysgranular
lh,66145,agranular,dysgranular,posteriorcingulate,posterior->dysgranular
lh,66146,agranular,dysgranular,posteriorcingulate,posterior->dysgranular
lh,66147,agranular,dysgranular,posteriorcingulate,posterior->dysgranular
lh,66148,agranular,dysgranular,posteriorcingulate,posterior->dysgranular
lh,66149,agranular,dysgranular,posteriorcingulate,posterior->dysgranular
lh,66150,agranular,dysgranular,posteriorcingulate,posterior->dysgranular
lh,66151,agranular,dysgranular,posteriorcingulate,posterior->dysgranular
lh,66152,agranular,dysgranular,posteriorcingulate,posterior->dysgranular
lh,66153,agranular,dysgranular,posteriorcingulate,posterior->dysgranular
lh,66154,agranular,dysgranular,posteriorcingulate,posterior->dysgranular
lh,66155,agranular,dysgranular,posteriorcingulate,posterior->dysgranular
lh,66156,agranular,dysgranular,posteriorcingulate,posterior->dysgranular
lh,66157,agranular,dysgranular,posteriorcingulate,posterior->dysgranular
lh,66158,agranular,dysgranular,posteriorcingulate,posterior->dysgranular
lh,66159,agranular,dysgranular,posteriorcingulate,posterior->dysgranular
lh,66160,agranular,dysgranular,posteriorcingulate,posterior->dysgranular
lh,66161,agranular,dysgranular,posteriorcingulate,posterior->dysgranular
lh,66162,agranular,dysgranular,posteriorcingulate,posterior->dysgranular
lh,66163,agranular,dysgranular,posteriorcingulate,posterior->dysgranular
lh,66164,agranular,dysgranular,posteriorcingulate,posterior->dysgranular
lh,66165,agranular,dysgranular,posteriorcingulate,posterior->dysgranular
lh,66166,agranular,dysgranular,posteriorcingulate,posterior->dysgranular
lh,66167,agranular,dysgranular,posteriorcingulate,posterior->dysgranular
lh,66168,agranular,dysgranular,posteriorcingulate,posterior->dysgranular
lh,66462,agranular,dysgranular,isthmuscingulate,posterior->dysgranular
lh,66463,agranular,dysgranular,isthmuscingulate,posterior->dysgranular
lh,66464,agranular,dysgranular,isthmuscingulate,posterior->dysgranular
lh,66465,agranular,dysgranular,isthmuscingulate,posterior->dysgranular
lh,66466,agranular,dysgranular,isthmuscingulate,posterior->dysgranular
lh,69509,agranular,dysgranular,isthmuscingulate,posterior->dysgranular
lh,69510,agranular,dysgranular,isthmuscingulate,posterior->dysgranular
lh,69511,agranular,dysgranular,isthmuscingulate,posterior->dysgranular
lh,69512,agranular,dysgranular,isthmuscingulate,posterior->dysgranular
lh,69513,agranular,dysgranular,isthmuscingulate,posterior->dysgranular
lh,69514,agranular,dysgranular,isthmuscingulate,posterior->dysgranular
lh,69515,agranular,dysgranular,isthmuscingulate,posterior->dysgranular
lh,69516,agranular,dysgranular,isthmuscingulate,posterior->dysgranular
lh,69517,agranular,dysgranular,isthmuscingulate,posterior->dysgranular
lh,69518,agranular,dysgranular,isthmuscingulate,posterior->dysgranular
lh,69519,agranular,dysgranular,isthmuscingulate,posterior->dysgranular
lh,69520,agranular,dysgranular,isthmuscingulate,posterior->dysgranular
lh,69521,agranular,dysgranular,isthmuscingulate,posterior->dysgranular
lh,69522,agranular,dysgranular,isthmuscingulate,posterior->dysgranular
lh,69523,agranular,dysgranular,isthmuscingulate,posterior->dysgranular
lh,69524,agranular,dysgranular,isthmuscingulate,posterior->dysgranular
lh,69525,agranular,dysgranular,isthmuscingulate,posterior->dysgranular
lh,69526,agranular,dysgranular,isthmuscingulate,posterior->dysgranular
lh,69527,agranular,dysgranular,isthmuscingulate,posterior->dysgranular
lh,69528,agranular,dysgranular,isthmuscingulate,posterior->dysgranular
lh,69529,agranular,dysgranular,isthmuscingulate,posterior->dysgranular
lh,69530,agranular,dysgranular,isthmuscingulate,posterior->dysgranular
lh,69531,agranular,dysgranular,isthmuscingulate,posterior->dysgranular
lh,69532,agranular,dysgranular,isthmuscingulate,posterior->dysgranular
lh,69533,agranular,dysgranular,isthmuscingulate,posterior->dysgranular
lh,69534,agranular,dysgranular,isthmuscingulate,posterior->dysgranular
lh,71510,agranular,dysgranular,posteriorcingulate,posterior->dysgranular
lh,71511,agranular,dysgranular,posteriorcingulate,posterior->dysgranular
lh,71515,agranular,dysgranular,posteriorcingulate,posterior->dysgranular
lh,71517,agranular,dysgranular,posteriorcingulate,posterior->dysgranular
lh,71518,agranular,dysgranular,posteriorcingulate,posterior->dysgranular
lh,71519,agranular,dysgranular,posteriorcingulate,posterior->dysgranular
lh,71520,agranular,dysgranular,posteriorcingulate,posterior->dysgranular
lh,71521,agranular,dysgranular,posteriorcingulate,posterior->dysgranular
lh,71522,agranular,dysgranular,posteriorcingulate,posterior->dysgranular
lh,71523,agranular,dysgranular,posteriorcingulate,posterior->dysgranular
lh,71524,agranular,dysgranular,posteriorcingulate,posterior->dysgranular
lh,71525,agranular,dysgranular,posteriorcingulate,posterior->dysgranular
lh,71526,agranular,dysgranular,posteriorcingulate,posterior->dysgranular
lh,71544,agranular,dysgranular,posteriorcingulate,posterior->dysgranular
lh,71545,agranular,dysgranular,posteriorcingulate,posterior->dysgranular
lh,71546,agranular,dysgranular,posteriorcingulate,posterior->dysgranular
lh,71547,agranular,dysgranular,posteriorcingulate,posterior->dysgranular
lh,71548,agranular,dysgranular,posteriorcingulate,posterior->dysgranular
lh,71549,agranular,dysgranular,posteriorcingulate,posterior->dysgranular
lh,71550,agranular,dysgranular,posteriorcingulate,posterior->dysgranular
lh,71551,agranular,dysgranular,posteriorcingulate,posterior->dysgranular
lh,71552,agranular,dysgranular,posteriorcingulate,posterior->dysgranular
lh,71553,agranular,dysgranular,posteriorcingulate,posterior->dysgranular
lh,71554,agranular,dysgranular,posteriorcingulate,posterior->dysgranular
lh,71555,agranular,dysgranular,posteriorcingulate,posterior->dysgranular
lh,71556,agranular,dysgranular,posteriorcingulate,posterior->dysgranular
lh,71563,agranular,dysgranular,posteriorcingulate,posterior->dysgranular
lh,71564,agranular,dysgranular,posteriorcingulate,posterior->dysgranular
lh,71565,agranular,dysgranular,posteriorcingulate,posterior->dysgranular
lh,71566,agranular,dysgranular,posteriorcingulate,posterior->dysgranular
lh,71568,agranular,dysgranular,posteriorcingulate,posterior->dysgranular
lh,71569,agranular,dysgranular,posteriorcingulate,posterior->dysgranular
lh,71570,agranular,dysgranular,posteriorcingulate,posterior->dysgranular
lh,71571,agranular,dysgranular,posteriorcingulate,posterior->dysgranular
lh,71844,agranular,dysgranular,isthmuscingulate,posterior->dysgranular
lh,71845,agranular,dysgranular,isthmuscingulate,posterior->dysgranular
lh,71846,agranular,dysgranular,isthmuscingulate,posterior->dysgranular
lh,71847,agranular,dysgranular,isthmuscingulate,posterior->dysgranular
lh,71848,agranular,dysgranular,isthmuscingulate,posterior->dysgranular
lh,74935,agranular,dysgranular,isthmuscingulate,posterior->dysgranular
lh,74937,agranular,dysgranular,isthmuscingulate,posterior->dysgranular
lh,74939,agranular,dysgranular,isthmuscingulate,posterior->dysgranular
lh,74940,agranular,dysgranular,isthmuscingulate,posterior->dysgranular
lh,74941,agranular,dysgranular,isthmuscingulate,posterior->dysgranular
lh,74942,agranular,dysgranular,isthmuscingulate,posterior->dysgranular
lh,74943,agranular,dysgranular,isthmuscingulate,posterior->dysgranular
lh,74945,agranular,dysgranular,isthmuscingulate,posterior->dysgranular
lh,74946,agranular,dysgranular,isthmuscingulate,posterior->dysgranular
lh,78825,agranular,dysgranular,posteriorcingulate,posterior->dysgranular
lh,78826,agranular,dysgranular,posteriorcingulate,posterior->dysgranular
lh,78827,agranular,dysgranular,posteriorcingulate,posterior->dysgranular
lh,78828,agranular,dysgranular,posteriorcingulate,posterior->dysgranular
lh,78829,agranular,dysgranular,posteriorcingulate,posterior->dysgranular
lh,78830,agranular,dysgranular,posteriorcingulate,posterior->dysgranular
lh,78847,agranular,dysgranular,posteriorcingulate,posterior->dysgranular
lh,78862,agranular,dysgranular,posteriorcingulate,posterior->dysgranular
lh,78863,agranular,dysgranular,posteriorcingulate,posterior->dysgranular
lh,78864,agranular,dysgranular,posteriorcingulate,posterior->dysgranular
lh,78865,agranular,dysgranular,posteriorcingulate,posterior->dysgranular
lh,78866,agranular,dysgranular,posteriorcingulate,posterior->dysgranular
lh,78867,agranular,dysgranular,posteriorcingulate,posterior->dysgranular
lh,78868,agranular,dysgranular,posteriorcingulate,posterior->dysgranular
lh,78869,agranular,dysgranular,posteriorcingulate,posterior->dysgranular
lh,78870,agranular,dysgranular,posteriorcingulate,posterior->dysgranular
lh,78871,agranular,dysgranular,posteriorcingulate,posterior->dysgranular
lh,78872,agranular,dysgranular,posteriorcingulate,posterior->dysgranular
lh,78873,agranular,dysgranular,posteriorcingulate,posterior->dysgranular
lh,78874,agranular,dysgranular,posteriorcingulate,posterior->dysgranular
lh,78875,agranular,dysgranular,posteriorcingulate,posterior->dysgranular
lh,78876,agranular,dysgranular,posteriorcingulate,posterior->dysgranular
lh,78877,agranular,dysgranular,posteriorcingulate,posterior->dysgranular
lh,78878,agranular,dysgranular,posteriorcingulate,posterior->dysgranular
lh,78879,agranular,dysgranular,posteriorcingulate,posterior->dysgranular
lh,78880,agranular,dysgranular,posteriorcingulate,posterior->dysgranular
lh,78881,agranular,dysgranular,posteriorcingulate,posterior->dysgranular
lh,78882,agranular,dysgranular,posteriorcingulate,posterior->dysgranular
lh,78883,agranular,dysgranular,posteriorcingulate,posterior->dysgranular
lh,78884,agranular,dysgranular,posteriorcingulate,posterior->dysgranular
lh,78885,agranular,dysgranular,posteriorcingulate,posterior->dysgranular
lh,78886,agranular,dysgranular,posteriorcingulate,posterior->dysgranular
lh,78887,agranular,dysgranular,posteriorcingulate,posterior->dysgranular
lh,78888,agranular,dysgranular,posteriorcingulate,posterior->dysgranular
lh,78889,agranular,dysgranular,posteriorcingulate,posterior->dysgranular
lh,78890,agranular,dysgranular,posteriorcingulate,posterior->dysgranular
lh,78891,agranular,dysgranular,posteriorcingulate,posterior->dysgranular
lh,78892,agranular,dysgranular,posteriorcingulate,posterior->dysgranular
lh,78893,agranular,dysgranular,posteriorcingulate,posterior->dysgranular
lh,78894,agranular,dysgranular,posteriorcingulate,posterior->dysgranular
lh,78895,agranular,dysgranular,posteriorcingulate,posterior->dysgranular
lh,78896,agranular,dysgranular,posteriorcingulate,posterior->dysgranular
lh,78897,agranular,dysgranular,posteriorcingulate,posterior->dysgranular
lh,78898,agranular,dysgranular,posteriorcingulate,posterior->dysgranular
lh,78899,agranular,dysgranular,posteriorcingulate,posterior->dysgranular
lh,78900,agranular,dysgranular,posteriorcingulate,posterior->dysgranular
lh,78901,agranular,dysgranular,posteriorcingulate,posterior->dysgranular
lh,78902,agranular,dysgranular,posteriorcingulate,posterior->dysgranular
lh,78903,agranular,dysgranular,posteriorcingulate,posterior->dysgranular
lh,78904,agranular,dysgranular,posteriorcingulate,posterior->dysgranular
lh,78905,agranular,dysgranular,posteriorcingulate,posterior->dysgranular
lh,78906,agranular,dysgranular,posteriorcingulate,posterior->dysgranular
lh,78907,agranular,dysgranular,posteriorcingulate,posterior->dysgranular
lh,78908,agranular,dysgranular,posteriorcingulate,posterior->dysgranular
lh,78909,agranular,dysgranular,posteriorcingulate,posterior->dysgranular
lh,78910,agranular,dysgranular,posteriorcingulate,posterior->dysgranular
lh,78911,agranular,dysgranular,posteriorcingulate,posterior->dysgranular
lh,78912,agranular,dysgranular,posteriorcingulate,posterior->dysgranular
lh,78913,agranular,dysgranular,posteriorcingulate,posterior->dysgranular
lh,78914,agranular,dysgranular,posteriorcingulate,posterior->dysgranular
lh,78915,agranular,dysgranular,posteriorcingulate,posterior->dysgranular
lh,78916,agranular,dysgranular,posteriorcingulate,posterior->dysgranular
lh,78917,agranular,dysgranular,posteriorcingulate,posterior->dysgranular
lh,78918,agranular,dysgranular,posteriorcingulate,posterior->dysgranular
lh,78919,agranular,dysgranular,posteriorcingulate,posterior->dysgranular
lh,78920,agranular,dysgranular,posteriorcingulate,posterior->dysgranular
lh,78921,agranular,dysgranular,posteriorcingulate,posterior->dysgranular
lh,78922,agranular,dysgranular,posteriorcingulate,posterior->dysgranular
lh,78937,agranular,dysgranular,posteriorcingulate,posterior->dysgranular
lh,78947,agranular,dysgranular,posteriorcingulate,posterior->dysgranular
lh,78952,agranular,dysgranular,posteriorcingulate,posterior->dysgranular
lh,78953,agranular,dysgranular,posteriorcingulate,posterior->dysgranular
lh,78954,agranular,dysgranular,posteriorcingulate,posterior->dysgranular
lh,78955,agranular,dysgranular,posteriorcingulate,posterior->dysgranular
lh,78956,agranular,dysgranular,posteriorcingulate,posterior->dysgranular
lh,78957,agranular,dysgranular,posteriorcingulate,posterior->dysgranular
lh,78958,agranular,dysgranular,posteriorcingulate,posterior->dysgranular
lh,78959,agranular,dysgranular,posteriorcingulate,posterior->dysgranular
lh,78960,agranular,dysgranular,posteriorcingulate,posterior->dysgranular
lh,78961,agranular,dysgranular,posteriorcingulate,posterior->dysgranular
lh,78962,agranular,dysgranular,posteriorcingulate,posterior->dysgranular
lh,78963,agranular,dysgranular,posteriorcingulate,posterior->dysgranular
lh,78964,agranular,dysgranular,posteriorcingulate,posterior->dysgranular
lh,78965,agranular,dysgranular,posteriorcingulate,posterior->dysgranular
lh,78966,agranular,dysgranular,posteriorcingulate,posterior->dysgranular
lh,78967,agranular,dysgranular,posteriorcingulate,posterior->dysgranular
lh,78968,agranular,dysgranular,posteriorcingulate,posterior->dysgranular
lh,78969,agranular,dysgranular,posteriorcingulate,posterior->dysgranular
lh,78970,agranular,dysgranular,posteriorcingulate,posterior->dysgranular
lh,78971,agranular,dysgranular,posteriorcingulate,posterior->dysgranular
lh,78972,agranular,dysgranular,posteriorcingulate,posterior->dysgranular
lh,78977,agranular,dysgranular,posteriorcingulate,posterior->dysgranular
lh,78978,agranular,dysgranular,posteriorcingulate,posterior->dysgranular
lh,78979,agranular,dysgranular,posteriorcingulate,posterior->dysgranular
lh,78980,agranular,dysgranular,posteriorcingulate,posterior->dysgranular
lh,78981,agranular,dysgranular,posteriorcingulate,posterior->dysgranular
lh,78982,agranular,dysgranular,posteriorcingulate,posterior->dysgranular
lh,78983,agranular,dysgranular,posteriorcingulate,posterior->dysgranular
lh,78984,agranular,dysgranular,posteriorcingulate,posterior->dysgranular
lh,78985,agranular,dysgranular,posteriorcingulate,posterior->dysgranular
lh,78986,agranular,dysgranular,posteriorcingulate,posterior->dysgranular
lh,78987,agranular,dysgranular,posteriorcingulate,posterior->dysgranular
lh,78988,agranular,dysgranular,posteriorcingulate,posterior->dysgranular
lh,78989,agranular,dysgranular,posteriorcingulate,posterior->dysgranular
lh,78990,agranular,dysgranular,posteriorcingulate,posterior->dysgranular
lh,78991,agranular,dysgranular,posteriorcingulate,posterior->dysgranular
lh,78992,agranular,dysgranular,posteriorcingulate,posterior->dysgranular
lh,78993,agranular,dysgranular,posteriorcingulate,posterior->dysgranular
lh,78994,agranular,dysgranular,posteriorcingulate,posterior->dysgranular
lh,78995,agranular,dysgranular,posteriorcingulate,posterior->dysgranular
lh,78996,agranular,dysgranular,posteriorcingulate,posterior->dysgranular
lh,79872,agranular,dysgranular,isthmuscingulate,posterior->dysgranular
lh,79873,agranular,dysgranular,isthmuscingulate,posterior->dysgranular
lh,79874,agranular,dysgranular,isthmuscingulate,posterior->dysgranular
lh,79876,agranular,dysgranular,isthmuscingulate,posterior->dysgranular
lh,79877,agranular,dysgranular,isthmuscingulate,posterior->dysgranular
lh,79878,agranular,dysgranular,isthmuscingulate,posterior->dysgranular
lh,79879,agranular,dysgranular,isthmuscingulate,posterior->dysgranular
lh,79880,agranular,dysgranular,isthmuscingulate,posterior->dysgranular
lh,79881,agranular,dysgranular,isthmuscingulate,posterior->dysgranular
lh,79882,agranular,dysgranular,isthmuscingulate,posterior->dysgranular
lh,79883,agranular,dysgranular,isthmuscingulate,posterior->dysgranular
lh,79884,agranular,dysgranular,isthmuscingulate,posterior->dysgranular
lh,79888,agranular,dysgranular,isthmuscingulate,posterior->dysgranular
lh,79889,agranular,dysgranular,isthmuscingulate,posterior->dysgranular
lh,79890,agranular,dysgranular,isthmuscingulate,posterior->dysgranular
lh,79891,agranular,dysgranular,isthmuscingulate,posterior->dysgranular
lh,79892,agranular,dysgranular,isthmuscingulate,posterior->dysgranular
lh,79893,agranular,dysgranular,isthmuscingulate,posterior->dysgranular
lh,79894,agranular,dysgranular,isthmuscingulate,posterior->dysgranular
lh,79895,agranular,dysgranular,isthmuscingulate,posterior->dysgranular
lh,79896,agranular,dysgranular,isthmuscingulate,posterior->dysgranular
lh,79897,agranular,dysgranular,isthmuscingulate,posterior->dysgranular
lh,79898,agranular,dysgranular,isthmuscingulate,posterior->dysgranular
lh,79899,agranular,dysgranular,isthmuscingulate,posterior->dysgranular
lh,79921,agranular,dysgranular,isthmuscingulate,posterior->dysgranular
lh,79922,agranular,dysgranular,isthmuscingulate,posterior->dysgranular
lh,79923,agranular,dysgranular,isthmuscingulate,posterior->dysgranular
lh,79924,agranular,dysgranular,isthmuscingulate,posterior->dysgranular
lh,79926,agranular,dysgranular,isthmuscingulate,posterior->dysgranular
lh,79927,agranular,dysgranular,isthmuscingulate,posterior->dysgranular
lh,79928,agranular,dysgranular,isthmuscingulate,posterior->dysgranular
lh,79929,agranular,dysgranular,isthmuscingulate,posterior->dysgranular
lh,79936,agranular,dysgranular,isthmuscingulate,posterior->dysgranular
lh,79937,agranular,dysgranular,isthmuscingulate,posterior->dysgranular
lh,79938,agranular,dysgranular,isthmuscingulate,posterior->dysgranular
lh,79939,agranular,dysgranular,isthmuscingulate,posterior->dysgranular
lh,79941,agranular,dysgranular,isthmuscingulate,posterior->dysgranular
lh,79942,agranular,dysgranular,isthmuscingulate,posterior->dysgranular
lh,79943,agranular,dysgranular,isthmuscingulate,posterior->dysgranular
lh,79944,agranular,dysgranular,isthmuscingulate,posterior->dysgranular
lh,79945,agranular,dysgranular,isthmuscingulate,posterior->dysgranular
lh,79946,agranular,dysgranular,isthmuscingulate,posterior->dysgranular
lh,88038,agranular,dysgranular,posteriorcingulate,posterior->dysgranular
lh,88039,agranular,dysgranular,posteriorcingulate,posterior->dysgranular
lh,88040,agranular,dysgranular,posteriorcingulate,posterior->dysgranular
lh,88041,agranular,dysgranular,posteriorcingulate,posterior->dysgranular
lh,88042,agranular,dysgranular,posteriorcingulate,posterior->dysgranular
lh,88043,agranular,dysgranular,posteriorcingulate,posterior->dysgranular
lh,88044,agranular,dysgranular,posteriorcingulate,posterior->dysgranular
lh,88045,agranular,dysgranular,posteriorcingulate,posterior->dysgranular
lh,88046,agranular,dysgranular,posteriorcingulate,posterior->dysgranular
lh,88047,agranular,dysgranular,posteriorcingulate,posterior->dysgranular
lh,88048,agranular,dysgranular,posteriorcingulate,posterior->dysgranular
lh,88049,agranular,dysgranular,posteriorcingulate,posterior->dysgranular
lh,88310,agranular,dysgranular,isthmuscingulate,posterior->dysgranular
lh,88311,agranular,dysgranular,isthmuscingulate,posterior->dysgranular
lh,88312,agranular,dysgranular,isthmuscingulate,posterior->dysgranular
lh,88313,agranular,dysgranular,isthmuscingulate,posterior->dysgranular
lh,88314,agranular,dysgranular,isthmuscingulate,posterior->dysgranular
lh,88316,agranular,dysgranular,isthmuscingulate,posterior->dysgranular
lh,88317,agranular,dysgranular,isthmuscingulate,posterior->dysgranular
lh,88318,agranular,dysgranular,isthmuscingulate,posterior->dysgranular
lh,88319,agranular,dysgranular,isthmuscingulate,posterior->dysgranular
lh,88326,agranular,dysgranular,isthmuscingulate,posterior->dysgranular
lh,88327,agranular,dysgranular,isthmuscingulate,posterior->dysgranular
lh,88328,agranular,dysgranular,isthmuscingulate,posterior->dysgranular
lh,88329,agranular,dysgranular,isthmuscingulate,posterior->dysgranular
lh,88331,agranular,dysgranular,isthmuscingulate,posterior->dysgranular
lh,88332,agranular,dysgranular,isthmuscingulate,posterior->dysgranular
lh,88333,agranular,dysgranular,isthmuscingulate,posterior->dysgranular
lh,88358,agranular,dysgranular,isthmuscingulate,posterior->dysgranular
lh,89050,agranular,dysgranular,isthmuscingulate,posterior->dysgranular
lh,89051,agranular,dysgranular,isthmuscingulate,posterior->dysgranular
lh,89052,agranular,dysgranular,isthmuscingulate,posterior->dysgranular
lh,89053,agranular,dysgranular,isthmuscingulate,posterior->dysgranular
lh,89054,agranular,dysgranular,isthmuscingulate,posterior->dysgranular
lh,89055,agranular,dysgranular,isthmuscingulate,posterior->dysgranular
lh,89056,agranular,dysgranular,isthmuscingulate,posterior->dysgranular
lh,89057,agranular,dysgranular,isthmuscingulate,posterior->dysgranular
lh,89058,agranular,dysgranular,isthmuscingulate,posterior->dysgranular
lh,89059,agranular,dysgranular,isthmuscingulate,posterior->dysgranular
lh,89060,agranular,dysgranular,isthmuscingulate,posterior->dysgranular
lh,89061,agranular,dysgranular,isthmuscingulate,posterior->dysgranular
lh,89062,agranular,dysgranular,isthmuscingulate,posterior->dysgranular
lh,89063,agranular,dysgranular,isthmuscingulate,posterior->dysgranular
lh,89064,agranular,dysgranular,isthmuscingulate,posterior->dysgranular
lh,89065,agranular,dysgranular,isthmuscingulate,posterior->dysgranular
lh,89066,agranular,dysgranular,isthmuscingulate,posterior->dysgranular
lh,89067,agranular,dysgranular,isthmuscingulate,posterior->dysgranular
lh,89068,agranular,dysgranular,isthmuscingulate,posterior->dysgranular
lh,89069,agranular,dysgranular,isthmuscingulate,posterior->dysgranular
lh,89077,agranular,dysgranular,isthmuscingulate,posterior->dysgranular
lh,89078,agranular,dysgranular,isthmuscingulate,posterior->dysgranular
lh,89079,agranular,dysgranular,isthmuscingulate,posterior->dysgranular
lh,89080,agranular,dysgranular,isthmuscingulate,posterior->dysgranular
lh,89081,agranular,dysgranular,isthmuscingulate,posterior->dysgranular
lh,89082,agranular,dysgranular,isthmuscingulate,posterior->dysgranular
lh,89083,agranular,dysgranular,isthmuscingulate,posterior->dysgranular
lh,92712,agranular,dysgranular,posteriorcingulate,posterior->dysgranular
lh,92713,agranular,dysgranular,posteriorcingulate,posterior->dysgranular
lh,92714,agranular,dysgranular,posteriorcingulate,posterior->dysgranular
lh,92715,agranular,dysgranular,posteriorcingulate,posterior->dysgranular
lh,92716,agranular,dysgranular,posteriorcingulate,posterior->dysgranular
lh,92717,agranular,dysgranular,posteriorcingulate,posterior->dysgranular
lh,92718,agranular,dysgranular,posteriorcingulate,posterior->dysgranular
lh,92719,agranular,dysgranular,posteriorcingulate,posterior->dysgranular
lh,92720,agranular,dysgranular,posteriorcingulate,posterior->dysgranular
lh,92721,agranular,dysgranular,posteriorcingulate,posterior->dysgranular
lh,92781,agranular,dysgranular,isthmuscingulate,posterior->dysgranular
lh,92782,agranular,dysgranular,isthmuscingulate,posterior->dysgranular
lh,93388,agranular,dysgranular,isthmuscingulate,posterior->dysgranular
lh,93389,agranular,dysgranular,isthmuscingulate,posterior->dysgranular
lh,93390,agranular,dysgranular,isthmuscingulate,posterior->dysgranular
lh,93391,agranular,dysgranular,isthmuscingulate,posterior->dysgranular
lh,93392,agranular,dysgranular,isthmuscingulate,posterior->dysgranular
lh,93393,agranular,dysgranular,isthmuscingulate,posterior->dysgranular
lh,93394,agranular,dysgranular,isthmuscingulate,posterior->dysgranular
lh,93395,agranular,dysgranular,isthmuscingulate,posterior->dysgranular
lh,94473,agranular,dysgranular,isthmuscingulate,posterior->dysgranular
lh,94474,agranular,dysgranular,isthmuscingulate,posterior->dysgranular
lh,94475,agranular,dysgranular,isthmuscingulate,posterior->dysgranular
lh,94476,agranular,dysgranular,isthmuscingulate,posterior->dysgranular
lh,95251,agranular,dysgranular,posteriorcingulate,posterior->dysgranular
lh,95252,agranular,dysgranular,posteriorcingulate,posterior->dysgranular
lh,95253,agranular,dysgranular,posteriorcingulate,posterior->dysgranular
lh,95254,agranular,dysgranular,posteriorcingulate,posterior->dysgranular
lh,95255,agranular,dysgranular,posteriorcingulate,posterior->dysgranular
lh,95256,agranular,dysgranular,posteriorcingulate,posterior->dysgranular
lh,95257,agranular,dysgranular,posteriorcingulate,posterior->dysgranular
lh,95258,agranular,dysgranular,posteriorcingulate,posterior->dysgranular
lh,95259,agranular,dysgranular,posteriorcingulate,posterior->dysgranular
lh,95260,agranular,dysgranular,posteriorcingulate,posterior->dysgranular
lh,95261,agranular,dysgranular,posteriorcingulate,posterior->dysgranular
lh,95262,agranular,dysgranular,posteriorcingulate,posterior->dysgranular
lh,95263,agranular,dysgranular,posteriorcingulate,posterior->dysgranular
lh,95264,agranular,dysgranular,posteriorcingulate,posterior->dysgranular
lh,95265,agranular,dysgranular,posteriorcingulate,posterior->dysgranular
lh,95266,agranular,dysgranular,posteriorcingulate,posterior->dysgranular
lh,95267,agranular,dysgranular,posteriorcingulate,posterior->dysgranular
lh,95268,agranular,dysgranular,posteriorcingulate,posterior->dysgranular
lh,95269,agranular,dysgranular,posteriorcingulate,posterior->dysgranular
lh,95270,agranular,dysgranular,posteriorcingulate,posterior->dysgranular
lh,95271,agranular,dysgranular,posteriorcingulate,posterior->dysgranular
lh,95272,agranular,dysgranular,posteriorcingulate,posterior->dysgranular
lh,95273,agranular,dysgranular,posteriorcingulate,posterior->dysgranular
lh,95274,agranular,dysgranular,posteriorcingulate,posterior->dysgranular
lh,95275,agranular,dysgranular,posteriorcingulate,posterior->dysgranular
lh,95276,agranular,dysgranular,posteriorcingulate,posterior->dysgranular
lh,95277,agranular,dysgranular,posteriorcingulate,posterior->dysgranular
lh,95278,agranular,dysgranular,posteriorcingulate,posterior->dysgranular
lh,95279,agranular,dysgranular,posteriorcingulate,posterior->dysgranular
lh,95280,agranular,dysgranular,posteriorcingulate,posterior->dysgranular
lh,95281,agranular,dysgranular,posteriorcingulate,posterior->dysgranular
lh,95282,agranular,dysgranular,posteriorcingulate,posterior->dysgranular
lh,95283,agranular,dysgranular,posteriorcingulate,posterior->dysgranular
lh,95456,agranular,dysgranular,isthmuscingulate,posterior->dysgranular
lh,95457,agranular,dysgranular,isthmuscingulate,posterior->dysgranular
lh,95458,agranular,dysgranular,isthmuscingulate,posterior->dysgranular
lh,95459,agranular,dysgranular,isthmuscingulate,posterior->dysgranular
lh,95460,agranular,dysgranular,isthmuscingulate,posterior->dysgranular
lh,95461,agranular,dysgranular,isthmuscingulate,posterior->dysgranular
lh,95462,agranular,dysgranular,isthmuscingulate,posterior->dysgranular
lh,95463,agranular,dysgranular,isthmuscingulate,posterior->dysgranular
lh,95464,agranular,dysgranular,isthmuscingulate,posterior->dysgranular
lh,97290,agranular,dysgranular,isthmuscingulate,posterior->dysgranular
lh,97291,agranular,dysgranular,isthmuscingulate,posterior->dysgranular
lh,97292,agranular,dysgranular,isthmuscingulate,posterior->dysgranular
lh,97293,agranular,dysgranular,isthmuscingulate,posterior->dysgranular
lh,97294,agranular,dysgranular,isthmuscingulate,posterior->dysgranular
lh,97296,agranular,dysgranular,isthmuscingulate,posterior->dysgranular
lh,97297,agranular,dysgranular,isthmuscingulate,posterior->dysgranular
lh,97298,agranular,dysgranular,isthmuscingulate,posterior->dysgranular
lh,97299,agranular,dysgranular,isthmuscingulate,posterior->dysgranular
lh,97300,agranular,dysgranular,isthmuscingulate,posterior->dysgranular
lh,97301,agranular,dysgranular,isthmuscingulate,posterior->dysgranular
lh,97302,agranular,dysgranular,isthmuscingulate,posterior->dysgranular
lh,98796,agranular,dysgranular,isthmuscingulate,posterior->dysgranular
lh,99571,agranular,dysgranular,posteriorcingulate,posterior->dysgranular
lh,99572,agranular,dysgranular,posteriorcingulate,posterior->dysgranular
lh,99573,agranular,dysgranular,posteriorcingulate,posterior->dysgranular
lh,99574,agranular,dysgranular,posteriorcingulate,posterior->dysgranular
lh,99575,agranular,dysgranular,posteriorcingulate,posterior->dysgranular
lh,99576,agranular,dysgranular,posteriorcingulate,posterior->dysgranular
lh,99577,agranular,dysgranular,posteriorcingulate,posterior->dysgranular
lh,99578,agranular,dysgranular,posteriorcingulate,posterior->dysgranular
lh,99579,agranular,dysgranular,posteriorcingulate,posterior->dysgranular
lh,99580,agranular,dysgranular,posteriorcingulate,posterior->dysgranular
lh,99581,agranular,dysgranular,posteriorcingulate,posterior->dysgranular
lh,99582,agranular,dysgranular,posteriorcingulate,posterior->dysgranular
lh,99583,agranular,dysgranular,posteriorcingulate,posterior->dysgranular
lh,99584,agranular,dysgranular,posteriorcingulate,posterior->dysgranular
lh,99585,agranular,dysgranular,posteriorcingulate,posterior->dysgranular
lh,99586,agranular,dysgranular,posteriorcingulate,posterior->dysgranular
lh,99587,agranular,dysgranular,posteriorcingulate,posterior->dysgranular
lh,99588,agranular,dysgranular,posteriorcingulate,posterior->dysgranular
lh,99589,agranular,dysgranular,posteriorcingulate,posterior->dysgranular
lh,99590,agranular,dysgranular,posteriorcingulate,posterior->dysgranular
lh,99591,agranular,dysgranular,posteriorcingulate,posterior->dysgranular
lh,99592,agranular,dysgranular,posteriorcingulate,posterior->dysgranular
lh,99593,agranular,dysgranular,posteriorcingulate,posterior->dysgranular
lh,99594,agranular,dysgranular,posteriorcingulate,posterior->dysgranular
lh,99595,agranular,dysgranular,posteriorcingulate,posterior->dysgranular
lh,99596,agranular,dysgranular,posteriorcingulate,posterior->dysgranular
lh,99597,agranular,dysgranular,posteriorcingulate,posterior->dysgranular
lh,99598,agranular,dysgranular,posteriorcingulate,posterior->dysgranular
lh,99599,agranular,dysgranular,posteriorcingulate,posterior->dysgranular
lh,99600,agranular,dysgranular,posteriorcingulate,posterior->dysgranular
lh,99601,agranular,dysgranular,posteriorcingulate,posterior->dysgranular
lh,99602,agranular,dysgranular,posteriorcingulate,posterior->dysgranular
lh,99603,agranular,dysgranular,posteriorcingulate,posterior->dysgranular
lh,99604,agranular,dysgranular,posteriorcingulate,posterior->dysgranular
lh,99605,agranular,dysgranular,posteriorcingulate,posterior->dysgranular
lh,99606,agranular,dysgranular,posteriorcingulate,posterior->dysgranular
lh,99782,agranular,dysgranular,isthmuscingulate,posterior->dysgranular
lh,99783,agranular,dysgranular,isthmuscingulate,posterior->dysgranular
lh,99784,agranular,dysgranular,isthmuscingulate,posterior->dysgranular
lh,101609,agranular,dysgranular,isthmuscingulate,posterior->dysgranular
lh,101610,agranular,dysgranular,isthmuscingulate,posterior->dysgranular
lh,101611,agranular,dysgranular,isthmuscingulate,posterior->dysgranular
lh,101612,agranular,dysgranular,isthmuscingulate,posterior->dysgranular
lh,101613,agranular,dysgranular,isthmuscingulate,posterior->dysgranular
lh,101614,agranular,dysgranular,isthmuscingulate,posterior->dysgranular
lh,101615,agranular,dysgranular,isthmuscingulate,posterior->dysgranular
lh,101616,agranular,dysgranular,isthmuscingulate,posterior->dysgranular
lh,101617,agranular,dysgranular,isthmuscingulate,posterior->dysgranular
lh,101618,agranular,dysgranular,isthmuscingulate,posterior->dysgranular
lh,101619,agranular,dysgranular,isthmuscingulate,posterior->dysgranular
lh,101620,agranular,dysgranular,isthmuscingulate,posterior->dysgranular
lh,101621,agranular,dysgranular,isthmuscingulate,posterior->dysgranular
lh,101622,agranular,dysgranular,isthmuscingulate,posterior->dysgranular
lh,101624,agranular,dysgranular,isthmuscingulate,posterior->dysgranular
lh,102815,agranular,dysgranular,posteriorcingulate,posterior->dysgranular
lh,102816,agranular,dysgranular,posteriorcingulate,posterior->dysgranular
lh,102817,agranular,dysgranular,posteriorcingulate,posterior->dysgranular
lh,102818,agranular,dysgranular,posteriorcingulate,posterior->dysgranular
lh,102819,agranular,dysgranular,posteriorcingulate,posterior->dysgranular
lh,102830,agranular,dysgranular,posteriorcingulate,posterior->dysgranular
lh,102831,agranular,dysgranular,posteriorcingulate,posterior->dysgranular
lh,102832,agranular,dysgranular,posteriorcingulate,posterior->dysgranular
lh,102833,agranular,dysgranular,posteriorcingulate,posterior->dysgranular
lh,102834,agranular,dysgranular,posteriorcingulate,posterior->dysgranular
lh,102835,agranular,dysgranular,posteriorcingulate,posterior->dysgranular
lh,102836,agranular,dysgranular,posteriorcingulate,posterior->dysgranular
lh,102837,agranular,dysgranular,posteriorcingulate,posterior->dysgranular
lh,103011,agranular,dysgranular,isthmuscingulate,posterior->dysgranular
lh,103012,agranular,dysgranular,isthmuscingulate,posterior->dysgranular
lh,103013,agranular,dysgranular,isthmuscingulate,posterior->dysgranular
lh,103014,agranular,dysgranular,isthmuscingulate,posterior->dysgranular
lh,104863,agranular,dysgranular,isthmuscingulate,posterior->dysgranular
lh,104865,agranular,dysgranular,isthmuscingulate,posterior->dysgranular
lh,104866,agranular,dysgranular,isthmuscingulate,posterior->dysgranular
lh,104867,agranular,dysgranular,isthmuscingulate,posterior->dysgranular
lh,104868,agranular,dysgranular,isthmuscingulate,posterior->dysgranular
lh,104869,agranular,dysgranular,isthmuscingulate,posterior->dysgranular
lh,104870,agranular,dysgranular,isthmuscingulate,posterior->dysgranular
lh,107199,agranular,dysgranular,posteriorcingulate,posterior->dysgranular
lh,107200,agranular,dysgranular,posteriorcingulate,posterior->dysgranular
lh,107201,agranular,dysgranular,posteriorcingulate,posterior->dysgranular
lh,107202,agranular,dysgranular,posteriorcingulate,posterior->dysgranular
lh,107212,agranular,dysgranular,posteriorcingulate,posterior->dysgranular
lh,107221,agranular,dysgranular,posteriorcingulate,posterior->dysgranular
lh,107222,agranular,dysgranular,posteriorcingulate,posterior->dysgranular
lh,107223,agranular,dysgranular,posteriorcingulate,posterior->dysgranular
lh,107224,agranular,dysgranular,posteriorcingulate,posterior->dysgranular
lh,107225,agranular,dysgranular,posteriorcingulate,posterior->dysgranular
lh,107226,agranular,dysgranular,posteriorcingulate,posterior->dysgranular
lh,107227,agranular,dysgranular,posteriorcingulate,posterior->dysgranular
lh,107228,agranular,dysgranular,posteriorcingulate,posterior->dysgranular
lh,107229,agranular,dysgranular,posteriorcingulate,posterior->dysgranular
lh,107230,agranular,dysgranular,posteriorcingulate,posterior->dysgranular
lh,107231,agranular,dysgranular,posteriorcingulate,posterior->dysgranular
lh,107232,agranular,dysgranular,posteriorcingulate,posterior->dysgranular
lh,107233,agranular,dysgranular,posteriorcingulate,posterior->dysgranular
lh,107234,agranular,dysgranular,posteriorcingulate,posterior->dysgranular
lh,107235,agranular,dysgranular,posteriorcingulate,posterior->dysgranular
lh,107236,agranular,dysgranular,posteriorcingulate,posterior->dysgranular
lh,107237,agranular,dysgranular,posteriorcingulate,posterior->dysgranular
lh,107238,agranular,dysgranular,posteriorcingulate,posterior->dysgranular
lh,107239,agranular,dysgranular,posteriorcingulate,posterior->dysgranular
lh,107240,agranular,dysgranular,posteriorcingulate,posterior->dysgranular
lh,107241,agranular,dysgranular,posteriorcingulate,posterior->dysgranular
lh,107242,agranular,dysgranular,posteriorcingulate,posterior->dysgranular
lh,107243,agranular,dysgranular,posteriorcingulate,posterior->dysgranular
lh,107244,agranular,dysgranular,posteriorcingulate,posterior->dysgranular
lh,107245,agranular,dysgranular,posteriorcingulate,posterior->dysgranular
lh,107246,agranular,dysgranular,posteriorcingulate,posterior->dysgranular
lh,107247,agranular,dysgranular,posteriorcingulate,posterior->dysgranular
lh,107248,agranular,dysgranular,posteriorcingulate,posterior->dysgranular
lh,107249,agranular,dysgranular,posteriorcingulate,posterior->dysgranular
lh,107250,agranular,dysgranular,posteriorcingulate,posterior->dysgranular
lh,107251,agranular,dysgranular,posteriorcingulate,posterior->dysgranular
lh,107252,agranular,dysgranular,posteriorcingulate,posterior->dysgranular
lh,107253,agranular,dysgranular,posteriorcingulate,posterior->dysgranular
lh,107254,agranular,dysgranular,posteriorcingulate,posterior->dysgranular
lh,107255,agranular,dysgranular,posteriorcingulate,posterior->dysgranular
lh,107256,agranular,dysgranular,posteriorcingulate,posterior->dysgranular
lh,107257,agranular,dysgranular,posteriorcingulate,posterior->dysgranular
lh,107258,agranular,dysgranular,posteriorcingulate,posterior->dysgranular
lh,107259,agranular,dysgranular,posteriorcingulate,posterior->dysgranular
lh,107260,agranular,dysgranular,posteriorcingulate,posterior->dysgranular
lh,107266,agranular,dysgranular,posteriorcingulate,posterior->dysgranular
lh,107268,agranular,dysgranular,posteriorcingulate,posterior->dysgranular
lh,107273,agranular,dysgranular,posteriorcingulate,posterior->dysgranular
lh,107274,agranular,dysgranular,posteriorcingulate,posterior->dysgranular
lh,107275,agranular,dysgranular,posteriorcingulate,posterior->dysgranular
lh,107276,agranular,dysgranular,posteriorcingulate,posterior->dysgranular
lh,107277,agranular,dysgranular,posteriorcingulate,posterior->dysgranular
lh,107278,agranular,dysgranular,posteriorcingulate,posterior->dysgranular
lh,107279,agranular,dysgranular,posteriorcingulate,posterior->dysgranular
lh,107280,agranular,dysgranular,posteriorcingulate,posterior->dysgranular
lh,107281,agranular,dysgranular,posteriorcingulate,posterior->dysgranular
lh,107282,agranular,dysgranular,posteriorcingulate,posterior->dysgranular
lh,107283,agranular,dysgranular,posteriorcingulate,posterior->dysgranular
lh,107284,agranular,dysgranular,posteriorcingulate,posterior->dysgranular
lh,107285,agranular,dysgranular,posteriorcingulate,posterior->dysgranular
lh,107286,agranular,dysgranular,posteriorcingulate,posterior->dysgranular
lh,107287,agranular,dysgranular,posteriorcingulate,posterior->dysgranular
lh,107288,agranular,dysgranular,posteriorcingulate,posterior->dysgranular
lh,107289,agranular,dysgranular,posteriorcingulate,posterior->dysgranular
lh,107290,agranular,dysgranular,posteriorcingulate,posterior->dysgranular
lh,107291,agranular,dysgranular,posteriorcingulate,posterior->dysgranular
lh,107292,agranular,dysgranular,posteriorcingulate,posterior->dysgranular
lh,107294,agranular,dysgranular,posteriorcingulate,posterior->dysgranular
lh,107295,agranular,dysgranular,posteriorcingulate,posterior->dysgranular
lh,107296,agranular,dysgranular,posteriorcingulate,posterior->dysgranular
lh,107297,agranular,dysgranular,posteriorcingulate,posterior->dysgranular
lh,107298,agranular,dysgranular,posteriorcingulate,posterior->dysgranular
lh,107299,agranular,dysgranular,posteriorcingulate,posterior->dysgranular
lh,107300,agranular,dysgranular,posteriorcingulate,posterior->dysgranular
lh,107301,agranular,dysgranular,posteriorcingulate,posterior->dysgranular
lh,107822,agranular,dysgranular,isthmuscingulate,posterior->dysgranular
lh,107828,agranular,dysgranular,isthmuscingulate,posterior->dysgranular
lh,107829,agranular,dysgranular,isthmuscingulate,posterior->dysgranular
lh,107830,agranular,dysgranular,isthmuscingulate,posterior->dysgranular
lh,107831,agranular,dysgranular,isthmuscingulate,posterior->dysgranular
lh,107832,agranular,dysgranular,isthmuscingulate,posterior->dysgranular
lh,107833,agranular,dysgranular,isthmuscingulate,posterior->dysgranular
lh,107834,agranular,dysgranular,isthmuscingulate,posterior->dysgranular
lh,107835,agranular,dysgranular,isthmuscingulate,posterior->dysgranular
lh,107839,agranular,dysgranular,isthmuscingulate,posterior->dysgranular
lh,107840,agranular,dysgranular,isthmuscingulate,posterior->dysgranular
lh,107841,agranular,dysgranular,isthmuscingulate,posterior->dysgranular
lh,107842,agranular,dysgranular,isthmuscingulate,posterior->dysgranular
lh,107843,agranular,dysgranular,isthmuscingulate,posterior->dysgranular
lh,107844,agranular,dysgranular,isthmuscingulate,posterior->dysgranular
lh,112727,agranular,dysgranular,posteriorcingulate,posterior->dysgranular
lh,112728,agranular,dysgranular,posteriorcingulate,posterior->dysgranular
lh,112729,agranular,dysgranular,posteriorcingulate,posterior->dysgranular
lh,112730,agranular,dysgranular,posteriorcingulate,posterior->dysgranular
lh,112731,agranular,dysgranular,posteriorcingulate,posterior->dysgranular
lh,112732,agranular,dysgranular,posteriorcingulate,posterior->dysgranular
lh,112733,agranular,dysgranular,posteriorcingulate,posterior->dysgranular
lh,112892,agranular,dysgranular,isthmuscingulate,posterior->dysgranular
lh,113334,agranular,dysgranular,isthmuscingulate,posterior->dysgranular
lh,113335,agranular,dysgranular,isthmuscingulate,posterior->dysgranular
lh,113336,agranular,dysgranular,isthmuscingulate,posterior->dysgranular
lh,113337,agranular,dysgranular,isthmuscingulate,posterior->dysgranular
lh,113338,agranular,dysgranular,isthmuscingulate,posterior->dysgranular
lh,113339,agranular,dysgranular,isthmuscingulate,posterior->dysgranular
lh,113340,agranular,dysgranular,isthmuscingulate,posterior->dysgranular
lh,113341,agranular,dysgranular,isthmuscingulate,posterior->dysgranular
lh,113342,agranular,dysgranular,isthmuscingulate,posterior->dysgranular
lh,113343,agranular,dysgranular,isthmuscingulate,posterior->dysgranular
lh,113344,agranular,dysgranular,isthmuscingulate,posterior->dysgranular
lh,113345,agranular,dysgranular,isthmuscingulate,posterior->dysgranular
lh,113350,agranular,dysgranular,isthmuscingulate,posterior->dysgranular
lh,113351,agranular,dysgranular,isthmuscingulate,posterior->dysgranular
lh,113352,agranular,dysgranular,isthmuscingulate,posterior->dysgranular
lh,115881,agranular,dysgranular,isthmuscingulate,posterior->dysgranular
lh,116488,agranular,dysgranular,posteriorcingulate,posterior->dysgranular
lh,116489,agranular,dysgranular,posteriorcingulate,posterior->dysgranular
lh,116490,agranular,dysgranular,posteriorcingulate,posterior->dysgranular
lh,116491,agranular,dysgranular,posteriorcingulate,posterior->dysgranular
lh,116492,agranular,dysgranular,posteriorcingulate,posterior->dysgranular
lh,116493,agranular,dysgranular,posteriorcingulate,posterior->dysgranular
lh,116494,agranular,dysgranular,posteriorcingulate,posterior->dysgranular
lh,116495,agranular,dysgranular,posteriorcingulate,posterior->dysgranular
lh,116496,agranular,dysgranular,posteriorcingulate,posterior->dysgranular
lh,116497,agranular,dysgranular,posteriorcingulate,posterior->dysgranular
lh,116498,agranular,dysgranular,posteriorcingulate,posterior->dysgranular
lh,116499,agranular,dysgranular,posteriorcingulate,posterior->dysgranular
lh,116500,agranular,dysgranular,posteriorcingulate,posterior->dysgranular
lh,116501,agranular,dysgranular,posteriorcingulate,posterior->dysgranular
lh,116502,agranular,dysgranular,posteriorcingulate,posterior->dysgranular
lh,116503,agranular,dysgranular,posteriorcingulate,posterior->dysgranular
lh,116504,agranular,dysgranular,posteriorcingulate,posterior->dysgranular
lh,116505,agranular,dysgranular,posteriorcingulate,posterior->dysgranular
lh,116506,agranular,dysgranular,posteriorcingulate,posterior->dysgranular
lh,116507,agranular,dysgranular,posteriorcingulate,posterior->dysgranular
lh,116508,agranular,dysgranular,posteriorcingulate,posterior->dysgranular
lh,116509,agranular,dysgranular,posteriorcingulate,posterior->dysgranular
lh,116510,agranular,dysgranular,posteriorcingulate,posterior->dysgranular
lh,116511,agranular,dysgranular,posteriorcingulate,posterior->dysgranular
lh,116649,agranular,dysgranular,isthmuscingulate,posterior->dysgranular
lh,116650,agranular,dysgranular,isthmuscingulate,posterior->dysgranular
lh,118066,agranular,dysgranular,isthmuscingulate,posterior->dysgranular
lh,118067,agranular,dysgranular,isthmuscingulate,posterior->dysgranular
lh,118068,agranular,dysgranular,isthmuscingulate,posterior->dysgranular
lh,118069,agranular,dysgranular,isthmuscingulate,posterior->dysgranular
lh,118070,agranular,dysgranular,isthmuscingulate,posterior->dysgranular
lh,118071,agranular,dysgranular,isthmuscingulate,posterior->dysgranular
lh,118072,agranular,dysgranular,isthmuscingulate,posterior->dysgranular
lh,118073,agranular,dysgranular,isthmuscingulate,posterior->dysgranular
lh,118074,agranular,dysgranular,isthmuscingulate,posterior->dysgranular
lh,118075,agranular,dysgranular,isthmuscingulate,posterior->dysgranular
lh,118076,agranular,dysgranular,isthmuscingulate,posterior->dysgranular
lh,118077,agranular,dysgranular,isthmuscingulate,posterior->dysgranular
lh,118078,agranular,dysgranular,isthmuscingulate,posterior->dysgranular
lh,118079,agranular,dysgranular,isthmuscingulate,posterior->dysgranular
lh,118080,agranular,dysgranular,isthmuscingulate,posterior->dysgranular
lh,118081,agranular,dysgranular,isthmuscingulate,posterior->dysgranular
lh,118082,agranular,dysgranular,isthmuscingulate,posterior->dysgranular
lh,118083,agranular,dysgranular,isthmuscingulate,posterior->dysgranular
lh,120601,agranular,dysgranular,isthmuscingulate,posterior->dysgranular
lh,120602,agranular,dysgranular,isthmuscingulate,posterior->dysgranular
lh,120603,agranular,dysgranular,isthmuscingulate,posterior->dysgranular
lh,120604,agranular,dysgranular,isthmuscingulate,posterior->dysgranular
lh,120605,agranular,dysgranular,isthmuscingulate,posterior->dysgranular
lh,120606,agranular,dysgranular,isthmuscingulate,posterior->dysgranular
lh,122413,agranular,dysgranular,posteriorcingulate,posterior->dysgranular
lh,122414,agranular,dysgranular,posteriorcingulate,posterior->dysgranular
lh,122415,agranular,dysgranular,posteriorcingulate,posterior->dysgranular
lh,122416,agranular,dysgranular,posteriorcingulate,posterior->dysgranular
lh,122417,agranular,dysgranular,posteriorcingulate,posterior->dysgranular
lh,122418,agranular,dysgranular,posteriorcingulate,posterior->dysgranular
lh,122419,agranular,dysgranular,posteriorcingulate,posterior->dysgranular
lh,122420,agranular,dysgranular,posteriorcingulate,posterior->dysgranular
lh,122421,agranular,dysgranular,posteriorcingulate,posterior->dysgranular
lh,122422,agranular,dysgranular,posteriorcingulate,posterior->dysgranular
lh,122423,agranular,dysgranular,posteriorcingulate,posterior->dysgranular
lh,122424,agranular,dysgranular,posteriorcingulate,posterior->dysgranular
lh,122425,agranular,dysgranular,posteriorcingulate,posterior->dysgranular
lh,122426,agranular,dysgranular,posteriorcingulate,posterior->dysgranular
lh,122427,agranular,dysgranular,posteriorcingulate,posterior->dysgranular
lh,122428,agranular,dysgranular,posteriorcingulate,posterior->dysgranular
lh,122429,agranular,dysgranular,posteriorcingulate,posterior->dysgranular
lh,122430,agranular,dysgranular,posteriorcingulate,posterior->dysgranular
lh,122431,agranular,dysgranular,posteriorcingulate,posterior->dysgranular
lh,122432,agranular,dysgranular,posteriorcingulate,posterior->dysgranular
lh,122433,agranular,dysgranular,posteriorcingulate,posterior->dysgranular
lh,122434,agranular,dysgranular,posteriorcingulate,posterior->dysgranular
lh,122435,agranular,dysgranular,posteriorcingulate,posterior->dysgranular
lh,122436,agranular,dysgranular,posteriorcingulate,posterior->dysgranular
lh,122437,agranular,dysgranular,posteriorcingulate,posterior->dysgranular
lh,122438,agranular,dysgranular,posteriorcingulate,posterior->dysgranular
lh,122439,agranular,dysgranular,posteriorcingulate,posterior->dysgranular
lh,122440,agranular,dysgranular,posteriorcingulate,posterior->dysgranular
lh,122441,agranular,dysgranular,posteriorcingulate,posterior->dysgranular
lh,122442,agranular,dysgranular,posteriorcingulate,posterior->dysgranular
lh,122443,agranular,dysgranular,posteriorcingulate,posterior->dysgranular
lh,122444,agranular,dysgranular,posteriorcingulate,posterior->dysgranular
lh,122445,agranular,dysgranular,posteriorcingulate,posterior->dysgranular
lh,122446,agranular,dysgranular,posteriorcingulate,posterior->dysgranular
lh,122447,agranular,dysgranular,posteriorcingulate,posterior->dysgranular
lh,122448,agranular,dysgranular,posteriorcingulate,posterior->dysgranular
lh,122449,agranular,dysgranular,posteriorcingulate,posterior->dysgranular
lh,122450,agranular,dysgranular,posteriorcingulate,posterior->dysgranular
lh,122451,agranular,dysgranular,posteriorcingulate,posterior->dysgranular
lh,122452,agranular,dysgranular,posteriorcingulate,posterior->dysgranular
lh,122453,agranular,dysgranular,posteriorcingulate,posterior->dysgranular
lh,122454,agranular,dysgranular,posteriorcingulate,posterior->dysgranular
lh,122455,agranular,dysgranular,posteriorcingulate,posterior->dysgranular
lh,122456,agranular,dysgranular,posteriorcingulate,posterior->dysgranular
lh,122457,agranular,dysgranular,posteriorcingulate,posterior->dysgranular
lh,122458,agranular,dysgranular,posteriorcingulate,posterior->dysgranular
lh,122459,agranular,dysgranular,posteriorcingulate,posterior->dysgranular
lh,122460,agranular,dysgranular,posteriorcingulate,posterior->dysgranular
lh,122461,agranular,dysgranular,posteriorcingulate,posterior->dysgranular
lh,122462,agranular,dysgranular,posteriorcingulate,posterior->dysgranular
lh,122463,agranular,dysgranular,posteriorcingulate,posterior->dysgranular
lh,122464,agranular,dysgranular,posteriorcingulate,posterior->dysgranular
lh,122465,agranular,dysgranular,posteriorcingulate,posterior->dysgranular
lh,122466,agranular,dysgranular,posteriorcingulate,posterior->dysgranular
lh,122467,agranular,dysgranular,posteriorcingulate,posterior->dysgranular
lh,122468,agranular,dysgranular,posteriorcingulate,posterior->dysgranular
lh,122469,agranular,dysgranular,posteriorcingulate,posterior->dysgranular
lh,122470,agranular,dysgranular,posteriorcingulate,posterior->dysgranular
lh,122471,agranular,dysgranular,posteriorcingulate,posterior->dysgranular
lh,122472,agranular,dysgranular,posteriorcingulate,posterior->dysgranular
lh,122473,agranular,dysgranular,posteriorcingulate,posterior->dysgranular
lh,122474,agranular,dysgranular,posteriorcingulate,posterior->dysgranular
lh,122475,agranular,dysgranular,posteriorcingulate,posterior->dysgranular
lh,122476,agranular,dysgranular,posteriorcingulate,posterior->dysgranular
lh,122477,agranular,dysgranular,posteriorcingulate,posterior->dysgranular
lh,122478,agranular,dysgranular,posteriorcingulate,posterior->dysgranular
lh,122479,agranular,dysgranular,posteriorcingulate,posterior->dysgranular
lh,122480,agranular,dysgranular,posteriorcingulate,posterior->dysgranular
lh,122481,agranular,dysgranular,posteriorcingulate,posterior->dysgranular
lh,122482,agranular,dysgranular,posteriorcingulate,posterior->dysgranular
lh,122483,agranular,dysgranular,posteriorcingulate,posterior->dysgranular
lh,122484,agranular,dysgranular,posteriorcingulate,posterior->dysgranular
lh,122485,agranular,dysgranular,posteriorcingulate,posterior->dysgranular
lh,122486,agranular,dysgranular,posteriorcingulate,posterior->dysgranular
lh,122487,agranular,dysgranular,posteriorcingulate,posterior->dysgranular
lh,122488,agranular,dysgranular,posteriorcingulate,posterior->dysgranular
lh,122489,agranular,dysgranular,posteriorcingulate,posterior->dysgranular
lh,122490,agranular,dysgranular,posteriorcingulate,posterior->dysgranular
lh,122491,agranular,dysgranular,posteriorcingulate,posterior->dysgranular
lh,122492,agranular,dysgranular,posteriorcingulate,posterior->dysgranular
lh,122903,agranular,dysgranular,isthmuscingulate,posterior->dysgranular
lh,122904,agranular,dysgranular,isthmuscingulate,posterior->dysgranular
lh,122906,agranular,dysgranular,isthmuscingulate,posterior->dysgranular
lh,122907,agranular,dysgranular,isthmuscingulate,posterior->dysgranular
lh,122908,agranular,dysgranular,isthmuscingulate,posterior->dysgranular
lh,127188,agranular,dysgranular,isthmuscingulate,posterior->dysgranular
lh,127189,agranular,dysgranular,isthmuscingulate,posterior->dysgranular
lh,127190,agranular,dysgranular,isthmuscingulate,posterior->dysgranular
lh,127191,agranular,dysgranular,isthmuscingulate,posterior->dysgranular
lh,127192,agranular,dysgranular,isthmuscingulate,posterior->dysgranular
lh,127193,agranular,dysgranular,isthmuscingulate,posterior->dysgranular
lh,127194,agranular,dysgranular,isthmuscingulate,posterior->dysgranular
lh,127195,agranular,dysgranular,isthmuscingulate,posterior->dysgranular
lh,127196,agranular,dysgranular,isthmuscingulate,posterior->dysgranular
lh,127197,agranular,dysgranular,isthmuscingulate,posterior->dysgranular
lh,127198,agranular,dysgranular,isthmuscingulate,posterior->dysgranular
lh,127199,agranular,dysgranular,isthmuscingulate,posterior->dysgranular
lh,127200,agranular,dysgranular,isthmuscingulate,posterior->dysgranular
lh,130491,agranular,dysgranular,isthmuscingulate,posterior->dysgranular
lh,132125,agranular,dysgranular,posteriorcingulate,posterior->dysgranular
lh,132126,agranular,dysgranular,posteriorcingulate,posterior->dysgranular
lh,132130,agranular,dysgranular,posteriorcingulate,posterior->dysgranular
lh,132131,agranular,dysgranular,posteriorcingulate,posterior->dysgranular
lh,132132,agranular,dysgranular,posteriorcingulate,posterior->dysgranular
lh,132133,agranular,dysgranular,posteriorcingulate,posterior->dysgranular
lh,132134,agranular,dysgranular,posteriorcingulate,posterior->dysgranular
lh,132135,agranular,dysgranular,posteriorcingulate,posterior->dysgranular
lh,132136,agranular,dysgranular,posteriorcingulate,posterior->dysgranular
lh,132137,agranular,dysgranular,posteriorcingulate,posterior->dysgranular
lh,132138,agranular,dysgranular,posteriorcingulate,posterior->dysgranular
lh,132139,agranular,dysgranular,posteriorcingulate,posterior->dysgranular
lh,132140,agranular,dysgranular,posteriorcingulate,posterior->dysgranular
lh,132141,agranular,dysgranular,posteriorcingulate,posterior->dysgranular
lh,132142,agranular,dysgranular,posteriorcingulate,posterior->dysgranular
lh,132143,agranular,dysgranular,posteriorcingulate,posterior->dysgranular
lh,132144,agranular,dysgranular,posteriorcingulate,posterior->dysgranular
lh,132145,agranular,dysgranular,posteriorcingulate,posterior->dysgranular
lh,132146,agranular,dysgranular,posteriorcingulate,posterior->dysgranular
lh,132147,agranular,dysgranular,posteriorcingulate,posterior->dysgranular
lh,132148,agranular,dysgranular,posteriorcingulate,posterior->dysgranular
lh,132149,agranular,dysgranular,posteriorcingulate,posterior->dysgranular
lh,132150,agranular,dysgranular,posteriorcingulate,posterior->dysgranular
lh,132151,agranular,dysgranular,posteriorcingulate,posterior->dysgranular
lh,132152,agranular,dysgranular,posteriorcingulate,posterior->dysgranular
lh,132153,agranular,dysgranular,posteriorcingulate,posterior->dysgranular
lh,132154,agranular,dysgranular,posteriorcingulate,posterior->dysgranular
lh,132155,agranular,dysgranular,posteriorcingulate,posterior->dysgranular
lh,132156,agranular,dysgranular,posteriorcingulate,posterior->dysgranular
lh,132157,agranular,dysgranular,posteriorcingulate,posterior->dysgranular
lh,132158,agranular,dysgranular,posteriorcingulate,posterior->dysgranular
lh,132159,agranular,dysgranular,posteriorcingulate,posterior->dysgranular
lh,132160,agranular,dysgranular,posteriorcingulate,posterior->dysgranular
lh,132161,agranular,dysgranular,posteriorcingulate,posterior->dysgranular
lh,132162,agranular,dysgranular,posteriorcingulate,posterior->dysgranular
lh,132163,agranular,dysgranular,posteriorcingulate,posterior->dysgranular
lh,132164,agranular,dysgranular,posteriorcingulate,posterior->dysgranular
lh,132165,agranular,dysgranular,posteriorcingulate,posterior->dysgranular
lh,132166,agranular,dysgranular,posteriorcingulate,posterior->dysgranular
lh,132167,agranular,dysgranular,posteriorcingulate,posterior->dysgranular
lh,132168,agranular,dysgranular,posteriorcingulate,posterior->dysgranular
lh,132169,agranular,dysgranular,posteriorcingulate,posterior->dysgranular
lh,132170,agranular,dysgranular,posteriorcingulate,posterior->dysgranular
lh,132171,agranular,dysgranular,posteriorcingulate,posterior->dysgranular
lh,132172,agranular,dysgranular,posteriorcingulate,posterior->dysgranular
lh,132173,agranular,dysgranular,posteriorcingulate,posterior->dysgranular
lh,132174,agranular,dysgranular,posteriorcingulate,posterior->dysgranular
lh,132175,agranular,dysgranular,posteriorcingulate,posterior->dysgranular
lh,132176,agranular,dysgranular,posteriorcingulate,posterior->dysgranular
lh,132177,agranular,dysgranular,posteriorcingulate,posterior->dysgranular
lh,132178,agranular,dysgranular,posteriorcingulate,posterior->dysgranular
lh,132179,agranular,dysgranular,posteriorcingulate,posterior->dysgranular
lh,132180,agranular,dysgranular,posteriorcingulate,posterior->dysgranular
lh,132181,agranular,dysgranular,posteriorcingulate,posterior->dysgranular
lh,132182,agranular,dysgranular,posteriorcingulate,posterior->dysgranular
lh,132183,agranular,dysgranular,posteriorcingulate,posterior->dysgranular
lh,132184,agranular,dysgranular,posteriorcingulate,posterior->dysgranular
lh,132185,agranular,dysgranular,posteriorcingulate,posterior->dysgranular
lh,132186,agranular,dysgranular,posteriorcingulate,posterior->dysgranular
lh,132187,agranular,dysgranular,posteriorcingulate,posterior->dysgranular
lh,132188,agranular,dysgranular,posteriorcingulate,posterior->dysgranular
lh,132189,agranular,dysgranular,posteriorcingulate,posterior->dysgranular
lh,132190,agranular,dysgranular,posteriorcingulate,posterior->dysgranular
lh,132191,agranular,dysgranular,posteriorcingulate,posterior->dysgranular
lh,132192,agranular,dysgranular,posteriorcingulate,posterior->dysgranular
lh,132193,agranular,dysgranular,posteriorcingulate,posterior->dysgranular
lh,132194,agranular,dysgranular,posteriorcingulate,posterior->dysgranular
lh,132195,agranular,dysgranular,posteriorcingulate,posterior->dysgranular
lh,132196,agranular,dysgranular,posteriorcingulate,posterior->dysgranular
lh,132197,agranular,dysgranular,posteriorcingulate,posterior->dysgranular
lh,132198,agranular,dysgranular,posteriorcingulate,posterior->dysgranular
lh,132569,agranular,dysgranular,isthmuscingulate,posterior->dysgranular
lh,132570,agranular,dysgranular,isthmuscingulate,posterior->dysgranular
lh,132571,agranular,dysgranular,isthmuscingulate,posterior->dysgranular
lh,132572,agranular,dysgranular,isthmuscingulate,posterior->dysgranular
lh,132573,agranular,dysgranular,isthmuscingulate,posterior->dysgranular
lh,132574,agranular,dysgranular,isthmuscingulate,posterior->dysgranular
lh,136432,agranular,dysgranular,isthmuscingulate,posterior->dysgranular
lh,136433,agranular,dysgranular,isthmuscingulate,posterior->dysgranular
lh,136434,agranular,dysgranular,isthmuscingulate,posterior->dysgranular
lh,136435,agranular,dysgranular,isthmuscingulate,posterior->dysgranular
lh,136436,agranular,dysgranular,isthmuscingulate,posterior->dysgranular
lh,136437,agranular,dysgranular,isthmuscingulate,posterior->dysgranular
lh,136438,agranular,dysgranular,isthmuscingulate,posterior->dysgranular
lh,136439,agranular,dysgranular,isthmuscingulate,posterior->dysgranular
lh,136440,agranular,dysgranular,isthmuscingulate,posterior->dysgranular
lh,136441,agranular,dysgranular,isthmuscingulate,posterior->dysgranular
lh,136442,agranular,dysgranular,isthmuscingulate,posterior->dysgranular
lh,136443,agranular,dysgranular,isthmuscingulate,posterior->dysgranular
lh,136444,agranular,dysgranular,isthmuscingulate,posterior->dysgranular
lh,136445,agranular,dysgranular,isthmuscingulate,posterior->dysgranular
lh,136446,agranular,dysgranular,isthmuscingulate,posterior->dysgranular
lh,136447,agranular,dysgranular,isthmuscingulate,posterior->dysgranular
lh,136448,agranular,dysgranular,isthmuscingulate,posterior->dysgranular
lh,136449,agranular,dysgranular,isthmuscingulate,posterior->dysgranular
lh,136450,agranular,dysgranular,isthmuscingulate,posterior->dysgranular
lh,136451,agranular,dysgranular,isthmuscingulate,posterior->dysgranular
lh,136452,agranular,dysgranular,isthmuscingulate,posterior->dysgranular
lh,136453,agranular,dysgranular,isthmuscingulate,posterior->dysgranular
lh,136454,agranular,dysgranular,isthmuscingulate,posterior->dysgranular
lh,136455,agranular,dysgranular,isthmuscingulate,posterior->dysgranular
lh,136456,agranular,dysgranular,isthmuscingulate,posterior->dysgranular
lh,136459,agranular,dysgranular,isthmuscingulate,posterior->dysgranular
lh,136460,agranular,dysgranular,isthmuscingulate,posterior->dysgranular
lh,136461,agranular,dysgranular,isthmuscingulate,posterior->dysgranular
lh,136462,agranular,dysgranular,isthmuscingulate,posterior->dysgranular
lh,136463,agranular,dysgranular,isthmuscingulate,posterior->dysgranular
lh,136464,agranular,dysgranular,isthmuscingulate,posterior->dysgranular
lh,138916,agranular,dysgranular,posteriorcingulate,posterior->dysgranular
lh,138917,agranular,dysgranular,posteriorcingulate,posterior->dysgranular
lh,138918,agranular,dysgranular,posteriorcingulate,posterior->dysgranular
lh,138920,agranular,dysgranular,posteriorcingulate,posterior->dysgranular
lh,138921,agranular,dysgranular,posteriorcingulate,posterior->dysgranular
lh,138922,agranular,dysgranular,posteriorcingulate,posterior->dysgranular
lh,138923,agranular,dysgranular,posteriorcingulate,posterior->dysgranular
lh,138924,agranular,dysgranular,posteriorcingulate,posterior->dysgranular
lh,138931,agranular,dysgranular,posteriorcingulate,posterior->dysgranular
lh,138932,agranular,dysgranular,posteriorcingulate,posterior->dysgranular
lh,138933,agranular,dysgranular,posteriorcingulate,posterior->dysgranular
lh,138934,agranular,dysgranular,posteriorcingulate,posterior->dysgranular
lh,138935,agranular,dysgranular,posteriorcingulate,posterior->dysgranular
lh,138936,agranular,dysgranular,posteriorcingulate,posterior->dysgranular
lh,138937,agranular,dysgranular,posteriorcingulate,posterior->dysgranular
lh,138938,agranular,dysgranular,posteriorcingulate,posterior->dysgranular
lh,138939,agranular,dysgranular,posteriorcingulate,posterior->dysgranular
lh,138940,agranular,dysgranular,posteriorcingulate,posterior->dysgranular
lh,138941,agranular,dysgranular,posteriorcingulate,posterior->dysgranular
lh,138942,agranular,dysgranular,posteriorcingulate,posterior->dysgranular
lh,138962,agranular,dysgranular,posteriorcingulate,posterior->dysgranular
lh,138963,agranular,dysgranular,posteriorcingulate,posterior->dysgranular
lh,138964,agranular,dysgranular,posteriorcingulate,posterior->dysgranular
lh,138965,agranular,dysgranular,posteriorcingulate,posterior->dysgranular
lh,138966,agranular,dysgranular,posteriorcingulate,posterior->dysgranular
lh,138967,agranular,dysgranular,posteriorcingulate,posterior->dysgranular
lh,138968,agranular,dysgranular,posteriorcingulate,posterior->dysgranular
lh,138969,agranular,dysgranular,posteriorcingulate,posterior->dysgranular
lh,138970,agranular,dysgranular,posteriorcingulate,posterior->dysgranular
lh,138971,agranular,dysgranular,posteriorcingulate,posterior->dysgranular
lh,138972,agranular,dysgranular,posteriorcingulate,posterior->dysgranular
lh,138973,agranular,dysgranular,posteriorcingulate,posterior->dysgranular
lh,138974,agranular,dysgranular,posteriorcingulate,posterior->dysgranular
lh,138975,agranular,dysgranular,posteriorcingulate,posterior->dysgranular
lh,138976,agranular,dysgranular,posteriorcingulate,posterior->dysgranular
lh,138977,agranular,dysgranular,posteriorcingulate,posterior->dysgranular
lh,138978,agranular,dysgranular,posteriorcingulate,posterior->dysgranular
lh,138981,agranular,dysgranular,posteriorcingulate,posterior->dysgranular
lh,138984,agranular,dysgranular,posteriorcingulate,posterior->dysgranular
lh,138985,agranular,dysgranular,posteriorcingulate,posterior->dysgranular
lh,138986,agranular,dysgranular,posteriorcingulate,posterior->dysgranular
lh,138987,agranular,dysgranular,posteriorcingulate,posterior->dysgranular
lh,138988,agranular,dysgranular,posteriorcingulate,posterior->dysgranular
lh,138989,agranular,dysgranular,posteriorcingulate,posterior->dysgranular
lh,138990,agranular,dysgranular,posteriorcingulate,posterior->dysgranular
lh,138991,agranular,dysgranular,posteriorcingulate,posterior->dysgranular
lh,138992,agranular,dysgranular,posteriorcingulate,posterior->dysgranular
lh,138993,agranular,dysgranular,posteriorcingulate,posterior->dysgranular
lh,138994,agranular,dysgranular,posteriorcingulate,posterior->dysgranular
lh,138995,agranular,dysgranular,posteriorcingulate,posterior->dysgranular
lh,138996,agranular,dysgranular,posteriorcingulate,posterior->dysgranular
lh,139329,agranular,dysgranular,isthmuscingulate,posterior->dysgranular
lh,139330,agranular,dysgranular,isthmuscingulate,posterior->dysgranular
lh,139331,agranular,dysgranular,isthmuscingulate,posterior->dysgranular
lh,139332,agranular,dysgranular,isthmuscingulate,posterior->dysgranular
lh,139333,agranular,dysgranular,isthmuscingulate,posterior->dysgranular
lh,139334,agranular,dysgranular,isthmuscingulate,posterior->dysgranular
lh,139335,agranular,dysgranular,isthmuscingulate,posterior->dysgranular
lh,139336,agranular,dysgranular,isthmuscingulate,posterior->dysgranular
lh,139337,agranular,dysgranular,isthmuscingulate,posterior->dysgranular
lh,143113,agranular,dysgranular,isthmuscingulate,posterior->dysgranular
lh,143114,agranular,dysgranular,isthmuscingulate,posterior->dysgranular
lh,143115,agranular,dysgranular,isthmuscingulate,posterior->dysgranular
lh,143116,agranular,dysgranular,isthmuscingulate,posterior->dysgranular
lh,143117,agranular,dysgranular,isthmuscingulate,posterior->dysgranular
lh,143118,agranular,dysgranular,isthmuscingulate,posterior->dysgranular
lh,143119,agranular,dysgranular,isthmuscingulate,posterior->dysgranular
lh,143120,agranular,dysgranular,isthmuscingulate,posterior->dysgranular
lh,143121,agranular,dysgranular,isthmuscingulate,posterior->dysgranular
lh,147820,agranular,dysgranular,posteriorcingulate,posterior->dysgranular
lh,147821,agranular,dysgranular,posteriorcingulate,posterior->dysgranular
lh,147822,agranular,dysgranular,posteriorcingulate,posterior->dysgranular
lh,147823,agranular,dysgranular,posteriorcingulate,posterior->dysgranular
lh,147824,agranular,dysgranular,posteriorcingulate,posterior->dysgranular
lh,147865,agranular,dysgranular,posteriorcingulate,posterior->dysgranular
lh,147866,agranular,dysgranular,posteriorcingulate,posterior->dysgranular
lh,147867,agranular,dysgranular,posteriorcingulate,posterior->dysgranular
lh,147868,agranular,dysgranular,posteriorcingulate,posterior->dysgranular
lh,147869,agranular,dysgranular,posteriorcingulate,posterior->dysgranular
lh,147870,agranular,dysgranular,posteriorcingulate,posterior->dysgranular
lh,147871,agranular,dysgranular,posteriorcingulate,posterior->dysgranular
lh,147872,agranular,dysgranular,posteriorcingulate,posterior->dysgranular
lh,147873,agranular,dysgranular,posteriorcingulate,posterior->dysgranular
lh,147874,agranular,dysgranular,posteriorcingulate,posterior->dysgranular
lh,147875,agranular,dysgranular,posteriorcingulate,posterior->dysgranular
lh,147876,agranular,dysgranular,posteriorcingulate,posterior->dysgranular
lh,147877,agranular,dysgranular,posteriorcingulate,posterior->dysgranular
lh,147878,agranular,dysgranular,posteriorcingulate,posterior->dysgranular
lh,147879,agranular,dysgranular,posteriorcingulate,posterior->dysgranular
lh,147880,agranular,dysgranular,posteriorcingulate,posterior->dysgranular
lh,147881,agranular,dysgranular,posteriorcingulate,posterior->dysgranular
lh,147882,agranular,dysgranular,posteriorcingulate,posterior->dysgranular
lh,147883,agranular,dysgranular,posteriorcingulate,posterior->dysgranular
lh,147884,agranular,dysgranular,posteriorcingulate,posterior->dysgranular
lh,147885,agranular,dysgranular,posteriorcingulate,posterior->dysgranular
lh,147886,agranular,dysgranular,posteriorcingulate,posterior->dysgranular
lh,147887,agranular,dysgranular,posteriorcingulate,posterior->dysgranular
lh,147888,agranular,dysgranular,posteriorcingulate,posterior->dysgranular
lh,147889,agranular,dysgranular,posteriorcingulate,posterior->dysgranular
lh,147890,agranular,dysgranular,posteriorcingulate,posterior->dysgranular
lh,147891,agranular,dysgranular,posteriorcingulate,posterior->dysgranular
lh,147892,agranular,dysgranular,posteriorcingulate,posterior->dysgranular
lh,147893,agranular,dysgranular,posteriorcingulate,posterior->dysgranular
lh,147894,agranular,dysgranular,posteriorcingulate,posterior->dysgranular
lh,147895,agranular,dysgranular,posteriorcingulate,posterior->dysgranular
lh,147896,agranular,dysgranular,posteriorcingulate,posterior->dysgranular
lh,147897,agranular,dysgranular,posteriorcingulate,posterior->dysgranular
lh,147898,agranular,dysgranular,posteriorcingulate,posterior->dysgranular
lh,147899,agranular,dysgranular,posteriorcingulate,posterior->dysgranular
lh,147900,agranular,dysgranular,posteriorcingulate,posterior->dysgranular
lh,147901,agranular,dysgranular,posteriorcingulate,posterior->dysgranular
lh,147902,agranular,dysgranular,posteriorcingulate,posterior->dysgranular
lh,147903,agranular,dysgranular,posteriorcingulate,posterior->dysgranular
lh,147904,agranular,dysgranular,posteriorcingulate,posterior->dysgranular
lh,147905,agranular,dysgranular,posteriorcingulate,posterior->dysgranular
lh,147906,agranular,dysgranular,posteriorcingulate,posterior->dysgranular
lh,147907,agranular,dysgranular,posteriorcingulate,posterior->dysgranular
lh,147908,agranular,dysgranular,posteriorcingulate,posterior->dysgranular
lh,147909,agranular,dysgranular,posteriorcingulate,posterior->dysgranular
lh,147910,agranular,dysgranular,posteriorcingulate,posterior->dysgranular
lh,147911,agranular,dysgranular,posteriorcingulate,posterior->dysgranular
lh,147912,agranular,dysgranular,posteriorcingulate,posterior->dysgranular
lh,147913,agranular,dysgranular,posteriorcingulate,posterior->dysgranular
lh,147914,agranular,dysgranular,posteriorcingulate,posterior->dysgranular
lh,147915,agranular,dysgranular,posteriorcingulate,posterior->dysgranular
lh,147916,agranular,dysgranular,posteriorcingulate,posterior->dysgranular
lh,147917,agranular,dysgranular,posteriorcingulate,posterior->dysgranular
lh,147918,agranular,dysgranular,posteriorcingulate,posterior->dysgranular
lh,147919,agranular,dysgranular,posteriorcingulate,posterior->dysgranular
lh,147920,agranular,dysgranular,posteriorcingulate,posterior->dysgranular
lh,147921,agranular,dysgranular,posteriorcingulate,posterior->dysgranular
lh,147922,agranular,dysgranular,posteriorcingulate,posterior->dysgranular
lh,147923,agranular,dysgranular,posteriorcingulate,posterior->dysgranular
lh,147924,agranular,dysgranular,posteriorcingulate,posterior->dysgranular
lh,147925,agranular,dysgranular,posteriorcingulate,posterior->dysgranular
lh,147926,agranular,dysgranular,posteriorcingulate,posterior->dysgranular
lh,147927,agranular,dysgranular,posteriorcingulate,posterior->dysgranular
lh,147928,agranular,dysgranular,posteriorcingulate,posterior->dysgranular
lh,147929,agranular,dysgranular,posteriorcingulate,posterior->dysgranular
lh,147930,agranular,dysgranular,posteriorcingulate,posterior->dysgranular
lh,147931,agranular,dysgranular,posteriorcingulate,posterior->dysgranular
lh,147932,agranular,dysgranular,posteriorcingulate,posterior->dysgranular
lh,147933,agranular,dysgranular,posteriorcingulate,posterior->dysgranular
lh,147934,agranular,dysgranular,posteriorcingulate,posterior->dysgranular
lh,147935,agranular,dysgranular,posteriorcingulate,posterior->dysgranular
lh,147936,agranular,dysgranular,posteriorcingulate,posterior->dysgranular
lh,147973,agranular,dysgranular,posteriorcingulate,posterior->dysgranular
lh,147974,agranular,dysgranular,posteriorcingulate,posterior->dysgranular
lh,147975,agranular,dysgranular,posteriorcingulate,posterior->dysgranular
lh,147976,agranular,dysgranular,posteriorcingulate,posterior->dysgranular
lh,147977,agranular,dysgranular,posteriorcingulate,posterior->dysgranular
lh,147978,agranular,dysgranular,posteriorcingulate,posterior->dysgranular
lh,147979,agranular,dysgranular,posteriorcingulate,posterior->dysgranular
lh,147980,agranular,dysgranular,posteriorcingulate,posterior->dysgranular
lh,147981,agranular,dysgranular,posteriorcingulate,posterior->dysgranular
lh,147982,agranular,dysgranular,posteriorcingulate,posterior->dysgranular
lh,147983,agranular,dysgranular,posteriorcingulate,posterior->dysgranular
lh,147984,agranular,dysgranular,posteriorcingulate,posterior->dysgranular
lh,147985,agranular,dysgranular,posteriorcingulate,posterior->dysgranular
lh,147986,agranular,dysgranular,posteriorcingulate,posterior->dysgranular
lh,147987,agranular,dysgranular,posteriorcingulate,posterior->dysgranular
lh,147988,agranular,dysgranular,posteriorcingulate,posterior->dysgranular
lh,147989,agranular,dysgranular,posteriorcingulate,posterior->dysgranular
lh,147990,agranular,dysgranular,posteriorcingulate,posterior->dysgranular
lh,147991,agranular,dysgranular,posteriorcingulate,posterior->dysgranular
lh,147992,agranular,dysgranular,posteriorcingulate,posterior->dysgranular
lh,147993,agranular,dysgranular,posteriorcingulate,posterior->dysgranular
lh,147994,agranular,dysgranular,posteriorcingulate,posterior->dysgranular
lh,147995,agranular,dysgranular,posteriorcingulate,posterior->dysgranular
lh,147996,agranular,dysgranular,posteriorcingulate,posterior->dysgranular
lh,148009,agranular,dysgranular,posteriorcingulate,posterior->dysgranular
lh,148010,agranular,dysgranular,posteriorcingulate,posterior->dysgranular
lh,148011,agranular,dysgranular,posteriorcingulate,posterior->dysgranular
lh,148012,agranular,dysgranular,posteriorcingulate,posterior->dysgranular
lh,148013,agranular,dysgranular,posteriorcingulate,posterior->dysgranular
lh,148014,agranular,dysgranular,posteriorcingulate,posterior->dysgranular
lh,148015,agranular,dysgranular,posteriorcingulate,posterior->dysgranular
lh,148016,agranular,dysgranular,posteriorcingulate,posterior->dysgranular
lh,148019,agranular,dysgranular,posteriorcingulate,posterior->dysgranular
lh,148020,agranular,dysgranular,posteriorcingulate,posterior->dysgranular
lh,148021,agranular,dysgranular,posteriorcingulate,posterior->dysgranular
lh,148022,agranular,dysgranular,posteriorcingulate,posterior->dysgranular
lh,148023,agranular,dysgranular,posteriorcingulate,posterior->dysgranular
lh,148024,agranular,dysgranular,posteriorcingulate,posterior->dysgranular
lh,148025,agranular,dysgranular,posteriorcingulate,posterior->dysgranular
lh,148026,agranular,dysgranular,isthmuscingulate,posterior->dysgranular
lh,149090,agranular,dysgranular,isthmuscingulate,posterior->dysgranular
lh,149091,agranular,dysgranular,isthmuscingulate,posterior->dysgranular
lh,149092,agranular,dysgranular,isthmuscingulate,posterior->dysgranular
lh,149093,agranular,dysgranular,isthmuscingulate,posterior->dysgranular
lh,149094,agranular,dysgranular,isthmuscingulate,posterior->dysgranular
lh,149095,agranular,dysgranular,isthmuscingulate,posterior->dysgranular
lh,149096,agranular,dysgranular,isthmuscingulate,posterior->dysgranular
lh,149097,agranular,dysgranular,isthmuscingulate,posterior->dysgranular
lh,149098,agranular,dysgranular,isthmuscingulate,posterior->dysgranular
lh,149100,agranular,dysgranular,isthmuscingulate,posterior->dysgranular
lh,149101,agranular,dysgranular,isthmuscingulate,posterior->dysgranular
lh,149102,agranular,dysgranular,isthmuscingulate,posterior->dysgranular
lh,149103,agranular,dysgranular,isthmuscingulate,posterior->dysgranular
lh,149104,agranular,dysgranular,isthmuscingulate,posterior->dysgranular
lh,149105,agranular,dysgranular,isthmuscingulate,posterior->dysgranular
lh,149106,agranular,dysgranular,isthmuscingulate,posterior->dysgranular
lh,149107,agranular,dysgranular,isthmuscingulate,posterior->dysgranular
lh,149108,agranular,dysgranular,isthmuscingulate,posterior->dysgranular
lh,149109,agranular,dysgranular,isthmuscingulate,posterior->dysgranular
lh,149110,agranular,dysgranular,isthmuscingulate,posterior->dysgranular
lh,149111,agranular,dysgranular,isthmuscingulate,posterior->dysgranular
lh,149112,agranular,dysgranular,isthmuscingulate,posterior->dysgranular
lh,149113,agranular,dysgranular,isthmuscingulate,posterior->dysgranular
lh,149114,agranular,dysgranular,isthmuscingulate,posterior->dysgranular
lh,149115,agranular,dysgranular,isthmuscingulate,posterior->dysgranular
lh,149116,agranular,dysgranular,isthmuscingulate,posterior->dysgranular
lh,149140,agranular,dysgranular,isthmuscingulate,posterior->dysgranular
lh,149141,agranular,dysgranular,isthmuscingulate,posterior->dysgranular
lh,149142,agranular,dysgranular,isthmuscingulate,posterior->dysgranular
lh,149143,agranular,dysgranular,isthmuscingulate,posterior->dysgranular
lh,149144,agranular,dysgranular,isthmuscingulate,posterior->dysgranular
lh,149145,agranular,dysgranular,isthmuscingulate,posterior->dysgranular
lh,149146,agranular,dysgranular,isthmuscingulate,posterior->dysgranular
lh,149147,agranular,dysgranular,isthmuscingulate,posterior->dysgranular
lh,149148,agranular,dysgranular,isthmuscingulate,posterior->dysgranular
lh,149149,agranular,dysgranular,isthmuscingulate,posterior->dysgranular
lh,149150,agranular,dysgranular,isthmuscingulate,posterior->dysgranular
lh,149151,agranular,dysgranular,isthmuscingulate,posterior->dysgranular
lh,149152,agranular,dysgranular,isthmuscingulate,posterior->dysgranular
lh,149159,agranular,dysgranular,isthmuscingulate,posterior->dysgranular
lh,149160,agranular,dysgranular,isthmuscingulate,posterior->dysgranular
lh,149161,agranular,dysgranular,isthmuscingulate,posterior->dysgranular
lh,149162,agranular,dysgranular,isthmuscingulate,posterior->dysgranular
lh,149163,agranular,dysgranular,isthmuscingulate,posterior->dysgranular
lh,149164,agranular,dysgranular,isthmuscingulate,posterior->dysgranular
lh,149165,agranular,dysgranular,isthmuscingulate,posterior->dysgranular
lh,149166,agranular,dysgranular,isthmuscingulate,posterior->dysgranular
lh,149167,agranular,dysgranular,isthmuscingulate,posterior->dysgranular
lh,149171,agranular,dysgranular,isthmuscingulate,posterior->dysgranular
lh,149172,agranular,dysgranular,isthmuscingulate,posterior->dysgranular
lh,149173,agranular,dysgranular,isthmuscingulate,posterior->dysgranular
lh,158818,agranular,dysgranular,posteriorcingulate,posterior->dysgranular
lh,158819,agranular,dysgranular,posteriorcingulate,posterior->dysgranular
lh,158898,agranular,dysgranular,posteriorcingulate,posterior->dysgranular
lh,158899,agranular,dysgranular,posteriorcingulate,posterior->dysgranular
lh,158900,agranular,dysgranular,posteriorcingulate,posterior->dysgranular
lh,158901,agranular,dysgranular,posteriorcingulate,posterior->dysgranular
lh,158902,agranular,dysgranular,posteriorcingulate,posterior->dysgranular
lh,158903,agranular,dysgranular,posteriorcingulate,posterior->dysgranular
lh,158904,agranular,dysgranular,posteriorcingulate,posterior->dysgranular
lh,158905,agranular,dysgranular,posteriorcingulate,posterior->dysgranular
lh,158906,agranular,dysgranular,posteriorcingulate,posterior->dysgranular
lh,158907,agranular,dysgranular,posteriorcingulate,posterior->dysgranular
lh,158908,agranular,dysgranular,posteriorcingulate,posterior->dysgranular
lh,158909,agranular,dysgranular,posteriorcingulate,posterior->dysgranular
lh,158917,agranular,dysgranular,posteriorcingulate,posterior->dysgranular
lh,158918,agranular,dysgranular,posteriorcingulate,posterior->dysgranular
lh,158919,agranular,dysgranular,posteriorcingulate,posterior->dysgranular
lh,158920,agranular,dysgranular,posteriorcingulate,posterior->dysgranular
lh,158978,agranular,dysgranular,posteriorcingulate,posterior->dysgranular
lh,158979,agranular,dysgranular,posteriorcingulate,posterior->dysgranular
lh,158980,agranular,dysgranular,isthmuscingulate,posterior->dysgranular
lh,158981,agranular,dysgranular,isthmuscingulate,posterior->dysgranular
lh,159223,agranular,dysgranular,isthmuscingulate,posterior->dysgranular
lh,159224,agranular,dysgranular,isthmuscingulate,posterior->dysgranular
lh,159225,agranular,dysgranular,isthmuscingulate,posterior->dysgranular
lh,159226,agranular,dysgranular,isthmuscingulate,posterior->dysgranular
lh,159227,agranular,dysgranular,isthmuscingulate,posterior->dysgranular
lh,159228,agranular,dysgranular,isthmuscingulate,posterior->dysgranular
lh,159229,agranular,dysgranular,isthmuscingulate,posterior->dysgranular
lh,159230,agranular,dysgranular,isthmuscingulate,posterior->dysgranular
lh,159231,agranular,dysgranular,isthmuscingulate,posterior->dysgranular
lh,159232,agranular,dysgranular,isthmuscingulate,posterior->dysgranular
lh,159233,agranular,dysgranular,isthmuscingulate,posterior->dysgranular
lh,159240,agranular,dysgranular,isthmuscingulate,posterior->dysgranular
lh,159241,agranular,dysgranular,isthmuscingulate,posterior->dysgranular
lh,159242,agranular,dysgranular,isthmuscingulate,posterior->dysgranular
lh,159243,agranular,dysgranular,isthmuscingulate,posterior->dysgranular
lh,159244,agranular,dysgranular,isthmuscingulate,posterior->dysgranular
lh,159245,agranular,dysgranular,isthmuscingulate,posterior->dysgranular
lh,159246,agranular,dysgranular,isthmuscingulate,posterior->dysgranular
lh,159247,agranular,dysgranular,isthmuscingulate,posterior->dysgranular
lh,159248,agranular,dysgranular,isthmuscingulate,posterior->dysgranular
lh,159249,agranular,dysgranular,isthmuscingulate,posterior->dysgranular
lh,159250,agranular,dysgranular,isthmuscingulate,posterior->dysgranular
lh,159251,agranular,dysgranular,isthmuscingulate,posterior->dysgranular
lh,159277,agranular,dysgranular,isthmuscingulate,posterior->dysgranular
lh,159278,agranular,dysgranular,isthmuscingulate,posterior->dysgranular
lh,159279,agranular,dysgranular,isthmuscingulate,posterior->dysgranular
lh,159280,agranular,dysgranular,isthmuscingulate,posterior->dysgranular
lh,159281,agranular,dysgranular,isthmuscingulate,posterior->dysgranular
lh,159284,agranular,dysgranular,isthmuscingulate,posterior->dysgranular
lh,159285,agranular,dysgranular,isthmuscingulate,posterior->dysgranular
lh,159286,agranular,dysgranular,isthmuscingulate,posterior->dysgranular
lh,159304,agranular,dysgranular,isthmuscingulate,posterior->dysgranular
lh,159305,agranular,dysgranular,isthmuscingulate,posterior->dysgranular
lh,159386,agranular,dysgranular,isthmuscingulate,posterior->dysgranular
lh,160035,agranular,dysgranular,isthmuscingulate,posterior->dysgranular
lh,160115,agranular,dysgranular,isthmuscingulate,posterior->dysgranular
lh,160116,agranular,dysgranular,isthmuscingulate,posterior->dysgranular
lh,160117,agranular,dysgranular,isthmuscingulate,posterior->dysgranular
lh,160118,agranular,dysgranular,isthmuscingulate,posterior->dysgranular
lh,160119,agranular,dysgranular,isthmuscingulate,posterior->dysgranular
lh,160120,agranular,dysgranular,isthmuscingulate,posterior->dysgranular
lh,160121,agranular,dysgranular,isthmuscingulate,posterior->dysgranular
lh,160122,agranular,dysgranular,isthmuscingulate,posterior->dysgranular
lh,160123,agranular,dysgranular,isthmuscingulate,posterior->dysgranular
lh,160124,agranular,dysgranular,isthmuscingulate,posterior->dysgranular
lh,160125,agranular,dysgranular,isthmuscingulate,posterior->dysgranular
lh,160126,agranular,dysgranular,isthmuscingulate,posterior->dysgranular
lh,160127,agranular,dysgranular,isthmuscingulate,posterior->dysgranular
lh,160128,agranular,dysgranular,isthmuscingulate,posterior->dysgranular
lh,160129,agranular,dysgranular,isthmuscingulate,posterior->dysgranular
lh,160130,agranular,dysgranular,isthmuscingulate,posterior->dysgranular
lh,160131,agranular,dysgranular,isthmuscingulate,posterior->dysgranular
lh,160132,agranular,dysgranular,isthmuscingulate,posterior->dysgranular
lh,160133,agranular,dysgranular,isthmuscingulate,posterior->dysgranular
lh,160134,agranular,dysgranular,isthmuscingulate,posterior->dysgranular
lh,160144,agranular,dysgranular,isthmuscingulate,posterior->dysgranular
lh,160145,agranular,dysgranular,isthmuscingulate,posterior->dysgranular
lh,160146,agranular,dysgranular,isthmuscingulate,posterior->dysgranular
lh,160147,agranular,dysgranular,isthmuscingulate,posterior->dysgranular
lh,160148,agranular,dysgranular,isthmuscingulate,posterior->dysgranular
lh,160149,agranular,dysgranular,isthmuscingulate,posterior->dysgranular
lh,160150,agranular,dysgranular,isthmuscingulate,posterior->dysgranular
lh,160151,agranular,dysgranular,isthmuscingulate,posterior->dysgranular
rh,10,agranular,dysgranular,isthmuscingulate,posterior->dysgranular
rh,401,agranular,dysgranular,posteriorcingulate,posterior->dysgranular
rh,402,agranular,dysgranular,posteriorcingulate,posterior->dysgranular
rh,544,agranular,dysgranular,posteriorcingulate,posterior->dysgranular
rh,549,agranular,dysgranular,isthmuscingulate,posterior->dysgranular
rh,683,agranular,dysgranular,isthmuscingulate,posterior->dysgranular
rh,685,agranular,dysgranular,isthmuscingulate,posterior->dysgranular
rh,908,agranular,dysgranular,posteriorcingulate,posterior->dysgranular
rh,909,agranular,dysgranular,posteriorcingulate,posterior->dysgranular
rh,1200,agranular,dysgranular,posteriorcingulate,posterior->dysgranular
rh,1201,agranular,dysgranular,posteriorcingulate,posterior->dysgranular
rh,1895,agranular,dysgranular,posteriorcingulate,posterior->dysgranular
rh,1896,agranular,dysgranular,posteriorcingulate,posterior->dysgranular
rh,1897,agranular,dysgranular,posteriorcingulate,posterior->dysgranular
rh,1898,agranular,dysgranular,posteriorcingulate,posterior->dysgranular
rh,1899,agranular,dysgranular,posteriorcingulate,posterior->dysgranular
rh,1900,agranular,dysgranular,posteriorcingulate,posterior->dysgranular
rh,2272,agranular,dysgranular,posteriorcingulate,posterior->dysgranular
rh,2273,agranular,dysgranular,posteriorcingulate,posterior->dysgranular
rh,2277,agranular,dysgranular,isthmuscingulate,posterior->dysgranular
rh,2278,agranular,dysgranular,isthmuscingulate,posterior->dysgranular
rh,2279,agranular,dysgranular,isthmuscingulate,posterior->dysgranular
rh,2281,agranular,dysgranular,isthmuscingulate,posterior->dysgranular
rh,2282,agranular,dysgranular,isthmuscingulate,posterior->dysgranular
rh,2289,agranular,dysgranular,isthmuscingulate,posterior->dysgranular
rh,2603,agranular,dysgranular,isthmuscingulate,posterior->dysgranular
rh,2604,agranular,dysgranular,isthmuscingulate,posterior->dysgranular
rh,2605,agranular,dysgranular,isthmuscingulate,posterior->dysgranular
rh,3121,agranular,dysgranular,posteriorcingulate,posterior->dysgranular
rh,3491,agranular,dysgranular,isthmuscingulate,posterior->dysgranular
rh,3493,agranular,dysgranular,isthmuscingulate,posterior->dysgranular
rh,4165,agranular,dysgranular,posteriorcingulate,posterior->dysgranular
rh,4166,agranular,dysgranular,posteriorcingulate,posterior->dysgranular
rh,4167,agranular,dysgranular,posteriorcingulate,posterior->dysgranular
rh,4168,agranular,dysgranular,posteriorcingulate,posterior->dysgranular
rh,4169,agranular,dysgranular,posteriorcingulate,posterior->dysgranular
rh,4171,agranular,dysgranular,posteriorcingulate,posterior->dysgranular
rh,4172,agranular,dysgranular,posteriorcingulate,posterior->dysgranular
rh,4174,agranular,dysgranular,posteriorcingulate,posterior->dysgranular
rh,5040,agranular,dysgranular,posteriorcingulate,posterior->dysgranular
rh,5041,agranular,dysgranular,posteriorcingulate,posterior->dysgranular
rh,5042,agranular,dysgranular,posteriorcingulate,posterior->dysgranular
rh,5043,agranular,dysgranular,posteriorcingulate,posterior->dysgranular
rh,5044,agranular,dysgranular,posteriorcingulate,posterior->dysgranular
rh,5045,agranular,dysgranular,posteriorcingulate,posterior->dysgranular
rh,5047,agranular,dysgranular,posteriorcingulate,posterior->dysgranular
rh,5054,agranular,dysgranular,isthmuscingulate,posterior->dysgranular
rh,5060,agranular,dysgranular,isthmuscingulate,posterior->dysgranular
rh,5061,agranular,dysgranular,isthmuscingulate,posterior->dysgranular
rh,5062,agranular,dysgranular,isthmuscingulate,posterior->dysgranular
rh,5063,agranular,dysgranular,isthmuscingulate,posterior->dysgranular
rh,5064,agranular,dysgranular,isthmuscingulate,posterior->dysgranular
rh,5068,agranular,dysgranular,isthmuscingulate,posterior->dysgranular
rh,5147,agranular,dysgranular,isthmuscingulate,posterior->dysgranular
rh,5149,agranular,dysgranular,isthmuscingulate,posterior->dysgranular
rh,5150,agranular,dysgranular,isthmuscingulate,posterior->dysgranular
rh,5151,agranular,dysgranular,isthmuscingulate,posterior->dysgranular
rh,5840,agranular,dysgranular,isthmuscingulate,posterior->dysgranular
rh,5841,agranular,dysgranular,isthmuscingulate,posterior->dysgranular
rh,5975,agranular,dysgranular,posteriorcingulate,posterior->dysgranular
rh,6244,agranular,dysgranular,posteriorcingulate,posterior->dysgranular
rh,6245,agranular,dysgranular,posteriorcingulate,posterior->dysgranular
rh,6768,agranular,dysgranular,posteriorcingulate,posterior->dysgranular
rh,6769,agranular,dysgranular,posteriorcingulate,posterior->dysgranular
rh,6770,agranular,dysgranular,posteriorcingulate,posterior->dysgranular
rh,6771,agranular,dysgranular,posteriorcingulate,posterior->dysgranular
rh,6834,agranular,dysgranular,isthmuscingulate,posterior->dysgranular
rh,8299,agranular,dysgranular,posteriorcingulate,posterior->dysgranular
rh,8300,agranular,dysgranular,posteriorcingulate,posterior->dysgranular
rh,8301,agranular,dysgranular,posteriorcingulate,posterior->dysgranular
rh,8302,agranular,dysgranular,posteriorcingulate,posterior->dysgranular
rh,8303,agranular,dysgranular,posteriorcingulate,posterior->dysgranular
rh,8304,agranular,dysgranular,posteriorcingulate,posterior->dysgranular
rh,8305,agranular,dysgranular,posteriorcingulate,posterior->dysgranular
rh,8307,agranular,dysgranular,posteriorcingulate,posterior->dysgranular
rh,8308,agranular,dysgranular,posteriorcingulate,posterior->dysgranular
rh,8309,agranular,dysgranular,posteriorcingulate,posterior->dysgranular
rh,8310,agranular,dysgranular,posteriorcingulate,posterior->dysgranular
rh,8311,agranular,dysgranular,posteriorcingulate,posterior->dysgranular
rh,8312,agranular,dysgranular,posteriorcingulate,posterior->dysgranular
rh,8313,agranular,dysgranular,posteriorcingulate,posterior->dysgranular
rh,9377,agranular,dysgranular,posteriorcingulate,posterior->dysgranular
rh,9378,agranular,dysgranular,posteriorcingulate,posterior->dysgranular
rh,9379,agranular,dysgranular,posteriorcingulate,posterior->dysgranular
rh,9380,agranular,dysgranular,posteriorcingulate,posterior->dysgranular
rh,9390,agranular,dysgranular,posteriorcingulate,posterior->dysgranular
rh,9391,agranular,dysgranular,posteriorcingulate,posterior->dysgranular
rh,9392,agranular,dysgranular,posteriorcingulate,posterior->dysgranular
rh,9395,agranular,dysgranular,isthmuscingulate,posterior->dysgranular
rh,9396,agranular,dysgranular,isthmuscingulate,posterior->dysgranular
rh,9398,agranular,dysgranular,isthmuscingulate,posterior->dysgranular
rh,9399,agranular,dysgranular,isthmuscingulate,posterior->dysgranular
rh,9407,agranular,dysgranular,isthmuscingulate,posterior->dysgranular
rh,9408,agranular,dysgranular,isthmuscingulate,posterior->dysgranular
rh,9409,agranular,dysgranular,isthmuscingulate,posterior->dysgranular
rh,9410,agranular,dysgranular,isthmuscingulate,posterior->dysgranular
rh,9411,agranular,dysgranular,isthmuscingulate,posterior->dysgranular
rh,9420,agranular,dysgranular,isthmuscingulate,posterior->dysgranular
rh,9421,agranular,dysgranular,isthmuscingulate,posterior->dysgranular
rh,9422,agranular,dysgranular,isthmuscingulate,posterior->dysgranular
rh,9423,agranular,dysgranular,isthmuscingulate,posterior->dysgranular
rh,9426,agranular,dysgranular,isthmuscingulate,posterior->dysgranular
rh,9427,agranular,dysgranular,isthmuscingulate,posterior->dysgranular
rh,9428,agranular,dysgranular,isthmuscingulate,posterior->dysgranular
rh,9429,agranular,dysgranular,isthmuscingulate,posterior->dysgranular
rh,9511,agranular,dysgranular,isthmuscingulate,posterior->dysgranular
rh,10283,agranular,dysgranular,isthmuscingulate,posterior->dysgranular
rh,10284,agranular,dysgranular,isthmuscingulate,posterior->dysgranular
rh,10285,agranular,dysgranular,isthmuscingulate,posterior->dysgranular
rh,11171,agranular,dysgranular,isthmuscingulate,posterior->dysgranular
rh,11172,agranular,dysgranular,isthmuscingulate,posterior->dysgranular
rh,11173,agranular,dysgranular,isthmuscingulate,posterior->dysgranular
rh,11174,agranular,dysgranular,isthmuscingulate,posterior->dysgranular
rh,11845,agranular,dysgranular,posteriorcingulate,posterior->dysgranular
rh,11846,agranular,dysgranular,posteriorcingulate,posterior->dysgranular
rh,11847,agranular,dysgranular,posteriorcingulate,posterior->dysgranular
rh,11848,agranular,dysgranular,posteriorcingulate,posterior->dysgranular
rh,11849,agranular,dysgranular,posteriorcingulate,posterior->dysgranular
rh,11851,agranular,dysgranular,posteriorcingulate,posterior->dysgranular
rh,12720,agranular,dysgranular,posteriorcingulate,posterior->dysgranular
rh,12721,agranular,dysgranular,posteriorcingulate,posterior->dysgranular
rh,12722,agranular,dysgranular,posteriorcingulate,posterior->dysgranular
rh,12723,agranular,dysgranular,posteriorcingulate,posterior->dysgranular
rh,12724,agranular,dysgranular,posteriorcingulate,posterior->dysgranular
rh,12725,agranular,dysgranular,posteriorcingulate,posterior->dysgranular
rh,12726,agranular,dysgranular,posteriorcingulate,posterior->dysgranular
rh,12727,agranular,dysgranular,posteriorcingulate,posterior->dysgranular
rh,12741,agranular,dysgranular,isthmuscingulate,posterior->dysgranular
rh,12742,agranular,dysgranular,isthmuscingulate,posterior->dysgranular
rh,12743,agranular,dysgranular,isthmuscingulate,posterior->dysgranular
rh,12827,agranular,dysgranular,isthmuscingulate,posterior->dysgranular
rh,12829,agranular,dysgranular,isthmuscingulate,posterior->dysgranular
rh,12830,agranular,dysgranular,isthmuscingulate,posterior->dysgranular
rh,12831,agranular,dysgranular,isthmuscingulate,posterior->dysgranular
rh,13571,agranular,dysgranular,isthmuscingulate,posterior->dysgranular
rh,13572,agranular,dysgranular,isthmuscingulate,posterior->dysgranular
rh,13573,agranular,dysgranular,isthmuscingulate,posterior->dysgranular
rh,13574,agranular,dysgranular,isthmuscingulate,posterior->dysgranular
rh,13575,agranular,dysgranular,isthmuscingulate,posterior->dysgranular
rh,13799,agranular,dysgranular,posteriorcingulate,posterior->dysgranular
rh,14247,agranular,dysgranular,posteriorcingulate,posterior->dysgranular
rh,14248,agranular,dysgranular,posteriorcingulate,posterior->dysgranular
rh,14249,agranular,dysgranular,posteriorcingulate,posterior->dysgranular
rh,15120,agranular,dysgranular,posteriorcingulate,posterior->dysgranular
rh,15121,agranular,dysgranular,posteriorcingulate,posterior->dysgranular
rh,15122,agranular,dysgranular,posteriorcingulate,posterior->dysgranular
rh,15124,agranular,dysgranular,posteriorcingulate,posterior->dysgranular
rh,15126,agranular,dysgranular,posteriorcingulate,posterior->dysgranular
rh,15230,agranular,dysgranular,isthmuscingulate,posterior->dysgranular
rh,15231,agranular,dysgranular,isthmuscingulate,posterior->dysgranular
rh,16241,agranular,dysgranular,isthmuscingulate,posterior->dysgranular
rh,18250,agranular,dysgranular,posteriorcingulate,posterior->dysgranular
rh,18251,agranular,dysgranular,posteriorcingulate,posterior->dysgranular
rh,18252,agranular,dysgranular,posteriorcingulate,posterior->dysgranular
rh,18253,agranular,dysgranular,posteriorcingulate,posterior->dysgranular
rh,18254,agranular,dysgranular,posteriorcingulate,posterior->dysgranular
rh,18255,agranular,dysgranular,posteriorcingulate,posterior->dysgranular
rh,18256,agranular,dysgranular,posteriorcingulate,posterior->dysgranular
rh,18257,agranular,dysgranular,posteriorcingulate,posterior->dysgranular
rh,18258,agranular,dysgranular,posteriorcingulate,posterior->dysgranular
rh,18259,agranular,dysgranular,posteriorcingulate,posterior->dysgranular
rh,18260,agranular,dysgranular,posteriorcingulate,posterior->dysgranular
rh,18261,agranular,dysgranular,posteriorcingulate,posterior->dysgranular
rh,18262,agranular,dysgranular,posteriorcingulate,posterior->dysgranular
rh,18263,agranular,dysgranular,posteriorcingulate,posterior->dysgranular
rh,18264,agranular,dysgranular,posteriorcingulate,posterior->dysgranular
rh,18265,agranular,dysgranular,posteriorcingulate,posterior->dysgranular
rh,18266,agranular,dysgranular,posteriorcingulate,posterior->dysgranular
rh,18267,agranular,dysgranular,posteriorcingulate,posterior->dysgranular
rh,18273,agranular,dysgranular,posteriorcingulate,posterior->dysgranular
rh,18274,agranular,dysgranular,posteriorcingulate,posterior->dysgranular
rh,18275,agranular,dysgranular,posteriorcingulate,posterior->dysgranular
rh,18276,agranular,dysgranular,posteriorcingulate,posterior->dysgranular
rh,18277,agranular,dysgranular,posteriorcingulate,posterior->dysgranular
rh,18280,agranular,dysgranular,posteriorcingulate,posterior->dysgranular
rh,18281,agranular,dysgranular,posteriorcingulate,posterior->dysgranular
rh,18282,agranular,dysgranular,posteriorcingulate,posterior->dysgranular
rh,18283,agranular,dysgranular,posteriorcingulate,posterior->dysgranular
rh,18284,agranular,dysgranular,posteriorcingulate,posterior->dysgranular
rh,18285,agranular,dysgranular,posteriorcingulate,posterior->dysgranular
rh,18286,agranular,dysgranular,posteriorcingulate,posterior->dysgranular
rh,18287,agranular,dysgranular,posteriorcingulate,posterior->dysgranular
rh,20882,agranular,dysgranular,posteriorcingulate,posterior->dysgranular
rh,20883,agranular,dysgranular,posteriorcingulate,posterior->dysgranular
rh,20884,agranular,dysgranular,posteriorcingulate,posterior->dysgranular
rh,20885,agranular,dysgranular,posteriorcingulate,posterior->dysgranular
rh,20886,agranular,dysgranular,posteriorcingulate,posterior->dysgranular
rh,20887,agranular,dysgranular,posteriorcingulate,posterior->dysgranular
rh,20888,agranular,dysgranular,posteriorcingulate,posterior->dysgranular
rh,20889,agranular,dysgranular,posteriorcingulate,posterior->dysgranular
rh,20890,agranular,dysgranular,posteriorcingulate,posterior->dysgranular
rh,20891,agranular,dysgranular,posteriorcingulate,posterior->dysgranular
rh,20892,agranular,dysgranular,posteriorcingulate,posterior->dysgranular
rh,20893,agranular,dysgranular,posteriorcingulate,posterior->dysgranular
rh,20894,agranular,dysgranular,posteriorcingulate,posterior->dysgranular
rh,20895,agranular,dysgranular,posteriorcingulate,posterior->dysgranular
rh,20918,agranular,dysgranular,posteriorcingulate,posterior->dysgranular
rh,20919,agranular,dysgranular,posteriorcingulate,posterior->dysgranular
rh,20922,agranular,dysgranular,isthmuscingulate,posterior->dysgranular
rh,20923,agranular,dysgranular,isthmuscingulate,posterior->dysgranular
rh,20924,agranular,dysgranular,isthmuscingulate,posterior->dysgranular
rh,20925,agranular,dysgranular,isthmuscingulate,posterior->dysgranular
rh,20927,agranular,dysgranular,isthmuscingulate,posterior->dysgranular
rh,20929,agranular,dysgranular,isthmuscingulate,posterior->dysgranular
rh,20930,agranular,dysgranular,isthmuscingulate,posterior->dysgranular
rh,20931,agranular,dysgranular,isthmuscingulate,posterior->dysgranular
rh,20932,agranular,dysgranular,isthmuscingulate,posterior->dysgranular
rh,20938,agranular,dysgranular,isthmuscingulate,posterior->dysgranular
rh,20939,agranular,dysgranular,isthmuscingulate,posterior->dysgranular
rh,20940,agranular,dysgranular,isthmuscingulate,posterior->dysgranular
rh,20942,agranular,dysgranular,isthmuscingulate,posterior->dysgranular
rh,20943,agranular,dysgranular,isthmuscingulate,posterior->dysgranular
rh,20950,agranular,dysgranular,isthmuscingulate,posterior->dysgranular
rh,20951,agranular,dysgranular,isthmuscingulate,posterior->dysgranular
rh,20952,agranular,dysgranular,isthmuscingulate,posterior->dysgranular
rh,20954,agranular,dysgranular,isthmuscingulate,posterior->dysgranular
rh,20960,agranular,dysgranular,isthmuscingulate,posterior->dysgranular
rh,20961,agranular,dysgranular,isthmuscingulate,posterior->dysgranular
rh,20962,agranular,dysgranular,isthmuscingulate,posterior->dysgranular
rh,20963,agranular,dysgranular,isthmuscingulate,posterior->dysgranular
rh,20964,agranular,dysgranular,isthmuscingulate,posterior->dysgranular
rh,20966,agranular,dysgranular,isthmuscingulate,posterior->dysgranular
rh,20967,agranular,dysgranular,isthmuscingulate,posterior->dysgranular
rh,20968,agranular,dysgranular,isthmuscingulate,posterior->dysgranular
rh,20969,agranular,dysgranular,isthmuscingulate,posterior->dysgranular
rh,20991,agranular,dysgranular,isthmuscingulate,posterior->dysgranular
rh,20992,agranular,dysgranular,isthmuscingulate,posterior->dysgranular
rh,20993,agranular,dysgranular,isthmuscingulate,posterior->dysgranular
rh,20994,agranular,dysgranular,isthmuscingulate,posterior->dysgranular
rh,20996,agranular,dysgranular,isthmuscingulate,posterior->dysgranular
rh,20997,agranular,dysgranular,isthmuscingulate,posterior->dysgranular
rh,20998,agranular,dysgranular,isthmuscingulate,posterior->dysgranular
rh,21008,agranular,dysgranular,isthmuscingulate,posterior->dysgranular
rh,21212,agranular,dysgranular,isthmuscingulate,posterior->dysgranular
rh,21213,agranular,dysgranular,isthmuscingulate,posterior->dysgranular
rh,21214,agranular,dysgranular,isthmuscingulate,posterior->dysgranular
rh,21215,agranular,dysgranular,isthmuscingulate,posterior->dysgranular
rh,21216,agranular,dysgranular,isthmuscingulate,posterior->dysgranular
rh,23117,agranular,dysgranular,isthmuscingulate,posterior->dysgranular
rh,23118,agranular,dysgranular,isthmuscingulate,posterior->dysgranular
rh,23119,agranular,dysgranular,isthmuscingulate,posterior->dysgranular
rh,23120,agranular,dysgranular,isthmuscingulate,posterior->dysgranular
rh,23121,agranular,dysgranular,isthmuscingulate,posterior->dysgranular
rh,24048,agranular,dysgranular,posteriorcingulate,posterior->dysgranular
rh,24049,agranular,dysgranular,posteriorcingulate,posterior->dysgranular
rh,24722,agranular,dysgranular,isthmuscingulate,posterior->dysgranular
rh,25928,agranular,dysgranular,posteriorcingulate,posterior->dysgranular
rh,25929,agranular,dysgranular,posteriorcingulate,posterior->dysgranular
rh,25930,agranular,dysgranular,posteriorcingulate,posterior->dysgranular
rh,25931,agranular,dysgranular,posteriorcingulate,posterior->dysgranular
rh,25932,agranular,dysgranular,posteriorcingulate,posterior->dysgranular
rh,25933,agranular,dysgranular,posteriorcingulate,posterior->dysgranular
rh,25934,agranular,dysgranular,posteriorcingulate,posterior->dysgranular
rh,25935,agranular,dysgranular,posteriorcingulate,posterior->dysgranular
rh,25936,agranular,dysgranular,posteriorcingulate,posterior->dysgranular
rh,25937,agranular,dysgranular,posteriorcingulate,posterior->dysgranular
rh,25939,agranular,dysgranular,posteriorcingulate,posterior->dysgranular
rh,25940,agranular,dysgranular,posteriorcingulate,posterior->dysgranular
rh,25941,agranular,dysgranular,posteriorcingulate,posterior->dysgranular
rh,25942,agranular,dysgranular,posteriorcingulate,posterior->dysgranular
rh,27504,agranular,dysgranular,posteriorcingulate,posterior->dysgranular
rh,27505,agranular,dysgranular,posteriorcingulate,posterior->dysgranular
rh,27506,agranular,dysgranular,posteriorcingulate,posterior->dysgranular
rh,27507,agranular,dysgranular,posteriorcingulate,posterior->dysgranular
rh,27508,agranular,dysgranular,posteriorcingulate,posterior->dysgranular
rh,27509,agranular,dysgranular,posteriorcingulate,posterior->dysgranular
rh,27510,agranular,dysgranular,posteriorcingulate,posterior->dysgranular
rh,27511,agranular,dysgranular,posteriorcingulate,posterior->dysgranular
rh,27512,agranular,dysgranular,posteriorcingulate,posterior->dysgranular
rh,27513,agranular,dysgranular,posteriorcingulate,posterior->dysgranular
rh,27515,agranular,dysgranular,posteriorcingulate,posterior->dysgranular
rh,27517,agranular,dysgranular,posteriorcingulate,posterior->dysgranular
rh,27540,agranular,dysgranular,isthmuscingulate,posterior->dysgranular
rh,27541,agranular,dysgranular,isthmuscingulate,posterior->dysgranular
rh,27542,agranular,dysgranular,isthmuscingulate,posterior->dysgranular
rh,27543,agranular,dysgranular,isthmuscingulate,posterior->dysgranular
rh,27544,agranular,dysgranular,isthmuscingulate,posterior->dysgranular
rh,27545,agranular,dysgranular,isthmuscingulate,posterior->dysgranular
rh,27546,agranular,dysgranular,isthmuscingulate,posterior->dysgranular
rh,27547,agranular,dysgranular,isthmuscingulate,posterior->dysgranular
rh,27548,agranular,dysgranular,isthmuscingulate,posterior->dysgranular
rh,27554,agranular,dysgranular,isthmuscingulate,posterior->dysgranular
rh,27703,agranular,dysgranular,isthmuscingulate,posterior->dysgranular
rh,27704,agranular,dysgranular,isthmuscingulate,posterior->dysgranular
rh,27705,agranular,dysgranular,isthmuscingulate,posterior->dysgranular
rh,28984,agranular,dysgranular,isthmuscingulate,posterior->dysgranular
rh,28985,agranular,dysgranular,isthmuscingulate,posterior->dysgranular
rh,28986,agranular,dysgranular,isthmuscingulate,posterior->dysgranular
rh,28987,agranular,dysgranular,isthmuscingulate,posterior->dysgranular
rh,28988,agranular,dysgranular,isthmuscingulate,posterior->dysgranular
rh,29927,agranular,dysgranular,posteriorcingulate,posterior->dysgranular
rh,29930,agranular,dysgranular,posteriorcingulate,posterior->dysgranular
rh,29931,agranular,dysgranular,posteriorcingulate,posterior->dysgranular
rh,29932,agranular,dysgranular,posteriorcingulate,posterior->dysgranular
rh,29933,agranular,dysgranular,posteriorcingulate,posterior->dysgranular
rh,31152,agranular,dysgranular,posteriorcingulate,posterior->dysgranular
rh,31153,agranular,dysgranular,posteriorcingulate,posterior->dysgranular
rh,31154,agranular,dysgranular,posteriorcingulate,posterior->dysgranular
rh,31155,agranular,dysgranular,posteriorcingulate,posterior->dysgranular
rh,31156,agranular,dysgranular,posteriorcingulate,posterior->dysgranular
rh,31157,agranular,dysgranular,posteriorcingulate,posterior->dysgranular
rh,31158,agranular,dysgranular,posteriorcingulate,posterior->dysgranular
rh,31159,agranular,dysgranular,posteriorcingulate,posterior->dysgranular
rh,31160,agranular,dysgranular,posteriorcingulate,posterior->dysgranular
rh,31161,agranular,dysgranular,posteriorcingulate,posterior->dysgranular
rh,31306,agranular,dysgranular,isthmuscingulate,posterior->dysgranular
rh,31307,agranular,dysgranular,isthmuscingulate,posterior->dysgranular
rh,31308,agranular,dysgranular,isthmuscingulate,posterior->dysgranular
rh,35189,agranular,dysgranular,posteriorcingulate,posterior->dysgranular
rh,35190,agranular,dysgranular,posteriorcingulate,posterior->dysgranular
rh,35191,agranular,dysgranular,posteriorcingulate,posterior->dysgranular
rh,35192,agranular,dysgranular,posteriorcingulate,posterior->dysgranular
rh,35194,agranular,dysgranular,posteriorcingulate,posterior->dysgranular
rh,35195,agranular,dysgranular,posteriorcingulate,posterior->dysgranular
rh,35196,agranular,dysgranular,posteriorcingulate,posterior->dysgranular
rh,35197,agranular,dysgranular,posteriorcingulate,posterior->dysgranular
rh,35198,agranular,dysgranular,posteriorcingulate,posterior->dysgranular
rh,35199,agranular,dysgranular,posteriorcingulate,posterior->dysgranular
rh,35200,agranular,dysgranular,posteriorcingulate,posterior->dysgranular
rh,35201,agranular,dysgranular,posteriorcingulate,posterior->dysgranular
rh,35202,agranular,dysgranular,posteriorcingulate,posterior->dysgranular
rh,35203,agranular,dysgranular,posteriorcingulate,posterior->dysgranular
rh,35204,agranular,dysgranular,posteriorcingulate,posterior->dysgranular
rh,35205,agranular,dysgranular,posteriorcingulate,posterior->dysgranular
rh,35206,agranular,dysgranular,posteriorcingulate,posterior->dysgranular
rh,35207,agranular,dysgranular,posteriorcingulate,posterior->dysgranular
rh,35208,agranular,dysgranular,posteriorcingulate,posterior->dysgranular
rh,35213,agranular,dysgranular,posteriorcingulate,posterior->dysgranular
rh,35214,agranular,dysgranular,posteriorcingulate,posterior->dysgranular
rh,35215,agranular,dysgranular,posteriorcingulate,posterior->dysgranular
rh,35216,agranular,dysgranular,posteriorcingulate,posterior->dysgranular
rh,35217,agranular,dysgranular,posteriorcingulate,posterior->dysgranular
rh,35218,agranular,dysgranular,posteriorcingulate,posterior->dysgranular
rh,35219,agranular,dysgranular,posteriorcingulate,posterior->dysgranular
rh,35221,agranular,dysgranular,posteriorcingulate,posterior->dysgranular
rh,35222,agranular,dysgranular,posteriorcingulate,posterior->dysgranular
rh,35223,agranular,dysgranular,posteriorcingulate,posterior->dysgranular
rh,35224,agranular,dysgranular,posteriorcingulate,posterior->dysgranular
rh,35225,agranular,dysgranular,posteriorcingulate,posterior->dysgranular
rh,35226,agranular,dysgranular,posteriorcingulate,posterior->dysgranular
rh,35227,agranular,dysgranular,posteriorcingulate,posterior->dysgranular
rh,35228,agranular,dysgranular,posteriorcingulate,posterior->dysgranular
rh,35229,agranular,dysgranular,posteriorcingulate,posterior->dysgranular
rh,35230,agranular,dysgranular,posteriorcingulate,posterior->dysgranular
rh,35231,agranular,dysgranular,posteriorcingulate,posterior->dysgranular
rh,38043,agranular,dysgranular,isthmuscingulate,posterior->dysgranular
rh,38044,agranular,dysgranular,isthmuscingulate,posterior->dysgranular
rh,38371,agranular,dysgranular,posteriorcingulate,posterior->dysgranular
rh,38372,agranular,dysgranular,posteriorcingulate,posterior->dysgranular
rh,38373,agranular,dysgranular,posteriorcingulate,posterior->dysgranular
rh,38374,agranular,dysgranular,posteriorcingulate,posterior->dysgranular
rh,38375,agranular,dysgranular,posteriorcingulate,posterior->dysgranular
rh,38376,agranular,dysgranular,posteriorcingulate,posterior->dysgranular
rh,38377,agranular,dysgranular,posteriorcingulate,posterior->dysgranular
rh,38378,agranular,dysgranular,posteriorcingulate,posterior->dysgranular
rh,38379,agranular,dysgranular,posteriorcingulate,posterior->dysgranular
rh,38380,agranular,dysgranular,posteriorcingulate,posterior->dysgranular
rh,38381,agranular,dysgranular,posteriorcingulate,posterior->dysgranular
rh,38382,agranular,dysgranular,posteriorcingulate,posterior->dysgranular
rh,38383,agranular,dysgranular,posteriorcingulate,posterior->dysgranular
rh,38384,agranular,dysgranular,posteriorcingulate,posterior->dysgranular
rh,38403,agranular,dysgranular,posteriorcingulate,posterior->dysgranular
rh,38411,agranular,dysgranular,posteriorcingulate,posterior->dysgranular
rh,38412,agranular,dysgranular,posteriorcingulate,posterior->dysgranular
rh,38413,agranular,dysgranular,posteriorcingulate,posterior->dysgranular
rh,38414,agranular,dysgranular,posteriorcingulate,posterior->dysgranular
rh,38415,agranular,dysgranular,posteriorcingulate,posterior->dysgranular
rh,38416,agranular,dysgranular,posteriorcingulate,posterior->dysgranular
rh,38417,agranular,dysgranular,posteriorcingulate,posterior->dysgranular
rh,38418,agranular,dysgranular,posteriorcingulate,posterior->dysgranular
rh,38420,agranular,dysgranular,posteriorcingulate,posterior->dysgranular
rh,38425,agranular,dysgranular,isthmuscingulate,posterior->dysgranular
rh,38430,agranular,dysgranular,isthmuscingulate,posterior->dysgranular
rh,38436,agranular,dysgranular,isthmuscingulate,posterior->dysgranular
rh,38437,agranular,dysgranular,isthmuscingulate,posterior->dysgranular
rh,38438,agranular,dysgranular,isthmuscingulate,posterior->dysgranular
rh,38460,agranular,dysgranular,isthmuscingulate,posterior->dysgranular
rh,38462,agranular,dysgranular,isthmuscingulate,posterior->dysgranular
rh,38463,agranular,dysgranular,isthmuscingulate,posterior->dysgranular
rh,38464,agranular,dysgranular,isthmuscingulate,posterior->dysgranular
rh,38465,agranular,dysgranular,isthmuscingulate,posterior->dysgranular
rh,38470,agranular,dysgranular,isthmuscingulate,posterior->dysgranular
rh,38471,agranular,dysgranular,isthmuscingulate,posterior->dysgranular
rh,38500,agranular,dysgranular,isthmuscingulate,posterior->dysgranular
rh,38501,agranular,dysgranular,isthmuscingulate,posterior->dysgranular
rh,38506,agranular,dysgranular,isthmuscingulate,posterior->dysgranular
rh,38507,agranular,dysgranular,isthmuscingulate,posterior->dysgranular
rh,38509,agranular,dysgranular,isthmuscingulate,posterior->dysgranular
rh,38510,agranular,dysgranular,isthmuscingulate,posterior->dysgranular
rh,38511,agranular,dysgranular,isthmuscingulate,posterior->dysgranular
rh,38519,agranular,dysgranular,isthmuscingulate,posterior->dysgranular
rh,38520,agranular,dysgranular,isthmuscingulate,posterior->dysgranular
rh,38521,agranular,dysgranular,isthmuscingulate,posterior->dysgranular
rh,38522,agranular,dysgranular,isthmuscingulate,posterior->dysgranular
rh,38523,agranular,dysgranular,isthmuscingulate,posterior->dysgranular
rh,38525,agranular,dysgranular,isthmuscingulate,posterior->dysgranular
rh,38526,agranular,dysgranular,isthmuscingulate,posterior->dysgranular
rh,38527,agranular,dysgranular,isthmuscingulate,posterior->dysgranular
rh,38528,agranular,dysgranular,isthmuscingulate,posterior->dysgranular
rh,38529,agranular,dysgranular,isthmuscingulate,posterior->dysgranular
rh,38770,agranular,dysgranular,isthmuscingulate,posterior->dysgranular
rh,38771,agranular,dysgranular,isthmuscingulate,posterior->dysgranular
rh,38772,agranular,dysgranular,isthmuscingulate,posterior->dysgranular
rh,38773,agranular,dysgranular,isthmuscingulate,posterior->dysgranular
rh,39991,agranular,dysgranular,isthmuscingulate,posterior->dysgranular
rh,39992,agranular,dysgranular,isthmuscingulate,posterior->dysgranular
rh,39993,agranular,dysgranular,isthmuscingulate,posterior->dysgranular
rh,39996,agranular,dysgranular,isthmuscingulate,posterior->dysgranular
rh,39997,agranular,dysgranular,isthmuscingulate,posterior->dysgranular
rh,41003,agranular,dysgranular,isthmuscingulate,posterior->dysgranular
rh,41004,agranular,dysgranular,isthmuscingulate,posterior->dysgranular
rh,41005,agranular,dysgranular,isthmuscingulate,posterior->dysgranular
rh,41891,agranular,dysgranular,isthmuscingulate,posterior->dysgranular
rh,41892,agranular,dysgranular,isthmuscingulate,posterior->dysgranular
rh,41893,agranular,dysgranular,isthmuscingulate,posterior->dysgranular
rh,41894,agranular,dysgranular,isthmuscingulate,posterior->dysgranular
rh,42565,agranular,dysgranular,posteriorcingulate,posterior->dysgranular
rh,42566,agranular,dysgranular,posteriorcingulate,posterior->dysgranular
rh,42567,agranular,dysgranular,posteriorcingulate,posterior->dysgranular
rh,42568,agranular,dysgranular,posteriorcingulate,posterior->dysgranular
rh,42569,agranular,dysgranular,posteriorcingulate,posterior->dysgranular
rh,43440,agranular,dysgranular,posteriorcingulate,posterior->dysgranular
rh,43441,agranular,dysgranular,posteriorcingulate,posterior->dysgranular
rh,43442,agranular,dysgranular,posteriorcingulate,posterior->dysgranular
rh,43443,agranular,dysgranular,posteriorcingulate,posterior->dysgranular
rh,43444,agranular,dysgranular,posteriorcingulate,posterior->dysgranular
rh,43445,agranular,dysgranular,posteriorcingulate,posterior->dysgranular
rh,43446,agranular,dysgranular,posteriorcingulate,posterior->dysgranular
rh,43447,agranular,dysgranular,posteriorcingulate,posterior->dysgranular
rh,43461,agranular,dysgranular,isthmuscingulate,posterior->dysgranular
rh,43547,agranular,dysgranular,isthmuscingulate,posterior->dysgranular
rh,43548,agranular,dysgranular,isthmuscingulate,posterior->dysgranular
rh,43549,agranular,dysgranular,isthmuscingulate,posterior->dysgranular
rh,43550,agranular,dysgranular,isthmuscingulate,posterior->dysgranular
rh,43551,agranular,dysgranular,isthmuscingulate,posterior->dysgranular
rh,44290,agranular,dysgranular,isthmuscingulate,posterior->dysgranular
rh,44291,agranular,dysgranular,isthmuscingulate,posterior->dysgranular
rh,44292,agranular,dysgranular,isthmuscingulate,posterior->dysgranular
rh,44293,agranular,dysgranular,isthmuscingulate,posterior->dysgranular
rh,44294,agranular,dysgranular,isthmuscingulate,posterior->dysgranular
rh,44295,agranular,dysgranular,isthmuscingulate,posterior->dysgranular
rh,44518,agranular,dysgranular,posteriorcingulate,posterior->dysgranular
rh,44965,agranular,dysgranular,posteriorcingulate,posterior->dysgranular
rh,44966,agranular,dysgranular,posteriorcingulate,posterior->dysgranular
rh,44967,agranular,dysgranular,posteriorcingulate,posterior->dysgranular
rh,44968,agranular,dysgranular,posteriorcingulate,posterior->dysgranular
rh,44969,agranular,dysgranular,posteriorcingulate,posterior->dysgranular
rh,45840,agranular,dysgranular,posteriorcingulate,posterior->dysgranular
rh,45841,agranular,dysgranular,posteriorcingulate,posterior->dysgranular
rh,45842,agranular,dysgranular,posteriorcingulate,posterior->dysgranular
rh,48970,agranular,dysgranular,posteriorcingulate,posterior->dysgranular
rh,48971,agranular,dysgranular,posteriorcingulate,posterior->dysgranular
rh,48972,agranular,dysgranular,posteriorcingulate,posterior->dysgranular
rh,48973,agranular,dysgranular,posteriorcingulate,posterior->dysgranular
rh,48974,agranular,dysgranular,posteriorcingulate,posterior->dysgranular
rh,48975,agranular,dysgranular,posteriorcingulate,posterior->dysgranular
rh,48976,agranular,dysgranular,posteriorcingulate,posterior->dysgranular
rh,48977,agranular,dysgranular,posteriorcingulate,posterior->dysgranular
rh,48978,agranular,dysgranular,posteriorcingulate,posterior->dysgranular
rh,48979,agranular,dysgranular,posteriorcingulate,posterior->dysgranular
rh,48980,agranular,dysgranular,posteriorcingulate,posterior->dysgranular
rh,48981,agranular,dysgranular,posteriorcingulate,posterior->dysgranular
rh,48982,agranular,dysgranular,posteriorcingulate,posterior->dysgranular
rh,48983,agranular,dysgranular,posteriorcingulate,posterior->dysgranular
rh,48984,agranular,dysgranular,posteriorcingulate,posterior->dysgranular
rh,48985,agranular,dysgranular,posteriorcingulate,posterior->dysgranular
rh,48986,agranular,dysgranular,posteriorcingulate,posterior->dysgranular
rh,48987,agranular,dysgranular,posteriorcingulate,posterior->dysgranular
rh,48988,agranular,dysgranular,posteriorcingulate,posterior->dysgranular
rh,48993,agranular,dysgranular,posteriorcingulate,posterior->dysgranular
rh,48994,agranular,dysgranular,posteriorcingulate,posterior->dysgranular
rh,48995,agranular,dysgranular,posteriorcingulate,posterior->dysgranular
rh,48996,agranular,dysgranular,posteriorcingulate,posterior->dysgranular
rh,48997,agranular,dysgranular,posteriorcingulate,posterior->dysgranular
rh,49000,agranular,dysgranular,posteriorcingulate,posterior->dysgranular
rh,49001,agranular,dysgranular,posteriorcingulate,posterior->dysgranular
rh,49002,agranular,dysgranular,posteriorcingulate,posterior->dysgranular
rh,49003,agranular,dysgranular,posteriorcingulate,posterior->dysgranular
rh,49004,agranular,dysgranular,posteriorcingulate,posterior->dysgranular
rh,49005,agranular,dysgranular,posteriorcingulate,posterior->dysgranular
rh,49006,agranular,dysgranular,posteriorcingulate,posterior->dysgranular
rh,49007,agranular,dysgranular,posteriorcingulate,posterior->dysgranular
rh,51600,agranular,dysgranular,posteriorcingulate,posterior->dysgranular
rh,51602,agranular,dysgranular,posteriorcingulate,posterior->dysgranular
rh,51603,agranular,dysgranular,posteriorcingulate,posterior->dysgranular
rh,51604,agranular,dysgranular,posteriorcingulate,posterior->dysgranular
rh,51605,agranular,dysgranular,posteriorcingulate,posterior->dysgranular
rh,51606,agranular,dysgranular,posteriorcingulate,posterior->dysgranular
rh,51607,agranular,dysgranular,posteriorcingulate,posterior->dysgranular
rh,51608,agranular,dysgranular,posteriorcingulate,posterior->dysgranular
rh,51609,agranular,dysgranular,posteriorcingulate,posterior->dysgranular
rh,51610,agranular,dysgranular,posteriorcingulate,posterior->dysgranular
rh,51611,agranular,dysgranular,posteriorcingulate,posterior->dysgranular
rh,51612,agranular,dysgranular,posteriorcingulate,posterior->dysgranular
rh,51613,agranular,dysgranular,posteriorcingulate,posterior->dysgranular
rh,51614,agranular,dysgranular,posteriorcingulate,posterior->dysgranular
rh,51615,agranular,dysgranular,posteriorcingulate,posterior->dysgranular
rh,51641,agranular,dysgranular,isthmuscingulate,posterior->dysgranular
rh,51642,agranular,dysgranular,isthmuscingulate,posterior->dysgranular
rh,51643,agranular,dysgranular,isthmuscingulate,posterior->dysgranular
rh,51644,agranular,dysgranular,isthmuscingulate,posterior->dysgranular
rh,51645,agranular,dysgranular,isthmuscingulate,posterior->dysgranular
rh,51646,agranular,dysgranular,isthmuscingulate,posterior->dysgranular
rh,51647,agranular,dysgranular,isthmuscingulate,posterior->dysgranular
rh,51648,agranular,dysgranular,isthmuscingulate,posterior->dysgranular
rh,51649,agranular,dysgranular,isthmuscingulate,posterior->dysgranular
rh,51650,agranular,dysgranular,isthmuscingulate,posterior->dysgranular
rh,51651,agranular,dysgranular,isthmuscingulate,posterior->dysgranular
rh,51652,agranular,dysgranular,isthmuscingulate,posterior->dysgranular
rh,51656,agranular,dysgranular,isthmuscingulate,posterior->dysgranular
rh,51657,agranular,dysgranular,isthmuscingulate,posterior->dysgranular
rh,51658,agranular,dysgranular,isthmuscingulate,posterior->dysgranular
rh,51659,agranular,dysgranular,isthmuscingulate,posterior->dysgranular
rh,51660,agranular,dysgranular,isthmuscingulate,posterior->dysgranular
rh,51661,agranular,dysgranular,isthmuscingulate,posterior->dysgranular
rh,51662,agranular,dysgranular,isthmuscingulate,posterior->dysgranular
rh,51670,agranular,dysgranular,isthmuscingulate,posterior->dysgranular
rh,51671,agranular,dysgranular,isthmuscingulate,posterior->dysgranular
rh,51672,agranular,dysgranular,isthmuscingulate,posterior->dysgranular
rh,51673,agranular,dysgranular,isthmuscingulate,posterior->dysgranular
rh,51674,agranular,dysgranular,isthmuscingulate,posterior->dysgranular
rh,51678,agranular,dysgranular,isthmuscingulate,posterior->dysgranular
rh,51679,agranular,dysgranular,isthmuscingulate,posterior->dysgranular
rh,51680,agranular,dysgranular,isthmuscingulate,posterior->dysgranular
rh,51681,agranular,dysgranular,isthmuscingulate,posterior->dysgranular
rh,51682,agranular,dysgranular,isthmuscingulate,posterior->dysgranular
rh,51683,agranular,dysgranular,isthmuscingulate,posterior->dysgranular
rh,51684,agranular,dysgranular,isthmuscingulate,posterior->dysgranular
rh,51686,agranular,dysgranular,isthmuscingulate,posterior->dysgranular
rh,51687,agranular,dysgranular,isthmuscingulate,posterior->dysgranular
rh,51688,agranular,dysgranular,isthmuscingulate,posterior->dysgranular
rh,51689,agranular,dysgranular,isthmuscingulate,posterior->dysgranular
rh,51711,agranular,dysgranular,isthmuscingulate,posterior->dysgranular
rh,51712,agranular,dysgranular,isthmuscingulate,posterior->dysgranular
rh,51713,agranular,dysgranular,isthmuscingulate,posterior->dysgranular
rh,51932,agranular,dysgranular,isthmuscingulate,posterior->dysgranular
rh,51933,agranular,dysgranular,isthmuscingulate,posterior->dysgranular
rh,51934,agranular,dysgranular,isthmuscingulate,posterior->dysgranular
rh,51935,agranular,dysgranular,isthmuscingulate,posterior->dysgranular
rh,51936,agranular,dysgranular,isthmuscingulate,posterior->dysgranular
rh,53888,agranular,dysgranular,isthmuscingulate,posterior->dysgranular
rh,53889,agranular,dysgranular,isthmuscingulate,posterior->dysgranular
rh,53890,agranular,dysgranular,isthmuscingulate,posterior->dysgranular
rh,53891,agranular,dysgranular,isthmuscingulate,posterior->dysgranular
rh,53892,agranular,dysgranular,isthmuscingulate,posterior->dysgranular
rh,53893,agranular,dysgranular,isthmuscingulate,posterior->dysgranular
rh,53894,agranular,dysgranular,isthmuscingulate,posterior->dysgranular
rh,53895,agranular,dysgranular,isthmuscingulate,posterior->dysgranular
rh,55441,agranular,dysgranular,posteriorcingulate,posterior->dysgranular
rh,56551,agranular,dysgranular,isthmuscingulate,posterior->dysgranular
rh,56553,agranular,dysgranular,isthmuscingulate,posterior->dysgranular
rh,56554,agranular,dysgranular,isthmuscingulate,posterior->dysgranular
rh,56555,agranular,dysgranular,isthmuscingulate,posterior->dysgranular
rh,56556,agranular,dysgranular,isthmuscingulate,posterior->dysgranular
rh,56560,agranular,dysgranular,isthmuscingulate,posterior->dysgranular
rh,56561,agranular,dysgranular,isthmuscingulate,posterior->dysgranular
rh,56562,agranular,dysgranular,isthmuscingulate,posterior->dysgranular
rh,56563,agranular,dysgranular,isthmuscingulate,posterior->dysgranular
rh,56564,agranular,dysgranular,isthmuscingulate,posterior->dysgranular
rh,58575,agranular,dysgranular,posteriorcingulate,posterior->dysgranular
rh,58576,agranular,dysgranular,posteriorcingulate,posterior->dysgranular
rh,58577,agranular,dysgranular,posteriorcingulate,posterior->dysgranular
rh,58578,agranular,dysgranular,posteriorcingulate,posterior->dysgranular
rh,58579,agranular,dysgranular,posteriorcingulate,posterior->dysgranular
rh,58580,agranular,dysgranular,posteriorcingulate,posterior->dysgranular
rh,58581,agranular,dysgranular,posteriorcingulate,posterior->dysgranular
rh,58582,agranular,dysgranular,posteriorcingulate,posterior->dysgranular
rh,58583,agranular,dysgranular,posteriorcingulate,posterior->dysgranular
rh,58584,agranular,dysgranular,posteriorcingulate,posterior->dysgranular
rh,58585,agranular,dysgranular,posteriorcingulate,posterior->dysgranular
rh,58586,agranular,dysgranular,posteriorcingulate,posterior->dysgranular
rh,58587,agranular,dysgranular,posteriorcingulate,posterior->dysgranular
rh,58588,agranular,dysgranular,posteriorcingulate,posterior->dysgranular
rh,58589,agranular,dysgranular,posteriorcingulate,posterior->dysgranular
rh,58591,agranular,dysgranular,posteriorcingulate,posterior->dysgranular
rh,58592,agranular,dysgranular,posteriorcingulate,posterior->dysgranular
rh,58593,agranular,dysgranular,posteriorcingulate,posterior->dysgranular
rh,58594,agranular,dysgranular,posteriorcingulate,posterior->dysgranular
rh,58595,agranular,dysgranular,posteriorcingulate,posterior->dysgranular
rh,58596,agranular,dysgranular,posteriorcingulate,posterior->dysgranular
rh,58597,agranular,dysgranular,posteriorcingulate,posterior->dysgranular
rh,61200,agranular,dysgranular,posteriorcingulate,posterior->dysgranular
rh,61201,agranular,dysgranular,posteriorcingulate,posterior->dysgranular
rh,61202,agranular,dysgranular,posteriorcingulate,posterior->dysgranular
rh,61203,agranular,dysgranular,posteriorcingulate,posterior->dysgranular
rh,61204,agranular,dysgranular,posteriorcingulate,posterior->dysgranular
rh,61205,agranular,dysgranular,posteriorcingulate,posterior->dysgranular
rh,61206,agranular,dysgranular,posteriorcingulate,posterior->dysgranular
rh,61207,agranular,dysgranular,posteriorcingulate,posterior->dysgranular
rh,61208,agranular,dysgranular,posteriorcingulate,posterior->dysgranular
rh,61209,agranular,dysgranular,posteriorcingulate,posterior->dysgranular
rh,61210,agranular,dysgranular,posteriorcingulate,posterior->dysgranular
rh,61211,agranular,dysgranular,posteriorcingulate,posterior->dysgranular
rh,61212,agranular,dysgranular,posteriorcingulate,posterior->dysgranular
rh,61213,agranular,dysgranular,posteriorcingulate,posterior->dysgranular
rh,61214,agranular,dysgranular,posteriorcingulate,posterior->dysgranular
rh,61215,agranular,dysgranular,posteriorcingulate,posterior->dysgranular
rh,61216,agranular,dysgranular,posteriorcingulate,posterior->dysgranular
rh,61217,agranular,dysgranular,posteriorcingulate,posterior->dysgranular
rh,61218,agranular,dysgranular,posteriorcingulate,posterior->dysgranular
rh,61219,agranular,dysgranular,posteriorcingulate,posterior->dysgranular
rh,61220,agranular,dysgranular,posteriorcingulate,posterior->dysgranular
rh,61222,agranular,dysgranular,posteriorcingulate,posterior->dysgranular
rh,61260,agranular,dysgranular,isthmuscingulate,posterior->dysgranular
rh,61261,agranular,dysgranular,isthmuscingulate,posterior->dysgranular
rh,61262,agranular,dysgranular,isthmuscingulate,posterior->dysgranular
rh,61263,agranular,dysgranular,isthmuscingulate,posterior->dysgranular
rh,61264,agranular,dysgranular,isthmuscingulate,posterior->dysgranular
rh,61265,agranular,dysgranular,isthmuscingulate,posterior->dysgranular
rh,61266,agranular,dysgranular,isthmuscingulate,posterior->dysgranular
rh,61267,agranular,dysgranular,isthmuscingulate,posterior->dysgranular
rh,61268,agranular,dysgranular,isthmuscingulate,posterior->dysgranular
rh,61269,agranular,dysgranular,isthmuscingulate,posterior->dysgranular
rh,61270,agranular,dysgranular,isthmuscingulate,posterior->dysgranular
rh,61271,agranular,dysgranular,isthmuscingulate,posterior->dysgranular
rh,61272,agranular,dysgranular,isthmuscingulate,posterior->dysgranular
rh,61273,agranular,dysgranular,isthmuscingulate,posterior->dysgranular
rh,61274,agranular,dysgranular,isthmuscingulate,posterior->dysgranular
rh,61525,agranular,dysgranular,isthmuscingulate,posterior->dysgranular
rh,61531,agranular,dysgranular,isthmuscingulate,posterior->dysgranular
rh,61532,agranular,dysgranular,isthmuscingulate,posterior->dysgranular
rh,61533,agranular,dysgranular,isthmuscingulate,posterior->dysgranular
rh,61534,agranular,dysgranular,isthmuscingulate,posterior->dysgranular
rh,61535,agranular,dysgranular,isthmuscingulate,posterior->dysgranular
rh,61536,agranular,dysgranular,isthmuscingulate,posterior->dysgranular
rh,63751,agranular,dysgranular,isthmuscingulate,posterior->dysgranular
rh,63752,agranular,dysgranular,isthmuscingulate,posterior->dysgranular
rh,63753,agranular,dysgranular,isthmuscingulate,posterior->dysgranular
rh,63754,agranular,dysgranular,isthmuscingulate,posterior->dysgranular
rh,63755,agranular,dysgranular,isthmuscingulate,posterior->dysgranular
rh,63756,agranular,dysgranular,isthmuscingulate,posterior->dysgranular
rh,63758,agranular,dysgranular,isthmuscingulate,posterior->dysgranular
rh,63759,agranular,dysgranular,isthmuscingulate,posterior->dysgranular
rh,63760,agranular,dysgranular,isthmuscingulate,posterior->dysgranular
rh,63761,agranular,dysgranular,isthmuscingulate,posterior->dysgranular
rh,63762,agranular,dysgranular,isthmuscingulate,posterior->dysgranular
rh,63763,agranular,dysgranular,isthmuscingulate,posterior->dysgranular
rh,63764,agranular,dysgranular,isthmuscingulate,posterior->dysgranular
rh,63765,agranular,dysgranular,isthmuscingulate,posterior->dysgranular
rh,64435,agranular,dysgranular,posteriorcingulate,posterior->dysgranular
rh,64439,agranular,dysgranular,posteriorcingulate,posterior->dysgranular
rh,65778,agranular,dysgranular,posteriorcingulate,posterior->dysgranular
rh,65780,agranular,dysgranular,posteriorcingulate,posterior->dysgranular
rh,65781,agranular,dysgranular,posteriorcingulate,posterior->dysgranular
rh,65782,agranular,dysgranular,posteriorcingulate,posterior->dysgranular
rh,65783,agranular,dysgranular,posteriorcingulate,posterior->dysgranular
rh,65784,agranular,dysgranular,posteriorcingulate,posterior->dysgranular
rh,65785,agranular,dysgranular,posteriorcingulate,posterior->dysgranular
rh,65786,agranular,dysgranular,posteriorcingulate,posterior->dysgranular
rh,65787,agranular,dysgranular,posteriorcingulate,posterior->dysgranular
rh,65788,agranular,dysgranular,posteriorcingulate,posterior->dysgranular
rh,65789,agranular,dysgranular,posteriorcingulate,posterior->dysgranular
rh,68400,agranular,dysgranular,posteriorcingulate,posterior->dysgranular
rh,68401,agranular,dysgranular,posteriorcingulate,posterior->dysgranular
rh,68402,agranular,dysgranular,posteriorcingulate,posterior->dysgranular
rh,68403,agranular,dysgranular,posteriorcingulate,posterior->dysgranular
rh,68404,agranular,dysgranular,posteriorcingulate,posterior->dysgranular
rh,68405,agranular,dysgranular,posteriorcingulate,posterior->dysgranular
rh,68406,agranular,dysgranular,posteriorcingulate,posterior->dysgranular
rh,68407,agranular,dysgranular,posteriorcingulate,posterior->dysgranular
rh,68408,agranular,dysgranular,posteriorcingulate,posterior->dysgranular
rh,68409,agranular,dysgranular,posteriorcingulate,posterior->dysgranular
rh,68410,agranular,dysgranular,posteriorcingulate,posterior->dysgranular
rh,68411,agranular,dysgranular,posteriorcingulate,posterior->dysgranular
rh,68412,agranular,dysgranular,posteriorcingulate,posterior->dysgranular
rh,68413,agranular,dysgranular,posteriorcingulate,posterior->dysgranular
rh,68414,agranular,dysgranular,posteriorcingulate,posterior->dysgranular
rh,68415,agranular,dysgranular,posteriorcingulate,posterior->dysgranular
rh,68416,agranular,dysgranular,posteriorcingulate,posterior->dysgranular
rh,68417,agranular,dysgranular,posteriorcingulate,posterior->dysgranular
rh,68418,agranular,dysgranular,posteriorcingulate,posterior->dysgranular
rh,68419,agranular,dysgranular,posteriorcingulate,posterior->dysgranular
rh,68420,agranular,dysgranular,posteriorcingulate,posterior->dysgranular
rh,68421,agranular,dysgranular,posteriorcingulate,posterior->dysgranular
rh,68731,agranular,dysgranular,isthmuscingulate,posterior->dysgranular
rh,68732,agranular,dysgranular,isthmuscingulate,posterior->dysgranular
rh,68733,agranular,dysgranular,isthmuscingulate,posterior->dysgranular
rh,68734,agranular,dysgranular,isthmuscingulate,posterior->dysgranular
rh,68735,agranular,dysgranular,isthmuscingulate,posterior->dysgranular
rh,68736,agranular,dysgranular,isthmuscingulate,posterior->dysgranular
rh,77793,agranular,dysgranular,posteriorcingulate,posterior->dysgranular
rh,77794,agranular,dysgranular,posteriorcingulate,posterior->dysgranular
rh,77795,agranular,dysgranular,posteriorcingulate,posterior->dysgranular
rh,77796,agranular,dysgranular,posteriorcingulate,posterior->dysgranular
rh,77797,agranular,dysgranular,posteriorcingulate,posterior->dysgranular
rh,77798,agranular,dysgranular,posteriorcingulate,posterior->dysgranular
rh,77799,agranular,dysgranular,posteriorcingulate,posterior->dysgranular
rh,77800,agranular,dysgranular,posteriorcingulate,posterior->dysgranular
rh,77801,agranular,dysgranular,posteriorcingulate,posterior->dysgranular
rh,77802,agranular,dysgranular,posteriorcingulate,posterior->dysgranular
rh,77803,agranular,dysgranular,posteriorcingulate,posterior->dysgranular
rh,77804,agranular,dysgranular,posteriorcingulate,posterior->dysgranular
rh,77808,agranular,dysgranular,posteriorcingulate,posterior->dysgranular
rh,77809,agranular,dysgranular,posteriorcingulate,posterior->dysgranular
rh,77810,agranular,dysgranular,posteriorcingulate,posterior->dysgranular
rh,77811,agranular,dysgranular,posteriorcingulate,posterior->dysgranular
rh,77812,agranular,dysgranular,posteriorcingulate,posterior->dysgranular
rh,77813,agranular,dysgranular,posteriorcingulate,posterior->dysgranular
rh,77814,agranular,dysgranular,posteriorcingulate,posterior->dysgranular
rh,77815,agranular,dysgranular,posteriorcingulate,posterior->dysgranular
rh,77816,agranular,dysgranular,posteriorcingulate,posterior->dysgranular
rh,77817,agranular,dysgranular,posteriorcingulate,posterior->dysgranular
rh,77818,agranular,dysgranular,posteriorcingulate,posterior->dysgranular
rh,77819,agranular,dysgranular,posteriorcingulate,posterior->dysgranular
rh,77820,agranular,dysgranular,posteriorcingulate,posterior->dysgranular
rh,77821,agranular,dysgranular,posteriorcingulate,posterior->dysgranular
rh,77822,agranular,dysgranular,posteriorcingulate,posterior->dysgranular
rh,77823,agranular,dysgranular,posteriorcingulate,posterior->dysgranular
rh,77824,agranular,dysgranular,posteriorcingulate,posterior->dysgranular
rh,77825,agranular,dysgranular,posteriorcingulate,posterior->dysgranular
rh,77826,agranular,dysgranular,posteriorcingulate,posterior->dysgranular
rh,77827,agranular,dysgranular,posteriorcingulate,posterior->dysgranular
rh,77828,agranular,dysgranular,posteriorcingulate,posterior->dysgranular
rh,77829,agranular,dysgranular,posteriorcingulate,posterior->dysgranular
rh,77830,agranular,dysgranular,posteriorcingulate,posterior->dysgranular
rh,77831,agranular,dysgranular,posteriorcingulate,posterior->dysgranular
rh,77832,agranular,dysgranular,posteriorcingulate,posterior->dysgranular
rh,77833,agranular,dysgranular,posteriorcingulate,posterior->dysgranular
rh,77834,agranular,dysgranular,posteriorcingulate,posterior->dysgranular
rh,77835,agranular,dysgranular,posteriorcingulate,posterior->dysgranular
rh,77836,agranular,dysgranular,posteriorcingulate,posterior->dysgranular
rh,77837,agranular,dysgranular,posteriorcingulate,posterior->dysgranular
rh,77838,agranular,dysgranular,posteriorcingulate,posterior->dysgranular
rh,77839,agranular,dysgranular,posteriorcingulate,posterior->dysgranular
rh,77840,agranular,dysgranular,posteriorcingulate,posterior->dysgranular
rh,77841,agranular,dysgranular,posteriorcingulate,posterior->dysgranular
rh,77842,agranular,dysgranular,posteriorcingulate,posterior->dysgranular
rh,77843,agranular,dysgranular,posteriorcingulate,posterior->dysgranular
rh,77844,agranular,dysgranular,posteriorcingulate,posterior->dysgranular
rh,77857,agranular,dysgranular,posteriorcingulate,posterior->dysgranular
rh,77858,agranular,dysgranular,posteriorcingulate,posterior->dysgranular
rh,77859,agranular,dysgranular,posteriorcingulate,posterior->dysgranular
rh,77860,agranular,dysgranular,posteriorcingulate,posterior->dysgranular
rh,77861,agranular,dysgranular,posteriorcingulate,posterior->dysgranular
rh,77862,agranular,dysgranular,posteriorcingulate,posterior->dysgranular
rh,77863,agranular,dysgranular,posteriorcingulate,posterior->dysgranular
rh,77864,agranular,dysgranular,posteriorcingulate,posterior->dysgranular
rh,77865,agranular,dysgranular,posteriorcingulate,posterior->dysgranular
rh,77866,agranular,dysgranular,posteriorcingulate,posterior->dysgranular
rh,77867,agranular,dysgranular,posteriorcingulate,posterior->dysgranular
rh,77868,agranular,dysgranular,posteriorcingulate,posterior->dysgranular
rh,77869,agranular,dysgranular,posteriorcingulate,posterior->dysgranular
rh,77870,agranular,dysgranular,posteriorcingulate,posterior->dysgranular
rh,77871,agranular,dysgranular,posteriorcingulate,posterior->dysgranular
rh,77872,agranular,dysgranular,posteriorcingulate,posterior->dysgranular
rh,77876,agranular,dysgranular,posteriorcingulate,posterior->dysgranular
rh,77877,agranular,dysgranular,posteriorcingulate,posterior->dysgranular
rh,77878,agranular,dysgranular,posteriorcingulate,posterior->dysgranular
rh,77879,agranular,dysgranular,posteriorcingulate,posterior->dysgranular
rh,77880,agranular,dysgranular,posteriorcingulate,posterior->dysgranular
rh,77882,agranular,dysgranular,posteriorcingulate,posterior->dysgranular
rh,77883,agranular,dysgranular,posteriorcingulate,posterior->dysgranular
rh,77884,agranular,dysgranular,posteriorcingulate,posterior->dysgranular
rh,77885,agranular,dysgranular,posteriorcingulate,posterior->dysgranular
rh,77886,agranular,dysgranular,posteriorcingulate,posterior->dysgranular
rh,77887,agranular,dysgranular,posteriorcingulate,posterior->dysgranular
rh,77888,agranular,dysgranular,posteriorcingulate,posterior->dysgranular
rh,77889,agranular,dysgranular,posteriorcingulate,posterior->dysgranular
rh,77890,agranular,dysgranular,posteriorcingulate,posterior->dysgranular
rh,77891,agranular,dysgranular,posteriorcingulate,posterior->dysgranular
rh,77892,agranular,dysgranular,posteriorcingulate,posterior->dysgranular
rh,77893,agranular,dysgranular,posteriorcingulate,posterior->dysgranular
rh,77894,agranular,dysgranular,posteriorcingulate,posterior->dysgranular
rh,77895,agranular,dysgranular,posteriorcingulate,posterior->dysgranular
rh,77896,agranular,dysgranular,posteriorcingulate,posterior->dysgranular
rh,77897,agranular,dysgranular,posteriorcingulate,posterior->dysgranular
rh,77898,agranular,dysgranular,posteriorcingulate,posterior->dysgranular
rh,77899,agranular,dysgranular,posteriorcingulate,posterior->dysgranular
rh,77900,agranular,dysgranular,posteriorcingulate,posterior->dysgranular
rh,77901,agranular,dysgranular,posteriorcingulate,posterior->dysgranular
rh,77902,agranular,dysgranular,posteriorcingulate,posterior->dysgranular
rh,84869,agranular,dysgranular,isthmuscingulate,posterior->dysgranular
rh,85688,agranular,dysgranular,posteriorcingulate,posterior->dysgranular
rh,85689,agranular,dysgranular,posteriorcingulate,posterior->dysgranular
rh,85690,agranular,dysgranular,posteriorcingulate,posterior->dysgranular
rh,85691,agranular,dysgranular,posteriorcingulate,posterior->dysgranular
rh,85692,agranular,dysgranular,posteriorcingulate,posterior->dysgranular
rh,85693,agranular,dysgranular,posteriorcingulate,posterior->dysgranular
rh,85694,agranular,dysgranular,posteriorcingulate,posterior->dysgranular
rh,85695,agranular,dysgranular,posteriorcingulate,posterior->dysgranular
rh,85696,agranular,dysgranular,posteriorcingulate,posterior->dysgranular
rh,85697,agranular,dysgranular,posteriorcingulate,posterior->dysgranular
rh,85698,agranular,dysgranular,posteriorcingulate,posterior->dysgranular
rh,85699,agranular,dysgranular,posteriorcingulate,posterior->dysgranular
rh,85700,agranular,dysgranular,posteriorcingulate,posterior->dysgranular
rh,85701,agranular,dysgranular,posteriorcingulate,posterior->dysgranular
rh,85702,agranular,dysgranular,posteriorcingulate,posterior->dysgranular
rh,85703,agranular,dysgranular,posteriorcingulate,posterior->dysgranular
rh,85704,agranular,dysgranular,posteriorcingulate,posterior->dysgranular
rh,85705,agranular,dysgranular,posteriorcingulate,posterior->dysgranular
rh,85706,agranular,dysgranular,posteriorcingulate,posterior->dysgranular
rh,85707,agranular,dysgranular,posteriorcingulate,posterior->dysgranular
rh,85708,agranular,dysgranular,posteriorcingulate,posterior->dysgranular
rh,85709,agranular,dysgranular,posteriorcingulate,posterior->dysgranular
rh,85710,agranular,dysgranular,posteriorcingulate,posterior->dysgranular
rh,85711,agranular,dysgranular,posteriorcingulate,posterior->dysgranular
rh,85712,agranular,dysgranular,posteriorcingulate,posterior->dysgranular
rh,85713,agranular,dysgranular,posteriorcingulate,posterior->dysgranular
rh,85714,agranular,dysgranular,posteriorcingulate,posterior->dysgranular
rh,85715,agranular,dysgranular,posteriorcingulate,posterior->dysgranular
rh,85716,agranular,dysgranular,posteriorcingulate,posterior->dysgranular
rh,85717,agranular,dysgranular,posteriorcingulate,posterior->dysgranular
rh,85718,agranular,dysgranular,posteriorcingulate,posterior->dysgranular
rh,85719,agranular,dysgranular,posteriorcingulate,posterior->dysgranular
rh,85720,agranular,dysgranular,posteriorcingulate,posterior->dysgranular
rh,85721,agranular,dysgranular,posteriorcingulate,posterior->dysgranular
rh,85722,agranular,dysgranular,posteriorcingulate,posterior->dysgranular
rh,85723,agranular,dysgranular,posteriorcingulate,posterior->dysgranular
rh,85724,agranular,dysgranular,posteriorcingulate,posterior->dysgranular
rh,85789,agranular,dysgranular,posteriorcingulate,posterior->dysgranular
rh,85790,agranular,dysgranular,posteriorcingulate,posterior->dysgranular
rh,85791,agranular,dysgranular,posteriorcingulate,posterior->dysgranular
rh,85792,agranular,dysgranular,posteriorcingulate,posterior->dysgranular
rh,85793,agranular,dysgranular,posteriorcingulate,posterior->dysgranular
rh,85794,agranular,dysgranular,posteriorcingulate,posterior->dysgranular
rh,85795,agranular,dysgranular,posteriorcingulate,posterior->dysgranular
rh,85796,agranular,dysgranular,posteriorcingulate,posterior->dysgranular
rh,85797,agranular,dysgranular,posteriorcingulate,posterior->dysgranular
rh,85798,agranular,dysgranular,posteriorcingulate,posterior->dysgranular
rh,85799,agranular,dysgranular,posteriorcingulate,posterior->dysgranular
rh,85800,agranular,dysgranular,posteriorcingulate,posterior->dysgranular
rh,85803,agranular,dysgranular,isthmuscingulate,posterior->dysgranular
rh,85804,agranular,dysgranular,isthmuscingulate,posterior->dysgranular
rh,85805,agranular,dysgranular,posteriorcingulate,posterior->dysgranular
rh,85806,agranular,dysgranular,posteriorcingulate,posterior->dysgranular
rh,85807,agranular,dysgranular,posteriorcingulate,posterior->dysgranular
rh,85808,agranular,dysgranular,posteriorcingulate,posterior->dysgranular
rh,85810,agranular,dysgranular,posteriorcingulate,posterior->dysgranular
rh,85811,agranular,dysgranular,isthmuscingulate,posterior->dysgranular
rh,85812,agranular,dysgranular,posteriorcingulate,posterior->dysgranular
rh,85824,agranular,dysgranular,isthmuscingulate,posterior->dysgranular
rh,85825,agranular,dysgranular,isthmuscingulate,posterior->dysgranular
rh,85832,agranular,dysgranular,isthmuscingulate,posterior->dysgranular
rh,85833,agranular,dysgranular,isthmuscingulate,posterior->dysgranular
rh,85834,agranular,dysgranular,isthmuscingulate,posterior->dysgranular
rh,85835,agranular,dysgranular,isthmuscingulate,posterior->dysgranular
rh,85836,agranular,dysgranular,isthmuscingulate,posterior->dysgranular
rh,85837,agranular,dysgranular,isthmuscingulate,posterior->dysgranular
rh,85849,agranular,dysgranular,isthmuscingulate,posterior->dysgranular
rh,85851,agranular,dysgranular,isthmuscingulate,posterior->dysgranular
rh,85852,agranular,dysgranular,isthmuscingulate,posterior->dysgranular
rh,85853,agranular,dysgranular,isthmuscingulate,posterior->dysgranular
rh,85854,agranular,dysgranular,isthmuscingulate,posterior->dysgranular
rh,85855,agranular,dysgranular,isthmuscingulate,posterior->dysgranular
rh,85856,agranular,dysgranular,isthmuscingulate,posterior->dysgranular
rh,85857,agranular,dysgranular,isthmuscingulate,posterior->dysgranular
rh,85858,agranular,dysgranular,isthmuscingulate,posterior->dysgranular
rh,85859,agranular,dysgranular,isthmuscingulate,posterior->dysgranular
rh,85860,agranular,dysgranular,isthmuscingulate,posterior->dysgranular
rh,85868,agranular,dysgranular,isthmuscingulate,posterior->dysgranular
rh,85869,agranular,dysgranular,isthmuscingulate,posterior->dysgranular
rh,85870,agranular,dysgranular,isthmuscingulate,posterior->dysgranular
rh,85890,agranular,dysgranular,isthmuscingulate,posterior->dysgranular
rh,85892,agranular,dysgranular,isthmuscingulate,posterior->dysgranular
rh,85911,agranular,dysgranular,isthmuscingulate,posterior->dysgranular
rh,85912,agranular,dysgranular,isthmuscingulate,posterior->dysgranular
rh,85916,agranular,dysgranular,isthmuscingulate,posterior->dysgranular
rh,85917,agranular,dysgranular,isthmuscingulate,posterior->dysgranular
rh,85918,agranular,dysgranular,isthmuscingulate,posterior->dysgranular
rh,85919,agranular,dysgranular,isthmuscingulate,posterior->dysgranular
rh,85920,agranular,dysgranular,isthmuscingulate,posterior->dysgranular
rh,85921,agranular,dysgranular,isthmuscingulate,posterior->dysgranular
rh,85922,agranular,dysgranular,isthmuscingulate,posterior->dysgranular
rh,85923,agranular,dysgranular,isthmuscingulate,posterior->dysgranular
rh,85924,agranular,dysgranular,isthmuscingulate,posterior->dysgranular
rh,85925,agranular,dysgranular,isthmuscingulate,posterior->dysgranular
rh,85930,agranular,dysgranular,isthmuscingulate,posterior->dysgranular
rh,85935,agranular,dysgranular,isthmuscingulate,posterior->dysgranular
rh,85936,agranular,dysgranular,isthmuscingulate,posterior->dysgranular
rh,85937,agranular,dysgranular,isthmuscingulate,posterior->dysgranular
rh,85938,agranular,dysgranular,isthmuscingulate,posterior->dysgranular
rh,85939,agranular,dysgranular,isthmuscingulate,posterior->dysgranular
rh,85940,agranular,dysgranular,isthmuscingulate,posterior->dysgranular
rh,85945,agranular,dysgranular,isthmuscingulate,posterior->dysgranular
rh,86011,agranular,dysgranular,isthmuscingulate,posterior->dysgranular
rh,86012,agranular,dysgranular,isthmuscingulate,posterior->dysgranular
rh,86013,agranular,dysgranular,isthmuscingulate,posterior->dysgranular
rh,86014,agranular,dysgranular,isthmuscingulate,posterior->dysgranular
rh,86015,agranular,dysgranular,isthmuscingulate,posterior->dysgranular
rh,86020,agranular,dysgranular,isthmuscingulate,posterior->dysgranular
rh,86028,agranular,dysgranular,isthmuscingulate,posterior->dysgranular
rh,86029,agranular,dysgranular,isthmuscingulate,posterior->dysgranular
rh,86030,agranular,dysgranular,isthmuscingulate,posterior->dysgranular
rh,86033,agranular,dysgranular,isthmuscingulate,posterior->dysgranular
rh,86035,agranular,dysgranular,isthmuscingulate,posterior->dysgranular
rh,86038,agranular,dysgranular,isthmuscingulate,posterior->dysgranular
rh,86039,agranular,dysgranular,isthmuscingulate,posterior->dysgranular
rh,86058,agranular,dysgranular,isthmuscingulate,posterior->dysgranular
rh,86059,agranular,dysgranular,isthmuscingulate,posterior->dysgranular
rh,86060,agranular,dysgranular,isthmuscingulate,posterior->dysgranular
rh,86061,agranular,dysgranular,isthmuscingulate,posterior->dysgranular
rh,86062,agranular,dysgranular,isthmuscingulate,posterior->dysgranular
rh,86063,agranular,dysgranular,isthmuscingulate,posterior->dysgranular
rh,86064,agranular,dysgranular,isthmuscingulate,posterior->dysgranular
rh,86065,agranular,dysgranular,isthmuscingulate,posterior->dysgranular
rh,86066,agranular,dysgranular,isthmuscingulate,posterior->dysgranular
rh,86067,agranular,dysgranular,isthmuscingulate,posterior->dysgranular
rh,86068,agranular,dysgranular,isthmuscingulate,posterior->dysgranular
rh,86069,agranular,dysgranular,isthmuscingulate,posterior->dysgranular
rh,86075,agranular,dysgranular,isthmuscingulate,posterior->dysgranular
rh,86076,agranular,dysgranular,isthmuscingulate,posterior->dysgranular
rh,86077,agranular,dysgranular,isthmuscingulate,posterior->dysgranular
rh,86078,agranular,dysgranular,isthmuscingulate,posterior->dysgranular
rh,86079,agranular,dysgranular,isthmuscingulate,posterior->dysgranular
rh,86081,agranular,dysgranular,isthmuscingulate,posterior->dysgranular
rh,86082,agranular,dysgranular,isthmuscingulate,posterior->dysgranular
rh,86083,agranular,dysgranular,isthmuscingulate,posterior->dysgranular
rh,86679,agranular,dysgranular,isthmuscingulate,posterior->dysgranular
rh,86680,agranular,dysgranular,isthmuscingulate,posterior->dysgranular
rh,86681,agranular,dysgranular,isthmuscingulate,posterior->dysgranular
rh,86682,agranular,dysgranular,isthmuscingulate,posterior->dysgranular
rh,86683,agranular,dysgranular,isthmuscingulate,posterior->dysgranular
rh,86684,agranular,dysgranular,isthmuscingulate,posterior->dysgranular
rh,86685,agranular,dysgranular,isthmuscingulate,posterior->dysgranular
rh,86686,agranular,dysgranular,isthmuscingulate,posterior->dysgranular
rh,86687,agranular,dysgranular,isthmuscingulate,posterior->dysgranular
rh,86688,agranular,dysgranular,isthmuscingulate,posterior->dysgranular
rh,86689,agranular,dysgranular,isthmuscingulate,posterior->dysgranular
rh,86690,agranular,dysgranular,isthmuscingulate,posterior->dysgranular
rh,86691,agranular,dysgranular,isthmuscingulate,posterior->dysgranular
rh,89731,agranular,dysgranular,isthmuscingulate,posterior->dysgranular
rh,89734,agranular,dysgranular,isthmuscingulate,posterior->dysgranular
rh,89736,agranular,dysgranular,isthmuscingulate,posterior->dysgranular
rh,89744,agranular,dysgranular,isthmuscingulate,posterior->dysgranular
rh,89745,agranular,dysgranular,isthmuscingulate,posterior->dysgranular
rh,89747,agranular,dysgranular,isthmuscingulate,posterior->dysgranular
rh,92237,agranular,dysgranular,isthmuscingulate,posterior->dysgranular
rh,92238,agranular,dysgranular,isthmuscingulate,posterior->dysgranular
rh,92239,agranular,dysgranular,isthmuscingulate,posterior->dysgranular
rh,92240,agranular,dysgranular,isthmuscingulate,posterior->dysgranular
rh,92241,agranular,dysgranular,isthmuscingulate,posterior->dysgranular
rh,93835,agranular,dysgranular,isthmuscingulate,posterior->dysgranular
rh,93836,agranular,dysgranular,isthmuscingulate,posterior->dysgranular
rh,93837,agranular,dysgranular,isthmuscingulate,posterior->dysgranular
rh,93838,agranular,dysgranular,isthmuscingulate,posterior->dysgranular
rh,93839,agranular,dysgranular,isthmuscingulate,posterior->dysgranular
rh,93840,agranular,dysgranular,isthmuscingulate,posterior->dysgranular
rh,93841,agranular,dysgranular,isthmuscingulate,posterior->dysgranular
rh,93842,agranular,dysgranular,isthmuscingulate,posterior->dysgranular
rh,95049,agranular,dysgranular,posteriorcingulate,posterior->dysgranular
rh,95050,agranular,dysgranular,posteriorcingulate,posterior->dysgranular
rh,95051,agranular,dysgranular,posteriorcingulate,posterior->dysgranular
rh,95052,agranular,dysgranular,posteriorcingulate,posterior->dysgranular
rh,95053,agranular,dysgranular,posteriorcingulate,posterior->dysgranular
rh,95054,agranular,dysgranular,posteriorcingulate,posterior->dysgranular
rh,95055,agranular,dysgranular,posteriorcingulate,posterior->dysgranular
rh,95056,agranular,dysgranular,posteriorcingulate,posterior->dysgranular
rh,95057,agranular,dysgranular,posteriorcingulate,posterior->dysgranular
rh,95062,agranular,dysgranular,posteriorcingulate,posterior->dysgranular
rh,96624,agranular,dysgranular,posteriorcingulate,posterior->dysgranular
rh,96625,agranular,dysgranular,posteriorcingulate,posterior->dysgranular
rh,96626,agranular,dysgranular,posteriorcingulate,posterior->dysgranular
rh,96627,agranular,dysgranular,posteriorcingulate,posterior->dysgranular
rh,96628,agranular,dysgranular,posteriorcingulate,posterior->dysgranular
rh,96629,agranular,dysgranular,posteriorcingulate,posterior->dysgranular
rh,96630,agranular,dysgranular,posteriorcingulate,posterior->dysgranular
rh,96631,agranular,dysgranular,posteriorcingulate,posterior->dysgranular
rh,96632,agranular,dysgranular,posteriorcingulate,posterior->dysgranular
rh,96633,agranular,dysgranular,posteriorcingulate,posterior->dysgranular
rh,96634,agranular,dysgranular,posteriorcingulate,posterior->dysgranular
rh,96635,agranular,dysgranular,posteriorcingulate,posterior->dysgranular
rh,96636,agranular,dysgranular,posteriorcingulate,posterior->dysgranular
rh,96637,agranular,dysgranular,posteriorcingulate,posterior->dysgranular
rh,96661,agranular,dysgranular,isthmuscingulate,posterior->dysgranular
rh,96662,agranular,dysgranular,isthmuscingulate,posterior->dysgranular
rh,96663,agranular,dysgranular,isthmuscingulate,posterior->dysgranular
rh,96664,agranular,dysgranular,isthmuscingulate,posterior->dysgranular
rh,96665,agranular,dysgranular,isthmuscingulate,posterior->dysgranular
rh,96666,agranular,dysgranular,isthmuscingulate,posterior->dysgranular
rh,96667,agranular,dysgranular,isthmuscingulate,posterior->dysgranular
rh,96817,agranular,dysgranular,isthmuscingulate,posterior->dysgranular
rh,96819,agranular,dysgranular,isthmuscingulate,posterior->dysgranular
rh,96820,agranular,dysgranular,isthmuscingulate,posterior->dysgranular
rh,96821,agranular,dysgranular,isthmuscingulate,posterior->dysgranular
rh,96822,agranular,dysgranular,isthmuscingulate,posterior->dysgranular
rh,96823,agranular,dysgranular,isthmuscingulate,posterior->dysgranular
rh,96824,agranular,dysgranular,isthmuscingulate,posterior->dysgranular
rh,96825,agranular,dysgranular,isthmuscingulate,posterior->dysgranular
rh,98155,agranular,dysgranular,isthmuscingulate,posterior->dysgranular
rh,98156,agranular,dysgranular,isthmuscingulate,posterior->dysgranular
rh,98157,agranular,dysgranular,isthmuscingulate,posterior->dysgranular
rh,98158,agranular,dysgranular,isthmuscingulate,posterior->dysgranular
rh,98159,agranular,dysgranular,isthmuscingulate,posterior->dysgranular
rh,98160,agranular,dysgranular,isthmuscingulate,posterior->dysgranular
rh,98161,agranular,dysgranular,isthmuscingulate,posterior->dysgranular
rh,98162,agranular,dysgranular,isthmuscingulate,posterior->dysgranular
rh,98163,agranular,dysgranular,isthmuscingulate,posterior->dysgranular
rh,98565,agranular,dysgranular,posteriorcingulate,posterior->dysgranular
rh,98566,agranular,dysgranular,posteriorcingulate,posterior->dysgranular
rh,98567,agranular,dysgranular,posteriorcingulate,posterior->dysgranular
rh,99372,agranular,dysgranular,posteriorcingulate,posterior->dysgranular
rh,99373,agranular,dysgranular,posteriorcingulate,posterior->dysgranular
rh,99374,agranular,dysgranular,posteriorcingulate,posterior->dysgranular
rh,99375,agranular,dysgranular,posteriorcingulate,posterior->dysgranular
rh,99376,agranular,dysgranular,posteriorcingulate,posterior->dysgranular
rh,99377,agranular,dysgranular,posteriorcingulate,posterior->dysgranular
rh,100944,agranular,dysgranular,posteriorcingulate,posterior->dysgranular
rh,100945,agranular,dysgranular,posteriorcingulate,posterior->dysgranular
rh,100946,agranular,dysgranular,posteriorcingulate,posterior->dysgranular
rh,100947,agranular,dysgranular,posteriorcingulate,posterior->dysgranular
rh,100948,agranular,dysgranular,posteriorcingulate,posterior->dysgranular
rh,100949,agranular,dysgranular,posteriorcingulate,posterior->dysgranular
rh,100950,agranular,dysgranular,posteriorcingulate,posterior->dysgranular
rh,100951,agranular,dysgranular,posteriorcingulate,posterior->dysgranular
rh,100952,agranular,dysgranular,posteriorcingulate,posterior->dysgranular
rh,100953,agranular,dysgranular,posteriorcingulate,posterior->dysgranular
rh,100954,agranular,dysgranular,posteriorcingulate,posterior->dysgranular
rh,100955,agranular,dysgranular,posteriorcingulate,posterior->dysgranular
rh,101142,agranular,dysgranular,isthmuscingulate,posterior->dysgranular
rh,101143,agranular,dysgranular,isthmuscingulate,posterior->dysgranular
rh,101144,agranular,dysgranular,isthmuscingulate,posterior->dysgranular
rh,101145,agranular,dysgranular,isthmuscingulate,posterior->dysgranular
rh,102961,agranular,dysgranular,isthmuscingulate,posterior->dysgranular
rh,106580,agranular,dysgranular,posteriorcingulate,posterior->dysgranular
rh,106581,agranular,dysgranular,posteriorcingulate,posterior->dysgranular
rh,106582,agranular,dysgranular,posteriorcingulate,posterior->dysgranular
rh,106583,agranular,dysgranular,posteriorcingulate,posterior->dysgranular
rh,106584,agranular,dysgranular,posteriorcingulate,posterior->dysgranular
rh,106585,agranular,dysgranular,posteriorcingulate,posterior->dysgranular
rh,106586,agranular,dysgranular,posteriorcingulate,posterior->dysgranular
rh,106589,agranular,dysgranular,posteriorcingulate,posterior->dysgranular
rh,106590,agranular,dysgranular,posteriorcingulate,posterior->dysgranular
rh,106591,agranular,dysgranular,posteriorcingulate,posterior->dysgranular
rh,106592,agranular,dysgranular,posteriorcingulate,posterior->dysgranular
rh,106593,agranular,dysgranular,posteriorcingulate,posterior->dysgranular
rh,106594,agranular,dysgranular,posteriorcingulate,posterior->dysgranular
rh,106595,agranular,dysgranular,posteriorcingulate,posterior->dysgranular
rh,106596,agranular,dysgranular,posteriorcingulate,posterior->dysgranular
rh,106597,agranular,dysgranular,posteriorcingulate,posterior->dysgranular
rh,106598,agranular,dysgranular,posteriorcingulate,posterior->dysgranular
rh,106599,agranular,dysgranular,posteriorcingulate,posterior->dysgranular
rh,106600,agranular,dysgranular,posteriorcingulate,posterior->dysgranular
rh,106601,agranular,dysgranular,posteriorcingulate,posterior->dysgranular
rh,106602,agranular,dysgranular,posteriorcingulate,posterior->dysgranular
rh,106603,agranular,dysgranular,posteriorcingulate,posterior->dysgranular
rh,106604,agranular,dysgranular,posteriorcingulate,posterior->dysgranular
rh,106605,agranular,dysgranular,posteriorcingulate,posterior->dysgranular
rh,106606,agranular,dysgranular,posteriorcingulate,posterior->dysgranular
rh,106607,agranular,dysgranular,posteriorcingulate,posterior->dysgranular
rh,106608,agranular,dysgranular,posteriorcingulate,posterior->dysgranular
rh,106609,agranular,dysgranular,posteriorcingulate,posterior->dysgranular
rh,106610,agranular,dysgranular,posteriorcingulate,posterior->dysgranular
rh,106611,agranular,dysgranular,posteriorcingulate,posterior->dysgranular
rh,106612,agranular,dysgranular,posteriorcingulate,posterior->dysgranular
rh,106619,agranular,dysgranular,posteriorcingulate,posterior->dysgranular
rh,106620,agranular,dysgranular,posteriorcingulate,posterior->dysgranular
rh,106621,agranular,dysgranular,posteriorcingulate,posterior->dysgranular
rh,106622,agranular,dysgranular,posteriorcingulate,posterior->dysgranular
rh,106623,agranular,dysgranular,posteriorcingulate,posterior->dysgranular
rh,106624,agranular,dysgranular,posteriorcingulate,posterior->dysgranular
rh,106625,agranular,dysgranular,posteriorcingulate,posterior->dysgranular
rh,106626,agranular,dysgranular,posteriorcingulate,posterior->dysgranular
rh,106627,agranular,dysgranular,posteriorcingulate,posterior->dysgranular
rh,106631,agranular,dysgranular,posteriorcingulate,posterior->dysgranular
rh,106632,agranular,dysgranular,posteriorcingulate,posterior->dysgranular
rh,106633,agranular,dysgranular,posteriorcingulate,posterior->dysgranular
rh,106634,agranular,dysgranular,posteriorcingulate,posterior->dysgranular
rh,106635,agranular,dysgranular,posteriorcingulate,posterior->dysgranular
rh,106636,agranular,dysgranular,posteriorcingulate,posterior->dysgranular
rh,106637,agranular,dysgranular,posteriorcingulate,posterior->dysgranular
rh,106638,agranular,dysgranular,posteriorcingulate,posterior->dysgranular
rh,106639,agranular,dysgranular,posteriorcingulate,posterior->dysgranular
rh,106640,agranular,dysgranular,posteriorcingulate,posterior->dysgranular
rh,106641,agranular,dysgranular,posteriorcingulate,posterior->dysgranular
rh,106642,agranular,dysgranular,posteriorcingulate,posterior->dysgranular
rh,106643,agranular,dysgranular,posteriorcingulate,posterior->dysgranular
rh,106644,agranular,dysgranular,posteriorcingulate,posterior->dysgranular
rh,106645,agranular,dysgranular,posteriorcingulate,posterior->dysgranular
rh,111317,agranular,dysgranular,posteriorcingulate,posterior->dysgranular
rh,111318,agranular,dysgranular,posteriorcingulate,posterior->dysgranular
rh,111319,agranular,dysgranular,posteriorcingulate,posterior->dysgranular
rh,111320,agranular,dysgranular,posteriorcingulate,posterior->dysgranular
rh,111321,agranular,dysgranular,posteriorcingulate,posterior->dysgranular
rh,111322,agranular,dysgranular,posteriorcingulate,posterior->dysgranular
rh,111323,agranular,dysgranular,posteriorcingulate,posterior->dysgranular
rh,111324,agranular,dysgranular,posteriorcingulate,posterior->dysgranular
rh,111325,agranular,dysgranular,posteriorcingulate,posterior->dysgranular
rh,111326,agranular,dysgranular,posteriorcingulate,posterior->dysgranular
rh,111327,agranular,dysgranular,posteriorcingulate,posterior->dysgranular
rh,111328,agranular,dysgranular,posteriorcingulate,posterior->dysgranular
rh,111329,agranular,dysgranular,posteriorcingulate,posterior->dysgranular
rh,111330,agranular,dysgranular,posteriorcingulate,posterior->dysgranular
rh,111331,agranular,dysgranular,posteriorcingulate,posterior->dysgranular
rh,111332,agranular,dysgranular,posteriorcingulate,posterior->dysgranular
rh,111333,agranular,dysgranular,posteriorcingulate,posterior->dysgranular
rh,111334,agranular,dysgranular,posteriorcingulate,posterior->dysgranular
rh,111335,agranular,dysgranular,posteriorcingulate,posterior->dysgranular
rh,111336,agranular,dysgranular,posteriorcingulate,posterior->dysgranular
rh,111337,agranular,dysgranular,posteriorcingulate,posterior->dysgranular
rh,111338,agranular,dysgranular,posteriorcingulate,posterior->dysgranular
rh,111379,agranular,dysgranular,posteriorcingulate,posterior->dysgranular
rh,111380,agranular,dysgranular,posteriorcingulate,posterior->dysgranular
rh,111381,agranular,dysgranular,posteriorcingulate,posterior->dysgranular
rh,111382,agranular,dysgranular,posteriorcingulate,posterior->dysgranular
rh,111384,agranular,dysgranular,posteriorcingulate,posterior->dysgranular
rh,111385,agranular,dysgranular,isthmuscingulate,posterior->dysgranular
rh,111386,agranular,dysgranular,isthmuscingulate,posterior->dysgranular
rh,111387,agranular,dysgranular,isthmuscingulate,posterior->dysgranular
rh,111388,agranular,dysgranular,isthmuscingulate,posterior->dysgranular
rh,111389,agranular,dysgranular,isthmuscingulate,posterior->dysgranular
rh,111390,agranular,dysgranular,isthmuscingulate,posterior->dysgranular
rh,111391,agranular,dysgranular,isthmuscingulate,posterior->dysgranular
rh,111392,agranular,dysgranular,isthmuscingulate,posterior->dysgranular
rh,111399,agranular,dysgranular,isthmuscingulate,posterior->dysgranular
rh,111400,agranular,dysgranular,isthmuscingulate,posterior->dysgranular
rh,111401,agranular,dysgranular,isthmuscingulate,posterior->dysgranular
rh,111402,agranular,dysgranular,isthmuscingulate,posterior->dysgranular
rh,111403,agranular,dysgranular,isthmuscingulate,posterior->dysgranular
rh,111404,agranular,dysgranular,isthmuscingulate,posterior->dysgranular
rh,111405,agranular,dysgranular,isthmuscingulate,posterior->dysgranular
rh,111406,agranular,dysgranular,isthmuscingulate,posterior->dysgranular
rh,111415,agranular,dysgranular,isthmuscingulate,posterior->dysgranular
rh,111416,agranular,dysgranular,isthmuscingulate,posterior->dysgranular
rh,111417,agranular,dysgranular,isthmuscingulate,posterior->dysgranular
rh,111418,agranular,dysgranular,isthmuscingulate,posterior->dysgranular
rh,111419,agranular,dysgranular,isthmuscingulate,posterior->dysgranular
rh,111420,agranular,dysgranular,isthmuscingulate,posterior->dysgranular
rh,111421,agranular,dysgranular,isthmuscingulate,posterior->dysgranular
rh,111422,agranular,dysgranular,isthmuscingulate,posterior->dysgranular
rh,111425,agranular,dysgranular,isthmuscingulate,posterior->dysgranular
rh,111426,agranular,dysgranular,isthmuscingulate,posterior->dysgranular
rh,111438,agranular,dysgranular,isthmuscingulate,posterior->dysgranular
rh,111439,agranular,dysgranular,isthmuscingulate,posterior->dysgranular
rh,111440,agranular,dysgranular,isthmuscingulate,posterior->dysgranular
rh,111441,agranular,dysgranular,isthmuscingulate,posterior->dysgranular
rh,111445,agranular,dysgranular,isthmuscingulate,posterior->dysgranular
rh,111446,agranular,dysgranular,isthmuscingulate,posterior->dysgranular
rh,111455,agranular,dysgranular,isthmuscingulate,posterior->dysgranular
rh,111456,agranular,dysgranular,isthmuscingulate,posterior->dysgranular
rh,111457,agranular,dysgranular,isthmuscingulate,posterior->dysgranular
rh,111458,agranular,dysgranular,isthmuscingulate,posterior->dysgranular
rh,111459,agranular,dysgranular,isthmuscingulate,posterior->dysgranular
rh,111460,agranular,dysgranular,isthmuscingulate,posterior->dysgranular
rh,111461,agranular,dysgranular,isthmuscingulate,posterior->dysgranular
rh,111462,agranular,dysgranular,isthmuscingulate,posterior->dysgranular
rh,111463,agranular,dysgranular,isthmuscingulate,posterior->dysgranular
rh,111464,agranular,dysgranular,isthmuscingulate,posterior->dysgranular
rh,111465,agranular,dysgranular,isthmuscingulate,posterior->dysgranular
rh,111466,agranular,dysgranular,isthmuscingulate,posterior->dysgranular
rh,111467,agranular,dysgranular,isthmuscingulate,posterior->dysgranular
rh,111468,agranular,dysgranular,isthmuscingulate,posterior->dysgranular
rh,111469,agranular,dysgranular,isthmuscingulate,posterior->dysgranular
rh,111470,agranular,dysgranular,isthmuscingulate,posterior->dysgranular
rh,111471,agranular,dysgranular,isthmuscingulate,posterior->dysgranular
rh,111472,agranular,dysgranular,isthmuscingulate,posterior->dysgranular
rh,111473,agranular,dysgranular,isthmuscingulate,posterior->dysgranular
rh,111511,agranular,dysgranular,isthmuscingulate,posterior->dysgranular
rh,111512,agranular,dysgranular,isthmuscingulate,posterior->dysgranular
rh,111513,agranular,dysgranular,isthmuscingulate,posterior->dysgranular
rh,111514,agranular,dysgranular,isthmuscingulate,posterior->dysgranular
rh,111515,agranular,dysgranular,isthmuscingulate,posterior->dysgranular
rh,111516,agranular,dysgranular,isthmuscingulate,posterior->dysgranular
rh,111517,agranular,dysgranular,isthmuscingulate,posterior->dysgranular
rh,111518,agranular,dysgranular,isthmuscingulate,posterior->dysgranular
rh,111522,agranular,dysgranular,isthmuscingulate,posterior->dysgranular
rh,111523,agranular,dysgranular,isthmuscingulate,posterior->dysgranular
rh,111524,agranular,dysgranular,isthmuscingulate,posterior->dysgranular
rh,111525,agranular,dysgranular,isthmuscingulate,posterior->dysgranular
rh,111526,agranular,dysgranular,isthmuscingulate,posterior->dysgranular
rh,111527,agranular,dysgranular,isthmuscingulate,posterior->dysgranular
rh,111541,agranular,dysgranular,isthmuscingulate,posterior->dysgranular
rh,111542,agranular,dysgranular,isthmuscingulate,posterior->dysgranular
rh,111543,agranular,dysgranular,isthmuscingulate,posterior->dysgranular
rh,111544,agranular,dysgranular,isthmuscingulate,posterior->dysgranular
rh,111551,agranular,dysgranular,isthmuscingulate,posterior->dysgranular
rh,111910,agranular,dysgranular,isthmuscingulate,posterior->dysgranular
rh,111911,agranular,dysgranular,isthmuscingulate,posterior->dysgranular
rh,111912,agranular,dysgranular,isthmuscingulate,posterior->dysgranular
rh,111913,agranular,dysgranular,isthmuscingulate,posterior->dysgranular
rh,111914,agranular,dysgranular,isthmuscingulate,posterior->dysgranular
rh,111915,agranular,dysgranular,isthmuscingulate,posterior->dysgranular
rh,111916,agranular,dysgranular,isthmuscingulate,posterior->dysgranular
rh,111917,agranular,dysgranular,isthmuscingulate,posterior->dysgranular
rh,111918,agranular,dysgranular,isthmuscingulate,posterior->dysgranular
rh,115379,agranular,dysgranular,isthmuscingulate,posterior->dysgranular
rh,115380,agranular,dysgranular,isthmuscingulate,posterior->dysgranular
rh,115381,agranular,dysgranular,isthmuscingulate,posterior->dysgranular
rh,115382,agranular,dysgranular,isthmuscingulate,posterior->dysgranular
rh,115383,agranular,dysgranular,isthmuscingulate,posterior->dysgranular
rh,115384,agranular,dysgranular,isthmuscingulate,posterior->dysgranular
rh,115385,agranular,dysgranular,isthmuscingulate,posterior->dysgranular
rh,115386,agranular,dysgranular,isthmuscingulate,posterior->dysgranular
rh,115387,agranular,dysgranular,isthmuscingulate,posterior->dysgranular
rh,115388,agranular,dysgranular,isthmuscingulate,posterior->dysgranular
rh,115389,agranular,dysgranular,isthmuscingulate,posterior->dysgranular
rh,116333,agranular,dysgranular,posteriorcingulate,posterior->dysgranular
rh,117552,agranular,dysgranular,posteriorcingulate,posterior->dysgranular
rh,117553,agranular,dysgranular,posteriorcingulate,posterior->dysgranular
rh,117554,agranular,dysgranular,posteriorcingulate,posterior->dysgranular
rh,117555,agranular,dysgranular,posteriorcingulate,posterior->dysgranular
rh,117556,agranular,dysgranular,posteriorcingulate,posterior->dysgranular
rh,119112,agranular,dysgranular,isthmuscingulate,posterior->dysgranular
rh,119122,agranular,dysgranular,isthmuscingulate,posterior->dysgranular
rh,119123,agranular,dysgranular,isthmuscingulate,posterior->dysgranular
rh,119124,agranular,dysgranular,isthmuscingulate,posterior->dysgranular
rh,119125,agranular,dysgranular,isthmuscingulate,posterior->dysgranular
rh,119126,agranular,dysgranular,isthmuscingulate,posterior->dysgranular
rh,121939,agranular,dysgranular,posteriorcingulate,posterior->dysgranular
rh,121940,agranular,dysgranular,posteriorcingulate,posterior->dysgranular
rh,121941,agranular,dysgranular,posteriorcingulate,posterior->dysgranular
rh,121942,agranular,dysgranular,posteriorcingulate,posterior->dysgranular
rh,121943,agranular,dysgranular,posteriorcingulate,posterior->dysgranular
rh,121944,agranular,dysgranular,posteriorcingulate,posterior->dysgranular
rh,121945,agranular,dysgranular,posteriorcingulate,posterior->dysgranular
rh,121946,agranular,dysgranular,posteriorcingulate,posterior->dysgranular
rh,121947,agranular,dysgranular,posteriorcingulate,posterior->dysgranular
rh,121948,agranular,dysgranular,posteriorcingulate,posterior->dysgranular
rh,121949,agranular,dysgranular,posteriorcingulate,posterior->dysgranular
rh,121950,agranular,dysgranular,posteriorcingulate,posterior->dysgranular
rh,121951,agranular,dysgranular,posteriorcingulate,posterior->dysgranular
rh,121952,agranular,dysgranular,posteriorcingulate,posterior->dysgranular
rh,121953,agranular,dysgranular,posteriorcingulate,posterior->dysgranular
rh,121954,agranular,dysgranular,posteriorcingulate,posterior->dysgranular
rh,121955,agranular,dysgranular,posteriorcingulate,posterior->dysgranular
rh,121956,agranular,dysgranular,posteriorcingulate,posterior->dysgranular
rh,121957,agranular,dysgranular,posteriorcingulate,posterior->dysgranular
rh,121958,agranular,dysgranular,posteriorcingulate,posterior->dysgranular
rh,121959,agranular,dysgranular,posteriorcingulate,posterior->dysgranular
rh,121960,agranular,dysgranular,posteriorcingulate,posterior->dysgranular
rh,121961,agranular,dysgranular,posteriorcingulate,posterior->dysgranular
rh,121963,agranular,dysgranular,posteriorcingulate,posterior->dysgranular
rh,121964,agranular,dysgranular,posteriorcingulate,posterior->dysgranular
rh,121965,agranular,dysgranular,posteriorcingulate,posterior->dysgranular
rh,121966,agranular,dysgranular,posteriorcingulate,posterior->dysgranular
rh,121967,agranular,dysgranular,posteriorcingulate,posterior->dysgranular
rh,121968,agranular,dysgranular,posteriorcingulate,posterior->dysgranular
rh,121969,agranular,dysgranular,posteriorcingulate,posterior->dysgranular
rh,121970,agranular,dysgranular,posteriorcingulate,posterior->dysgranular
rh,121971,agranular,dysgranular,posteriorcingulate,posterior->dysgranular
rh,121972,agranular,dysgranular,posteriorcingulate,posterior->dysgranular
rh,125616,agranular,dysgranular,posteriorcingulate,posterior->dysgranular
rh,125617,agranular,dysgranular,posteriorcingulate,posterior->dysgranular
rh,125618,agranular,dysgranular,posteriorcingulate,posterior->dysgranular
rh,125619,agranular,dysgranular,posteriorcingulate,posterior->dysgranular
rh,125620,agranular,dysgranular,posteriorcingulate,posterior->dysgranular
rh,125621,agranular,dysgranular,posteriorcingulate,posterior->dysgranular
rh,125622,agranular,dysgranular,posteriorcingulate,posterior->dysgranular
rh,125623,agranular,dysgranular,posteriorcingulate,posterior->dysgranular
rh,125624,agranular,dysgranular,posteriorcingulate,posterior->dysgranular
rh,125625,agranular,dysgranular,posteriorcingulate,posterior->dysgranular
rh,125626,agranular,dysgranular,posteriorcingulate,posterior->dysgranular
rh,125627,agranular,dysgranular,posteriorcingulate,posterior->dysgranular
rh,125628,agranular,dysgranular,posteriorcingulate,posterior->dysgranular
rh,125629,agranular,dysgranular,posteriorcingulate,posterior->dysgranular
rh,125630,agranular,dysgranular,posteriorcingulate,posterior->dysgranular
rh,125631,agranular,dysgranular,posteriorcingulate,posterior->dysgranular
rh,125632,agranular,dysgranular,posteriorcingulate,posterior->dysgranular
rh,125633,agranular,dysgranular,posteriorcingulate,posterior->dysgranular
rh,125634,agranular,dysgranular,posteriorcingulate,posterior->dysgranular
rh,125635,agranular,dysgranular,posteriorcingulate,posterior->dysgranular
rh,125636,agranular,dysgranular,posteriorcingulate,posterior->dysgranular
rh,125637,agranular,dysgranular,posteriorcingulate,posterior->dysgranular
rh,125639,agranular,dysgranular,posteriorcingulate,posterior->dysgranular
rh,125642,agranular,dysgranular,posteriorcingulate,posterior->dysgranular
rh,125699,agranular,dysgranular,isthmuscingulate,posterior->dysgranular
rh,125700,agranular,dysgranular,isthmuscingulate,posterior->dysgranular
rh,125701,agranular,dysgranular,isthmuscingulate,posterior->dysgranular
rh,125702,agranular,dysgranular,isthmuscingulate,posterior->dysgranular
rh,125703,agranular,dysgranular,isthmuscingulate,posterior->dysgranular
rh,125704,agranular,dysgranular,isthmuscingulate,posterior->dysgranular
rh,125705,agranular,dysgranular,isthmuscingulate,posterior->dysgranular
rh,125706,agranular,dysgranular,isthmuscingulate,posterior->dysgranular
rh,125707,agranular,dysgranular,isthmuscingulate,posterior->dysgranular
rh,125708,agranular,dysgranular,isthmuscingulate,posterior->dysgranular
rh,125709,agranular,dysgranular,isthmuscingulate,posterior->dysgranular
rh,125710,agranular,dysgranular,isthmuscingulate,posterior->dysgranular
rh,125712,agranular,dysgranular,isthmuscingulate,posterior->dysgranular
rh,125713,agranular,dysgranular,isthmuscingulate,posterior->dysgranular
rh,125714,agranular,dysgranular,isthmuscingulate,posterior->dysgranular
rh,125715,agranular,dysgranular,isthmuscingulate,posterior->dysgranular
rh,125716,agranular,dysgranular,isthmuscingulate,posterior->dysgranular
rh,125717,agranular,dysgranular,isthmuscingulate,posterior->dysgranular
rh,125718,agranular,dysgranular,isthmuscingulate,posterior->dysgranular
rh,125719,agranular,dysgranular,isthmuscingulate,posterior->dysgranular
rh,125720,agranular,dysgranular,isthmuscingulate,posterior->dysgranular
rh,125732,agranular,dysgranular,isthmuscingulate,posterior->dysgranular
rh,126081,agranular,dysgranular,isthmuscingulate,posterior->dysgranular
rh,126082,agranular,dysgranular,isthmuscingulate,posterior->dysgranular
rh,126083,agranular,dysgranular,isthmuscingulate,posterior->dysgranular
rh,126084,agranular,dysgranular,isthmuscingulate,posterior->dysgranular
rh,126085,agranular,dysgranular,isthmuscingulate,posterior->dysgranular
rh,126086,agranular,dysgranular,isthmuscingulate,posterior->dysgranular
rh,126087,agranular,dysgranular,isthmuscingulate,posterior->dysgranular
rh,129136,agranular,dysgranular,isthmuscingulate,posterior->dysgranular
rh,129137,agranular,dysgranular,isthmuscingulate,posterior->dysgranular
rh,129138,agranular,dysgranular,isthmuscingulate,posterior->dysgranular
rh,129139,agranular,dysgranular,isthmuscingulate,posterior->dysgranular
rh,129140,agranular,dysgranular,isthmuscingulate,posterior->dysgranular
rh,129141,agranular,dysgranular,isthmuscingulate,posterior->dysgranular
rh,129145,agranular,dysgranular,isthmuscingulate,posterior->dysgranular
rh,129146,agranular,dysgranular,isthmuscingulate,posterior->dysgranular
rh,129147,agranular,dysgranular,isthmuscingulate,posterior->dysgranular
rh,129148,agranular,dysgranular,isthmuscingulate,posterior->dysgranular
rh,129149,agranular,dysgranular,isthmuscingulate,posterior->dysgranular
rh,129150,agranular,dysgranular,isthmuscingulate,posterior->dysgranular
rh,129151,agranular,dysgranular,isthmuscingulate,posterior->dysgranular
rh,129152,agranular,dysgranular,isthmuscingulate,posterior->dysgranular
rh,131698,agranular,dysgranular,posteriorcingulate,posterior->dysgranular
rh,131699,agranular,dysgranular,posteriorcingulate,posterior->dysgranular
rh,131707,agranular,dysgranular,posteriorcingulate,posterior->dysgranular
rh,131708,agranular,dysgranular,posteriorcingulate,posterior->dysgranular
rh,131709,agranular,dysgranular,posteriorcingulate,posterior->dysgranular
rh,131710,agranular,dysgranular,posteriorcingulate,posterior->dysgranular
rh,131711,agranular,dysgranular,posteriorcingulate,posterior->dysgranular
rh,131712,agranular,dysgranular,posteriorcingulate,posterior->dysgranular
rh,131713,agranular,dysgranular,posteriorcingulate,posterior->dysgranular
rh,131714,agranular,dysgranular,posteriorcingulate,posterior->dysgranular
rh,131715,agranular,dysgranular,posteriorcingulate,posterior->dysgranular
rh,131716,agranular,dysgranular,posteriorcingulate,posterior->dysgranular
rh,131717,agranular,dysgranular,posteriorcingulate,posterior->dysgranular
rh,135024,agranular,dysgranular,posteriorcingulate,posterior->dysgranular
rh,135025,agranular,dysgranular,posteriorcingulate,posterior->dysgranular
rh,135026,agranular,dysgranular,posteriorcingulate,posterior->dysgranular
rh,135027,agranular,dysgranular,posteriorcingulate,posterior->dysgranular
rh,135028,agranular,dysgranular,posteriorcingulate,posterior->dysgranular
rh,135029,agranular,dysgranular,posteriorcingulate,posterior->dysgranular
rh,135030,agranular,dysgranular,posteriorcingulate,posterior->dysgranular
rh,135031,agranular,dysgranular,posteriorcingulate,posterior->dysgranular
rh,135032,agranular,dysgranular,posteriorcingulate,posterior->dysgranular
rh,135033,agranular,dysgranular,posteriorcingulate,posterior->dysgranular
rh,135034,agranular,dysgranular,posteriorcingulate,posterior->dysgranular
rh,135035,agranular,dysgranular,posteriorcingulate,posterior->dysgranular
rh,135036,agranular,dysgranular,posteriorcingulate,posterior->dysgranular
rh,135037,agranular,dysgranular,posteriorcingulate,posterior->dysgranular
rh,135038,agranular,dysgranular,posteriorcingulate,posterior->dysgranular
rh,135039,agranular,dysgranular,posteriorcingulate,posterior->dysgranular
rh,135040,agranular,dysgranular,posteriorcingulate,posterior->dysgranular
rh,135041,agranular,dysgranular,posteriorcingulate,posterior->dysgranular
rh,135042,agranular,dysgranular,posteriorcingulate,posterior->dysgranular
rh,135043,agranular,dysgranular,posteriorcingulate,posterior->dysgranular
rh,135044,agranular,dysgranular,posteriorcingulate,posterior->dysgranular
rh,135045,agranular,dysgranular,posteriorcingulate,posterior->dysgranular
rh,135046,agranular,dysgranular,posteriorcingulate,posterior->dysgranular
rh,135047,agranular,dysgranular,posteriorcingulate,posterior->dysgranular
rh,135048,agranular,dysgranular,posteriorcingulate,posterior->dysgranular
rh,135049,agranular,dysgranular,posteriorcingulate,posterior->dysgranular
rh,135050,agranular,dysgranular,posteriorcingulate,posterior->dysgranular
rh,135051,agranular,dysgranular,posteriorcingulate,posterior->dysgranular
rh,135052,agranular,dysgranular,posteriorcingulate,posterior->dysgranular
rh,135444,agranular,dysgranular,isthmuscingulate,posterior->dysgranular
rh,135445,agranular,dysgranular,isthmuscingulate,posterior->dysgranular
rh,135446,agranular,dysgranular,isthmuscingulate,posterior->dysgranular
rh,135447,agranular,dysgranular,isthmuscingulate,posterior->dysgranular
rh,135448,agranular,dysgranular,isthmuscingulate,posterior->dysgranular
rh,135449,agranular,dysgranular,isthmuscingulate,posterior->dysgranular
rh,135450,agranular,dysgranular,isthmuscingulate,posterior->dysgranular
rh,146570,agranular,dysgranular,posteriorcingulate,posterior->dysgranular
rh,146578,agranular,dysgranular,posteriorcingulate,posterior->dysgranular
rh,146579,agranular,dysgranular,posteriorcingulate,posterior->dysgranular
rh,146580,agranular,dysgranular,posteriorcingulate,posterior->dysgranular
rh,146581,agranular,dysgranular,posteriorcingulate,posterior->dysgranular
rh,146582,agranular,dysgranular,posteriorcingulate,posterior->dysgranular
rh,146583,agranular,dysgranular,posteriorcingulate,posterior->dysgranular
rh,146584,agranular,dysgranular,posteriorcingulate,posterior->dysgranular
rh,146585,agranular,dysgranular,posteriorcingulate,posterior->dysgranular
rh,146586,agranular,dysgranular,posteriorcingulate,posterior->dysgranular
rh,146587,agranular,dysgranular,posteriorcingulate,posterior->dysgranular
rh,146588,agranular,dysgranular,posteriorcingulate,posterior->dysgranular
rh,146595,agranular,dysgranular,posteriorcingulate,posterior->dysgranular
rh,146596,agranular,dysgranular,posteriorcingulate,posterior->dysgranular
rh,146597,agranular,dysgranular,posteriorcingulate,posterior->dysgranular
rh,146598,agranular,dysgranular,posteriorcingulate,posterior->dysgranular
rh,146599,agranular,dysgranular,posteriorcingulate,posterior->dysgranular
rh,146600,agranular,dysgranular,posteriorcingulate,posterior->dysgranular
rh,146601,agranular,dysgranular,posteriorcingulate,posterior->dysgranular
rh,146602,agranular,dysgranular,posteriorcingulate,posterior->dysgranular
rh,146603,agranular,dysgranular,posteriorcingulate,posterior->dysgranular
rh,146604,agranular,dysgranular,posteriorcingulate,posterior->dysgranular
rh,146605,agranular,dysgranular,posteriorcingulate,posterior->dysgranular
rh,146606,agranular,dysgranular,posteriorcingulate,posterior->dysgranular
rh,146607,agranular,dysgranular,posteriorcingulate,posterior->dysgranular
rh,146608,agranular,dysgranular,posteriorcingulate,posterior->dysgranular
rh,146609,agranular,dysgranular,posteriorcingulate,posterior->dysgranular
rh,146610,agranular,dysgranular,posteriorcingulate,posterior->dysgranular
rh,146611,agranular,dysgranular,posteriorcingulate,posterior->dysgranular
rh,146612,agranular,dysgranular,posteriorcingulate,posterior->dysgranular
rh,146613,agranular,dysgranular,posteriorcingulate,posterior->dysgranular
rh,146614,agranular,dysgranular,posteriorcingulate,posterior->dysgranular
rh,146615,agranular,dysgranular,posteriorcingulate,posterior->dysgranular
rh,146616,agranular,dysgranular,posteriorcingulate,posterior->dysgranular
rh,146617,agranular,dysgranular,posteriorcingulate,posterior->dysgranular
rh,146618,agranular,dysgranular,posteriorcingulate,posterior->dysgranular
rh,146619,agranular,dysgranular,posteriorcingulate,posterior->dysgranular
rh,146620,agranular,dysgranular,posteriorcingulate,posterior->dysgranular
rh,146621,agranular,dysgranular,posteriorcingulate,posterior->dysgranular
rh,146622,agranular,dysgranular,posteriorcingulate,posterior->dysgranular
rh,146623,agranular,dysgranular,posteriorcingulate,posterior->dysgranular
rh,146624,agranular,dysgranular,posteriorcingulate,posterior->dysgranular
rh,146625,agranular,dysgranular,posteriorcingulate,posterior->dysgranular
rh,146626,agranular,dysgranular,posteriorcingulate,posterior->dysgranular
rh,146627,agranular,dysgranular,posteriorcingulate,posterior->dysgranular
rh,146628,agranular,dysgranular,posteriorcingulate,posterior->dysgranular
rh,146629,agranular,dysgranular,posteriorcingulate,posterior->dysgranular
rh,146630,agranular,dysgranular,posteriorcingulate,posterior->dysgranular
rh,146631,agranular,dysgranular,posteriorcingulate,posterior->dysgranular
rh,146632,agranular,dysgranular,posteriorcingulate,posterior->dysgranular
rh,146633,agranular,dysgranular,posteriorcingulate,posterior->dysgranular
rh,146634,agranular,dysgranular,posteriorcingulate,posterior->dysgranular
rh,146635,agranular,dysgranular,posteriorcingulate,posterior->dysgranular
rh,146637,agranular,dysgranular,posteriorcingulate,posterior->dysgranular
rh,146651,agranular,dysgranular,posteriorcingulate,posterior->dysgranular
rh,146652,agranular,dysgranular,posteriorcingulate,posterior->dysgranular
rh,146653,agranular,dysgranular,posteriorcingulate,posterior->dysgranular
rh,146654,agranular,dysgranular,posteriorcingulate,posterior->dysgranular
rh,146655,agranular,dysgranular,posteriorcingulate,posterior->dysgranular
rh,146656,agranular,dysgranular,posteriorcingulate,posterior->dysgranular
rh,146657,agranular,dysgranular,posteriorcingulate,posterior->dysgranular
rh,146658,agranular,dysgranular,posteriorcingulate,posterior->dysgranular
rh,146659,agranular,dysgranular,posteriorcingulate,posterior->dysgranular
rh,146660,agranular,dysgranular,posteriorcingulate,posterior->dysgranular
rh,146661,agranular,dysgranular,posteriorcingulate,posterior->dysgranular
rh,146662,agranular,dysgranular,posteriorcingulate,posterior->dysgranular
rh,146663,agranular,dysgranular,posteriorcingulate,posterior->dysgranular
rh,146664,agranular,dysgranular,posteriorcingulate,posterior->dysgranular
rh,146665,agranular,dysgranular,posteriorcingulate,posterior->dysgranular
rh,146666,agranular,dysgranular,posteriorcingulate,posterior->dysgranular
rh,146667,agranular,dysgranular,posteriorcingulate,posterior->dysgranular
rh,146668,agranular,dysgranular,posteriorcingulate,posterior->dysgranular
rh,146669,agranular,dysgranular,posteriorcingulate,posterior->dysgranular
rh,146672,agranular,dysgranular,posteriorcingulate,posterior->dysgranular
rh,146674,agranular,dysgranular,posteriorcingulate,posterior->dysgranular
rh,146675,agranular,dysgranular,posteriorcingulate,posterior->dysgranular
rh,146676,agranular,dysgranular,posteriorcingulate,posterior->dysgranular
rh,146677,agranular,dysgranular,posteriorcingulate,posterior->dysgranular
rh,146678,agranular,dysgranular,posteriorcingulate,posterior->dysgranular
rh,146679,agranular,dysgranular,posteriorcingulate,posterior->dysgranular
rh,146680,agranular,dysgranular,posteriorcingulate,posterior->dysgranular
rh,146681,agranular,dysgranular,posteriorcingulate,posterior->dysgranular
rh,146682,agranular,dysgranular,posteriorcingulate,posterior->dysgranular
rh,146683,agranular,dysgranular,posteriorcingulate,posterior->dysgranular
rh,146684,agranular,dysgranular,posteriorcingulate,posterior->dysgranular
rh,146685,agranular,dysgranular,posteriorcingulate,posterior->dysgranular
rh,146686,agranular,dysgranular,posteriorcingulate,posterior->dysgranular
rh,146687,agranular,dysgranular,posteriorcingulate,posterior->dysgranular
rh,146688,agranular,dysgranular,posteriorcingulate,posterior->dysgranular
rh,146689,agranular,dysgranular,posteriorcingulate,posterior->dysgranular
rh,146690,agranular,dysgranular,posteriorcingulate,posterior->dysgranular
rh,146691,agranular,dysgranular,posteriorcingulate,posterior->dysgranular
rh,146692,agranular,dysgranular,posteriorcingulate,posterior->dysgranular
rh,146693,agranular,dysgranular,posteriorcingulate,posterior->dysgranular
rh,146694,agranular,dysgranular,posteriorcingulate,posterior->dysgranular
rh,146695,agranular,dysgranular,posteriorcingulate,posterior->dysgranular
rh,146696,agranular,dysgranular,posteriorcingulate,posterior->dysgranular
rh,146697,agranular,dysgranular,posteriorcingulate,posterior->dysgranular
rh,146698,agranular,dysgranular,posteriorcingulate,posterior->dysgranular
rh,146699,agranular,dysgranular,posteriorcingulate,posterior->dysgranular
rh,146700,agranular,dysgranular,posteriorcingulate,posterior->dysgranular
rh,146701,agranular,dysgranular,posteriorcingulate,posterior->dysgranular
rh,146702,agranular,dysgranular,posteriorcingulate,posterior->dysgranular
rh,146703,agranular,dysgranular,posteriorcingulate,posterior->dysgranular
rh,146704,agranular,dysgranular,posteriorcingulate,posterior->dysgranular
rh,146705,agranular,dysgranular,posteriorcingulate,posterior->dysgranular
rh,146708,agranular,dysgranular,posteriorcingulate,posterior->dysgranular
rh,146711,agranular,dysgranular,posteriorcingulate,posterior->dysgranular
rh,146712,agranular,dysgranular,posteriorcingulate,posterior->dysgranular
rh,146713,agranular,dysgranular,posteriorcingulate,posterior->dysgranular
rh,155091,agranular,dysgranular,isthmuscingulate,posterior->dysgranular
rh,155092,agranular,dysgranular,isthmuscingulate,posterior->dysgranular
rh,155093,agranular,dysgranular,isthmuscingulate,posterior->dysgranular
rh,156073,agranular,dysgranular,posteriorcingulate,posterior->dysgranular
rh,156074,agranular,dysgranular,posteriorcingulate,posterior->dysgranular
rh,156075,agranular,dysgranular,posteriorcingulate,posterior->dysgranular
rh,156076,agranular,dysgranular,posteriorcingulate,posterior->dysgranular
rh,156077,agranular,dysgranular,posteriorcingulate,posterior->dysgranular
rh,156078,agranular,dysgranular,posteriorcingulate,posterior->dysgranular
rh,156079,agranular,dysgranular,posteriorcingulate,posterior->dysgranular
rh,156080,agranular,dysgranular,posteriorcingulate,posterior->dysgranular
rh,156082,agranular,dysgranular,posteriorcingulate,posterior->dysgranular
rh,156083,agranular,dysgranular,posteriorcingulate,posterior->dysgranular
rh,156084,agranular,dysgranular,posteriorcingulate,posterior->dysgranular
rh,156085,agranular,dysgranular,posteriorcingulate,posterior->dysgranular
rh,156086,agranular,dysgranular,posteriorcingulate,posterior->dysgranular
rh,156087,agranular,dysgranular,posteriorcingulate,posterior->dysgranular
rh,156088,agranular,dysgranular,posteriorcingulate,posterior->dysgranular
rh,156089,agranular,dysgranular,posteriorcingulate,posterior->dysgranular
rh,156091,agranular,dysgranular,posteriorcingulate,posterior->dysgranular
rh,156092,agranular,dysgranular,posteriorcingulate,posterior->dysgranular
rh,156093,agranular,dysgranular,posteriorcingulate,posterior->dysgranular
rh,156094,agranular,dysgranular,posteriorcingulate,posterior->dysgranular
rh,156095,agranular,dysgranular,posteriorcingulate,posterior->dysgranular
rh,156096,agranular,dysgranular,posteriorcingulate,posterior->dysgranular
rh,156097,agranular,dysgranular,posteriorcingulate,posterior->dysgranular
rh,156098,agranular,dysgranular,posteriorcingulate,posterior->dysgranular
rh,156099,agranular,dysgranular,posteriorcingulate,posterior->dysgranular
rh,156100,agranular,dysgranular,posteriorcingulate,posterior->dysgranular
rh,156101,agranular,dysgranular,posteriorcingulate,posterior->dysgranular
rh,156102,agranular,dysgranular,posteriorcingulate,posterior->dysgranular
rh,156103,agranular,dysgranular,posteriorcingulate,posterior->dysgranular
rh,156104,agranular,dysgranular,posteriorcingulate,posterior->dysgranular
rh,156105,agranular,dysgranular,posteriorcingulate,posterior->dysgranular
rh,156106,agranular,dysgranular,posteriorcingulate,posterior->dysgranular
rh,156107,agranular,dysgranular,posteriorcingulate,posterior->dysgranular
rh,156108,agranular,dysgranular,posteriorcingulate,posterior->dysgranular
rh,156109,agranular,dysgranular,posteriorcingulate,posterior->dysgranular
rh,156110,agranular,dysgranular,posteriorcingulate,posterior->dysgranular
rh,156111,agranular,dysgranular,posteriorcingulate,posterior->dysgranular
rh,156112,agranular,dysgranular,posteriorcingulate,posterior->dysgranular
rh,156113,agranular,dysgranular,posteriorcingulate,posterior->dysgranular
rh,156114,agranular,dysgranular,posteriorcingulate,posterior->dysgranular
rh,156115,agranular,dysgranular,posteriorcingulate,posterior->dysgranular
rh,156171,agranular,dysgranular,posteriorcingulate,posterior->dysgranular
rh,156196,agranular,dysgranular,posteriorcingulate,posterior->dysgranular
rh,156197,agranular,dysgranular,posteriorcingulate,posterior->dysgranular
rh,156198,agranular,dysgranular,posteriorcingulate,posterior->dysgranular
rh,156199,agranular,dysgranular,posteriorcingulate,posterior->dysgranular
rh,156200,agranular,dysgranular,posteriorcingulate,posterior->dysgranular
rh,156201,agranular,dysgranular,posteriorcingulate,posterior->dysgranular
rh,156202,agranular,dysgranular,posteriorcingulate,posterior->dysgranular
rh,156203,agranular,dysgranular,posteriorcingulate,posterior->dysgranular
rh,156204,agranular,dysgranular,posteriorcingulate,posterior->dysgranular
rh,156205,agranular,dysgranular,posteriorcingulate,posterior->dysgranular
rh,156206,agranular,dysgranular,posteriorcingulate,posterior->dysgranular
rh,156210,agranular,dysgranular,posteriorcingulate,posterior->dysgranular
rh,156211,agranular,dysgranular,isthmuscingulate,posterior->dysgranular
rh,156212,agranular,dysgranular,posteriorcingulate,posterior->dysgranular
rh,156213,agranular,dysgranular,posteriorcingulate,posterior->dysgranular
rh,156214,agranular,dysgranular,posteriorcingulate,posterior->dysgranular
rh,156215,agranular,dysgranular,posteriorcingulate,posterior->dysgranular
rh,156220,agranular,dysgranular,posteriorcingulate,posterior->dysgranular
rh,156221,agranular,dysgranular,posteriorcingulate,posterior->dysgranular
rh,156235,agranular,dysgranular,isthmuscingulate,posterior->dysgranular
rh,156236,agranular,dysgranular,isthmuscingulate,posterior->dysgranular
rh,156238,agranular,dysgranular,isthmuscingulate,posterior->dysgranular
rh,156247,agranular,dysgranular,isthmuscingulate,posterior->dysgranular
rh,156261,agranular,dysgranular,isthmuscingulate,posterior->dysgranular
rh,156269,agranular,dysgranular,isthmuscingulate,posterior->dysgranular
rh,156270,agranular,dysgranular,isthmuscingulate,posterior->dysgranular
rh,156271,agranular,dysgranular,isthmuscingulate,posterior->dysgranular
rh,156272,agranular,dysgranular,isthmuscingulate,posterior->dysgranular
rh,156273,agranular,dysgranular,isthmuscingulate,posterior->dysgranular
rh,156274,agranular,dysgranular,isthmuscingulate,posterior->dysgranular
rh,156275,agranular,dysgranular,isthmuscingulate,posterior->dysgranular
rh,156276,agranular,dysgranular,isthmuscingulate,posterior->dysgranular
rh,156277,agranular,dysgranular,isthmuscingulate,posterior->dysgranular
rh,156278,agranular,dysgranular,isthmuscingulate,posterior->dysgranular
rh,156289,agranular,dysgranular,isthmuscingulate,posterior->dysgranular
rh,156290,agranular,dysgranular,isthmuscingulate,posterior->dysgranular
rh,156339,agranular,dysgranular,isthmuscingulate,posterior->dysgranular
rh,156340,agranular,dysgranular,isthmuscingulate,posterior->dysgranular
rh,156341,agranular,dysgranular,isthmuscingulate,posterior->dysgranular
rh,156342,agranular,dysgranular,isthmuscingulate,posterior->dysgranular
rh,156349,agranular,dysgranular,isthmuscingulate,posterior->dysgranular
rh,156350,agranular,dysgranular,isthmuscingulate,posterior->dysgranular
rh,156351,agranular,dysgranular,isthmuscingulate,posterior->dysgranular
rh,156352,agranular,dysgranular,isthmuscingulate,posterior->dysgranular
rh,156353,agranular,dysgranular,isthmuscingulate,posterior->dysgranular
rh,156354,agranular,dysgranular,isthmuscingulate,posterior->dysgranular
rh,156355,agranular,dysgranular,isthmuscingulate,posterior->dysgranular
rh,156356,agranular,dysgranular,isthmuscingulate,posterior->dysgranular
rh,156370,agranular,dysgranular,isthmuscingulate,posterior->dysgranular
rh,156371,agranular,dysgranular,isthmuscingulate,posterior->dysgranular
rh,156372,agranular,dysgranular,isthmuscingulate,posterior->dysgranular
rh,156373,agranular,dysgranular,isthmuscingulate,posterior->dysgranular
rh,156374,agranular,dysgranular,isthmuscingulate,posterior->dysgranular
rh,156375,agranular,dysgranular,isthmuscingulate,posterior->dysgranular
rh,156460,agranular,dysgranular,isthmuscingulate,posterior->dysgranular
rh,156461,agranular,dysgranular,isthmuscingulate,posterior->dysgranular
rh,156462,agranular,dysgranular,isthmuscingulate,posterior->dysgranular
rh,156463,agranular,dysgranular,isthmuscingulate,posterior->dysgranular
rh,156464,agranular,dysgranular,isthmuscingulate,posterior->dysgranular
rh,156465,agranular,dysgranular,isthmuscingulate,posterior->dysgranular
rh,156479,agranular,dysgranular,isthmuscingulate,posterior->dysgranular
rh,156480,agranular,dysgranular,isthmuscingulate,posterior->dysgranular
rh,156481,agranular,dysgranular,isthmuscingulate,posterior->dysgranular
rh,156482,agranular,dysgranular,isthmuscingulate,posterior->dysgranular
rh,156483,agranular,dysgranular,isthmuscingulate,posterior->dysgranular
rh,156487,agranular,dysgranular,isthmuscingulate,posterior->dysgranular
rh,156488,agranular,dysgranular,isthmuscingulate,posterior->dysgranular
rh,156489,agranular,dysgranular,isthmuscingulate,posterior->dysgranular
rh,156491,agranular,dysgranular,isthmuscingulate,posterior->dysgranular
rh,156492,agranular,dysgranular,isthmuscingulate,posterior->dysgranular
rh,156493,agranular,dysgranular,isthmuscingulate,posterior->dysgranular
rh,156494,agranular,dysgranular,isthmuscingulate,posterior->dysgranular
rh,156495,agranular,dysgranular,isthmuscingulate,posterior->dysgranular
rh,156516,agranular,dysgranular,isthmuscingulate,posterior->dysgranular
rh,156518,agranular,dysgranular,isthmuscingulate,posterior->dysgranular
rh,156519,agranular,dysgranular,isthmuscingulate,posterior->dysgranular
rh,156520,agranular,dysgranular,isthmuscingulate,posterior->dysgranular
rh,156521,agranular,dysgranular,isthmuscingulate,posterior->dysgranular
rh,156522,agranular,dysgranular,isthmuscingulate,posterior->dysgranular
rh,156523,agranular,dysgranular,isthmuscingulate,posterior->dysgranular
rh,156524,agranular,dysgranular,isthmuscingulate,posterior->dysgranular
rh,156525,agranular,dysgranular,isthmuscingulate,posterior->dysgranular
rh,156526,agranular,dysgranular,isthmuscingulate,posterior->dysgranular
rh,156527,agranular,dysgranular,isthmuscingulate,posterior->dysgranular
rh,156528,agranular,dysgranular,isthmuscingulate,posterior->dysgranular
rh,156529,agranular,dysgranular,isthmuscingulate,posterior->dysgranular
rh,156530,agranular,dysgranular,isthmuscingulate,posterior->dysgranular
rh,156531,agranular,dysgranular,isthmuscingulate,posterior->dysgranular
rh,156537,agranular,dysgranular,isthmuscingulate,posterior->dysgranular
rh,156538,agranular,dysgranular,isthmuscingulate,posterior->dysgranular
rh,156539,agranular,dysgranular,isthmuscingulate,posterior->dysgranular
rh,156540,agranular,dysgranular,isthmuscingulate,posterior->dysgranular
rh,156541,agranular,dysgranular,isthmuscingulate,posterior->dysgranular
rh,156542,agranular,dysgranular,isthmuscingulate,posterior->dysgranular
rh,156543,agranular,dysgranular,isthmuscingulate,posterior->dysgranular
rh,156544,agranular,dysgranular,isthmuscingulate,posterior->dysgranular
rh,156545,agranular,dysgranular,isthmuscingulate,posterior->dysgranular
rh,156546,agranular,dysgranular,isthmuscingulate,posterior->dysgranular
rh,156547,agranular,dysgranular,isthmuscingulate,posterior->dysgranular
rh,156548,agranular,dysgranular,isthmuscingulate,posterior->dysgranular
rh,156549,agranular,dysgranular,isthmuscingulate,posterior->dysgranular
rh,157262,agranular,dysgranular,isthmuscingulate,posterior->dysgranular
rh,157266,agranular,dysgranular,isthmuscingulate,posterior->dysgranular
rh,157267,agranular,dysgranular,isthmuscingulate,posterior->dysgranular
rh,157269,agranular,dysgranular,isthmuscingulate,posterior->dysgranular
rh,157270,agranular,dysgranular,isthmuscingulate,posterior->dysgranular
rh,157271,agranular,dysgranular,isthmuscingulate,posterior->dysgranular
rh,157272,agranular,dysgranular,isthmuscingulate,posterior->dysgranular
rh,157273,agranular,dysgranular,isthmuscingulate,posterior->dysgranular
rh,157274,agranular,dysgranular,isthmuscingulate,posterior->dysgranular
rh,157275,agranular,dysgranular,isthmuscingulate,posterior->dysgranular
rh,157276,agranular,dysgranular,isthmuscingulate,posterior->dysgranular
rh,157277,agranular,dysgranular,isthmuscingulate,posterior->dysgranular
rh,157278,agranular,dysgranular,isthmuscingulate,posterior->dysgranular
rh,157279,agranular,dysgranular,isthmuscingulate,posterior->dysgranular
rh,160927,agranular,dysgranular,isthmuscingulate,posterior->dysgranular
rh,160928,agranular,dysgranular,isthmuscingulate,posterior->dysgranular
rh,160929,agranular,dysgranular,isthmuscingulate,posterior->dysgranular
rh,160931,agranular,dysgranular,isthmuscingulate,posterior->dysgranular
rh,160932,agranular,dysgranular,isthmuscingulate,posterior->dysgranular
rh,160933,agranular,dysgranular,isthmuscingulate,posterior->dysgranular
rh,160934,agranular,dysgranular,isthmuscingulate,posterior->dysgranular
rh,160935,agranular,dysgranular,isthmuscingulate,posterior->dysgranular
rh,160943,agranular,dysgranular,isthmuscingulate,posterior->dysgranular
rh,160944,agranular,dysgranular,isthmuscingulate,posterior->dysgranular
rh,160947,agranular,dysgranular,isthmuscingulate,posterior->dysgranular
rh,160948,agranular,dysgranular,isthmuscingulate,posterior->dysgranular
