hemi,vertex,v6,v7
lh,80,eulaminate I,dysgranular
lh,201,eulaminate I,dysgranular
lh,323,dysgranular,agranular
lh,433,eulaminate I,dysgranular
lh,434,eulaminate I,dysgranular
lh,539,eulaminate I,dysgranular
lh,960,eulaminate I,dysgranular
lh,961,eulaminate I,dysgranular
lh,962,eulaminate I,dysgranular
lh,967,dysgranular,agranular
lh,1513,eulaminate I,dysgranular
lh,1516,dysgranular,agranular
lh,1970,eulaminate I,dysgranular
lh,1971,eulaminate I,dysgranular
lh,1973,eulaminate I,dysgranular
lh,1974,eulaminate I,dysgranular
lh,1977,dysgranular,agranular
lh,1978,dysgranular,agranular
lh,2257,eulaminate I,dysgranular
lh,2429,dysgranular,agranular
lh,2430,dysgranular,agranular
lh,2431,dysgranular,agranular
lh,2432,dysgranular,agranular
lh,2880,eulaminate I,dysgranular
lh,2881,eulaminate I,dysgranular
lh,2882,eulaminate I,dysgranular
lh,3853,dysgranular,agranular
lh,4322,eulaminate I,dysgranular
lh,4323,eulaminate I,dysgranular
lh,4324,eulaminate I,dysgranular
lh,4325,eulaminate I,dysgranular
lh,4327,eulaminate I,dysgranular
lh,4328,eulaminate I,dysgranular
lh,4329,eulaminate I,dysgranular
lh,4330,eulaminate I,dysgranular
lh,4332,eulaminate I,agranular
lh,4333,eulaminate I,agranular
lh,4335,dysgranular,agranular
lh,4337,dysgranular,agranular
lh,4339,dysgranular,agranular
lh,4340,dysgranular,agranular
lh,4341,dysgranular,agranular
lh,4999,eulaminate I,dysgranular
lh,5000,eulaminate I,dysgranular
lh,5001,eulaminate I,dysgranular
lh,5428,dysgranular,agranular
lh,5429,dysgranular,agranular
lh,5432,dysgranular,agranular
lh,5434,dysgranular,agranular
lh,5435,dysgranular,agranular
lh,5436,dysgranular,agranular
lh,5437,dysgranular,agranular
lh,5438,dysgranular,agranular
lh,5520,eulaminate I,dysgranular
lh,5527,eulaminate I,dysgranular
lh,5528,eulaminate I,dysgranular
lh,5530,eulaminate I,dysgranular
lh,6336,eulaminate I,dysgranular
lh,6337,eulaminate I,dysgranular
lh,6338,eulaminate I,dysgranular
lh,6339,eulaminate I,dysgranular
lh,6340,eulaminate I,dysgranular
lh,6341,eulaminate I,agranular
lh,6342,eulaminate I,agranular
lh,7369,eulaminate I,dysgranular
lh,7376,dysgranular,agranular
lh,7377,dysgranular,agranular
lh,7378,dysgranular,agranular
lh,7890,dysgranular,agranular
lh,8500,eulaminate I,dysgranular
lh,8501,eulaminate I,dysgranular
lh,8502,eulaminate I,dysgranular
lh,8503,eulaminate I,dysgranular
lh,8507,eulaminate I,dysgranular
lh,8508,eulaminate I,dysgranular
lh,8509,eulaminate I,dysgranular
lh,8510,eulaminate I,dysgranular
lh,8511,eulaminate I,dysgranular
lh,8512,eulaminate I,dysgranular
lh,8519,dysgranular,agranular
lh,8520,dysgranular,agranular
lh,8523,dysgranular,agranular
lh,8524,dysgranular,agranular
lh,9329,eulaminate I,dysgranular
lh,9330,eulaminate I,dysgranular
lh,9331,eulaminate I,dysgranular
lh,9340,eulaminate I,dysgranular
lh,9844,dysgranular,agranular
lh,9845,dysgranular,agranular
lh,9848,dysgranular,agranular
lh,9849,dysgranular,agranular
lh,9850,dysgranular,agranular
lh,9851,dysgranular,agranular
lh,9852,dysgranular,agranular
lh,9853,dysgranular,agranular
lh,9854,dysgranular,agranular
lh,9855,dysgranular,agranular
lh,9856,dysgranular,agranular
lh,9961,eulaminate I,dysgranular
lh,10560,eulaminate I,dysgranular
lh,10561,eulaminate I,dysgranular
lh,10562,eulaminate I,dysgranular
lh,12002,eulaminate I,dysgranular
lh,12003,eulaminate I,dysgranular
lh,12004,eulaminate I,dysgranular
lh,12005,eulaminate I,dysgranular
lh,12006,eulaminate I,dysgranular
lh,12007,eulaminate I,dysgranular
lh,12008,eulaminate I,dysgranular
lh,12009,eulaminate I,dysgranular
lh,12010,eulaminate I,dysgranular
lh,12012,dysgranular,agranular
lh,12013,dysgranular,agranular
lh,12014,dysgranular,agranular
lh,12015,dysgranular,agranular
lh,12016,dysgranular,agranular
lh,12017,dysgranular,agranular
lh,12679,eulaminate I,dysgranular
lh,12680,eulaminate I,dysgranular
lh,12681,eulaminate I,dysgranular
lh,13108,dysgranular,agranular
lh,13109,dysgranular,agranular
lh,13112,dysgranular,agranular
lh,13114,dysgranular,agranular
lh,13115,dysgranular,agranular
lh,13116,dysgranular,agranular
lh,13193,eulaminate I,dysgranular
lh,13195,eulaminate I,dysgranular
lh,13199,eulaminate I,dysgranular
lh,13207,eulaminate I,dysgranular
lh,13208,eulaminate I,dysgranular
lh,13209,eulaminate I,dysgranular
lh,13210,eulaminate I,dysgranular
lh,14400,eulaminate I,dysgranular
lh,14401,eulaminate I,dysgranular
lh,14402,eulaminate I,dysgranular
lh,14403,eulaminate I,dysgranular
lh,14404,eulaminate I,dysgranular
lh,14405,eulaminate I,dysgranular
lh,14406,eulaminate I,dysgranular
lh,14407,eulaminate I,dysgranular
lh,14408,dysgranular,agranular
lh,14409,dysgranular,agranular
lh,16218,dysgranular,agranular
lh,16219,dysgranular,agranular
lh,16220,dysgranular,agranular
lh,16221,dysgranular,agranular
lh,16222,dysgranular,agranular
lh,17318,dysgranular,agranular
lh,17319,dysgranular,agranular
lh,18727,eulaminate I,dysgranular
lh,18728,eulaminate I,dysgranular
lh,18729,eulaminate I,dysgranular
lh,18730,eulaminate I,dysgranular
lh,18731,eulaminate I,dysgranular
lh,18732,eulaminate I,dysgranular
lh,18733,eulaminate I,dysgranular
lh,18734,eulaminate I,dysgranular
lh,18735,eulaminate I,dysgranular
lh,18743,eulaminate I,dysgranular
lh,18744,eulaminate I,dysgranular
lh,18745,eulaminate I,dysgranular
lh,18746,eulaminate I,dysgranular
lh,18747,eulaminate I,dysgranular
lh,18748,eulaminate I,dysgranular
lh,18749,eulaminate I,dysgranular
lh,18750,eulaminate I,dysgranular
lh,18751,dysgranular,agranular
lh,18752,eulaminate I,agranular
lh,18753,eulaminate I,agranular
lh,18754,eulaminate I,agranular
lh,18755,eulaminate I,agranular
lh,18756,eulaminate I,dysgranular
lh,18757,eulaminate I,dysgranular
lh,18758,eulaminate I,dysgranular
lh,18774,dysgranular,agranular
lh,18775,dysgranular,agranular
lh,18776,dysgranular,agranular
lh,18777,dysgranular,agranular
lh,18778,dysgranular,agranular
lh,18782,dysgranular,agranular
lh,18783,dysgranular,agranular
lh,18784,dysgranular,agranular
lh,18785,dysgranular,agranular
lh,18786,dysgranular,agranular
lh,18787,dysgranular,agranular
lh,20760,eulaminate I,dysgranular
lh,20761,eulaminate I,dysgranular
lh,20762,eulaminate I,dysgranular
lh,20763,eulaminate I,dysgranular
lh,20764,eulaminate I,dysgranular
lh,20765,eulaminate I,dysgranular
lh,20766,eulaminate I,dysgranular
lh,20788,eulaminate I,dysgranular
lh,22045,dysgranular,agranular
lh,22046,dysgranular,agranular
lh,22047,dysgranular,agranular
lh,22048,dysgranular,agranular
lh,22049,dysgranular,agranular
lh,22057,dysgranular,agranular
lh,22059,dysgranular,agranular
lh,22061,dysgranular,agranular
lh,22062,dysgranular,agranular
lh,22063,dysgranular,agranular
lh,22064,dysgranular,agranular
lh,22065,dysgranular,agranular
lh,22066,dysgranular,agranular
lh,22067,dysgranular,agranular
lh,22068,dysgranular,agranular
lh,22069,dysgranular,agranular
lh,22070,dysgranular,agranular
lh,22071,dysgranular,agranular
lh,22072,dysgranular,agranular
lh,22073,dysgranular,agranular
lh,22074,dysgranular,agranular
lh,22076,dysgranular,agranular
lh,22077,dysgranular,agranular
lh,23616,eulaminate I,dysgranular
lh,23617,eulaminate I,dysgranular
lh,23618,eulaminate I,dysgranular
lh,23619,eulaminate I,dysgranular
lh,23620,eulaminate I,dysgranular
lh,26212,eulaminate I,dysgranular
lh,26213,eulaminate I,dysgranular
lh,26214,eulaminate I,dysgranular
lh,26215,eulaminate I,dysgranular
lh,26216,eulaminate I,dysgranular
lh,26217,eulaminate I,dysgranular
lh,26218,eulaminate I,dysgranular
lh,26219,eulaminate I,dysgranular
lh,26222,eulaminate I,dysgranular
lh,26223,eulaminate I,dysgranular
lh,26224,eulaminate I,dysgranular
lh,26225,eulaminate I,dysgranular
lh,26226,eulaminate I,dysgranular
lh,26228,dysgranular,agranular
lh,26230,eulaminate I,agranular
lh,26231,eulaminate I,agranular
lh,26233,dysgranular,agranular
lh,26237,dysgranular,agranular
lh,26238,dysgranular,agranular
lh,26239,dysgranular,agranular
lh,26241,dysgranular,agranular
lh,26242,dysgranular,agranular
lh,26243,dysgranular,agranular
lh,26244,dysgranular,agranular
lh,26245,dysgranular,agranular
lh,26246,dysgranular,agranular
lh,27432,eulaminate I,dysgranular
lh,27433,eulaminate I,dysgranular
lh,27434,eulaminate I,dysgranular
lh,27435,eulaminate I,dysgranular
lh,28203,dysgranular,agranular
lh,28204,dysgranular,agranular
lh,28205,dysgranular,agranular
lh,28210,dysgranular,agranular
lh,28211,dysgranular,agranular
lh,28213,dysgranular,agranular
lh,28214,dysgranular,agranular
lh,28215,dysgranular,agranular
lh,28216,dysgranular,agranular
lh,28217,dysgranular,agranular
lh,28218,dysgranular,agranular
lh,28219,dysgranular,agranular
lh,28220,dysgranular,agranular
lh,28221,dysgranular,agranular
lh,28380,eulaminate I,dysgranular
lh,28381,eulaminate I,dysgranular
lh,30144,eulaminate I,dysgranular
lh,30145,eulaminate I,dysgranular
lh,30146,eulaminate I,dysgranular
lh,30147,eulaminate I,dysgranular
lh,30148,eulaminate I,dysgranular
lh,30149,eulaminate I,dysgranular
lh,30150,eulaminate I,dysgranular
lh,30151,eulaminate I,dysgranular
lh,30152,eulaminate I,dysgranular
lh,30153,eulaminate I,dysgranular
lh,30154,eulaminate I,dysgranular
lh,30155,eulaminate I,dysgranular
lh,30156,eulaminate I,dysgranular
lh,30157,eulaminate I,agranular
lh,30158,dysgranular,agranular
lh,31698,dysgranular,agranular
lh,31699,dysgranular,agranular
lh,32616,eulaminate I,dysgranular
lh,32617,eulaminate I,dysgranular
lh,32618,eulaminate I,dysgranular
lh,32619,eulaminate I,dysgranular
lh,32620,eulaminate I,dysgranular
lh,32623,eulaminate I,dysgranular
lh,32624,eulaminate I,dysgranular
lh,32625,eulaminate I,dysgranular
lh,32626,eulaminate I,dysgranular
lh,32635,eulaminate I,dysgranular
lh,32636,eulaminate I,dysgranular
lh,32637,eulaminate I,agranular
lh,32638,dysgranular,agranular
lh,32639,dysgranular,agranular
lh,32640,dysgranular,agranular
lh,32641,dysgranular,agranular
lh,34032,dysgranular,agranular
lh,34035,dysgranular,agranular
lh,35769,eulaminate I,dysgranular
lh,35770,eulaminate I,dysgranular
lh,35771,eulaminate I,dysgranular
lh,35772,eulaminate I,dysgranular
lh,35773,eulaminate I,dysgranular
lh,35774,eulaminate I,dysgranular
lh,35775,eulaminate I,dysgranular
lh,35776,eulaminate I,dysgranular
lh,35777,eulaminate I,dysgranular
lh,35778,eulaminate I,dysgranular
lh,35779,eulaminate I,dysgranular
lh,35789,eulaminate I,dysgranular
lh,35790,eulaminate I,dysgranular
lh,35791,eulaminate I,dysgranular
lh,35792,eulaminate I,dysgranular
lh,35793,eulaminate I,dysgranular
lh,35794,eulaminate I,dysgranular
lh,35795,eulaminate I,dysgranular
lh,35796,eulaminate I,dysgranular
lh,35797,eulaminate I,dysgranular
lh,35798,eulaminate I,dysgranular
lh,35799,eulaminate I,dysgranular
lh,35800,eulaminate I,dysgranular
lh,35801,eulaminate I,agranular
lh,35802,eulaminate I,dysgranular
lh,35803,eulaminate I,dysgranular
lh,35804,eulaminate I,dysgranular
lh,35805,eulaminate I,dysgranular
lh,35806,eulaminate I,dysgranular
lh,35807,eulaminate I,dysgranular
lh,35825,dysgranular,agranular
lh,35826,dysgranular,agranular
lh,35827,dysgranular,agranular
lh,35828,dysgranular,agranular
lh,35829,dysgranular,agranular
lh,35830,dysgranular,agranular
lh,35837,dysgranular,agranular
lh,35838,dysgranular,agranular
lh,38225,eulaminate I,dysgranular
lh,38226,eulaminate I,dysgranular
lh,38227,eulaminate I,dysgranular
lh,38228,eulaminate I,dysgranular
lh,38229,eulaminate I,dysgranular
lh,38230,eulaminate I,dysgranular
lh,38231,eulaminate I,dysgranular
lh,38232,eulaminate I,dysgranular
lh,38233,eulaminate I,dysgranular
lh,38252,eulaminate I,dysgranular
lh,38253,eulaminate I,dysgranular
lh,38254,eulaminate I,dysgranular
lh,38257,eulaminate I,dysgranular
lh,38258,eulaminate I,dysgranular
lh,38259,eulaminate I,dysgranular
lh,38260,eulaminate I,dysgranular
lh,39767,dysgranular,agranular
lh,39768,dysgranular,agranular
lh,39769,dysgranular,agranular
lh,39770,dysgranular,agranular
lh,39771,dysgranular,agranular
lh,39772,dysgranular,agranular
lh,39782,dysgranular,agranular
lh,39783,dysgranular,agranular
lh,39784,dysgranular,agranular
lh,39785,dysgranular,agranular
lh,39786,dysgranular,agranular
lh,39787,dysgranular,agranular
lh,39788,dysgranular,agranular
lh,39789,dysgranular,agranular
lh,39790,dysgranular,agranular
lh,39791,dysgranular,agranular
lh,39792,dysgranular,agranular
lh,39793,dysgranular,agranular
lh,39794,dysgranular,agranular
lh,39795,dysgranular,agranular
lh,39796,dysgranular,agranular
lh,39797,dysgranular,agranular
lh,39798,dysgranular,agranular
lh,39799,dysgranular,agranular
lh,39800,dysgranular,agranular
lh,39803,dysgranular,agranular
lh,39804,dysgranular,agranular
lh,39805,dysgranular,agranular
lh,39806,dysgranular,agranular
lh,39825,dysgranular,agranular
lh,40118,eulaminate I,dysgranular
lh,40120,eulaminate I,dysgranular
lh,41280,eulaminate I,dysgranular
lh,41281,eulaminate I,dysgranular
lh,41282,eulaminate I,dysgranular
lh,42722,eulaminate I,dysgranular
lh,42723,eulaminate I,dysgranular
lh,42724,eulaminate I,dysgranular
lh,42725,eulaminate I,dysgranular
lh,42726,eulaminate I,dysgranular
lh,42727,eulaminate I,dysgranular
lh,42728,eulaminate I,dysgranular
lh,42729,eulaminate I,dysgranular
lh,42730,eulaminate I,dysgranular
lh,42734,dysgranular,agranular
lh,42736,dysgranular,agranular
lh,43397,eulaminate I,dysgranular
lh,43399,eulaminate I,dysgranular
lh,43400,eulaminate I,dysgranular
lh,43401,eulaminate I,dysgranular
lh,43828,dysgranular,agranular
lh,43829,dysgranular,agranular
lh,43832,dysgranular,agranular
lh,43836,dysgranular,agranular
lh,43913,eulaminate I,dysgranular
lh,43914,eulaminate I,dysgranular
lh,43915,eulaminate I,dysgranular
lh,43929,eulaminate I,dysgranular
lh,45120,eulaminate I,dysgranular
lh,45121,eulaminate I,dysgranular
lh,45122,eulaminate I,dysgranular
lh,45123,eulaminate I,dysgranular
lh,45124,eulaminate I,dysgranular
lh,45125,eulaminate I,dysgranular
lh,45126,eulaminate I,dysgranular
lh,45127,eulaminate I,dysgranular
lh,45129,dysgranular,agranular
lh,45138,dysgranular,agranular
lh,45139,dysgranular,agranular
lh,45140,dysgranular,agranular
lh,45142,dysgranular,agranular
lh,46938,dysgranular,agranular
lh,46939,dysgranular,agranular
lh,46940,dysgranular,agranular
lh,46941,dysgranular,agranular
lh,46942,dysgranular,agranular
lh,49447,eulaminate I,dysgranular
lh,49448,eulaminate I,dysgranular
lh,49449,eulaminate I,dysgranular
lh,49450,eulaminate I,dysgranular
lh,49451,eulaminate I,dysgranular
lh,49452,eulaminate I,dysgranular
lh,49453,eulaminate I,dysgranular
lh,49454,eulaminate I,dysgranular
lh,49455,eulaminate I,dysgranular
lh,49456,eulaminate I,dysgranular
lh,49457,eulaminate I,dysgranular
lh,49463,eulaminate I,dysgranular
lh,49464,eulaminate I,dysgranular
lh,49465,eulaminate I,dysgranular
lh,49466,eulaminate I,dysgranular
lh,49467,eulaminate I,dysgranular
lh,49468,eulaminate I,dysgranular
lh,49469,eulaminate I,dysgranular
lh,49470,eulaminate I,dysgranular
lh,49472,dysgranular,agranular
lh,49473,dysgranular,agranular
lh,49474,eulaminate I,dysgranular
lh,49475,eulaminate I,dysgranular
lh,49476,eulaminate I,dysgranular
lh,49477,eulaminate I,dysgranular
lh,49478,eulaminate I,dysgranular
lh,49496,dysgranular,agranular
lh,49497,dysgranular,agranular
lh,49498,dysgranular,agranular
lh,49499,dysgranular,agranular
lh,49500,dysgranular,agranular
lh,49501,dysgranular,agranular
lh,49502,dysgranular,agranular
lh,49503,dysgranular,agranular
lh,49504,dysgranular,agranular
lh,49505,dysgranular,agranular
lh,49506,dysgranular,agranular
lh,49507,dysgranular,agranular
lh,51480,eulaminate I,dysgranular
lh,51481,eulaminate I,dysgranular
lh,51482,eulaminate I,dysgranular
lh,51483,eulaminate I,dysgranular
lh,51484,eulaminate I,dysgranular
lh,51485,eulaminate I,dysgranular
lh,51486,eulaminate I,dysgranular
lh,52765,dysgranular,agranular
lh,52766,dysgranular,agranular
lh,52767,dysgranular,agranular
lh,52768,dysgranular,agranular
lh,52769,dysgranular,agranular
lh,52777,dysgranular,agranular
lh,52781,dysgranular,agranular
lh,52782,dysgranular,agranular
lh,52783,dysgranular,agranular
lh,52784,dysgranular,agranular
lh,52785,dysgranular,agranular
lh,52786,dysgranular,agranular
lh,52787,dysgranular,agranular
lh,52788,dysgranular,agranular
lh,52789,dysgranular,agranular
lh,52790,dysgranular,agranular
lh,52791,dysgranular,agranular
lh,52792,dysgranular,agranular
lh,52793,dysgranular,agranular
lh,52794,dysgranular,agranular
lh,54720,eulaminate I,dysgranular
lh,54721,eulaminate I,dysgranular
lh,54722,eulaminate I,dysgranular
lh,54723,eulaminate I,dysgranular
lh,54724,eulaminate I,dysgranular
lh,54725,eulaminate I,dysgranular
lh,54726,eulaminate I,dysgranular
lh,54727,eulaminate I,dysgranular
lh,59043,eulaminate I,dysgranular
lh,59045,eulaminate I,dysgranular
lh,59046,eulaminate I,dysgranular
lh,59047,eulaminate I,dysgranular
lh,59048,eulaminate I,dysgranular
lh,59049,eulaminate I,dysgranular
lh,59050,eulaminate I,dysgranular
lh,59051,eulaminate I,dysgranular
lh,59052,eulaminate I,dysgranular
lh,59053,eulaminate I,dysgranular
lh,59054,eulaminate I,dysgranular
lh,59055,eulaminate I,dysgranular
lh,59056,eulaminate I,dysgranular
lh,59057,eulaminate I,dysgranular
lh,59058,eulaminate I,dysgranular
lh,59059,eulaminate I,dysgranular
lh,59060,eulaminate I,dysgranular
lh,59063,eulaminate I,dysgranular
lh,59064,eulaminate I,dysgranular
lh,59065,eulaminate I,dysgranular
lh,59066,eulaminate I,dysgranular
lh,59067,eulaminate I,dysgranular
lh,59068,eulaminate I,dysgranular
lh,59069,eulaminate I,dysgranular
lh,59070,eulaminate I,dysgranular
lh,59074,dysgranular,agranular
lh,59075,dysgranular,agranular
lh,59076,eulaminate I,agranular
lh,59077,eulaminate I,agranular
lh,59078,eulaminate I,agranular
lh,59079,eulaminate I,agranular
lh,59080,eulaminate I,agranular
lh,59081,dysgranular,agranular
lh,59082,dysgranular,agranular
lh,59083,dysgranular,agranular
lh,59085,dysgranular,agranular
lh,59086,dysgranular,agranular
lh,59087,dysgranular,agranular
lh,59088,dysgranular,agranular
lh,59089,dysgranular,agranular
lh,59090,dysgranular,agranular
lh,59091,dysgranular,agranular
lh,59092,dysgranular,agranular
lh,59096,dysgranular,agranular
lh,59097,dysgranular,agranular
lh,59098,dysgranular,agranular
lh,59099,dysgranular,agranular
lh,59100,dysgranular,agranular
lh,59101,dysgranular,agranular
lh,59102,dysgranular,agranular
lh,61080,eulaminate I,dysgranular
lh,61081,eulaminate I,dysgranular
lh,61082,eulaminate I,dysgranular
lh,61083,eulaminate I,dysgranular
lh,61084,eulaminate I,dysgranular
lh,61085,eulaminate I,dysgranular
lh,61086,eulaminate I,dysgranular
lh,62365,dysgranular,agranular
lh,62366,dysgranular,agranular
lh,62367,dysgranular,agranular
lh,62368,dysgranular,agranular
lh,62369,dysgranular,agranular
lh,62377,dysgranular,agranular
lh,62378,dysgranular,agranular
lh,62379,dysgranular,agranular
lh,62380,dysgranular,agranular
lh,62381,dysgranular,agranular
lh,62382,dysgranular,agranular
lh,62383,dysgranular,agranular
lh,62384,dysgranular,agranular
lh,62385,dysgranular,agranular
lh,62386,dysgranular,agranular
lh,62387,dysgranular,agranular
lh,62388,dysgranular,agranular
lh,62389,dysgranular,agranular
lh,62390,dysgranular,agranular
lh,62391,dysgranular,agranular
lh,62392,dysgranular,agranular
lh,62393,dysgranular,agranular
lh,62394,dysgranular,agranular
lh,62636,eulaminate I,dysgranular
lh,62637,eulaminate I,dysgranular
lh,62638,eulaminate I,dysgranular
lh,62640,eulaminate I,dysgranular
lh,62658,eulaminate I,dysgranular
lh,62659,eulaminate I,dysgranular
lh,62660,eulaminate I,dysgranular
lh,62661,eulaminate I,dysgranular
lh,62662,eulaminate I,dysgranular
lh,62663,eulaminate I,dysgranular
lh,62665,eulaminate I,dysgranular
lh,62666,eulaminate I,dysgranular
lh,62667,eulaminate I,dysgranular
lh,62668,eulaminate I,dysgranular
lh,62670,eulaminate I,dysgranular
lh,66240,eulaminate I,dysgranular
lh,66241,eulaminate I,dysgranular
lh,66242,eulaminate I,dysgranular
lh,66243,eulaminate I,dysgranular
lh,66244,eulaminate I,dysgranular
lh,66245,eulaminate I,dysgranular
lh,66246,eulaminate I,dysgranular
lh,66247,eulaminate I,dysgranular
lh,66248,eulaminate I,dysgranular
lh,66249,eulaminate I,dysgranular
lh,66250,eulaminate I,dysgranular
lh,66251,eulaminate I,dysgranular
lh,66252,eulaminate I,dysgranular
lh,66253,eulaminate I,dysgranular
lh,66254,eulaminate I,dysgranular
lh,66255,eulaminate I,dysgranular
lh,66256,eulaminate I,dysgranular
lh,66257,eulaminate I,dysgranular
lh,66258,eulaminate I,dysgranular
lh,66259,eulaminate I,dysgranular
lh,66260,eulaminate I,dysgranular
lh,66261,eulaminate I,dysgranular
lh,66262,eulaminate I,dysgranular
lh,66263,eulaminate I,agranular
lh,66264,eulaminate I,agranular
lh,66265,eulaminate I,agranular
lh,66267,dysgranular,agranular
lh,71640,eulaminate I,dysgranular
lh,71641,eulaminate I,dysgranular
lh,71642,eulaminate I,dysgranular
lh,71644,eulaminate I,dysgranular
lh,71645,eulaminate I,dysgranular
lh,71646,eulaminate I,dysgranular
lh,71647,eulaminate I,dysgranular
lh,71654,eulaminate I,dysgranular
lh,71655,eulaminate I,dysgranular
lh,71656,eulaminate I,dysgranular
lh,71657,eulaminate I,dysgranular
lh,71661,eulaminate I,dysgranular
lh,71686,eulaminate I,dysgranular
lh,71688,dysgranular,agranular
lh,71689,dysgranular,agranular
lh,71690,dysgranular,agranular
lh,71691,dysgranular,agranular
lh,71692,dysgranular,agranular
lh,71696,dysgranular,agranular
lh,71697,dysgranular,agranular
lh,71698,dysgranular,agranular
lh,71699,dysgranular,agranular
lh,71700,dysgranular,agranular
lh,71701,dysgranular,agranular
lh,71702,dysgranular,agranular
lh,71703,dysgranular,agranular
lh,74993,dysgranular,agranular
lh,74994,dysgranular,agranular
lh,74995,dysgranular,agranular
lh,74996,dysgranular,agranular
lh,74997,dysgranular,agranular
lh,75001,dysgranular,agranular
lh,75002,dysgranular,agranular
lh,79218,eulaminate I,dysgranular
lh,79219,eulaminate I,dysgranular
lh,79220,eulaminate I,dysgranular
lh,79221,eulaminate I,dysgranular
lh,79222,eulaminate I,dysgranular
lh,79223,eulaminate I,dysgranular
lh,79224,eulaminate I,dysgranular
lh,79225,eulaminate I,dysgranular
lh,79226,eulaminate I,dysgranular
lh,79227,eulaminate I,dysgranular
lh,79228,eulaminate I,dysgranular
lh,79229,eulaminate I,dysgranular
lh,79230,eulaminate I,dysgranular
lh,79231,eulaminate I,dysgranular
lh,79232,eulaminate I,dysgranular
lh,79233,eulaminate I,dysgranular
lh,79234,eulaminate I,dysgranular
lh,79235,eulaminate I,dysgranular
lh,79236,eulaminate I,dysgranular
lh,79237,eulaminate I,dysgranular
lh,79238,eulaminate I,dysgranular
lh,79239,eulaminate I,dysgranular
lh,79240,eulaminate I,dysgranular
lh,79241,eulaminate I,dysgranular
lh,79242,eulaminate I,dysgranular
lh,79243,eulaminate I,dysgranular
lh,79244,eulaminate I,dysgranular
lh,79245,eulaminate I,dysgranular
lh,79268,eulaminate I,dysgranular
lh,79269,eulaminate I,dysgranular
lh,79270,eulaminate I,dysgranular
lh,79271,eulaminate I,dysgranular
lh,79272,eulaminate I,dysgranular
lh,79273,eulaminate I,dysgranular
lh,79274,eulaminate I,dysgranular
lh,79275,eulaminate I,dysgranular
lh,79276,eulaminate I,dysgranular
lh,79277,eulaminate I,dysgranular
lh,79278,eulaminate I,dysgranular
lh,79279,eulaminate I,dysgranular
lh,79280,eulaminate I,dysgranular
lh,79281,eulaminate I,dysgranular
lh,79282,eulaminate I,dysgranular
lh,79283,eulaminate I,dysgranular
lh,79284,eulaminate I,dysgranular
lh,79285,eulaminate I,dysgranular
lh,79286,eulaminate I,dysgranular
lh,79287,eulaminate I,dysgranular
lh,79288,eulaminate I,dysgranular
lh,79289,eulaminate I,dysgranular
lh,79290,eulaminate I,dysgranular
lh,79291,eulaminate I,agranular
lh,79292,eulaminate I,dysgranular
lh,79293,eulaminate I,agranular
lh,79294,eulaminate I,agranular
lh,79295,eulaminate I,dysgranular
lh,79296,eulaminate I,dysgranular
lh,79297,eulaminate I,dysgranular
lh,79298,eulaminate I,dysgranular
lh,79299,eulaminate I,agranular
lh,79300,eulaminate I,agranular
lh,79301,eulaminate I,agranular
lh,79302,eulaminate I,dysgranular
lh,79303,eulaminate I,agranular
lh,79304,eulaminate I,dysgranular
lh,79305,eulaminate I,dysgranular
lh,79306,eulaminate I,dysgranular
lh,79307,eulaminate I,dysgranular
lh,79308,eulaminate I,dysgranular
lh,79309,eulaminate I,dysgranular
lh,79310,eulaminate I,dysgranular
lh,79311,eulaminate I,dysgranular
lh,79312,eulaminate I,dysgranular
lh,79313,eulaminate I,dysgranular
lh,79314,eulaminate I,dysgranular
lh,79315,eulaminate I,dysgranular
lh,79361,dysgranular,agranular
lh,79362,dysgranular,agranular
lh,79363,dysgranular,agranular
lh,79364,dysgranular,agranular
lh,79365,dysgranular,agranular
lh,79366,dysgranular,agranular
lh,79367,dysgranular,agranular
lh,79368,dysgranular,agranular
lh,79369,dysgranular,agranular
lh,79370,dysgranular,agranular
lh,79371,dysgranular,agranular
lh,79372,dysgranular,agranular
lh,79373,dysgranular,agranular
lh,79388,dysgranular,agranular
lh,79389,dysgranular,agranular
lh,79390,dysgranular,agranular
lh,79391,dysgranular,agranular
lh,79392,dysgranular,agranular
lh,79393,dysgranular,agranular
lh,79398,dysgranular,agranular
lh,85320,eulaminate I,dysgranular
lh,85321,eulaminate I,dysgranular
lh,85322,eulaminate I,dysgranular
lh,85323,eulaminate I,dysgranular
lh,85324,eulaminate I,dysgranular
lh,85325,eulaminate I,dysgranular
lh,85326,eulaminate I,dysgranular
lh,85327,eulaminate I,dysgranular
lh,85328,eulaminate I,dysgranular
lh,85329,eulaminate I,dysgranular
lh,85330,eulaminate I,dysgranular
lh,85331,eulaminate I,dysgranular
lh,85332,eulaminate I,dysgranular
lh,85333,eulaminate I,dysgranular
lh,85334,eulaminate I,dysgranular
lh,85335,eulaminate I,dysgranular
lh,85336,eulaminate I,dysgranular
lh,85337,eulaminate I,dysgranular
lh,85338,eulaminate I,dysgranular
lh,85339,eulaminate I,dysgranular
lh,85340,eulaminate I,dysgranular
lh,85341,eulaminate I,dysgranular
lh,85388,eulaminate I,dysgranular
lh,85393,eulaminate I,dysgranular
lh,85401,eulaminate I,dysgranular
lh,85402,eulaminate I,dysgranular
lh,85403,eulaminate I,dysgranular
lh,85404,eulaminate I,dysgranular
lh,85405,eulaminate I,dysgranular
lh,85406,eulaminate I,dysgranular
lh,85407,eulaminate I,dysgranular
lh,85408,eulaminate I,dysgranular
lh,85409,eulaminate I,dysgranular
lh,85410,eulaminate I,dysgranular
lh,89174,dysgranular,agranular
lh,89175,dysgranular,agranular
lh,89176,dysgranular,agranular
lh,89177,dysgranular,agranular
lh,89178,dysgranular,agranular
lh,89179,dysgranular,agranular
lh,89180,dysgranular,agranular
lh,89181,dysgranular,agranular
lh,89182,dysgranular,agranular
lh,89183,dysgranular,agranular
lh,89184,dysgranular,agranular
lh,89185,dysgranular,agranular
lh,89186,dysgranular,agranular
lh,89187,dysgranular,agranular
lh,89188,dysgranular,agranular
lh,89189,dysgranular,agranular
lh,89212,dysgranular,agranular
lh,89213,dysgranular,agranular
lh,89214,dysgranular,agranular
lh,89215,dysgranular,agranular
lh,89216,dysgranular,agranular
lh,89217,dysgranular,agranular
lh,89218,dysgranular,agranular
lh,89219,dysgranular,agranular
lh,89220,dysgranular,agranular
lh,89223,dysgranular,agranular
lh,89224,dysgranular,agranular
lh,89225,dysgranular,agranular
lh,89226,dysgranular,agranular
lh,89227,dysgranular,agranular
lh,89228,dysgranular,agranular
lh,89229,dysgranular,agranular
lh,89230,dysgranular,agranular
lh,89231,dysgranular,agranular
lh,89232,dysgranular,agranular
lh,89233,dysgranular,agranular
lh,89234,dysgranular,agranular
lh,89235,dysgranular,agranular
lh,89236,dysgranular,agranular
lh,89237,dysgranular,agranular
lh,89238,dysgranular,agranular
lh,89239,dysgranular,agranular
lh,89240,dysgranular,agranular
lh,89241,dysgranular,agranular
lh,89242,dysgranular,agranular
lh,89243,dysgranular,agranular
lh,89244,dysgranular,agranular
lh,89245,dysgranular,agranular
lh,89246,dysgranular,agranular
lh,89247,dysgranular,agranular
lh,89248,dysgranular,agranular
lh,89249,dysgranular,agranular
lh,89250,dysgranular,agranular
lh,89251,dysgranular,agranular
lh,89252,dysgranular,agranular
lh,89253,dysgranular,agranular
lh,89254,dysgranular,agranular
lh,89255,dysgranular,agranular
lh,89256,dysgranular,agranular
lh,89257,dysgranular,agranular
lh,89258,dysgranular,agranular
lh,89259,dysgranular,agranular
lh,89260,dysgranular,agranular
lh,89261,dysgranular,agranular
lh,89262,dysgranular,agranular
lh,89263,dysgranular,agranular
lh,89264,dysgranular,agranular
lh,89265,dysgranular,agranular
lh,89266,dysgranular,agranular
lh,89267,dysgranular,agranular
lh,89268,dysgranular,agranular
lh,89269,dysgranular,agranular
lh,89270,dysgranular,agranular
lh,89271,dysgranular,agranular
lh,89272,dysgranular,agranular
lh,89273,dysgranular,agranular
lh,89274,dysgranular,agranular
lh,89318,dysgranular,agranular
lh,90051,eulaminate I,dysgranular
lh,90052,eulaminate I,dysgranular
lh,90056,eulaminate I,dysgranular
lh,92736,eulaminate I,dysgranular
lh,92737,eulaminate I,dysgranular
lh,92738,eulaminate I,dysgranular
lh,92739,eulaminate I,dysgranular
lh,92740,eulaminate I,dysgranular
lh,95332,eulaminate I,dysgranular
lh,95333,eulaminate I,dysgranular
lh,95334,eulaminate I,dysgranular
lh,95335,eulaminate I,dysgranular
lh,95336,eulaminate I,dysgranular
lh,95337,eulaminate I,dysgranular
lh,95338,eulaminate I,dysgranular
lh,95339,eulaminate I,dysgranular
lh,95340,eulaminate I,dysgranular
lh,95341,eulaminate I,dysgranular
lh,95342,eulaminate I,dysgranular
lh,95343,eulaminate I,dysgranular
lh,95344,eulaminate I,dysgranular
lh,95345,eulaminate I,dysgranular
lh,95346,eulaminate I,dysgranular
lh,95350,dysgranular,agranular
lh,95351,dysgranular,agranular
lh,95352,dysgranular,agranular
lh,95353,dysgranular,agranular
lh,95354,dysgranular,agranular
lh,95355,dysgranular,agranular
lh,95356,dysgranular,agranular
lh,95357,dysgranular,agranular
lh,95358,dysgranular,agranular
lh,95359,dysgranular,agranular
lh,96551,eulaminate I,dysgranular
lh,96552,eulaminate I,dysgranular
lh,96553,eulaminate I,dysgranular
lh,96554,eulaminate I,dysgranular
lh,96555,eulaminate I,dysgranular
lh,97324,dysgranular,agranular
lh,97325,dysgranular,agranular
lh,97330,dysgranular,agranular
lh,97332,dysgranular,agranular
lh,97333,dysgranular,agranular
lh,97334,dysgranular,agranular
lh,97335,dysgranular,agranular
lh,97336,dysgranular,agranular
lh,97337,dysgranular,agranular
lh,97338,dysgranular,agranular
lh,97339,dysgranular,agranular
lh,97485,eulaminate I,dysgranular
lh,97499,eulaminate I,dysgranular
lh,97500,eulaminate I,dysgranular
lh,97501,eulaminate I,dysgranular
lh,97502,eulaminate I,dysgranular
lh,97503,eulaminate I,dysgranular
lh,97504,eulaminate I,dysgranular
lh,97505,eulaminate I,dysgranular
lh,97506,eulaminate I,dysgranular
lh,99648,eulaminate I,dysgranular
lh,99649,eulaminate I,dysgranular
lh,99650,eulaminate I,dysgranular
lh,99651,eulaminate I,dysgranular
lh,99652,eulaminate I,dysgranular
lh,99653,eulaminate I,dysgranular
lh,99654,eulaminate I,dysgranular
lh,99655,eulaminate I,dysgranular
lh,99656,eulaminate I,dysgranular
lh,99657,eulaminate I,dysgranular
lh,99658,eulaminate I,dysgranular
lh,99659,eulaminate I,dysgranular
lh,99660,eulaminate I,dysgranular
lh,99661,eulaminate I,dysgranular
lh,99662,eulaminate I,agranular
lh,99663,eulaminate I,agranular
lh,99664,dysgranular,agranular
lh,99665,dysgranular,agranular
lh,99682,dysgranular,agranular
lh,102920,dysgranular,agranular
lh,102921,dysgranular,agranular
lh,102922,dysgranular,agranular
lh,102923,dysgranular,agranular
lh,102924,dysgranular,agranular
lh,102925,dysgranular,agranular
lh,102926,dysgranular,agranular
lh,102927,dysgranular,agranular
lh,102928,dysgranular,agranular
lh,104900,dysgranular,agranular
lh,104902,dysgranular,agranular
lh,104903,dysgranular,agranular
lh,104904,dysgranular,agranular
lh,104905,dysgranular,agranular
lh,107436,eulaminate I,dysgranular
lh,107437,eulaminate I,dysgranular
lh,107438,eulaminate I,dysgranular
lh,107439,eulaminate I,dysgranular
lh,107440,eulaminate I,dysgranular
lh,107441,eulaminate I,dysgranular
lh,107442,eulaminate I,dysgranular
lh,107443,eulaminate I,dysgranular
lh,107444,eulaminate I,dysgranular
lh,107445,eulaminate I,dysgranular
lh,107446,eulaminate I,dysgranular
lh,107447,eulaminate I,dysgranular
lh,107448,eulaminate I,dysgranular
lh,107449,eulaminate I,dysgranular
lh,107450,eulaminate I,dysgranular
lh,107451,eulaminate I,dysgranular
lh,107452,eulaminate I,dysgranular
lh,107453,eulaminate I,dysgranular
lh,107465,eulaminate I,dysgranular
lh,107466,eulaminate I,dysgranular
lh,107467,eulaminate I,dysgranular
lh,107468,eulaminate I,dysgranular
lh,107469,eulaminate I,dysgranular
lh,107470,eulaminate I,dysgranular
lh,107471,eulaminate I,dysgranular
lh,107472,eulaminate I,dysgranular
lh,107473,eulaminate I,dysgranular
lh,107474,eulaminate I,dysgranular
lh,107475,eulaminate I,dysgranular
lh,107476,eulaminate I,dysgranular
lh,107477,eulaminate I,dysgranular
lh,107478,eulaminate I,dysgranular
lh,107479,eulaminate I,agranular
lh,107480,eulaminate I,agranular
lh,107481,eulaminate I,agranular
lh,107482,eulaminate I,agranular
lh,107483,eulaminate I,agranular
lh,107484,eulaminate I,agranular
lh,107485,eulaminate I,agranular
lh,107486,eulaminate I,agranular
lh,107487,eulaminate I,dysgranular
lh,107488,eulaminate I,dysgranular
lh,107489,eulaminate I,dysgranular
lh,107490,eulaminate I,dysgranular
lh,107491,eulaminate I,dysgranular
lh,107492,eulaminate I,dysgranular
lh,107493,eulaminate I,dysgranular
lh,107494,eulaminate I,dysgranular
lh,107522,dysgranular,agranular
lh,107523,dysgranular,agranular
lh,107524,dysgranular,agranular
lh,107525,dysgranular,agranular
lh,107526,dysgranular,agranular
lh,107527,dysgranular,agranular
lh,107528,dysgranular,agranular
lh,107536,dysgranular,agranular
lh,107537,dysgranular,agranular
lh,107538,dysgranular,agranular
lh,107539,dysgranular,agranular
lh,107540,dysgranular,agranular
lh,107541,dysgranular,agranular
lh,107542,dysgranular,agranular
lh,107543,dysgranular,agranular
lh,107544,dysgranular,agranular
lh,107545,dysgranular,agranular
lh,111096,eulaminate I,dysgranular
lh,111097,eulaminate I,dysgranular
lh,111098,eulaminate I,dysgranular
lh,111099,eulaminate I,dysgranular
lh,111100,eulaminate I,dysgranular
lh,111101,eulaminate I,dysgranular
lh,111102,eulaminate I,dysgranular
lh,111103,eulaminate I,dysgranular
lh,111104,eulaminate I,dysgranular
lh,111105,eulaminate I,dysgranular
lh,111106,eulaminate I,dysgranular
lh,111107,eulaminate I,dysgranular
lh,111108,eulaminate I,dysgranular
lh,113409,dysgranular,agranular
lh,113410,dysgranular,agranular
lh,113411,dysgranular,agranular
lh,113412,dysgranular,agranular
lh,113413,dysgranular,agranular
lh,113414,dysgranular,agranular
lh,113415,dysgranular,agranular
lh,113416,dysgranular,agranular
lh,113417,dysgranular,agranular
lh,113431,dysgranular,agranular
lh,113433,dysgranular,agranular
lh,113435,dysgranular,agranular
lh,113436,dysgranular,agranular
lh,113437,dysgranular,agranular
lh,113438,dysgranular,agranular
lh,113439,dysgranular,agranular
lh,113440,dysgranular,agranular
lh,113441,dysgranular,agranular
lh,113442,dysgranular,agranular
lh,113443,dysgranular,agranular
lh,113444,dysgranular,agranular
lh,113445,dysgranular,agranular
lh,113446,dysgranular,agranular
lh,113447,dysgranular,agranular
lh,113448,dysgranular,agranular
lh,113449,dysgranular,agranular
lh,113450,dysgranular,agranular
lh,113451,dysgranular,agranular
lh,113452,dysgranular,agranular
lh,113453,dysgranular,agranular
lh,113454,dysgranular,agranular
lh,113455,dysgranular,agranular
lh,113456,dysgranular,agranular
lh,113457,dysgranular,agranular
lh,113458,dysgranular,agranular
lh,113459,dysgranular,agranular
lh,113460,dysgranular,agranular
lh,113461,dysgranular,agranular
lh,113462,dysgranular,agranular
lh,113464,dysgranular,agranular
lh,113465,dysgranular,agranular
lh,113466,dysgranular,agranular
lh,113467,dysgranular,agranular
lh,113468,dysgranular,agranular
lh,113469,dysgranular,agranular
lh,116544,eulaminate I,dysgranular
lh,116545,eulaminate I,dysgranular
lh,116546,eulaminate I,dysgranular
lh,116547,eulaminate I,dysgranular
lh,116548,eulaminate I,dysgranular
lh,116549,eulaminate I,dysgranular
lh,116550,eulaminate I,dysgranular
lh,116551,eulaminate I,dysgranular
lh,116552,eulaminate I,dysgranular
lh,116553,eulaminate I,dysgranular
lh,116554,eulaminate I,dysgranular
lh,116575,dysgranular,agranular
lh,119094,dysgranular,agranular
lh,119095,dysgranular,agranular
lh,120636,dysgranular,agranular
lh,122601,eulaminate I,dysgranular
lh,122602,eulaminate I,dysgranular
lh,122603,eulaminate I,dysgranular
lh,122604,eulaminate I,dysgranular
lh,122605,eulaminate I,dysgranular
lh,122606,eulaminate I,dysgranular
lh,122607,eulaminate I,dysgranular
lh,122608,eulaminate I,dysgranular
lh,122609,eulaminate I,dysgranular
lh,122610,eulaminate I,dysgranular
lh,122611,eulaminate I,dysgranular
lh,122612,eulaminate I,dysgranular
lh,122613,eulaminate I,dysgranular
lh,122614,eulaminate I,dysgranular
lh,122615,eulaminate I,dysgranular
lh,122616,eulaminate I,dysgranular
lh,122617,eulaminate I,dysgranular
lh,122618,eulaminate I,dysgranular
lh,122619,eulaminate I,dysgranular
lh,122624,eulaminate I,dysgranular
lh,122625,eulaminate I,dysgranular
lh,122626,eulaminate I,dysgranular
lh,122627,eulaminate I,dysgranular
lh,122628,eulaminate I,dysgranular
lh,122629,eulaminate I,dysgranular
lh,122630,eulaminate I,dysgranular
lh,122631,eulaminate I,dysgranular
lh,122632,eulaminate I,dysgranular
lh,122633,eulaminate I,dysgranular
lh,122634,eulaminate I,dysgranular
lh,122636,dysgranular,agranular
lh,122638,dysgranular,agranular
lh,122639,dysgranular,agranular
lh,122641,dysgranular,agranular
lh,122642,eulaminate I,agranular
lh,122643,eulaminate I,agranular
lh,122644,eulaminate I,agranular
lh,122645,eulaminate I,dysgranular
lh,122647,eulaminate I,dysgranular
lh,122650,dysgranular,agranular
lh,122660,dysgranular,agranular
lh,122661,dysgranular,agranular
lh,122663,dysgranular,agranular
lh,122664,dysgranular,agranular
lh,122665,dysgranular,agranular
lh,122669,dysgranular,agranular
lh,122670,dysgranular,agranular
lh,122671,dysgranular,agranular
lh,122672,dysgranular,agranular
lh,122673,dysgranular,agranular
lh,122674,dysgranular,agranular
lh,122675,dysgranular,agranular
lh,122676,dysgranular,agranular
lh,122677,dysgranular,agranular
lh,122678,dysgranular,agranular
lh,122679,dysgranular,agranular
lh,122680,dysgranular,agranular
lh,122681,dysgranular,agranular
lh,122682,dysgranular,agranular
lh,122683,dysgranular,agranular
lh,122686,dysgranular,agranular
lh,125448,eulaminate I,dysgranular
lh,125449,eulaminate I,dysgranular
lh,125450,eulaminate I,dysgranular
lh,125451,eulaminate I,dysgranular
lh,125452,eulaminate I,dysgranular
lh,125453,eulaminate I,dysgranular
lh,125454,eulaminate I,dysgranular
lh,125455,eulaminate I,dysgranular
lh,125456,eulaminate I,dysgranular
lh,125457,eulaminate I,dysgranular
lh,127246,dysgranular,agranular
lh,127247,dysgranular,agranular
lh,127248,dysgranular,agranular
lh,127249,dysgranular,agranular
lh,127250,dysgranular,agranular
lh,127251,dysgranular,agranular
lh,127252,dysgranular,agranular
lh,127253,dysgranular,agranular
lh,127264,dysgranular,agranular
lh,127269,dysgranular,agranular
lh,127270,dysgranular,agranular
lh,127271,dysgranular,agranular
lh,127272,dysgranular,agranular
lh,127273,dysgranular,agranular
lh,127274,dysgranular,agranular
lh,127275,dysgranular,agranular
lh,127276,dysgranular,agranular
lh,127277,dysgranular,agranular
lh,127278,dysgranular,agranular
lh,127279,dysgranular,agranular
lh,127280,dysgranular,agranular
lh,127281,dysgranular,agranular
lh,127282,dysgranular,agranular
lh,127283,dysgranular,agranular
lh,127284,dysgranular,agranular
lh,127285,dysgranular,agranular
lh,127286,dysgranular,agranular
lh,127287,dysgranular,agranular
lh,127288,dysgranular,agranular
lh,127289,dysgranular,agranular
lh,127290,dysgranular,agranular
lh,127627,eulaminate I,dysgranular
lh,127658,eulaminate I,dysgranular
lh,127659,eulaminate I,dysgranular
lh,127660,eulaminate I,dysgranular
lh,127661,eulaminate I,dysgranular
lh,127662,eulaminate I,dysgranular
lh,127669,eulaminate I,dysgranular
lh,132288,eulaminate I,dysgranular
lh,132289,eulaminate I,dysgranular
lh,132290,eulaminate I,dysgranular
lh,132291,eulaminate I,dysgranular
lh,132292,eulaminate I,dysgranular
lh,132293,eulaminate I,dysgranular
lh,132294,eulaminate I,dysgranular
lh,132295,eulaminate I,dysgranular
lh,132296,eulaminate I,dysgranular
lh,132297,eulaminate I,dysgranular
lh,132298,eulaminate I,dysgranular
lh,132299,eulaminate I,dysgranular
lh,132300,eulaminate I,dysgranular
lh,132301,eulaminate I,dysgranular
lh,132302,eulaminate I,dysgranular
lh,132303,eulaminate I,dysgranular
lh,132304,eulaminate I,dysgranular
lh,132305,eulaminate I,dysgranular
lh,132306,eulaminate I,dysgranular
lh,132307,eulaminate I,dysgranular
lh,132308,eulaminate I,dysgranular
lh,132309,eulaminate I,dysgranular
lh,132310,eulaminate I,dysgranular
lh,132311,eulaminate I,dysgranular
lh,132312,eulaminate I,dysgranular
lh,132313,eulaminate I,dysgranular
lh,132314,eulaminate I,dysgranular
lh,132315,eulaminate I,dysgranular
lh,132316,eulaminate I,dysgranular
lh,132317,eulaminate I,dysgranular
lh,132318,eulaminate I,dysgranular
lh,132319,eulaminate I,dysgranular
lh,132320,eulaminate I,agranular
lh,132321,eulaminate I,agranular
lh,132322,eulaminate I,agranular
lh,132323,eulaminate I,agranular
lh,132324,eulaminate I,agranular
lh,132325,dysgranular,agranular
lh,134880,eulaminate I,dysgranular
lh,136506,dysgranular,agranular
lh,136507,dysgranular,agranular
lh,136508,dysgranular,agranular
lh,136509,dysgranular,agranular
lh,136526,dysgranular,agranular
lh,136527,dysgranular,agranular
lh,139080,eulaminate I,dysgranular
lh,139081,eulaminate I,dysgranular
lh,139082,eulaminate I,dysgranular
lh,139083,eulaminate I,dysgranular
lh,139084,eulaminate I,dysgranular
lh,139085,eulaminate I,dysgranular
lh,139086,eulaminate I,dysgranular
lh,139087,eulaminate I,dysgranular
lh,139088,eulaminate I,dysgranular
lh,139089,eulaminate I,dysgranular
lh,139090,eulaminate I,dysgranular
lh,139097,eulaminate I,dysgranular
lh,139098,eulaminate I,dysgranular
lh,139099,eulaminate I,dysgranular
lh,139100,eulaminate I,dysgranular
lh,139101,eulaminate I,dysgranular
lh,139102,eulaminate I,dysgranular
lh,139103,eulaminate I,dysgranular
lh,139104,eulaminate I,dysgranular
lh,139105,eulaminate I,dysgranular
lh,139106,eulaminate I,dysgranular
lh,139107,eulaminate I,dysgranular
lh,139108,eulaminate I,dysgranular
lh,139134,eulaminate I,dysgranular
lh,139135,eulaminate I,dysgranular
lh,139136,eulaminate I,dysgranular
lh,139137,eulaminate I,dysgranular
lh,139138,eulaminate I,agranular
lh,139140,eulaminate I,agranular
lh,139141,eulaminate I,agranular
lh,139142,eulaminate I,agranular
lh,139143,dysgranular,agranular
lh,139147,dysgranular,agranular
lh,139148,dysgranular,agranular
lh,139149,dysgranular,agranular
lh,139150,dysgranular,agranular
lh,139151,dysgranular,agranular
lh,139152,dysgranular,agranular
lh,143178,dysgranular,agranular
lh,143179,dysgranular,agranular
lh,143181,dysgranular,agranular
lh,143182,dysgranular,agranular
lh,143188,dysgranular,agranular
lh,143189,dysgranular,agranular
lh,143190,dysgranular,agranular
lh,143191,dysgranular,agranular
lh,143192,dysgranular,agranular
lh,148298,eulaminate I,dysgranular
lh,148299,eulaminate I,dysgranular
lh,148300,eulaminate I,dysgranular
lh,148301,eulaminate I,dysgranular
lh,148302,eulaminate I,dysgranular
lh,148303,eulaminate I,dysgranular
lh,148304,eulaminate I,dysgranular
lh,148305,eulaminate I,dysgranular
lh,148306,eulaminate I,dysgranular
lh,148307,eulaminate I,dysgranular
lh,148308,eulaminate I,dysgranular
lh,148309,eulaminate I,dysgranular
lh,148310,eulaminate I,dysgranular
lh,148311,eulaminate I,dysgranular
lh,148312,eulaminate I,dysgranular
lh,148313,eulaminate I,dysgranular
lh,148314,eulaminate I,dysgranular
lh,148315,eulaminate I,dysgranular
lh,148316,eulaminate I,dysgranular
lh,148317,eulaminate I,dysgranular
lh,148318,eulaminate I,dysgranular
lh,148319,eulaminate I,dysgranular
lh,148320,eulaminate I,dysgranular
lh,148321,eulaminate I,dysgranular
lh,148322,eulaminate I,dysgranular
lh,148323,eulaminate I,dysgranular
lh,148324,eulaminate I,dysgranular
lh,148325,eulaminate I,dysgranular
lh,148326,eulaminate I,dysgranular
lh,148327,eulaminate I,dysgranular
lh,148337,eulaminate I,dysgranular
lh,148355,eulaminate I,dysgranular
lh,148356,eulaminate I,dysgranular
lh,148357,eulaminate I,dysgranular
lh,148358,eulaminate I,dysgranular
lh,148359,eulaminate I,dysgranular
lh,148360,eulaminate I,dysgranular
lh,148361,eulaminate I,dysgranular
lh,148362,eulaminate I,dysgranular
lh,148363,eulaminate I,dysgranular
lh,148364,eulaminate I,dysgranular
lh,148365,eulaminate I,dysgranular
lh,148366,eulaminate I,dysgranular
lh,148367,eulaminate I,dysgranular
lh,148368,eulaminate I,dysgranular
lh,148369,eulaminate I,dysgranular
lh,148370,eulaminate I,dysgranular
lh,148371,eulaminate I,dysgranular
lh,148372,eulaminate I,dysgranular
lh,148373,eulaminate I,dysgranular
lh,148374,eulaminate I,dysgranular
lh,148375,eulaminate I,dysgranular
lh,148376,eulaminate I,dysgranular
lh,148377,eulaminate I,dysgranular
lh,148378,eulaminate I,dysgranular
lh,148379,eulaminate I,dysgranular
lh,148380,eulaminate I,dysgranular
lh,148381,eulaminate I,dysgranular
lh,148382,eulaminate I,dysgranular
lh,148383,eulaminate I,dysgranular
lh,148384,eulaminate I,dysgranular
lh,148385,eulaminate I,dysgranular
lh,148386,eulaminate I,dysgranular
lh,148387,eulaminate I,dysgranular
lh,148388,eulaminate I,dysgranular
lh,148389,eulaminate I,dysgranular
lh,148390,eulaminate I,dysgranular
lh,148391,eulaminate I,agranular
lh,148392,eulaminate I,agranular
lh,148393,eulaminate I,agranular
lh,148394,eulaminate I,agranular
lh,148395,eulaminate I,agranular
lh,148396,eulaminate I,dysgranular
lh,148397,eulaminate I,dysgranular
lh,148398,eulaminate I,dysgranular
lh,148399,eulaminate I,dysgranular
lh,148400,eulaminate I,dysgranular
lh,148401,eulaminate I,dysgranular
lh,148402,eulaminate I,dysgranular
lh,148403,eulaminate I,dysgranular
lh,148404,eulaminate I,dysgranular
lh,148405,eulaminate I,dysgranular
lh,148406,eulaminate I,dysgranular
lh,148407,eulaminate I,dysgranular
lh,148408,eulaminate I,dysgranular
lh,148409,eulaminate I,dysgranular
lh,148410,eulaminate I,dysgranular
lh,148411,eulaminate I,dysgranular
lh,148412,eulaminate I,dysgranular
lh,148413,eulaminate I,dysgranular
lh,148464,dysgranular,agranular
lh,148465,dysgranular,agranular
lh,148466,dysgranular,agranular
lh,148467,dysgranular,agranular
lh,148468,dysgranular,agranular
lh,148469,dysgranular,agranular
lh,148470,dysgranular,agranular
lh,148471,dysgranular,agranular
lh,148472,dysgranular,agranular
lh,148473,dysgranular,agranular
lh,148474,dysgranular,agranular
lh,148475,dysgranular,agranular
lh,148476,dysgranular,agranular
lh,148477,dysgranular,agranular
lh,148478,dysgranular,agranular
lh,148479,dysgranular,agranular
lh,148480,dysgranular,agranular
lh,148499,dysgranular,agranular
lh,148500,dysgranular,agranular
lh,148501,dysgranular,agranular
lh,148502,dysgranular,agranular
lh,148503,dysgranular,agranular
lh,155633,eulaminate I,dysgranular
lh,155634,eulaminate I,dysgranular
lh,155635,eulaminate I,dysgranular
lh,155636,eulaminate I,dysgranular
lh,155637,eulaminate I,dysgranular
lh,155638,eulaminate I,dysgranular
lh,155639,eulaminate I,dysgranular
lh,155640,eulaminate I,dysgranular
lh,155641,eulaminate I,dysgranular
lh,155642,eulaminate I,dysgranular
lh,155643,eulaminate I,dysgranular
lh,155644,eulaminate I,dysgranular
lh,155645,eulaminate I,dysgranular
lh,155646,eulaminate I,dysgranular
lh,155647,eulaminate I,dysgranular
lh,155648,eulaminate I,dysgranular
lh,155649,eulaminate I,dysgranular
lh,155650,eulaminate I,dysgranular
lh,155651,eulaminate I,dysgranular
lh,155652,eulaminate I,dysgranular
lh,155653,eulaminate I,dysgranular
lh,155654,eulaminate I,dysgranular
lh,155655,eulaminate I,dysgranular
lh,155656,eulaminate I,dysgranular
lh,155657,eulaminate I,dysgranular
lh,155658,eulaminate I,dysgranular
lh,155659,eulaminate I,dysgranular
lh,155686,eulaminate I,dysgranular
lh,155713,eulaminate I,dysgranular
lh,155714,eulaminate I,dysgranular
lh,155715,eulaminate I,dysgranular
lh,155716,eulaminate I,dysgranular
lh,155718,eulaminate I,dysgranular
lh,155719,eulaminate I,dysgranular
lh,155720,eulaminate I,dysgranular
lh,155721,eulaminate I,dysgranular
lh,155722,eulaminate I,dysgranular
lh,155729,eulaminate I,dysgranular
lh,155730,eulaminate I,dysgranular
lh,155731,eulaminate I,dysgranular
lh,155732,eulaminate I,dysgranular
lh,155733,eulaminate I,dysgranular
lh,155734,eulaminate I,dysgranular
lh,155735,eulaminate I,dysgranular
lh,155736,eulaminate I,dysgranular
lh,155737,eulaminate I,dysgranular
lh,155738,eulaminate I,dysgranular
lh,155739,eulaminate I,dysgranular
lh,155740,eulaminate I,dysgranular
lh,155741,eulaminate I,dysgranular
lh,155742,eulaminate I,dysgranular
lh,160258,dysgranular,agranular
lh,160259,dysgranular,agranular
lh,160262,dysgranular,agranular
lh,160263,dysgranular,agranular
lh,160264,dysgranular,agranular
lh,160265,dysgranular,agranular
lh,160266,dysgranular,agranular
lh,160267,dysgranular,agranular
lh,160268,dysgranular,agranular
lh,160269,dysgranular,agranular
lh,160270,dysgranular,agranular
lh,160271,dysgranular,agranular
lh,160272,dysgranular,agranular
lh,160273,dysgranular,agranular
lh,160274,dysgranular,agranular
lh,160275,dysgranular,agranular
lh,160304,dysgranular,agranular
lh,160305,dysgranular,agranular
lh,160306,dysgranular,agranular
lh,160307,dysgranular,agranular
lh,160308,dysgranular,agranular
lh,160309,dysgranular,agranular
lh,160310,dysgranular,agranular
lh,160311,dysgranular,agranular
lh,160312,dysgranular,agranular
lh,160313,dysgranular,agranular
lh,160315,dysgranular,agranular
lh,160316,dysgranular,agranular
lh,160317,dysgranular,agranular
lh,160318,dysgranular,agranular
lh,160319,dysgranular,agranular
lh,160320,dysgranular,agranular
lh,160321,dysgranular,agranular
lh,160322,dysgranular,agranular
lh,160323,dysgranular,agranular
lh,160324,dysgranular,agranular
lh,160325,dysgranular,agranular
lh,160326,dysgranular,agranular
lh,160327,dysgranular,agranular
lh,160328,dysgranular,agranular
lh,160329,dysgranular,agranular
lh,160330,dysgranular,agranular
lh,160331,dysgranular,agranular
lh,160332,dysgranular,agranular
lh,160333,dysgranular,agranular
lh,160334,dysgranular,agranular
lh,160335,dysgranular,agranular
lh,160336,dysgranular,agranular
lh,160337,dysgranular,agranular
lh,160338,dysgranular,agranular
lh,160339,dysgranular,agranular
lh,160340,dysgranular,agranular
lh,160341,dysgranular,agranular
lh,160342,dysgranular,agranular
lh,160343,dysgranular,agranular
lh,160344,dysgranular,agranular
lh,160345,dysgranular,agranular
lh,160346,dysgranular,agranular
lh,160347,dysgranular,agranular
lh,160348,dysgranular,agranular
lh,160349,dysgranular,agranular
lh,160350,dysgranular,agranular
lh,160351,dysgranular,agranular
lh,160352,dysgranular,agranular
lh,160353,dysgranular,agranular
lh,160354,dysgranular,agranular
lh,160355,dysgranular,agranular
lh,160356,dysgranular,agranular
lh,160362,dysgranular,agranular
lh,160366,dysgranular,agranular
lh,160367,dysgranular,agranular
lh,160368,dysgranular,agranular
lh,160369,dysgranular,agranular
lh,160370,dysgranular,agranular
lh,160371,dysgranular,agranular
lh,160372,dysgranular,agranular
lh,160373,dysgranular,agranular
lh,160374,dysgranular,agranular
lh,160375,dysgranular,agranular
lh,160376,dysgranular,agranular
lh,160377,dysgranular,agranular
lh,160421,dysgranular,agranular
lh,160430,dysgranular,agranular
lh,160431,dysgranular,agranular
lh,160432,dysgranular,agranular
lh,160433,dysgranular,agranular
lh,160436,dysgranular,agranular
lh,161310,eulaminate I,dysgranular
lh,161311,eulaminate I,dysgranular
rh,78,eulaminate I,agranular
rh,198,eulaminate I,dysgranular
rh,291,eulaminate I,dysgranular
rh,324,dysgranular,agranular
rh,428,dysgranular,agranular
rh,429,eulaminate I,dysgranular
rh,430,eulaminate I,dysgranular
rh,956,eulaminate I,dysgranular
rh,958,eulaminate I,dysgranular
rh,1196,eulaminate I,dysgranular
rh,1198,eulaminate I,dysgranular
rh,1328,dysgranular,agranular
rh,1330,dysgranular,agranular
rh,1339,dysgranular,agranular
rh,1340,dysgranular,agranular
rh,1508,eulaminate I,dysgranular
rh,1652,eulaminate I,dysgranular
rh,1677,eulaminate I,dysgranular
rh,1735,dysgranular,agranular
rh,1736,dysgranular,agranular
rh,1737,dysgranular,agranular
rh,1738,dysgranular,agranular
rh,1960,eulaminate I,dysgranular
rh,1961,eulaminate I,agranular
rh,1962,eulaminate I,dysgranular
rh,1963,eulaminate I,dysgranular
rh,1964,eulaminate I,dysgranular
rh,1966,eulaminate I,dysgranular
rh,1967,eulaminate I,dysgranular
rh,2266,eulaminate I,dysgranular
rh,2436,dysgranular,agranular
rh,2437,dysgranular,agranular
rh,2439,dysgranular,agranular
rh,2440,dysgranular,agranular
rh,2544,eulaminate I,dysgranular
rh,3154,eulaminate I,dysgranular
rh,3255,eulaminate I,agranular
rh,3257,eulaminate I,agranular
rh,3472,eulaminate I,dysgranular
rh,3473,eulaminate I,dysgranular
rh,3756,eulaminate I,dysgranular
rh,3850,dysgranular,agranular
rh,3851,dysgranular,agranular
rh,3852,dysgranular,agranular
rh,3853,dysgranular,agranular
rh,3854,dysgranular,agranular
rh,3856,dysgranular,agranular
rh,4300,eulaminate I,dysgranular
rh,4302,eulaminate I,dysgranular
rh,4303,eulaminate I,agranular
rh,4304,eulaminate I,dysgranular
rh,4305,eulaminate I,dysgranular
rh,4306,eulaminate I,dysgranular
rh,4307,eulaminate I,dysgranular
rh,4308,eulaminate I,dysgranular
rh,4309,eulaminate I,dysgranular
rh,4310,eulaminate I,dysgranular
rh,4311,eulaminate I,dysgranular
rh,4312,eulaminate I,dysgranular
rh,4314,eulaminate I,dysgranular
rh,4315,eulaminate I,dysgranular
rh,4316,eulaminate I,dysgranular
rh,4317,eulaminate I,dysgranular
rh,4318,eulaminate I,dysgranular
rh,4319,eulaminate I,dysgranular
rh,5025,eulaminate I,dysgranular
rh,5026,eulaminate I,dysgranular
rh,5027,eulaminate I,dysgranular
rh,5028,eulaminate I,dysgranular
rh,5035,eulaminate I,dysgranular
rh,5036,eulaminate I,dysgranular
rh,5037,eulaminate I,dysgranular
rh,5039,eulaminate I,dysgranular
rh,5430,dysgranular,agranular
rh,5431,dysgranular,agranular
rh,5446,dysgranular,agranular
rh,5447,dysgranular,agranular
rh,5451,dysgranular,agranular
rh,5454,dysgranular,agranular
rh,5455,dysgranular,agranular
rh,5456,dysgranular,agranular
rh,5457,dysgranular,agranular
rh,5458,dysgranular,agranular
rh,6056,dysgranular,agranular
rh,6326,eulaminate I,dysgranular
rh,6328,eulaminate I,dysgranular
rh,6329,eulaminate I,dysgranular
rh,6330,eulaminate I,dysgranular
rh,6331,eulaminate I,dysgranular
rh,6332,eulaminate I,dysgranular
rh,6333,eulaminate I,dysgranular
rh,6334,eulaminate I,dysgranular
rh,6760,eulaminate I,dysgranular
rh,6762,eulaminate I,dysgranular
rh,6763,eulaminate I,dysgranular
rh,6764,eulaminate I,dysgranular
rh,6765,eulaminate I,dysgranular
rh,7001,dysgranular,agranular
rh,7002,dysgranular,agranular
rh,7004,dysgranular,agranular
rh,7011,dysgranular,agranular
rh,7019,dysgranular,agranular
rh,7360,eulaminate I,dysgranular
rh,7361,eulaminate I,dysgranular
rh,7694,eulaminate I,dysgranular
rh,7695,eulaminate I,dysgranular
rh,7755,eulaminate I,dysgranular
rh,7886,dysgranular,agranular
rh,7888,dysgranular,agranular
rh,7889,dysgranular,agranular
rh,7890,dysgranular,agranular
rh,7891,dysgranular,agranular
rh,7893,eulaminate I,agranular
rh,7894,eulaminate I,agranular
rh,7895,dysgranular,agranular
rh,7896,dysgranular,agranular
rh,8474,dysgranular,agranular
rh,8475,eulaminate I,agranular
rh,8476,eulaminate I,agranular
rh,8477,eulaminate I,agranular
rh,8478,eulaminate I,dysgranular
rh,8479,eulaminate I,dysgranular
rh,8480,eulaminate I,dysgranular
rh,8481,eulaminate I,dysgranular
rh,8482,eulaminate I,dysgranular
rh,8483,eulaminate I,dysgranular
rh,8484,eulaminate I,dysgranular
rh,8485,eulaminate I,agranular
rh,8486,eulaminate I,agranular
rh,8487,dysgranular,agranular
rh,8490,eulaminate I,dysgranular
rh,8491,eulaminate I,dysgranular
rh,9358,eulaminate I,dysgranular
rh,9361,eulaminate I,dysgranular
rh,9401,eulaminate I,dysgranular
rh,9403,eulaminate I,dysgranular
rh,9847,dysgranular,agranular
rh,9848,dysgranular,agranular
rh,9865,dysgranular,agranular
rh,9866,dysgranular,agranular
rh,9868,dysgranular,agranular
rh,9869,dysgranular,agranular
rh,9870,dysgranular,agranular
rh,9873,eulaminate I,agranular
rh,9874,dysgranular,agranular
rh,9875,dysgranular,agranular
rh,9876,dysgranular,agranular
rh,9877,dysgranular,agranular
rh,10186,eulaminate I,dysgranular
rh,10187,eulaminate I,dysgranular
rh,10794,eulaminate I,dysgranular
rh,10832,eulaminate I,dysgranular
rh,10833,eulaminate I,dysgranular
rh,10834,eulaminate I,dysgranular
rh,10835,eulaminate I,dysgranular
rh,10935,eulaminate I,agranular
rh,10936,eulaminate I,agranular
rh,10937,eulaminate I,agranular
rh,11436,eulaminate I,dysgranular
rh,11530,dysgranular,agranular
rh,11531,dysgranular,agranular
rh,11532,dysgranular,agranular
rh,11533,dysgranular,agranular
rh,11534,dysgranular,agranular
rh,11980,eulaminate I,dysgranular
rh,11981,eulaminate I,dysgranular
rh,11982,eulaminate I,dysgranular
rh,11983,eulaminate I,dysgranular
rh,11984,eulaminate I,dysgranular
rh,11985,eulaminate I,dysgranular
rh,11986,eulaminate I,dysgranular
rh,11987,eulaminate I,dysgranular
rh,11988,eulaminate I,dysgranular
rh,11989,eulaminate I,dysgranular
rh,11990,eulaminate I,dysgranular
rh,11991,eulaminate I,dysgranular
rh,11992,eulaminate I,dysgranular
rh,11993,eulaminate I,dysgranular
rh,11994,eulaminate I,dysgranular
rh,11995,eulaminate I,dysgranular
rh,11996,eulaminate I,dysgranular
rh,11997,eulaminate I,dysgranular
rh,11998,eulaminate I,dysgranular
rh,11999,eulaminate I,dysgranular
rh,12706,eulaminate I,dysgranular
rh,12707,eulaminate I,dysgranular
rh,12708,eulaminate I,dysgranular
rh,12716,eulaminate I,dysgranular
rh,12717,eulaminate I,dysgranular
rh,12718,eulaminate I,dysgranular
rh,13110,dysgranular,agranular
rh,13111,dysgranular,agranular
rh,13125,dysgranular,agranular
rh,13126,dysgranular,agranular
rh,13127,dysgranular,agranular
rh,13137,dysgranular,agranular
rh,13934,dysgranular,agranular
rh,14383,eulaminate I,dysgranular
rh,14384,eulaminate I,dysgranular
rh,14390,eulaminate I,dysgranular
rh,14391,eulaminate I,dysgranular
rh,14392,eulaminate I,dysgranular
rh,14393,eulaminate I,dysgranular
rh,14394,eulaminate I,dysgranular
rh,15111,eulaminate I,dysgranular
rh,15112,eulaminate I,dysgranular
rh,15113,eulaminate I,dysgranular
rh,15508,dysgranular,agranular
rh,15509,dysgranular,agranular
rh,15510,dysgranular,agranular
rh,15511,dysgranular,agranular
rh,15512,dysgranular,agranular
rh,15538,dysgranular,agranular
rh,15542,dysgranular,agranular
rh,16180,eulaminate I,dysgranular
rh,16181,eulaminate I,dysgranular
rh,16182,eulaminate I,dysgranular
rh,16183,eulaminate I,dysgranular
rh,16898,eulaminate I,dysgranular
rh,17027,eulaminate I,dysgranular
rh,17029,eulaminate I,dysgranular
rh,17030,eulaminate I,dysgranular
rh,17031,eulaminate I,dysgranular
rh,17313,dysgranular,agranular
rh,17314,dysgranular,agranular
rh,17315,dysgranular,agranular
rh,17316,dysgranular,agranular
rh,17317,dysgranular,agranular
rh,17319,dysgranular,agranular
rh,17320,dysgranular,agranular
rh,17321,dysgranular,agranular
rh,17322,dysgranular,agranular
rh,17323,dysgranular,agranular
rh,17324,dysgranular,agranular
rh,17325,dysgranular,agranular
rh,17326,dysgranular,agranular
rh,17327,dysgranular,agranular
rh,17328,dysgranular,agranular
rh,17329,dysgranular,agranular
rh,17330,dysgranular,agranular
rh,17331,dysgranular,agranular
rh,18663,eulaminate I,dysgranular
rh,18667,eulaminate I,dysgranular
rh,18668,eulaminate I,agranular
rh,18669,eulaminate I,agranular
rh,18670,eulaminate I,agranular
rh,18671,eulaminate I,agranular
rh,18672,eulaminate I,agranular
rh,18673,eulaminate I,agranular
rh,18674,eulaminate I,agranular
rh,18677,eulaminate I,dysgranular
rh,18678,eulaminate I,dysgranular
rh,18679,eulaminate I,dysgranular
rh,18680,eulaminate I,dysgranular
rh,18681,eulaminate I,dysgranular
rh,18682,eulaminate I,dysgranular
rh,18683,eulaminate I,dysgranular
rh,18684,eulaminate I,dysgranular
rh,18685,eulaminate I,dysgranular
rh,18686,eulaminate I,dysgranular
rh,18687,eulaminate I,dysgranular
rh,18688,eulaminate I,dysgranular
rh,18689,eulaminate I,dysgranular
rh,18690,eulaminate I,dysgranular
rh,18691,eulaminate I,dysgranular
rh,18692,eulaminate I,dysgranular
rh,18693,eulaminate I,dysgranular
rh,18694,eulaminate I,dysgranular
rh,18695,eulaminate I,agranular
rh,18696,eulaminate I,agranular
rh,18697,eulaminate I,agranular
rh,18698,eulaminate I,agranular
rh,18705,eulaminate I,dysgranular
rh,18706,eulaminate I,dysgranular
rh,18707,eulaminate I,dysgranular
rh,18708,eulaminate I,dysgranular
rh,18709,eulaminate I,dysgranular
rh,18710,eulaminate I,dysgranular
rh,18715,eulaminate I,dysgranular
rh,20835,eulaminate I,dysgranular
rh,20836,eulaminate I,dysgranular
rh,20837,eulaminate I,dysgranular
rh,20838,eulaminate I,dysgranular
rh,20839,eulaminate I,dysgranular
rh,20840,eulaminate I,dysgranular
rh,20843,eulaminate I,dysgranular
rh,20844,eulaminate I,dysgranular
rh,20845,eulaminate I,dysgranular
rh,20865,eulaminate I,dysgranular
rh,20867,eulaminate I,dysgranular
rh,20946,eulaminate I,dysgranular
rh,20947,eulaminate I,dysgranular
rh,22053,dysgranular,agranular
rh,22054,dysgranular,agranular
rh,22055,dysgranular,agranular
rh,22056,dysgranular,agranular
rh,22057,dysgranular,agranular
rh,22058,dysgranular,agranular
rh,22098,dysgranular,agranular
rh,22099,dysgranular,agranular
rh,22100,dysgranular,agranular
rh,22101,dysgranular,agranular
rh,22102,dysgranular,agranular
rh,22108,dysgranular,agranular
rh,22109,dysgranular,agranular
rh,22110,dysgranular,agranular
rh,22111,dysgranular,agranular
rh,22112,dysgranular,agranular
rh,22114,dysgranular,agranular
rh,22118,eulaminate I,agranular
rh,22119,eulaminate I,agranular
rh,22120,eulaminate I,agranular
rh,22121,dysgranular,agranular
rh,22122,dysgranular,agranular
rh,22123,dysgranular,agranular
rh,22124,dysgranular,agranular
rh,22125,dysgranular,agranular
rh,22126,dysgranular,agranular
rh,22127,dysgranular,agranular
rh,22128,dysgranular,agranular
rh,22129,dysgranular,agranular
rh,22130,dysgranular,agranular
rh,22131,dysgranular,agranular
rh,22902,eulaminate I,dysgranular
rh,22903,eulaminate I,dysgranular
rh,22904,eulaminate I,dysgranular
rh,22905,eulaminate I,dysgranular
rh,22906,eulaminate I,dysgranular
rh,24112,eulaminate I,dysgranular
rh,24113,eulaminate I,dysgranular
rh,24291,eulaminate I,agranular
rh,24293,dysgranular,agranular
rh,24301,dysgranular,agranular
rh,24684,eulaminate I,dysgranular
rh,24685,eulaminate I,dysgranular
rh,25193,eulaminate I,dysgranular
rh,25194,eulaminate I,dysgranular
rh,25364,dysgranular,agranular
rh,25365,dysgranular,agranular
rh,25366,dysgranular,agranular
rh,25367,dysgranular,agranular
rh,25368,dysgranular,agranular
rh,25369,dysgranular,agranular
rh,25370,dysgranular,agranular
rh,25371,dysgranular,agranular
rh,25372,dysgranular,agranular
rh,25373,dysgranular,agranular
rh,25374,dysgranular,agranular
rh,26175,eulaminate I,dysgranular
rh,26176,eulaminate I,dysgranular
rh,26177,eulaminate I,dysgranular
rh,26178,eulaminate I,dysgranular
rh,26179,eulaminate I,dysgranular
rh,26180,eulaminate I,dysgranular
rh,26181,eulaminate I,dysgranular
rh,26182,eulaminate I,dysgranular
rh,26183,eulaminate I,dysgranular
rh,26184,eulaminate I,dysgranular
rh,26185,eulaminate I,dysgranular
rh,26186,eulaminate I,dysgranular
rh,26187,eulaminate I,dysgranular
rh,26188,eulaminate I,dysgranular
rh,26189,eulaminate I,dysgranular
rh,26190,eulaminate I,dysgranular
rh,26191,eulaminate I,dysgranular
rh,26192,eulaminate I,dysgranular
rh,26193,eulaminate I,dysgranular
rh,26194,eulaminate I,dysgranular
rh,26197,eulaminate I,dysgranular
rh,26198,eulaminate I,dysgranular
rh,26199,eulaminate I,dysgranular
rh,26200,eulaminate I,dysgranular
rh,26201,eulaminate I,dysgranular
rh,26202,eulaminate I,dysgranular
rh,26203,eulaminate I,dysgranular
rh,26204,eulaminate I,dysgranular
rh,26205,eulaminate I,dysgranular
rh,26206,eulaminate I,dysgranular
rh,26207,eulaminate I,dysgranular
rh,27477,eulaminate I,dysgranular
rh,27478,eulaminate I,dysgranular
rh,27479,eulaminate I,dysgranular
rh,27480,eulaminate I,dysgranular
rh,27481,eulaminate I,dysgranular
rh,27482,eulaminate I,dysgranular
rh,27483,eulaminate I,dysgranular
rh,27484,eulaminate I,dysgranular
rh,27495,eulaminate I,dysgranular
rh,27496,eulaminate I,dysgranular
rh,27497,eulaminate I,dysgranular
rh,27498,eulaminate I,dysgranular
rh,27502,eulaminate I,dysgranular
rh,27503,eulaminate I,dysgranular
rh,28197,dysgranular,agranular
rh,28207,dysgranular,agranular
rh,28208,dysgranular,agranular
rh,28209,dysgranular,agranular
rh,28236,dysgranular,agranular
rh,28237,dysgranular,agranular
rh,28243,dysgranular,agranular
rh,28244,dysgranular,agranular
rh,28245,dysgranular,agranular
rh,28247,dysgranular,agranular
rh,28248,dysgranular,agranular
rh,28250,dysgranular,agranular
rh,28251,dysgranular,agranular
rh,28252,dysgranular,agranular
rh,28253,dysgranular,agranular
rh,28254,dysgranular,agranular
rh,28255,dysgranular,agranular
rh,28256,dysgranular,agranular
rh,29491,dysgranular,agranular
rh,29492,dysgranular,agranular
rh,30121,eulaminate I,dysgranular
rh,30122,eulaminate I,dysgranular
rh,30124,eulaminate I,dysgranular
rh,30125,eulaminate I,dysgranular
rh,30126,eulaminate I,dysgranular
rh,30127,eulaminate I,dysgranular
rh,30129,eulaminate I,dysgranular
rh,30130,eulaminate I,dysgranular
rh,30131,eulaminate I,dysgranular
rh,30132,eulaminate I,dysgranular
rh,30133,eulaminate I,dysgranular
rh,30134,eulaminate I,dysgranular
rh,30135,eulaminate I,dysgranular
rh,30136,eulaminate I,dysgranular
rh,30137,eulaminate I,dysgranular
rh,30139,eulaminate I,dysgranular
rh,30140,eulaminate I,dysgranular
rh,30141,eulaminate I,dysgranular
rh,31135,eulaminate I,dysgranular
rh,31138,eulaminate I,dysgranular
rh,31139,eulaminate I,dysgranular
rh,31140,eulaminate I,dysgranular
rh,31141,eulaminate I,dysgranular
rh,31143,eulaminate I,dysgranular
rh,31144,eulaminate I,dysgranular
rh,31145,eulaminate I,dysgranular
rh,31148,eulaminate I,dysgranular
rh,31694,dysgranular,agranular
rh,31695,dysgranular,agranular
rh,31696,dysgranular,agranular
rh,31697,dysgranular,agranular
rh,31701,dysgranular,agranular
rh,31719,dysgranular,agranular
rh,31720,dysgranular,agranular
rh,31721,dysgranular,agranular
rh,31734,dysgranular,agranular
rh,31736,dysgranular,agranular
rh,31737,dysgranular,agranular
rh,31738,dysgranular,agranular
rh,31745,dysgranular,agranular
rh,32592,eulaminate I,dysgranular
rh,32593,eulaminate I,dysgranular
rh,32594,eulaminate I,dysgranular
rh,32595,eulaminate I,dysgranular
rh,32596,eulaminate I,dysgranular
rh,32597,eulaminate I,dysgranular
rh,33500,eulaminate I,dysgranular
rh,33501,eulaminate I,dysgranular
rh,33502,eulaminate I,dysgranular
rh,33503,eulaminate I,dysgranular
rh,33505,eulaminate I,dysgranular
rh,33506,eulaminate I,dysgranular
rh,33507,eulaminate I,dysgranular
rh,33668,eulaminate I,dysgranular
rh,34021,dysgranular,agranular
rh,34022,dysgranular,agranular
rh,34029,dysgranular,agranular
rh,34030,dysgranular,agranular
rh,34033,dysgranular,agranular
rh,34034,dysgranular,agranular
rh,34035,dysgranular,agranular
rh,34036,dysgranular,agranular
rh,34037,dysgranular,agranular
rh,34041,eulaminate I,agranular
rh,34042,eulaminate I,agranular
rh,34043,eulaminate I,agranular
rh,34044,dysgranular,agranular
rh,34045,dysgranular,agranular
rh,34046,dysgranular,agranular
rh,34047,dysgranular,agranular
rh,34048,dysgranular,agranular
rh,34049,dysgranular,agranular
rh,35696,dysgranular,agranular
rh,35697,dysgranular,agranular
rh,35698,eulaminate I,agranular
rh,35699,eulaminate I,agranular
rh,35700,eulaminate I,agranular
rh,35701,eulaminate I,agranular
rh,35702,eulaminate I,agranular
rh,35703,eulaminate I,agranular
rh,35704,eulaminate I,agranular
rh,35705,eulaminate I,agranular
rh,35708,eulaminate I,dysgranular
rh,35709,eulaminate I,dysgranular
rh,35710,eulaminate I,dysgranular
rh,35711,eulaminate I,dysgranular
rh,35712,eulaminate I,dysgranular
rh,35713,eulaminate I,dysgranular
rh,35714,eulaminate I,dysgranular
rh,35715,eulaminate I,dysgranular
rh,35716,eulaminate I,dysgranular
rh,35717,eulaminate I,dysgranular
rh,35718,eulaminate I,dysgranular
rh,35719,eulaminate I,dysgranular
rh,35720,eulaminate I,dysgranular
rh,35721,eulaminate I,dysgranular
rh,35722,eulaminate I,dysgranular
rh,35723,eulaminate I,dysgranular
rh,35724,eulaminate I,dysgranular
rh,35725,eulaminate I,dysgranular
rh,35726,eulaminate I,dysgranular
rh,35727,eulaminate I,dysgranular
rh,35728,eulaminate I,dysgranular
rh,35729,eulaminate I,agranular
rh,35730,eulaminate I,agranular
rh,35731,eulaminate I,agranular
rh,35732,eulaminate I,agranular
rh,35733,eulaminate I,agranular
rh,35734,dysgranular,agranular
rh,35735,dysgranular,agranular
rh,35742,eulaminate I,dysgranular
rh,35743,eulaminate I,dysgranular
rh,35744,eulaminate I,dysgranular
rh,35745,eulaminate I,dysgranular
rh,35746,eulaminate I,dysgranular
rh,35747,eulaminate I,dysgranular
rh,38314,eulaminate I,dysgranular
rh,38315,eulaminate I,dysgranular
rh,38316,eulaminate I,dysgranular
rh,38317,eulaminate I,dysgranular
rh,38318,eulaminate I,dysgranular
rh,38323,eulaminate I,dysgranular
rh,38324,eulaminate I,dysgranular
rh,38325,eulaminate I,dysgranular
rh,38326,eulaminate I,dysgranular
rh,38327,eulaminate I,dysgranular
rh,38442,eulaminate I,dysgranular
rh,38445,eulaminate I,dysgranular
rh,39777,dysgranular,agranular
rh,39778,dysgranular,agranular
rh,39779,dysgranular,agranular
rh,39780,dysgranular,agranular
rh,39781,dysgranular,agranular
rh,39782,dysgranular,agranular
rh,39790,dysgranular,agranular
rh,39834,dysgranular,agranular
rh,39835,dysgranular,agranular
rh,39836,dysgranular,agranular
rh,39838,dysgranular,agranular
rh,39839,dysgranular,agranular
rh,39842,dysgranular,agranular
rh,39843,dysgranular,agranular
rh,39844,dysgranular,agranular
rh,39845,dysgranular,agranular
rh,39846,dysgranular,agranular
rh,39847,dysgranular,agranular
rh,39848,dysgranular,agranular
rh,39849,dysgranular,agranular
rh,39850,dysgranular,agranular
rh,39851,dysgranular,agranular
rh,39855,eulaminate I,agranular
rh,39856,eulaminate I,agranular
rh,39857,eulaminate I,agranular
rh,39858,dysgranular,agranular
rh,39859,dysgranular,agranular
rh,39860,dysgranular,agranular
rh,39865,dysgranular,agranular
rh,39866,dysgranular,agranular
rh,39867,dysgranular,agranular
rh,39868,dysgranular,agranular
rh,39869,dysgranular,agranular
rh,39870,dysgranular,agranular
rh,39871,dysgranular,agranular
rh,40792,eulaminate I,dysgranular
rh,40793,eulaminate I,dysgranular
rh,40794,eulaminate I,dysgranular
rh,40795,eulaminate I,dysgranular
rh,40796,eulaminate I,dysgranular
rh,40797,eulaminate I,dysgranular
rh,40798,eulaminate I,dysgranular
rh,40878,eulaminate I,dysgranular
rh,41552,eulaminate I,dysgranular
rh,41553,eulaminate I,dysgranular
rh,41554,eulaminate I,dysgranular
rh,41555,eulaminate I,dysgranular
rh,41655,eulaminate I,agranular
rh,41656,eulaminate I,agranular
rh,41657,eulaminate I,agranular
rh,42155,eulaminate I,dysgranular
rh,42156,eulaminate I,dysgranular
rh,42250,dysgranular,agranular
rh,42251,dysgranular,agranular
rh,42252,dysgranular,agranular
rh,42253,dysgranular,agranular
rh,42254,dysgranular,agranular
rh,42700,eulaminate I,dysgranular
rh,42701,eulaminate I,dysgranular
rh,42702,eulaminate I,dysgranular
rh,42703,eulaminate I,dysgranular
rh,42704,eulaminate I,dysgranular
rh,42705,eulaminate I,dysgranular
rh,42706,eulaminate I,dysgranular
rh,42707,eulaminate I,dysgranular
rh,42708,eulaminate I,dysgranular
rh,42709,eulaminate I,dysgranular
rh,42710,eulaminate I,dysgranular
rh,42711,eulaminate I,dysgranular
rh,42712,eulaminate I,dysgranular
rh,42713,eulaminate I,dysgranular
rh,42714,eulaminate I,dysgranular
rh,42715,eulaminate I,dysgranular
rh,42716,eulaminate I,dysgranular
rh,42717,eulaminate I,dysgranular
rh,42718,eulaminate I,dysgranular
rh,42719,eulaminate I,dysgranular
rh,43426,eulaminate I,dysgranular
rh,43436,eulaminate I,dysgranular
rh,43438,eulaminate I,dysgranular
rh,43845,dysgranular,agranular
rh,43846,dysgranular,agranular
rh,43847,dysgranular,agranular
rh,45104,eulaminate I,dysgranular
rh,45110,eulaminate I,dysgranular
rh,45111,eulaminate I,dysgranular
rh,45112,eulaminate I,dysgranular
rh,45113,eulaminate I,dysgranular
rh,46228,dysgranular,agranular
rh,46229,dysgranular,agranular
rh,46230,dysgranular,agranular
rh,46231,dysgranular,agranular
rh,46232,dysgranular,agranular
rh,46256,dysgranular,agranular
rh,46257,dysgranular,agranular
rh,46258,dysgranular,agranular
rh,46259,dysgranular,agranular
rh,46260,dysgranular,agranular
rh,46262,dysgranular,agranular
rh,46901,eulaminate I,dysgranular
rh,46903,eulaminate I,dysgranular
rh,47747,eulaminate I,dysgranular
rh,47748,eulaminate I,dysgranular
rh,47749,eulaminate I,dysgranular
rh,47750,eulaminate I,dysgranular
rh,47751,eulaminate I,dysgranular
rh,48033,dysgranular,agranular
rh,48034,dysgranular,agranular
rh,48035,dysgranular,agranular
rh,48036,dysgranular,agranular
rh,48037,dysgranular,agranular
rh,48038,dysgranular,agranular
rh,48039,dysgranular,agranular
rh,48040,dysgranular,agranular
rh,48041,dysgranular,agranular
rh,48042,dysgranular,agranular
rh,48043,dysgranular,agranular
rh,48044,dysgranular,agranular
rh,48045,dysgranular,agranular
rh,48046,dysgranular,agranular
rh,48047,dysgranular,agranular
rh,48049,dysgranular,agranular
rh,49383,eulaminate I,dysgranular
rh,49385,eulaminate I,dysgranular
rh,49387,eulaminate I,dysgranular
rh,49388,eulaminate I,agranular
rh,49389,eulaminate I,agranular
rh,49390,eulaminate I,agranular
rh,49391,eulaminate I,agranular
rh,49392,eulaminate I,agranular
rh,49393,eulaminate I,agranular
rh,49394,eulaminate I,agranular
rh,49395,eulaminate I,dysgranular
rh,49396,eulaminate I,dysgranular
rh,49397,eulaminate I,dysgranular
rh,49398,eulaminate I,dysgranular
rh,49399,eulaminate I,dysgranular
rh,49400,eulaminate I,dysgranular
rh,49401,eulaminate I,dysgranular
rh,49402,eulaminate I,dysgranular
rh,49403,eulaminate I,dysgranular
rh,49404,eulaminate I,dysgranular
rh,49405,eulaminate I,dysgranular
rh,49406,eulaminate I,dysgranular
rh,49407,eulaminate I,dysgranular
rh,49408,eulaminate I,dysgranular
rh,49409,eulaminate I,dysgranular
rh,49410,eulaminate I,dysgranular
rh,49411,eulaminate I,dysgranular
rh,49412,eulaminate I,dysgranular
rh,49413,eulaminate I,dysgranular
rh,49414,eulaminate I,dysgranular
rh,49415,eulaminate I,dysgranular
rh,49416,eulaminate I,agranular
rh,49417,eulaminate I,agranular
rh,49418,eulaminate I,agranular
rh,49419,eulaminate I,dysgranular
rh,49425,eulaminate I,dysgranular
rh,49426,eulaminate I,dysgranular
rh,49427,eulaminate I,dysgranular
rh,49428,eulaminate I,dysgranular
rh,49429,eulaminate I,dysgranular
rh,49430,eulaminate I,dysgranular
rh,49435,eulaminate I,dysgranular
rh,49436,eulaminate I,dysgranular
rh,49437,eulaminate I,dysgranular
rh,49439,eulaminate I,dysgranular
rh,51555,eulaminate I,dysgranular
rh,51556,eulaminate I,dysgranular
rh,51557,eulaminate I,dysgranular
rh,51558,eulaminate I,dysgranular
rh,51559,eulaminate I,dysgranular
rh,51560,eulaminate I,dysgranular
rh,51562,eulaminate I,dysgranular
rh,51563,eulaminate I,dysgranular
rh,51564,eulaminate I,dysgranular
rh,51565,eulaminate I,dysgranular
rh,51585,eulaminate I,dysgranular
rh,51586,eulaminate I,dysgranular
rh,51587,eulaminate I,dysgranular
rh,51666,eulaminate I,dysgranular
rh,52757,dysgranular,agranular
rh,52773,dysgranular,agranular
rh,52774,dysgranular,agranular
rh,52775,dysgranular,agranular
rh,52776,dysgranular,agranular
rh,52777,dysgranular,agranular
rh,52778,dysgranular,agranular
rh,52779,dysgranular,agranular
rh,52818,dysgranular,agranular
rh,52819,dysgranular,agranular
rh,52820,dysgranular,agranular
rh,52821,dysgranular,agranular
rh,52822,dysgranular,agranular
rh,52826,dysgranular,agranular
rh,52828,dysgranular,agranular
rh,52829,dysgranular,agranular
rh,52830,dysgranular,agranular
rh,52831,dysgranular,agranular
rh,52832,dysgranular,agranular
rh,52838,dysgranular,agranular
rh,52839,eulaminate I,agranular
rh,52840,dysgranular,agranular
rh,52841,dysgranular,agranular
rh,52842,dysgranular,agranular
rh,52843,dysgranular,agranular
rh,52844,dysgranular,agranular
rh,52845,dysgranular,agranular
rh,52846,dysgranular,agranular
rh,52847,dysgranular,agranular
rh,52848,dysgranular,agranular
rh,52849,dysgranular,agranular
rh,52850,dysgranular,agranular
rh,52851,dysgranular,agranular
rh,53622,eulaminate I,dysgranular
rh,53623,eulaminate I,dysgranular
rh,53624,eulaminate I,dysgranular
rh,53625,eulaminate I,dysgranular
rh,53626,eulaminate I,dysgranular
rh,55540,eulaminate I,dysgranular
rh,55546,eulaminate I,dysgranular
rh,55547,eulaminate I,dysgranular
rh,55548,eulaminate I,dysgranular
rh,55549,eulaminate I,dysgranular
rh,55845,eulaminate I,agranular
rh,55846,eulaminate I,agranular
rh,55847,eulaminate I,agranular
rh,55848,eulaminate I,agranular
rh,55849,dysgranular,agranular
rh,55850,dysgranular,agranular
rh,55852,dysgranular,agranular
rh,56498,eulaminate I,dysgranular
rh,56499,eulaminate I,dysgranular
rh,57347,eulaminate I,dysgranular
rh,57348,eulaminate I,dysgranular
rh,57349,eulaminate I,dysgranular
rh,57350,eulaminate I,dysgranular
rh,57351,eulaminate I,dysgranular
rh,57630,dysgranular,agranular
rh,57631,dysgranular,agranular
rh,57632,dysgranular,agranular
rh,57633,dysgranular,agranular
rh,57634,dysgranular,agranular
rh,57635,dysgranular,agranular
rh,57636,dysgranular,agranular
rh,57637,dysgranular,agranular
rh,57638,dysgranular,agranular
rh,57639,dysgranular,agranular
rh,57640,dysgranular,agranular
rh,57641,dysgranular,agranular
rh,57642,dysgranular,agranular
rh,57643,dysgranular,agranular
rh,57644,dysgranular,agranular
rh,57646,dysgranular,agranular
rh,58982,eulaminate I,dysgranular
rh,58983,eulaminate I,dysgranular
rh,58984,eulaminate I,dysgranular
rh,58985,eulaminate I,dysgranular
rh,58986,eulaminate I,dysgranular
rh,58987,eulaminate I,dysgranular
rh,58988,eulaminate I,dysgranular
rh,58989,eulaminate I,dysgranular
rh,58990,eulaminate I,dysgranular
rh,58991,eulaminate I,dysgranular
rh,58992,eulaminate I,dysgranular
rh,58993,eulaminate I,dysgranular
rh,58994,eulaminate I,dysgranular
rh,58995,eulaminate I,dysgranular
rh,58996,eulaminate I,dysgranular
rh,58997,eulaminate I,dysgranular
rh,58998,eulaminate I,dysgranular
rh,58999,eulaminate I,dysgranular
rh,59000,eulaminate I,dysgranular
rh,59001,eulaminate I,dysgranular
rh,59002,eulaminate I,dysgranular
rh,59003,eulaminate I,dysgranular
rh,59004,eulaminate I,dysgranular
rh,59005,eulaminate I,dysgranular
rh,59006,eulaminate I,dysgranular
rh,59007,eulaminate I,dysgranular
rh,59008,eulaminate I,dysgranular
rh,59009,eulaminate I,dysgranular
rh,59010,eulaminate I,dysgranular
rh,59011,eulaminate I,dysgranular
rh,59012,eulaminate I,dysgranular
rh,59013,eulaminate I,dysgranular
rh,59014,eulaminate I,dysgranular
rh,59015,eulaminate I,dysgranular
rh,59016,eulaminate I,dysgranular
rh,59017,eulaminate I,dysgranular
rh,59019,eulaminate I,dysgranular
rh,59020,eulaminate I,dysgranular
rh,59021,eulaminate I,dysgranular
rh,59022,eulaminate I,dysgranular
rh,59023,eulaminate I,dysgranular
rh,59024,eulaminate I,dysgranular
rh,59025,eulaminate I,dysgranular
rh,59026,eulaminate I,dysgranular
rh,59027,eulaminate I,dysgranular
rh,59028,eulaminate I,dysgranular
rh,59029,eulaminate I,dysgranular
rh,59030,eulaminate I,dysgranular
rh,59031,eulaminate I,dysgranular
rh,59032,eulaminate I,dysgranular
rh,59033,eulaminate I,dysgranular
rh,59034,eulaminate I,dysgranular
rh,59035,eulaminate I,dysgranular
rh,59036,eulaminate I,dysgranular
rh,59037,eulaminate I,dysgranular
rh,59038,eulaminate I,dysgranular
rh,59039,eulaminate I,dysgranular
rh,61155,eulaminate I,dysgranular
rh,61156,eulaminate I,dysgranular
rh,61157,eulaminate I,dysgranular
rh,61158,eulaminate I,dysgranular
rh,61159,eulaminate I,dysgranular
rh,61160,eulaminate I,dysgranular
rh,61161,eulaminate I,dysgranular
rh,61162,eulaminate I,dysgranular
rh,61163,eulaminate I,dysgranular
rh,61164,eulaminate I,dysgranular
rh,61165,eulaminate I,dysgranular
rh,61185,eulaminate I,dysgranular
rh,61186,eulaminate I,dysgranular
rh,61187,eulaminate I,dysgranular
rh,61188,eulaminate I,dysgranular
rh,61189,eulaminate I,dysgranular
rh,61190,eulaminate I,dysgranular
rh,61191,eulaminate I,dysgranular
rh,61192,eulaminate I,dysgranular
rh,61194,eulaminate I,dysgranular
rh,61195,eulaminate I,dysgranular
rh,61196,eulaminate I,dysgranular
rh,61197,eulaminate I,dysgranular
rh,61198,eulaminate I,dysgranular
rh,61199,eulaminate I,dysgranular
rh,62355,dysgranular,agranular
rh,62370,dysgranular,agranular
rh,62371,dysgranular,agranular
rh,62372,dysgranular,agranular
rh,62374,dysgranular,agranular
rh,62418,dysgranular,agranular
rh,62419,dysgranular,agranular
rh,62420,dysgranular,agranular
rh,62421,dysgranular,agranular
rh,62422,dysgranular,agranular
rh,62431,dysgranular,agranular
rh,62434,dysgranular,agranular
rh,62443,dysgranular,agranular
rh,62444,dysgranular,agranular
rh,62445,dysgranular,agranular
rh,62446,dysgranular,agranular
rh,62447,dysgranular,agranular
rh,62448,dysgranular,agranular
rh,62449,dysgranular,agranular
rh,62450,dysgranular,agranular
rh,62451,dysgranular,agranular
rh,62452,dysgranular,agranular
rh,62453,dysgranular,agranular
rh,62454,dysgranular,agranular
rh,64840,dysgranular,agranular
rh,64841,dysgranular,agranular
rh,64842,dysgranular,agranular
rh,64843,dysgranular,agranular
rh,64844,dysgranular,agranular
rh,66190,eulaminate I,dysgranular
rh,66191,eulaminate I,dysgranular
rh,66192,eulaminate I,dysgranular
rh,66193,eulaminate I,dysgranular
rh,66194,eulaminate I,dysgranular
rh,66199,eulaminate I,dysgranular
rh,66200,eulaminate I,dysgranular
rh,66201,eulaminate I,dysgranular
rh,66202,eulaminate I,dysgranular
rh,66206,eulaminate I,dysgranular
rh,66207,eulaminate I,dysgranular
rh,66208,eulaminate I,dysgranular
rh,66209,eulaminate I,dysgranular
rh,66210,eulaminate I,dysgranular
rh,66211,eulaminate I,dysgranular
rh,66212,eulaminate I,dysgranular
rh,66213,eulaminate I,dysgranular
rh,66214,eulaminate I,dysgranular
rh,66215,eulaminate I,dysgranular
rh,66216,eulaminate I,dysgranular
rh,66217,eulaminate I,dysgranular
rh,66218,eulaminate I,dysgranular
rh,66219,eulaminate I,dysgranular
rh,66220,eulaminate I,dysgranular
rh,66221,eulaminate I,dysgranular
rh,66222,eulaminate I,dysgranular
rh,66223,eulaminate I,dysgranular
rh,66224,eulaminate I,dysgranular
rh,66230,eulaminate I,dysgranular
rh,66231,eulaminate I,dysgranular
rh,66232,eulaminate I,dysgranular
rh,66233,eulaminate I,dysgranular
rh,66234,eulaminate I,dysgranular
rh,68369,eulaminate I,dysgranular
rh,68370,eulaminate I,dysgranular
rh,68371,eulaminate I,dysgranular
rh,68372,eulaminate I,dysgranular
rh,68373,eulaminate I,dysgranular
rh,68374,eulaminate I,dysgranular
rh,68375,eulaminate I,dysgranular
rh,68376,eulaminate I,dysgranular
rh,68377,eulaminate I,dysgranular
rh,68378,eulaminate I,dysgranular
rh,68379,eulaminate I,dysgranular
rh,68380,eulaminate I,dysgranular
rh,68381,eulaminate I,dysgranular
rh,68382,eulaminate I,dysgranular
rh,68383,eulaminate I,dysgranular
rh,68384,eulaminate I,dysgranular
rh,68391,eulaminate I,dysgranular
rh,68393,eulaminate I,dysgranular
rh,69562,dysgranular,agranular
rh,69563,dysgranular,agranular
rh,69564,dysgranular,agranular
rh,69565,dysgranular,agranular
rh,69566,dysgranular,agranular
rh,69567,dysgranular,agranular
rh,69568,dysgranular,agranular
rh,69569,dysgranular,agranular
rh,69573,dysgranular,agranular
rh,69574,dysgranular,agranular
rh,69575,dysgranular,agranular
rh,69576,dysgranular,agranular
rh,69615,dysgranular,agranular
rh,69616,dysgranular,agranular
rh,69617,dysgranular,agranular
rh,69644,dysgranular,agranular
rh,69649,dysgranular,agranular
rh,69650,dysgranular,agranular
rh,69651,dysgranular,agranular
rh,69652,dysgranular,agranular
rh,69653,dysgranular,agranular
rh,69654,dysgranular,agranular
rh,69655,dysgranular,agranular
rh,69668,dysgranular,agranular
rh,69669,dysgranular,agranular
rh,69670,dysgranular,agranular
rh,71580,eulaminate I,dysgranular
rh,71582,eulaminate I,dysgranular
rh,71583,eulaminate I,dysgranular
rh,71584,eulaminate I,dysgranular
rh,71585,eulaminate I,dysgranular
rh,71586,eulaminate I,dysgranular
rh,71587,eulaminate I,dysgranular
rh,71588,eulaminate I,dysgranular
rh,71589,eulaminate I,dysgranular
rh,71590,eulaminate I,dysgranular
rh,71591,eulaminate I,dysgranular
rh,71592,eulaminate I,dysgranular
rh,71593,eulaminate I,dysgranular
rh,71594,eulaminate I,dysgranular
rh,73733,eulaminate I,dysgranular
rh,73735,eulaminate I,dysgranular
rh,73736,eulaminate I,dysgranular
rh,73737,eulaminate I,dysgranular
rh,73738,eulaminate I,dysgranular
rh,73739,eulaminate I,dysgranular
rh,73745,eulaminate I,dysgranular
rh,73746,eulaminate I,dysgranular
rh,73747,eulaminate I,dysgranular
rh,73748,eulaminate I,dysgranular
rh,74132,eulaminate I,dysgranular
rh,74133,eulaminate I,dysgranular
rh,74134,eulaminate I,dysgranular
rh,74135,eulaminate I,dysgranular
rh,74136,eulaminate I,dysgranular
rh,74967,dysgranular,agranular
rh,74968,dysgranular,agranular
rh,74969,dysgranular,agranular
rh,74978,dysgranular,agranular
rh,74980,dysgranular,agranular
rh,74981,dysgranular,agranular
rh,74987,dysgranular,agranular
rh,74988,dysgranular,agranular
rh,74989,dysgranular,agranular
rh,74990,dysgranular,agranular
rh,74991,dysgranular,agranular
rh,74995,dysgranular,agranular
rh,74996,dysgranular,agranular
rh,74997,dysgranular,agranular
rh,74998,dysgranular,agranular
rh,74999,dysgranular,agranular
rh,75000,dysgranular,agranular
rh,75001,dysgranular,agranular
rh,75002,dysgranular,agranular
rh,75003,dysgranular,agranular
rh,75004,dysgranular,agranular
rh,75005,dysgranular,agranular
rh,75006,dysgranular,agranular
rh,75007,dysgranular,agranular
rh,75008,dysgranular,agranular
rh,75009,dysgranular,agranular
rh,75015,eulaminate I,agranular
rh,75016,eulaminate I,agranular
rh,75017,eulaminate I,agranular
rh,75018,dysgranular,agranular
rh,75019,dysgranular,agranular
rh,75020,dysgranular,agranular
rh,75021,dysgranular,agranular
rh,75022,dysgranular,agranular
rh,75023,dysgranular,agranular
rh,75024,dysgranular,agranular
rh,75025,dysgranular,agranular
rh,75026,dysgranular,agranular
rh,75027,dysgranular,agranular
rh,75028,dysgranular,agranular
rh,75029,dysgranular,agranular
rh,75030,dysgranular,agranular
rh,75031,dysgranular,agranular
rh,75032,dysgranular,agranular
rh,79041,dysgranular,agranular
rh,79042,dysgranular,agranular
rh,79043,dysgranular,agranular
rh,79044,dysgranular,agranular
rh,79045,eulaminate I,agranular
rh,79046,eulaminate I,agranular
rh,79047,eulaminate I,agranular
rh,79048,eulaminate I,agranular
rh,79049,eulaminate I,agranular
rh,79050,eulaminate I,agranular
rh,79051,eulaminate I,agranular
rh,79052,eulaminate I,agranular
rh,79053,eulaminate I,agranular
rh,79054,eulaminate I,agranular
rh,79055,eulaminate I,agranular
rh,79056,eulaminate I,agranular
rh,79057,eulaminate I,agranular
rh,79058,eulaminate I,agranular
rh,79059,eulaminate I,agranular
rh,79060,eulaminate I,agranular
rh,79061,eulaminate I,agranular
rh,79062,eulaminate I,agranular
rh,79063,eulaminate I,agranular
rh,79064,eulaminate I,agranular
rh,79068,eulaminate I,dysgranular
rh,79072,eulaminate I,dysgranular
rh,79073,eulaminate I,dysgranular
rh,79074,eulaminate I,dysgranular
rh,79075,eulaminate I,dysgranular
rh,79076,eulaminate I,dysgranular
rh,79077,eulaminate I,dysgranular
rh,79078,eulaminate I,dysgranular
rh,79079,eulaminate I,dysgranular
rh,79080,eulaminate I,dysgranular
rh,79081,eulaminate I,dysgranular
rh,79082,eulaminate I,dysgranular
rh,79083,eulaminate I,dysgranular
rh,79084,eulaminate I,dysgranular
rh,79085,eulaminate I,dysgranular
rh,79086,eulaminate I,dysgranular
rh,79087,eulaminate I,dysgranular
rh,79088,eulaminate I,dysgranular
rh,79089,eulaminate I,dysgranular
rh,79090,eulaminate I,dysgranular
rh,79091,eulaminate I,dysgranular
rh,79092,eulaminate I,dysgranular
rh,79093,eulaminate I,dysgranular
rh,79094,eulaminate I,dysgranular
rh,79095,eulaminate I,dysgranular
rh,79096,eulaminate I,dysgranular
rh,79097,eulaminate I,dysgranular
rh,79098,eulaminate I,dysgranular
rh,79099,eulaminate I,dysgranular
rh,79100,eulaminate I,dysgranular
rh,79101,eulaminate I,dysgranular
rh,79102,eulaminate I,dysgranular
rh,79103,eulaminate I,dysgranular
rh,79104,eulaminate I,dysgranular
rh,79105,eulaminate I,dysgranular
rh,79106,eulaminate I,dysgranular
rh,79107,eulaminate I,dysgranular
rh,79108,eulaminate I,dysgranular
rh,79109,eulaminate I,dysgranular
rh,79110,eulaminate I,dysgranular
rh,79111,eulaminate I,dysgranular
rh,79112,eulaminate I,dysgranular
rh,79113,eulaminate I,dysgranular
rh,79114,eulaminate I,dysgranular
rh,79115,eulaminate I,dysgranular
rh,79116,eulaminate I,dysgranular
rh,79117,eulaminate I,dysgranular
rh,79118,eulaminate I,dysgranular
rh,79119,eulaminate I,dysgranular
rh,79120,eulaminate I,dysgranular
rh,79121,eulaminate I,dysgranular
rh,79122,eulaminate I,dysgranular
rh,79123,eulaminate I,dysgranular
rh,79124,eulaminate I,agranular
rh,79125,eulaminate I,agranular
rh,79126,eulaminate I,agranular
rh,79127,eulaminate I,agranular
rh,79128,eulaminate I,agranular
rh,79129,eulaminate I,agranular
rh,79130,eulaminate I,agranular
rh,79131,eulaminate I,agranular
rh,79132,eulaminate I,agranular
rh,79133,eulaminate I,agranular
rh,79134,eulaminate I,agranular
rh,79135,eulaminate I,agranular
rh,79136,eulaminate I,agranular
rh,79137,dysgranular,agranular
rh,79138,dysgranular,agranular
rh,79139,dysgranular,agranular
rh,79155,eulaminate I,dysgranular
rh,79156,eulaminate I,dysgranular
rh,79157,eulaminate I,dysgranular
rh,79158,eulaminate I,dysgranular
rh,79159,eulaminate I,dysgranular
rh,79160,eulaminate I,dysgranular
rh,79161,eulaminate I,dysgranular
rh,79162,eulaminate I,dysgranular
rh,79163,eulaminate I,dysgranular
rh,79164,eulaminate I,dysgranular
rh,79165,eulaminate I,dysgranular
rh,79166,eulaminate I,dysgranular
rh,79167,eulaminate I,dysgranular
rh,79168,eulaminate I,dysgranular
rh,79169,eulaminate I,dysgranular
rh,79170,eulaminate I,dysgranular
rh,79185,eulaminate I,dysgranular
rh,80754,eulaminate I,dysgranular
rh,84216,eulaminate I,dysgranular
rh,84217,eulaminate I,dysgranular
rh,85545,eulaminate I,dysgranular
rh,85546,eulaminate I,dysgranular
rh,85547,eulaminate I,dysgranular
rh,85548,eulaminate I,dysgranular
rh,85549,eulaminate I,dysgranular
rh,85550,eulaminate I,dysgranular
rh,85551,eulaminate I,dysgranular
rh,85552,eulaminate I,dysgranular
rh,85553,eulaminate I,dysgranular
rh,85554,eulaminate I,dysgranular
rh,85555,eulaminate I,dysgranular
rh,85556,eulaminate I,dysgranular
rh,85557,eulaminate I,dysgranular
rh,85558,eulaminate I,dysgranular
rh,85568,eulaminate I,dysgranular
rh,85569,eulaminate I,dysgranular
rh,85570,eulaminate I,dysgranular
rh,85571,eulaminate I,dysgranular
rh,85572,eulaminate I,dysgranular
rh,85573,eulaminate I,dysgranular
rh,85574,eulaminate I,dysgranular
rh,85575,eulaminate I,dysgranular
rh,85576,eulaminate I,dysgranular
rh,85577,eulaminate I,dysgranular
rh,85578,eulaminate I,dysgranular
rh,85643,eulaminate I,dysgranular
rh,85644,eulaminate I,dysgranular
rh,85866,eulaminate I,dysgranular
rh,85874,eulaminate I,dysgranular
rh,85875,eulaminate I,dysgranular
rh,85877,eulaminate I,dysgranular
rh,89198,dysgranular,agranular
rh,89199,dysgranular,agranular
rh,89200,dysgranular,agranular
rh,89201,dysgranular,agranular
rh,89202,dysgranular,agranular
rh,89203,dysgranular,agranular
rh,89204,dysgranular,agranular
rh,89205,dysgranular,agranular
rh,89206,dysgranular,agranular
rh,89207,dysgranular,agranular
rh,89208,dysgranular,agranular
rh,89209,dysgranular,agranular
rh,89210,dysgranular,agranular
rh,89211,dysgranular,agranular
rh,89212,dysgranular,agranular
rh,89336,dysgranular,agranular
rh,89337,dysgranular,agranular
rh,89338,dysgranular,agranular
rh,89340,dysgranular,agranular
rh,89341,dysgranular,agranular
rh,89342,dysgranular,agranular
rh,89343,dysgranular,agranular
rh,89344,dysgranular,agranular
rh,89345,dysgranular,agranular
rh,89346,dysgranular,agranular
rh,89347,dysgranular,agranular
rh,89354,dysgranular,agranular
rh,89363,dysgranular,agranular
rh,89364,dysgranular,agranular
rh,89365,dysgranular,agranular
rh,89366,dysgranular,agranular
rh,89367,dysgranular,agranular
rh,89368,dysgranular,agranular
rh,89369,dysgranular,agranular
rh,89370,dysgranular,agranular
rh,89371,dysgranular,agranular
rh,89372,dysgranular,agranular
rh,89373,dysgranular,agranular
rh,89374,dysgranular,agranular
rh,89375,dysgranular,agranular
rh,89376,dysgranular,agranular
rh,89377,dysgranular,agranular
rh,89378,dysgranular,agranular
rh,89379,dysgranular,agranular
rh,89380,dysgranular,agranular
rh,89381,dysgranular,agranular
rh,89382,dysgranular,agranular
rh,89383,dysgranular,agranular
rh,89384,dysgranular,agranular
rh,89385,dysgranular,agranular
rh,89386,dysgranular,agranular
rh,89393,eulaminate I,agranular
rh,89394,eulaminate I,agranular
rh,89395,eulaminate I,agranular
rh,89396,eulaminate I,agranular
rh,89397,eulaminate I,agranular
rh,89398,eulaminate I,agranular
rh,89399,eulaminate I,agranular
rh,89400,eulaminate I,agranular
rh,89401,dysgranular,agranular
rh,89402,dysgranular,agranular
rh,89403,dysgranular,agranular
rh,89404,dysgranular,agranular
rh,89405,dysgranular,agranular
rh,89406,dysgranular,agranular
rh,89407,dysgranular,agranular
rh,89408,dysgranular,agranular
rh,89409,dysgranular,agranular
rh,89410,dysgranular,agranular
rh,89411,dysgranular,agranular
rh,89412,dysgranular,agranular
rh,89419,dysgranular,agranular
rh,89420,dysgranular,agranular
rh,89421,dysgranular,agranular
rh,89422,dysgranular,agranular
rh,89423,dysgranular,agranular
rh,89424,dysgranular,agranular
rh,89425,dysgranular,agranular
rh,89426,dysgranular,agranular
rh,89427,dysgranular,agranular
rh,89428,dysgranular,agranular
rh,89429,dysgranular,agranular
rh,89430,dysgranular,agranular
rh,89431,dysgranular,agranular
rh,89432,dysgranular,agranular
rh,89433,dysgranular,agranular
rh,89435,dysgranular,agranular
rh,91737,eulaminate I,dysgranular
rh,91738,eulaminate I,dysgranular
rh,91739,eulaminate I,dysgranular
rh,91740,eulaminate I,dysgranular
rh,91741,eulaminate I,dysgranular
rh,91744,eulaminate I,dysgranular
rh,91745,eulaminate I,dysgranular
rh,91746,eulaminate I,dysgranular
rh,91747,eulaminate I,dysgranular
rh,91748,eulaminate I,dysgranular
rh,91749,eulaminate I,dysgranular
rh,91750,eulaminate I,dysgranular
rh,91751,eulaminate I,dysgranular
rh,91752,eulaminate I,dysgranular
rh,91753,eulaminate I,dysgranular
rh,91950,eulaminate I,dysgranular
rh,91951,eulaminate I,dysgranular
rh,91952,eulaminate I,dysgranular
rh,91953,eulaminate I,dysgranular
rh,93226,eulaminate I,dysgranular
rh,93228,eulaminate I,dysgranular
rh,93229,eulaminate I,dysgranular
rh,93230,eulaminate I,dysgranular
rh,93231,eulaminate I,dysgranular
rh,93232,eulaminate I,dysgranular
rh,93233,eulaminate I,dysgranular
rh,93411,eulaminate I,agranular
rh,93412,eulaminate I,agranular
rh,93413,eulaminate I,agranular
rh,93414,eulaminate I,agranular
rh,93415,eulaminate I,agranular
rh,93802,eulaminate I,dysgranular
rh,93803,eulaminate I,dysgranular
rh,94313,eulaminate I,dysgranular
rh,94314,eulaminate I,dysgranular
rh,94482,dysgranular,agranular
rh,94483,dysgranular,agranular
rh,94484,dysgranular,agranular
rh,94485,dysgranular,agranular
rh,94486,dysgranular,agranular
rh,94487,dysgranular,agranular
rh,94488,dysgranular,agranular
rh,94489,dysgranular,agranular
rh,94490,dysgranular,agranular
rh,95292,eulaminate I,dysgranular
rh,95293,eulaminate I,dysgranular
rh,95294,eulaminate I,dysgranular
rh,95295,eulaminate I,dysgranular
rh,95296,eulaminate I,dysgranular
rh,95297,eulaminate I,dysgranular
rh,95298,eulaminate I,dysgranular
rh,95299,eulaminate I,dysgranular
rh,95300,eulaminate I,dysgranular
rh,95301,eulaminate I,dysgranular
rh,95302,eulaminate I,dysgranular
rh,95303,eulaminate I,dysgranular
rh,95304,eulaminate I,dysgranular
rh,95305,eulaminate I,dysgranular
rh,95306,eulaminate I,dysgranular
rh,95307,eulaminate I,dysgranular
rh,95308,eulaminate I,dysgranular
rh,95309,eulaminate I,dysgranular
rh,95310,eulaminate I,dysgranular
rh,95311,eulaminate I,dysgranular
rh,95312,eulaminate I,dysgranular
rh,95313,eulaminate I,dysgranular
rh,95314,eulaminate I,dysgranular
rh,95315,eulaminate I,dysgranular
rh,95316,eulaminate I,dysgranular
rh,95317,eulaminate I,dysgranular
rh,95318,eulaminate I,dysgranular
rh,95319,eulaminate I,dysgranular
rh,95320,eulaminate I,dysgranular
rh,95321,eulaminate I,dysgranular
rh,95322,eulaminate I,dysgranular
rh,95323,eulaminate I,dysgranular
rh,95324,eulaminate I,dysgranular
rh,95325,eulaminate I,dysgranular
rh,95326,eulaminate I,dysgranular
rh,95327,eulaminate I,dysgranular
rh,96597,eulaminate I,dysgranular
rh,96598,eulaminate I,dysgranular
rh,96599,eulaminate I,dysgranular
rh,96600,eulaminate I,dysgranular
rh,96601,eulaminate I,dysgranular
rh,96602,eulaminate I,dysgranular
rh,96603,eulaminate I,dysgranular
rh,96615,eulaminate I,dysgranular
rh,96616,eulaminate I,dysgranular
rh,96617,eulaminate I,dysgranular
rh,96618,eulaminate I,dysgranular
rh,96619,eulaminate I,dysgranular
rh,96620,eulaminate I,dysgranular
rh,96621,eulaminate I,dysgranular
rh,96622,eulaminate I,dysgranular
rh,96623,eulaminate I,dysgranular
rh,97326,dysgranular,agranular
rh,97327,dysgranular,agranular
rh,97328,dysgranular,agranular
rh,97354,dysgranular,agranular
rh,97355,dysgranular,agranular
rh,97356,dysgranular,agranular
rh,97357,dysgranular,agranular
rh,97372,dysgranular,agranular
rh,97373,dysgranular,agranular
rh,97374,dysgranular,agranular
rh,97375,dysgranular,agranular
rh,98809,dysgranular,agranular
rh,98810,dysgranular,agranular
rh,99619,eulaminate I,dysgranular
rh,99620,eulaminate I,dysgranular
rh,99629,eulaminate I,dysgranular
rh,99630,eulaminate I,dysgranular
rh,99631,eulaminate I,dysgranular
rh,99632,eulaminate I,dysgranular
rh,99633,eulaminate I,dysgranular
rh,99634,eulaminate I,dysgranular
rh,99635,eulaminate I,dysgranular
rh,99636,eulaminate I,dysgranular
rh,99637,eulaminate I,dysgranular
rh,99638,eulaminate I,dysgranular
rh,100927,eulaminate I,dysgranular
rh,100928,eulaminate I,dysgranular
rh,100929,eulaminate I,dysgranular
rh,100930,eulaminate I,dysgranular
rh,100931,eulaminate I,dysgranular
rh,100932,eulaminate I,dysgranular
rh,101642,dysgranular,agranular
rh,101643,dysgranular,agranular
rh,101644,dysgranular,agranular
rh,101645,dysgranular,agranular
rh,101646,dysgranular,agranular
rh,101647,dysgranular,agranular
rh,101648,dysgranular,agranular
rh,101649,dysgranular,agranular
rh,101650,dysgranular,agranular
rh,101673,dysgranular,agranular
rh,101695,dysgranular,agranular
rh,101696,dysgranular,agranular
rh,101697,dysgranular,agranular
rh,101698,dysgranular,agranular
rh,102852,eulaminate I,dysgranular
rh,102853,eulaminate I,dysgranular
rh,102854,eulaminate I,dysgranular
rh,102855,eulaminate I,dysgranular
rh,102856,eulaminate I,dysgranular
rh,102857,eulaminate I,dysgranular
rh,102858,eulaminate I,dysgranular
rh,102859,eulaminate I,dysgranular
rh,104146,eulaminate I,dysgranular
rh,104147,eulaminate I,dysgranular
rh,104383,eulaminate I,dysgranular
rh,104384,eulaminate I,dysgranular
rh,104385,eulaminate I,dysgranular
rh,104891,dysgranular,agranular
rh,104892,dysgranular,agranular
rh,104893,dysgranular,agranular
rh,104894,dysgranular,agranular
rh,104895,dysgranular,agranular
rh,104896,dysgranular,agranular
rh,104897,dysgranular,agranular
rh,104898,dysgranular,agranular
rh,104899,dysgranular,agranular
rh,104901,dysgranular,agranular
rh,104902,dysgranular,agranular
rh,104903,dysgranular,agranular
rh,104904,dysgranular,agranular
rh,104905,dysgranular,agranular
rh,104906,dysgranular,agranular
rh,104907,dysgranular,agranular
rh,104908,dysgranular,agranular
rh,104909,dysgranular,agranular
rh,104910,dysgranular,agranular
rh,104911,dysgranular,agranular
rh,104913,dysgranular,agranular
rh,104914,dysgranular,agranular
rh,104915,dysgranular,agranular
rh,104916,dysgranular,agranular
rh,104917,dysgranular,agranular
rh,104918,dysgranular,agranular
rh,104919,dysgranular,agranular
rh,104920,dysgranular,agranular
rh,104921,dysgranular,agranular
rh,104922,dysgranular,agranular
rh,104923,dysgranular,agranular
rh,104924,dysgranular,agranular
rh,107329,dysgranular,agranular
rh,107330,eulaminate I,agranular
rh,107331,eulaminate I,agranular
rh,107332,eulaminate I,agranular
rh,107333,eulaminate I,agranular
rh,107334,eulaminate I,agranular
rh,107335,eulaminate I,agranular
rh,107336,eulaminate I,agranular
rh,107337,eulaminate I,agranular
rh,107338,eulaminate I,agranular
rh,107339,eulaminate I,agranular
rh,107340,eulaminate I,agranular
rh,107341,eulaminate I,agranular
rh,107342,eulaminate I,agranular
rh,107346,eulaminate I,dysgranular
rh,107347,eulaminate I,dysgranular
rh,107348,eulaminate I,dysgranular
rh,107349,eulaminate I,dysgranular
rh,107350,eulaminate I,dysgranular
rh,107351,eulaminate I,dysgranular
rh,107352,eulaminate I,dysgranular
rh,107353,eulaminate I,dysgranular
rh,107354,eulaminate I,dysgranular
rh,107355,eulaminate I,dysgranular
rh,107356,eulaminate I,dysgranular
rh,107357,eulaminate I,dysgranular
rh,107358,eulaminate I,dysgranular
rh,107359,eulaminate I,dysgranular
rh,107360,eulaminate I,dysgranular
rh,107361,eulaminate I,dysgranular
rh,107362,eulaminate I,dysgranular
rh,107363,eulaminate I,dysgranular
rh,107364,eulaminate I,dysgranular
rh,107365,eulaminate I,dysgranular
rh,107366,eulaminate I,dysgranular
rh,107367,eulaminate I,dysgranular
rh,107368,eulaminate I,dysgranular
rh,107369,eulaminate I,dysgranular
rh,107370,eulaminate I,dysgranular
rh,107371,eulaminate I,dysgranular
rh,107372,eulaminate I,dysgranular
rh,107373,eulaminate I,dysgranular
rh,107374,eulaminate I,dysgranular
rh,107375,eulaminate I,dysgranular
rh,107376,eulaminate I,dysgranular
rh,107377,eulaminate I,dysgranular
rh,107378,eulaminate I,dysgranular
rh,107379,eulaminate I,agranular
rh,107380,eulaminate I,agranular
rh,107381,eulaminate I,agranular
rh,107382,eulaminate I,agranular
rh,107383,eulaminate I,agranular
rh,107384,eulaminate I,agranular
rh,107385,eulaminate I,agranular
rh,107386,eulaminate I,agranular
rh,107387,dysgranular,agranular
rh,107397,eulaminate I,dysgranular
rh,107398,eulaminate I,dysgranular
rh,107399,eulaminate I,dysgranular
rh,107400,eulaminate I,dysgranular
rh,107401,eulaminate I,dysgranular
rh,107402,eulaminate I,dysgranular
rh,107403,eulaminate I,dysgranular
rh,107404,eulaminate I,dysgranular
rh,107405,eulaminate I,dysgranular
rh,107406,eulaminate I,dysgranular
rh,107415,eulaminate I,dysgranular
rh,107417,eulaminate I,dysgranular
rh,111231,eulaminate I,dysgranular
rh,111232,eulaminate I,dysgranular
rh,111233,eulaminate I,dysgranular
rh,111234,eulaminate I,dysgranular
rh,111235,eulaminate I,dysgranular
rh,111236,eulaminate I,dysgranular
rh,111237,eulaminate I,dysgranular
rh,111238,eulaminate I,dysgranular
rh,111239,eulaminate I,dysgranular
rh,111240,eulaminate I,dysgranular
rh,111245,eulaminate I,dysgranular
rh,111246,eulaminate I,dysgranular
rh,111247,eulaminate I,dysgranular
rh,111248,eulaminate I,dysgranular
rh,111249,eulaminate I,dysgranular
rh,111285,eulaminate I,dysgranular
rh,111287,eulaminate I,dysgranular
rh,111429,eulaminate I,dysgranular
rh,111430,eulaminate I,dysgranular
rh,111431,eulaminate I,dysgranular
rh,111432,eulaminate I,dysgranular
rh,111435,eulaminate I,dysgranular
rh,111436,eulaminate I,dysgranular
rh,111437,eulaminate I,dysgranular
rh,113423,dysgranular,agranular
rh,113424,dysgranular,agranular
rh,113425,dysgranular,agranular
rh,113426,dysgranular,agranular
rh,113427,dysgranular,agranular
rh,113428,dysgranular,agranular
rh,113429,dysgranular,agranular
rh,113430,dysgranular,agranular
rh,113431,dysgranular,agranular
rh,113504,dysgranular,agranular
rh,113505,dysgranular,agranular
rh,113506,dysgranular,agranular
rh,113507,dysgranular,agranular
rh,113508,dysgranular,agranular
rh,113509,dysgranular,agranular
rh,113510,dysgranular,agranular
rh,113511,dysgranular,agranular
rh,113512,dysgranular,agranular
rh,113522,dysgranular,agranular
rh,113523,dysgranular,agranular
rh,113524,dysgranular,agranular
rh,113525,dysgranular,agranular
rh,113526,dysgranular,agranular
rh,113527,dysgranular,agranular
rh,113528,dysgranular,agranular
rh,113529,dysgranular,agranular
rh,113530,dysgranular,agranular
rh,113531,dysgranular,agranular
rh,113532,dysgranular,agranular
rh,113533,dysgranular,agranular
rh,113540,eulaminate I,agranular
rh,113541,eulaminate I,agranular
rh,113542,eulaminate I,agranular
rh,113543,eulaminate I,agranular
rh,113544,eulaminate I,agranular
rh,113545,dysgranular,agranular
rh,113546,dysgranular,agranular
rh,113547,dysgranular,agranular
rh,113548,dysgranular,agranular
rh,113549,dysgranular,agranular
rh,113550,dysgranular,agranular
rh,113551,dysgranular,agranular
rh,113552,dysgranular,agranular
rh,113553,dysgranular,agranular
rh,113554,dysgranular,agranular
rh,113555,dysgranular,agranular
rh,113556,dysgranular,agranular
rh,113557,dysgranular,agranular
rh,113558,dysgranular,agranular
rh,113559,dysgranular,agranular
rh,113560,dysgranular,agranular
rh,113561,dysgranular,agranular
rh,113562,dysgranular,agranular
rh,113563,dysgranular,agranular
rh,113564,dysgranular,agranular
rh,114949,eulaminate I,dysgranular
rh,114950,eulaminate I,dysgranular
rh,114951,eulaminate I,dysgranular
rh,114952,eulaminate I,dysgranular
rh,114953,eulaminate I,dysgranular
rh,114954,eulaminate I,dysgranular
rh,114955,eulaminate I,dysgranular
rh,114956,eulaminate I,dysgranular
rh,114957,eulaminate I,dysgranular
rh,114958,eulaminate I,dysgranular
rh,117703,eulaminate I,dysgranular
rh,117704,eulaminate I,dysgranular
rh,117705,eulaminate I,dysgranular
rh,118098,dysgranular,agranular
rh,118119,dysgranular,agranular
rh,118121,dysgranular,agranular
rh,118122,dysgranular,agranular
rh,118124,eulaminate I,agranular
rh,118125,dysgranular,agranular
rh,118140,dysgranular,agranular
rh,118141,dysgranular,agranular
rh,118142,dysgranular,agranular
rh,118143,dysgranular,agranular
rh,119035,eulaminate I,dysgranular
rh,119036,eulaminate I,dysgranular
rh,119037,eulaminate I,dysgranular
rh,119038,eulaminate I,dysgranular
rh,119039,eulaminate I,dysgranular
rh,119040,eulaminate I,dysgranular
rh,120226,eulaminate I,dysgranular
rh,120227,eulaminate I,dysgranular
rh,120228,eulaminate I,dysgranular
rh,120621,dysgranular,agranular
rh,120622,dysgranular,agranular
rh,120623,dysgranular,agranular
rh,120624,dysgranular,agranular
rh,120625,dysgranular,agranular
rh,120626,dysgranular,agranular
rh,120627,dysgranular,agranular
rh,120628,dysgranular,agranular
rh,120629,dysgranular,agranular
rh,120630,dysgranular,agranular
rh,120631,dysgranular,agranular
rh,120632,dysgranular,agranular
rh,120633,dysgranular,agranular
rh,120634,dysgranular,agranular
rh,120635,dysgranular,agranular
rh,120636,dysgranular,agranular
rh,120637,dysgranular,agranular
rh,120638,dysgranular,agranular
rh,120639,dysgranular,agranular
rh,120640,dysgranular,agranular
rh,120641,dysgranular,agranular
rh,120642,dysgranular,agranular
rh,120643,dysgranular,agranular
rh,120645,dysgranular,agranular
rh,120646,dysgranular,agranular
rh,120647,dysgranular,agranular
rh,122513,eulaminate I,dysgranular
rh,122514,eulaminate I,dysgranular
rh,122516,eulaminate I,dysgranular
rh,122517,eulaminate I,dysgranular
rh,122518,eulaminate I,dysgranular
rh,122519,eulaminate I,dysgranular
rh,122520,eulaminate I,dysgranular
rh,122521,eulaminate I,dysgranular
rh,122522,eulaminate I,dysgranular
rh,122523,eulaminate I,dysgranular
rh,122524,eulaminate I,dysgranular
rh,122525,eulaminate I,dysgranular
rh,122526,eulaminate I,dysgranular
rh,122527,eulaminate I,agranular
rh,122528,eulaminate I,agranular
rh,122529,eulaminate I,dysgranular
rh,122530,eulaminate I,dysgranular
rh,122531,eulaminate I,dysgranular
rh,122532,eulaminate I,dysgranular
rh,122533,eulaminate I,dysgranular
rh,122534,eulaminate I,dysgranular
rh,122535,eulaminate I,dysgranular
rh,122536,eulaminate I,dysgranular
rh,122537,eulaminate I,dysgranular
rh,122538,eulaminate I,dysgranular
rh,122539,eulaminate I,dysgranular
rh,122540,eulaminate I,dysgranular
rh,122541,eulaminate I,dysgranular
rh,122542,eulaminate I,dysgranular
rh,122543,eulaminate I,dysgranular
rh,122544,eulaminate I,dysgranular
rh,122545,eulaminate I,dysgranular
rh,122546,eulaminate I,dysgranular
rh,122547,eulaminate I,dysgranular
rh,122548,eulaminate I,dysgranular
rh,122549,eulaminate I,dysgranular
rh,122550,eulaminate I,dysgranular
rh,122551,eulaminate I,dysgranular
rh,122552,eulaminate I,dysgranular
rh,122553,eulaminate I,dysgranular
rh,122554,eulaminate I,dysgranular
rh,122555,eulaminate I,dysgranular
rh,122556,eulaminate I,dysgranular
rh,122557,eulaminate I,dysgranular
rh,122558,eulaminate I,dysgranular
rh,122559,eulaminate I,dysgranular
rh,122560,eulaminate I,dysgranular
rh,122565,eulaminate I,dysgranular
rh,122566,eulaminate I,dysgranular
rh,122568,eulaminate I,dysgranular
rh,122569,eulaminate I,dysgranular
rh,122570,eulaminate I,dysgranular
rh,122571,eulaminate I,dysgranular
rh,122572,eulaminate I,dysgranular
rh,122573,eulaminate I,dysgranular
rh,122574,eulaminate I,dysgranular
rh,122575,eulaminate I,dysgranular
rh,122576,eulaminate I,dysgranular
rh,122577,eulaminate I,dysgranular
rh,122578,eulaminate I,dysgranular
rh,122579,eulaminate I,dysgranular
rh,122580,eulaminate I,dysgranular
rh,122581,eulaminate I,dysgranular
rh,122582,eulaminate I,dysgranular
rh,122583,eulaminate I,dysgranular
rh,122584,eulaminate I,dysgranular
rh,122585,eulaminate I,dysgranular
rh,122586,eulaminate I,dysgranular
rh,122587,eulaminate I,dysgranular
rh,122588,eulaminate I,dysgranular
rh,122589,eulaminate I,dysgranular
rh,122590,eulaminate I,dysgranular
rh,122591,eulaminate I,dysgranular
rh,125553,eulaminate I,dysgranular
rh,125554,eulaminate I,dysgranular
rh,125555,eulaminate I,dysgranular
rh,125556,eulaminate I,dysgranular
rh,125557,eulaminate I,dysgranular
rh,125558,eulaminate I,dysgranular
rh,125559,eulaminate I,dysgranular
rh,125560,eulaminate I,dysgranular
rh,125561,eulaminate I,dysgranular
rh,125562,eulaminate I,dysgranular
rh,125563,eulaminate I,dysgranular
rh,125564,eulaminate I,dysgranular
rh,125565,eulaminate I,dysgranular
rh,125566,eulaminate I,dysgranular
rh,125567,eulaminate I,dysgranular
rh,125568,eulaminate I,dysgranular
rh,125569,eulaminate I,dysgranular
rh,125595,eulaminate I,dysgranular
rh,125596,eulaminate I,dysgranular
rh,125597,eulaminate I,dysgranular
rh,125598,eulaminate I,dysgranular
rh,125599,eulaminate I,dysgranular
rh,125600,eulaminate I,dysgranular
rh,125601,eulaminate I,dysgranular
rh,125602,eulaminate I,dysgranular
rh,125610,eulaminate I,dysgranular
rh,125615,eulaminate I,dysgranular
rh,127233,dysgranular,agranular
rh,127234,dysgranular,agranular
rh,127256,dysgranular,agranular
rh,127257,dysgranular,agranular
rh,127258,dysgranular,agranular
rh,127259,dysgranular,agranular
rh,127260,dysgranular,agranular
rh,127261,dysgranular,agranular
rh,127262,dysgranular,agranular
rh,127321,dysgranular,agranular
rh,127322,dysgranular,agranular
rh,127323,dysgranular,agranular
rh,127324,dysgranular,agranular
rh,127325,dysgranular,agranular
rh,127326,dysgranular,agranular
rh,127327,dysgranular,agranular
rh,127338,dysgranular,agranular
rh,127339,dysgranular,agranular
rh,127340,dysgranular,agranular
rh,127341,dysgranular,agranular
rh,127342,dysgranular,agranular
rh,127343,dysgranular,agranular
rh,127344,dysgranular,agranular
rh,127345,dysgranular,agranular
rh,127346,dysgranular,agranular
rh,127349,dysgranular,agranular
rh,127350,dysgranular,agranular
rh,127351,dysgranular,agranular
rh,127353,dysgranular,agranular
rh,127356,dysgranular,agranular
rh,127357,dysgranular,agranular
rh,127358,dysgranular,agranular
rh,127359,dysgranular,agranular
rh,127360,dysgranular,agranular
rh,127361,dysgranular,agranular
rh,127362,dysgranular,agranular
rh,127363,dysgranular,agranular
rh,127364,dysgranular,agranular
rh,127365,dysgranular,agranular
rh,127366,dysgranular,agranular
rh,127367,dysgranular,agranular
rh,127368,dysgranular,agranular
rh,127369,dysgranular,agranular
rh,127370,dysgranular,agranular
rh,127371,dysgranular,agranular
rh,127372,dysgranular,agranular
rh,130149,eulaminate I,dysgranular
rh,130514,dysgranular,agranular
rh,130516,dysgranular,agranular
rh,130517,dysgranular,agranular
rh,130518,dysgranular,agranular
rh,130519,dysgranular,agranular
rh,130520,dysgranular,agranular
rh,132226,eulaminate I,dysgranular
rh,132227,eulaminate I,dysgranular
rh,132228,eulaminate I,dysgranular
rh,132229,eulaminate I,dysgranular
rh,132230,eulaminate I,dysgranular
rh,132231,eulaminate I,dysgranular
rh,132232,eulaminate I,dysgranular
rh,132233,eulaminate I,dysgranular
rh,132234,eulaminate I,dysgranular
rh,132235,eulaminate I,dysgranular
rh,132237,eulaminate I,dysgranular
rh,132238,eulaminate I,dysgranular
rh,132239,eulaminate I,dysgranular
rh,132240,eulaminate I,dysgranular
rh,132241,eulaminate I,dysgranular
rh,132246,eulaminate I,dysgranular
rh,132247,eulaminate I,dysgranular
rh,132248,eulaminate I,dysgranular
rh,132249,eulaminate I,dysgranular
rh,132250,eulaminate I,dysgranular
rh,132251,eulaminate I,dysgranular
rh,132252,eulaminate I,dysgranular
rh,132253,eulaminate I,dysgranular
rh,132254,eulaminate I,dysgranular
rh,132255,eulaminate I,dysgranular
rh,132256,eulaminate I,dysgranular
rh,132257,eulaminate I,dysgranular
rh,132258,eulaminate I,dysgranular
rh,132259,eulaminate I,dysgranular
rh,132260,eulaminate I,dysgranular
rh,132261,eulaminate I,dysgranular
rh,132262,eulaminate I,dysgranular
rh,132263,eulaminate I,dysgranular
rh,132264,eulaminate I,dysgranular
rh,132265,eulaminate I,dysgranular
rh,132266,eulaminate I,dysgranular
rh,132267,eulaminate I,dysgranular
rh,132268,eulaminate I,dysgranular
rh,132269,eulaminate I,dysgranular
rh,132272,eulaminate I,dysgranular
rh,132274,eulaminate I,dysgranular
rh,132275,eulaminate I,dysgranular
rh,132276,eulaminate I,dysgranular
rh,132277,eulaminate I,dysgranular
rh,132278,eulaminate I,dysgranular
rh,132279,eulaminate I,dysgranular
rh,132280,eulaminate I,dysgranular
rh,132281,eulaminate I,dysgranular
rh,132282,eulaminate I,dysgranular
rh,132283,eulaminate I,dysgranular
rh,132284,eulaminate I,dysgranular
rh,132285,eulaminate I,dysgranular
rh,134974,eulaminate I,dysgranular
rh,134975,eulaminate I,dysgranular
rh,134976,eulaminate I,dysgranular
rh,134977,eulaminate I,dysgranular
rh,134985,eulaminate I,dysgranular
rh,134986,eulaminate I,dysgranular
rh,134987,eulaminate I,dysgranular
rh,134988,eulaminate I,dysgranular
rh,134989,eulaminate I,dysgranular
rh,134990,eulaminate I,dysgranular
rh,134991,eulaminate I,dysgranular
rh,134992,eulaminate I,dysgranular
rh,134993,eulaminate I,dysgranular
rh,134994,eulaminate I,dysgranular
rh,134997,eulaminate I,dysgranular
rh,134998,eulaminate I,dysgranular
rh,134999,eulaminate I,dysgranular
rh,135000,eulaminate I,dysgranular
rh,135001,eulaminate I,dysgranular
rh,135002,eulaminate I,dysgranular
rh,135003,eulaminate I,dysgranular
rh,135004,eulaminate I,dysgranular
rh,135005,eulaminate I,dysgranular
rh,135012,eulaminate I,dysgranular
rh,135013,eulaminate I,dysgranular
rh,135014,eulaminate I,dysgranular
rh,135015,eulaminate I,dysgranular
rh,135016,eulaminate I,dysgranular
rh,136496,dysgranular,agranular
rh,136497,dysgranular,agranular
rh,136498,dysgranular,agranular
rh,136499,dysgranular,agranular
rh,136500,dysgranular,agranular
rh,136501,dysgranular,agranular
rh,136502,dysgranular,agranular
rh,136511,dysgranular,agranular
rh,136514,dysgranular,agranular
rh,136515,dysgranular,agranular
rh,136563,dysgranular,agranular
rh,136564,dysgranular,agranular
rh,136565,dysgranular,agranular
rh,136566,dysgranular,agranular
rh,136600,dysgranular,agranular
rh,136601,dysgranular,agranular
rh,136602,dysgranular,agranular
rh,136609,dysgranular,agranular
rh,136610,dysgranular,agranular
rh,136611,dysgranular,agranular
rh,136612,dysgranular,agranular
rh,136613,dysgranular,agranular
rh,136614,dysgranular,agranular
rh,136615,dysgranular,agranular
rh,136616,dysgranular,agranular
rh,136617,dysgranular,agranular
rh,136631,dysgranular,agranular
rh,136632,dysgranular,agranular
rh,136634,dysgranular,agranular
rh,139007,eulaminate I,dysgranular
rh,139011,eulaminate I,dysgranular
rh,139012,eulaminate I,dysgranular
rh,139015,eulaminate I,dysgranular
rh,139016,eulaminate I,dysgranular
rh,139017,eulaminate I,dysgranular
rh,139018,eulaminate I,dysgranular
rh,139019,eulaminate I,dysgranular
rh,139020,eulaminate I,dysgranular
rh,139021,eulaminate I,dysgranular
rh,139022,eulaminate I,dysgranular
rh,139023,eulaminate I,dysgranular
rh,139024,eulaminate I,dysgranular
rh,139025,eulaminate I,dysgranular
rh,139052,eulaminate I,dysgranular
rh,141639,eulaminate I,dysgranular
rh,141640,eulaminate I,dysgranular
rh,141641,eulaminate I,dysgranular
rh,141642,eulaminate I,dysgranular
rh,141643,eulaminate I,dysgranular
rh,141644,eulaminate I,dysgranular
rh,141645,eulaminate I,dysgranular
rh,141646,eulaminate I,dysgranular
rh,141647,eulaminate I,dysgranular
rh,141650,eulaminate I,dysgranular
rh,141652,eulaminate I,dysgranular
rh,141653,eulaminate I,dysgranular
rh,141654,eulaminate I,dysgranular
rh,141655,eulaminate I,dysgranular
rh,141656,eulaminate I,dysgranular
rh,141657,eulaminate I,dysgranular
rh,141658,eulaminate I,dysgranular
rh,141659,eulaminate I,dysgranular
rh,141662,eulaminate I,dysgranular
rh,142126,eulaminate I,dysgranular
rh,142127,eulaminate I,dysgranular
rh,142128,eulaminate I,dysgranular
rh,142129,eulaminate I,dysgranular
rh,142130,eulaminate I,dysgranular
rh,143144,dysgranular,agranular
rh,143147,dysgranular,agranular
rh,143148,dysgranular,agranular
rh,143149,dysgranular,agranular
rh,143163,dysgranular,agranular
rh,143171,dysgranular,agranular
rh,143172,dysgranular,agranular
rh,143173,dysgranular,agranular
rh,143174,dysgranular,agranular
rh,143175,dysgranular,agranular
rh,143176,dysgranular,agranular
rh,143183,dysgranular,agranular
rh,143184,dysgranular,agranular
rh,143185,dysgranular,agranular
rh,143186,dysgranular,agranular
rh,143187,dysgranular,agranular
rh,143188,dysgranular,agranular
rh,143189,dysgranular,agranular
rh,143190,dysgranular,agranular
rh,143191,dysgranular,agranular
rh,143192,dysgranular,agranular
rh,143193,dysgranular,agranular
rh,143194,dysgranular,agranular
rh,143195,dysgranular,agranular
rh,143196,dysgranular,agranular
rh,143205,eulaminate I,agranular
rh,143206,eulaminate I,agranular
rh,143207,eulaminate I,agranular
rh,143208,eulaminate I,agranular
rh,143209,eulaminate I,agranular
rh,143210,eulaminate I,agranular
rh,143211,eulaminate I,agranular
rh,143212,eulaminate I,agranular
rh,143213,eulaminate I,agranular
rh,143214,dysgranular,agranular
rh,143215,dysgranular,agranular
rh,143216,dysgranular,agranular
rh,143217,dysgranular,agranular
rh,143218,dysgranular,agranular
rh,143219,dysgranular,agranular
rh,143220,dysgranular,agranular
rh,143221,dysgranular,agranular
rh,143222,dysgranular,agranular
rh,143223,dysgranular,agranular
rh,143224,dysgranular,agranular
rh,143225,dysgranular,agranular
rh,143226,dysgranular,agranular
rh,143228,dysgranular,agranular
rh,148055,dysgranular,agranular
rh,148081,dysgranular,agranular
rh,148082,dysgranular,agranular
rh,148083,dysgranular,agranular
rh,148084,dysgranular,agranular
rh,148085,dysgranular,agranular
rh,148086,eulaminate I,agranular
rh,148087,eulaminate I,agranular
rh,148088,dysgranular,agranular
rh,148089,dysgranular,agranular
rh,148090,dysgranular,agranular
rh,148091,dysgranular,agranular
rh,148092,eulaminate I,agranular
rh,148093,eulaminate I,agranular
rh,148094,eulaminate I,agranular
rh,148095,eulaminate I,agranular
rh,148096,eulaminate I,agranular
rh,148097,eulaminate I,agranular
rh,148098,eulaminate I,agranular
rh,148099,eulaminate I,agranular
rh,148100,dysgranular,agranular
rh,148101,eulaminate I,agranular
rh,148102,eulaminate I,agranular
rh,148103,eulaminate I,agranular
rh,148104,eulaminate I,agranular
rh,148105,eulaminate I,agranular
rh,148106,eulaminate I,agranular
rh,148107,eulaminate I,agranular
rh,148108,eulaminate I,agranular
rh,148109,eulaminate I,agranular
rh,148118,eulaminate I,dysgranular
rh,148119,eulaminate I,dysgranular
rh,148120,eulaminate I,dysgranular
rh,148121,eulaminate I,dysgranular
rh,148122,eulaminate I,dysgranular
rh,148123,eulaminate I,dysgranular
rh,148124,eulaminate I,dysgranular
rh,148125,eulaminate I,dysgranular
rh,148126,eulaminate I,dysgranular
rh,148127,eulaminate I,dysgranular
rh,148128,eulaminate I,dysgranular
rh,148129,eulaminate I,dysgranular
rh,148130,eulaminate I,dysgranular
rh,148131,eulaminate I,dysgranular
rh,148132,eulaminate I,dysgranular
rh,148133,eulaminate I,dysgranular
rh,148134,eulaminate I,dysgranular
rh,148135,eulaminate I,dysgranular
rh,148136,eulaminate I,dysgranular
rh,148137,eulaminate I,dysgranular
rh,148138,eulaminate I,dysgranular
rh,148139,eulaminate I,dysgranular
rh,148140,eulaminate I,dysgranular
rh,148141,eulaminate I,dysgranular
rh,148142,eulaminate I,dysgranular
rh,148143,eulaminate I,dysgranular
rh,148144,eulaminate I,dysgranular
rh,148145,eulaminate I,dysgranular
rh,148146,eulaminate I,dysgranular
rh,148147,eulaminate I,dysgranular
rh,148148,eulaminate I,dysgranular
rh,148149,eulaminate I,dysgranular
rh,148150,eulaminate I,dysgranular
rh,148151,eulaminate I,dysgranular
rh,148152,eulaminate I,dysgranular
rh,148153,eulaminate I,dysgranular
rh,148154,eulaminate I,dysgranular
rh,148155,eulaminate I,dysgranular
rh,148156,eulaminate I,dysgranular
rh,148157,eulaminate I,dysgranular
rh,148158,eulaminate I,dysgranular
rh,148159,eulaminate I,dysgranular
rh,148160,eulaminate I,dysgranular
rh,148161,eulaminate I,dysgranular
rh,148162,eulaminate I,dysgranular
rh,148163,eulaminate I,dysgranular
rh,148164,eulaminate I,dysgranular
rh,148165,eulaminate I,dysgranular
rh,148166,eulaminate I,dysgranular
rh,148167,eulaminate I,dysgranular
rh,148168,eulaminate I,dysgranular
rh,148169,eulaminate I,dysgranular
rh,148170,eulaminate I,dysgranular
rh,148171,eulaminate I,dysgranular
rh,148172,eulaminate I,agranular
rh,148173,eulaminate I,dysgranular
rh,148174,eulaminate I,dysgranular
rh,148175,eulaminate I,dysgranular
rh,148176,eulaminate I,dysgranular
rh,148177,eulaminate I,dysgranular
rh,148178,eulaminate I,dysgranular
rh,148179,eulaminate I,dysgranular
rh,148180,eulaminate I,agranular
rh,148181,eulaminate I,agranular
rh,148182,eulaminate I,agranular
rh,148183,eulaminate I,agranular
rh,148184,eulaminate I,agranular
rh,148185,eulaminate I,agranular
rh,148186,eulaminate I,agranular
rh,148187,eulaminate I,agranular
rh,148188,eulaminate I,agranular
rh,148189,eulaminate I,agranular
rh,148190,eulaminate I,agranular
rh,148191,eulaminate I,agranular
rh,148192,eulaminate I,agranular
rh,148193,eulaminate I,agranular
rh,148194,eulaminate I,agranular
rh,148195,eulaminate I,agranular
rh,148196,eulaminate I,agranular
rh,148197,dysgranular,agranular
rh,148198,dysgranular,agranular
rh,148199,dysgranular,agranular
rh,148206,dysgranular,agranular
rh,148207,dysgranular,agranular
rh,148208,dysgranular,agranular
rh,148218,eulaminate I,dysgranular
rh,148219,eulaminate I,dysgranular
rh,148220,eulaminate I,dysgranular
rh,148221,eulaminate I,dysgranular
rh,148222,eulaminate I,dysgranular
rh,148223,eulaminate I,dysgranular
rh,148224,eulaminate I,dysgranular
rh,148225,eulaminate I,dysgranular
rh,148226,eulaminate I,dysgranular
rh,148227,eulaminate I,dysgranular
rh,148228,eulaminate I,dysgranular
rh,148229,eulaminate I,dysgranular
rh,148230,eulaminate I,dysgranular
rh,148231,eulaminate I,dysgranular
rh,148232,eulaminate I,dysgranular
rh,148233,eulaminate I,dysgranular
rh,148234,eulaminate I,dysgranular
rh,150145,eulaminate I,dysgranular
rh,154305,eulaminate I,dysgranular
rh,154306,eulaminate I,dysgranular
rh,154329,eulaminate I,dysgranular
rh,154332,eulaminate I,dysgranular
rh,155902,eulaminate I,dysgranular
rh,155903,eulaminate I,dysgranular
rh,155904,eulaminate I,dysgranular
rh,155905,eulaminate I,dysgranular
rh,155906,eulaminate I,dysgranular
rh,155907,eulaminate I,dysgranular
rh,155908,eulaminate I,dysgranular
rh,155911,eulaminate I,dysgranular
rh,155912,eulaminate I,dysgranular
rh,155913,eulaminate I,dysgranular
rh,155914,eulaminate I,dysgranular
rh,155915,eulaminate I,dysgranular
rh,155916,eulaminate I,dysgranular
rh,155917,eulaminate I,dysgranular
rh,155929,eulaminate I,dysgranular
rh,155930,eulaminate I,dysgranular
rh,155931,eulaminate I,dysgranular
rh,155932,eulaminate I,dysgranular
rh,155933,eulaminate I,dysgranular
rh,155934,eulaminate I,dysgranular
rh,155935,eulaminate I,dysgranular
rh,155936,eulaminate I,dysgranular
rh,155937,eulaminate I,dysgranular
rh,155938,eulaminate I,dysgranular
rh,155939,eulaminate I,dysgranular
rh,155940,eulaminate I,dysgranular
rh,155942,eulaminate I,dysgranular
rh,155943,eulaminate I,dysgranular
rh,155944,eulaminate I,dysgranular
rh,155945,eulaminate I,dysgranular
rh,155946,eulaminate I,dysgranular
rh,156019,eulaminate I,dysgranular
rh,156285,eulaminate I,dysgranular
rh,156286,eulaminate I,dysgranular
rh,156287,eulaminate I,dysgranular
rh,156288,eulaminate I,dysgranular
rh,156296,eulaminate I,dysgranular
rh,156297,eulaminate I,dysgranular
rh,156321,eulaminate I,dysgranular
rh,160290,dysgranular,agranular
rh,160291,dysgranular,agranular
rh,160296,dysgranular,agranular
rh,160297,dysgranular,agranular
rh,160298,dysgranular,agranular
rh,160299,dysgranular,agranular
rh,160300,dysgranular,agranular
rh,160301,dysgranular,agranular
rh,160302,dysgranular,agranular
rh,160303,dysgranular,agranular
rh,160324,dysgranular,agranular
rh,160325,dysgranular,agranular
rh,160327,dysgranular,agranular
rh,160328,dysgranular,agranular
rh,160329,dysgranular,agranular
rh,160452,dysgranular,agranular
rh,160459,dysgranular,agranular
rh,160460,dysgranular,agranular
rh,160461,dysgranular,agranular
rh,160462,dysgranular,agranular
rh,160463,dysgranular,agranular
rh,160464,dysgranular,agranular
rh,160465,dysgranular,agranular
rh,160466,dysgranular,agranular
rh,160467,dysgranular,agranular
rh,160468,dysgranular,agranular
rh,160469,dysgranular,agranular
rh,160471,dysgranular,agranular
rh,160472,dysgranular,agranular
rh,160473,dysgranular,agranular
rh,160474,dysgranular,agranular
rh,160475,dysgranular,agranular
rh,160483,dysgranular,agranular
rh,160484,dysgranular,agranular
rh,160485,dysgranular,agranular
rh,160486,dysgranular,agranular
rh,160487,dysgranular,agranular
rh,160488,dysgranular,agranular
rh,160489,dysgranular,agranular
rh,160490,dysgranular,agranular
rh,160491,dysgranular,agranular
rh,160492,dysgranular,agranular
rh,160493,dysgranular,agranular
rh,160494,dysgranular,agranular
rh,160495,dysgranular,agranular
rh,160496,dysgranular,agranular
rh,160497,dysgranular,agranular
rh,160498,dysgranular,agranular
rh,160499,dysgranular,agranular
rh,160500,dysgranular,agranular
rh,160501,dysgranular,agranular
rh,160502,dysgranular,agranular
rh,160503,dysgranular,agranular
rh,160504,dysgranular,agranular
rh,160505,dysgranular,agranular
rh,160506,dysgranular,agranular
rh,160507,dysgranular,agranular
rh,160508,dysgranular,agranular
rh,160509,dysgranular,agranular
rh,160510,dysgranular,agranular
rh,160511,dysgranular,agranular
rh,160512,dysgranular,agranular
rh,160513,dysgranular,agranular
rh,160521,eulaminate I,agranular
rh,160522,eulaminate I,agranular
rh,160523,eulaminate I,agranular
rh,160524,eulaminate I,agranular
rh,160525,eulaminate I,agranular
rh,160526,eulaminate I,agranular
rh,160527,dysgranular,agranular
rh,160528,dysgranular,agranular
rh,160529,dysgranular,agranular
rh,160530,dysgranular,agranular
rh,160531,dysgranular,agranular
rh,160532,eulaminate I,agranular
rh,160533,dysgranular,agranular
rh,160534,dysgranular,agranular
rh,160535,eulaminate I,agranular
rh,160536,eulaminate I,agranular
rh,160537,dysgranular,agranular
rh,160542,dysgranular,agranular
rh,160550,dysgranular,agranular
rh,160551,dysgranular,agranular
rh,160552,dysgranular,agranular
rh,160553,dysgranular,agranular
rh,160554,dysgranular,agranular
rh,160555,dysgranular,agranular
rh,160556,dysgranular,agranular
rh,160557,dysgranular,agranular
rh,160558,dysgranular,agranular
rh,160559,dysgranular,agranular
rh,160560,dysgranular,agranular
rh,160561,dysgranular,agranular
rh,160562,dysgranular,agranular
rh,160563,dysgranular,agranular
rh,160564,dysgranular,agranular
rh,160565,dysgranular,agranular
rh,160566,dysgranular,agranular
rh,160567,dysgranular,agranular
rh,160568,dysgranular,agranular
rh,160569,dysgranular,agranular
rh,160570,dysgranular,agranular
rh,160571,dysgranular,agranular
rh,163331,eulaminate I,dysgranular
rh,163332,eulaminate I,dysgranular
rh,163334,eulaminate I,dysgranular
rh,163335,eulaminate I,dysgranular
rh,163336,eulaminate I,dysgranular
rh,163337,eulaminate I,dysgranular
rh,163338,eulaminate I,dysgranular
rh,163341,eulaminate I,dysgranular
rh,163342,eulaminate I,dysgranular
rh,163343,eulaminate I,dysgranular
rh,163344,eulaminate I,dysgranular
rh,163345,eulaminate I,dysgranular
rh,163346,eulaminate I,dysgranular
rh,163347,eulaminate I,dysgranular
rh,163348,eulaminate I,dysgranular
rh,163349,eulaminate I,dysgranular
rh,163351,eulaminate I,dysgranular
rh,163352,eulaminate I,dysgranular
rh,163589,eulaminate I,dysgranular
rh,163590,eulaminate I,dysgranular
rh,163591,eulaminate I,dysgranular
rh,163592,eulaminate I,dysgranular
