hemi,vertex,v7,v8
lh,81,Dysgranular,Agranular
lh,147,Agranular,Allocortex
lh,148,Agranular,Allocortex
lh,149,Allocortex,Agranular
lh,201,Dysgranular,Agranular
lh,328,Agranular,Allocortex
lh,333,Dysgranular,Agranular
lh,337,Allocortex,Agranular
lh,358,Agranular,Allocortex
lh,360,Dysgranular,Agranular
lh,597,Dysgranular,Agranular
lh,598,Agranular,Allocortex
lh,599,Agranular,Allocortex
lh,600,Agranular,Allocortex
lh,601,Agranular,Allocortex
lh,602,Agranular,Allocortex
lh,808,Agranular,Allocortex
lh,813,Dysgranular,Agranular
lh,814,Dysgranular,Agranular
lh,815,Dysgranular,Agranular
lh,816,Dysgranular,Agranular
lh,817,Allocortex,Agranular
lh,945,Dysgranular,Agranular
lh,963,Allocortex,Agranular
lh,967,Agranular,Allocortex
lh,1330,Allocortex,Agranular
lh,1331,Allocortex,Agranular
lh,1332,Agranular,Allocortex
lh,1333,Agranular,Allocortex
lh,1334,Agranular,Allocortex
lh,1339,Agranular,Allocortex
lh,1340,Agranular,Allocortex
lh,1341,Agranular,Allocortex
lh,1342,Agranular,Allocortex
lh,1344,Agranular,Allocortex
lh,1345,Agranular,Allocortex
lh,1372,Allocortex,Agranular
lh,1438,Dysgranular,Agranular
lh,1597,Agranular,Dysgranular
lh,1599,Agranular,Dysgranular
lh,1732,Eulaminate I,Dysgranular
lh,1735,Dysgranular,Agranular
lh,1736,Allocortex,Agranular
lh,1741,Agranular,Allocortex
lh,1742,Agranular,Allocortex
lh,1743,Agranular,Allocortex
lh,1744,Agranular,Allocortex
lh,1745,Agranular,Allocortex
lh,1751,Dysgranular,Agranular
lh,1759,Allocortex,Agranular
lh,1794,Agranular,Allocortex
lh,1949,Dysgranular,Agranular
lh,1972,Dysgranular,Agranular
lh,1973,Dysgranular,Agranular
lh,1974,Dysgranular,Agranular
lh,1975,Dysgranular,Agranular
lh,1976,Dysgranular,Agranular
lh,2180,Eulaminate I,Dysgranular
lh,2226,Eulaminate III,Eulaminate II
lh,2428,Dysgranular,Agranular
lh,2432,Agranular,Allocortex
lh,2433,Agranular,Allocortex
lh,2435,Allocortex,Agranular
lh,2438,Agranular,Allocortex
lh,2440,Agranular,Allocortex
lh,2441,Agranular,Allocortex
lh,2442,Agranular,Allocortex
lh,2443,Agranular,Allocortex
lh,2444,Allocortex,Agranular
lh,2445,Allocortex,Agranular
lh,2451,Allocortex,Agranular
lh,2733,Dysgranular,Agranular
lh,2734,Dysgranular,Agranular
lh,2735,Dysgranular,Agranular
lh,2866,Dysgranular,Agranular
lh,2883,Allocortex,Agranular
lh,3250,Agranular,Allocortex
lh,3251,Agranular,Allocortex
lh,3252,Agranular,Allocortex
lh,3253,Agranular,Allocortex
lh,3254,Agranular,Allocortex
lh,3258,Agranular,Allocortex
lh,3259,Agranular,Allocortex
lh,3260,Agranular,Allocortex
lh,3261,Agranular,Allocortex
lh,3262,Agranular,Allocortex
lh,3263,Agranular,Allocortex
lh,3264,Agranular,Allocortex
lh,3265,Agranular,Allocortex
lh,3292,Allocortex,Agranular
lh,3358,Eulaminate I,Dysgranular
lh,3360,Eulaminate I,Dysgranular
lh,3486,Dysgranular,Agranular
lh,3487,Dysgranular,Agranular
lh,3622,Agranular,Dysgranular
lh,3623,Agranular,Dysgranular
lh,3624,Agranular,Dysgranular
lh,3854,Dysgranular,Agranular
lh,3863,Agranular,Allocortex
lh,3864,Agranular,Allocortex
lh,3866,Agranular,Allocortex
lh,3867,Agranular,Allocortex
lh,3868,Agranular,Allocortex
lh,3878,Dysgranular,Agranular
lh,3879,Dysgranular,Agranular
lh,3880,Dysgranular,Agranular
lh,3890,Allocortex,Agranular
lh,3892,Allocortex,Agranular
lh,3955,Dysgranular,Agranular
lh,3956,Eulaminate I,Dysgranular
lh,4277,Dysgranular,Agranular
lh,4278,Dysgranular,Agranular
lh,4279,Dysgranular,Agranular
lh,4280,Dysgranular,Agranular
lh,4330,Dysgranular,Agranular
lh,4334,Dysgranular,Agranular
lh,4336,Dysgranular,Agranular
lh,4342,Allocortex,Agranular
lh,4816,Eulaminate I,Dysgranular
lh,4931,Eulaminate III,Eulaminate II
lh,4932,Eulaminate III,Eulaminate II
lh,5422,Eulaminate I,Dysgranular
lh,5427,Dysgranular,Agranular
lh,5431,Dysgranular,Agranular
lh,5433,Agranular,Allocortex
lh,5437,Agranular,Allocortex
lh,5438,Agranular,Allocortex
lh,5439,Agranular,Allocortex
lh,5440,Agranular,Allocortex
lh,5441,Agranular,Allocortex
lh,5450,Agranular,Allocortex
lh,5451,Agranular,Allocortex
lh,5452,Agranular,Allocortex
lh,5456,Agranular,Allocortex
lh,5457,Agranular,Allocortex
lh,5458,Agranular,Allocortex
lh,5459,Agranular,Allocortex
lh,5460,Agranular,Allocortex
lh,5461,Agranular,Allocortex
lh,5462,Agranular,Allocortex
lh,5463,Agranular,Allocortex
lh,5464,Agranular,Allocortex
lh,5465,Agranular,Allocortex
lh,5468,Allocortex,Agranular
lh,5475,Agranular,Allocortex
lh,5476,Agranular,Allocortex
lh,5477,Agranular,Allocortex
lh,5485,Allocortex,Agranular
lh,5486,Allocortex,Agranular
lh,5725,Agranular,Allocortex
lh,5747,Dysgranular,Agranular
lh,5749,Dysgranular,Agranular
lh,6062,Agranular,Allocortex
lh,6071,Dysgranular,Agranular
lh,6072,Dysgranular,Agranular
lh,6073,Dysgranular,Agranular
lh,6074,Dysgranular,Agranular
lh,6075,Dysgranular,Agranular
lh,6077,Dysgranular,Agranular
lh,6079,Allocortex,Agranular
lh,6311,Dysgranular,Agranular
lh,7002,Allocortex,Agranular
lh,7004,Allocortex,Agranular
lh,7005,Agranular,Allocortex
lh,7006,Agranular,Allocortex
lh,7007,Agranular,Allocortex
lh,7008,Agranular,Allocortex
lh,7009,Agranular,Allocortex
lh,7010,Agranular,Allocortex
lh,7018,Agranular,Allocortex
lh,7019,Agranular,Allocortex
lh,7020,Agranular,Allocortex
lh,7021,Agranular,Allocortex
lh,7022,Agranular,Allocortex
lh,7023,Agranular,Allocortex
lh,7024,Agranular,Allocortex
lh,7025,Agranular,Allocortex
lh,7026,Agranular,Allocortex
lh,7027,Agranular,Allocortex
lh,7029,Agranular,Allocortex
lh,7030,Agranular,Allocortex
lh,7078,Allocortex,Agranular
lh,7180,Agranular,Allocortex
lh,7194,Dysgranular,Agranular
lh,7201,Eulaminate I,Dysgranular
lh,7375,Dysgranular,Agranular
lh,7573,Agranular,Dysgranular
lh,7629,Agranular,Dysgranular
lh,7889,Dysgranular,Agranular
lh,7891,Allocortex,Agranular
lh,7892,Agranular,Allocortex
lh,7902,Agranular,Allocortex
lh,7903,Agranular,Allocortex
lh,7904,Agranular,Allocortex
lh,7905,Agranular,Allocortex
lh,7906,Agranular,Allocortex
lh,7907,Agranular,Allocortex
lh,7908,Agranular,Allocortex
lh,7909,Agranular,Allocortex
lh,7910,Agranular,Allocortex
lh,7911,Agranular,Allocortex
lh,7912,Agranular,Allocortex
lh,7913,Agranular,Allocortex
lh,7925,Dysgranular,Agranular
lh,7927,Dysgranular,Agranular
lh,7930,Dysgranular,Agranular
lh,7945,Allocortex,Agranular
lh,8034,Dysgranular,Agranular
lh,8038,Eulaminate I,Dysgranular
lh,8444,Dysgranular,Agranular
lh,8445,Dysgranular,Agranular
lh,8446,Dysgranular,Agranular
lh,8506,Dysgranular,Agranular
lh,8509,Dysgranular,Agranular
lh,8510,Dysgranular,Agranular
lh,8511,Dysgranular,Agranular
lh,8512,Dysgranular,Agranular
lh,8513,Dysgranular,Agranular
lh,8514,Dysgranular,Agranular
lh,8515,Dysgranular,Agranular
lh,8516,Dysgranular,Agranular
lh,8517,Dysgranular,Agranular
lh,8518,Dysgranular,Agranular
lh,8521,Dysgranular,Agranular
lh,8522,Dysgranular,Agranular
lh,9106,Eulaminate I,Dysgranular
lh,9107,Eulaminate I,Dysgranular
lh,9108,Eulaminate I,Dysgranular
lh,9242,Eulaminate III,Eulaminate II
lh,9243,Eulaminate III,Eulaminate II
lh,9264,Eulaminate I,Dysgranular
lh,9843,Dysgranular,Agranular
lh,9847,Dysgranular,Agranular
lh,9854,Agranular,Allocortex
lh,9855,Agranular,Allocortex
lh,9856,Agranular,Allocortex
lh,9858,Agranular,Allocortex
lh,9861,Allocortex,Agranular
lh,9862,Allocortex,Agranular
lh,9871,Agranular,Allocortex
lh,9872,Agranular,Allocortex
lh,9875,Agranular,Allocortex
lh,9876,Agranular,Allocortex
lh,9878,Agranular,Allocortex
lh,9879,Agranular,Allocortex
lh,9880,Agranular,Allocortex
lh,9881,Agranular,Allocortex
lh,9882,Agranular,Allocortex
lh,9883,Agranular,Allocortex
lh,9884,Agranular,Allocortex
lh,9885,Agranular,Allocortex
lh,9886,Agranular,Allocortex
lh,9887,Agranular,Allocortex
lh,9889,Allocortex,Agranular
lh,9891,Allocortex,Agranular
lh,9892,Allocortex,Agranular
lh,9893,Allocortex,Agranular
lh,9896,Allocortex,Agranular
lh,9897,Allocortex,Agranular
lh,9898,Allocortex,Agranular
lh,9899,Allocortex,Agranular
lh,9900,Agranular,Allocortex
lh,9901,Agranular,Allocortex
lh,9908,Allocortex,Agranular
lh,9909,Allocortex,Agranular
lh,9910,Allocortex,Agranular
lh,9911,Allocortex,Agranular
lh,9912,Allocortex,Agranular
lh,9913,Allocortex,Agranular
lh,9914,Allocortex,Agranular
lh,9953,Eulaminate II,Eulaminate I
lh,9963,Eulaminate II,Eulaminate I
lh,10158,Eulaminate I,Dysgranular
lh,10223,Agranular,Allocortex
lh,10413,Dysgranular,Agranular
lh,10414,Dysgranular,Agranular
lh,10415,Dysgranular,Agranular
lh,10563,Allocortex,Agranular
lh,10930,Agranular,Allocortex
lh,10931,Agranular,Allocortex
lh,10932,Agranular,Allocortex
lh,10933,Agranular,Allocortex
lh,10934,Agranular,Allocortex
lh,10938,Agranular,Allocortex
lh,10939,Agranular,Allocortex
lh,10940,Agranular,Allocortex
lh,10941,Agranular,Allocortex
lh,10942,Agranular,Allocortex
lh,10943,Agranular,Allocortex
lh,10944,Agranular,Allocortex
lh,10968,Allocortex,Agranular
lh,10970,Allocortex,Agranular
lh,10971,Allocortex,Agranular
lh,10972,Allocortex,Agranular
lh,11027,Agranular,Allocortex
lh,11029,Agranular,Allocortex
lh,11302,Agranular,Dysgranular
lh,11303,Agranular,Dysgranular
lh,11304,Agranular,Dysgranular
lh,11346,Agranular,Dysgranular
lh,11528,Eulaminate I,Dysgranular
lh,11529,Eulaminate I,Dysgranular
lh,11533,Dysgranular,Agranular
lh,11534,Dysgranular,Agranular
lh,11542,Agranular,Allocortex
lh,11543,Agranular,Allocortex
lh,11544,Agranular,Allocortex
lh,11558,Dysgranular,Agranular
lh,11559,Dysgranular,Agranular
lh,11560,Dysgranular,Agranular
lh,11568,Allocortex,Agranular
lh,11570,Allocortex,Agranular
lh,11571,Allocortex,Agranular
lh,11572,Allocortex,Agranular
lh,11957,Dysgranular,Agranular
lh,11958,Dysgranular,Agranular
lh,11959,Dysgranular,Agranular
lh,12008,Dysgranular,Agranular
lh,12009,Dysgranular,Agranular
lh,12010,Dysgranular,Agranular
lh,12020,Allocortex,Agranular
lh,12022,Allocortex,Agranular
lh,12613,Eulaminate III,Eulaminate II
lh,13102,Eulaminate I,Dysgranular
lh,13105,Dysgranular,Agranular
lh,13106,Dysgranular,Agranular
lh,13107,Dysgranular,Agranular
lh,13110,Dysgranular,Agranular
lh,13111,Dysgranular,Agranular
lh,13113,Agranular,Allocortex
lh,13114,Agranular,Allocortex
lh,13115,Agranular,Allocortex
lh,13116,Agranular,Allocortex
lh,13117,Agranular,Allocortex
lh,13118,Agranular,Allocortex
lh,13119,Agranular,Allocortex
lh,13120,Agranular,Allocortex
lh,13121,Agranular,Allocortex
lh,13122,Agranular,Allocortex
lh,13123,Agranular,Allocortex
lh,13124,Agranular,Allocortex
lh,13128,Agranular,Allocortex
lh,13129,Agranular,Allocortex
lh,13130,Agranular,Allocortex
lh,13131,Agranular,Allocortex
lh,13132,Agranular,Allocortex
lh,13136,Agranular,Allocortex
lh,13137,Agranular,Allocortex
lh,13138,Agranular,Allocortex
lh,13139,Agranular,Allocortex
lh,13140,Agranular,Allocortex
lh,13141,Agranular,Allocortex
lh,13142,Agranular,Allocortex
lh,13143,Agranular,Allocortex
lh,13144,Agranular,Allocortex
lh,13145,Agranular,Allocortex
lh,13155,Agranular,Allocortex
lh,13156,Agranular,Allocortex
lh,13157,Agranular,Allocortex
lh,13166,Allocortex,Agranular
lh,13405,Agranular,Allocortex
lh,13407,Agranular,Allocortex
lh,13427,Dysgranular,Agranular
lh,13428,Dysgranular,Agranular
lh,13429,Dysgranular,Agranular
lh,13958,Dysgranular,Agranular
lh,13959,Dysgranular,Agranular
lh,13960,Dysgranular,Agranular
lh,13961,Dysgranular,Agranular
lh,13962,Dysgranular,Agranular
lh,13963,Dysgranular,Agranular
lh,13964,Dysgranular,Agranular
lh,13965,Dysgranular,Agranular
lh,13966,Dysgranular,Agranular
lh,13967,Dysgranular,Agranular
lh,13972,Allocortex,Agranular
lh,14357,Dysgranular,Agranular
lh,14358,Dysgranular,Agranular
lh,14359,Dysgranular,Agranular
lh,14360,Dysgranular,Agranular
lh,14418,Agranular,Allocortex
lh,14419,Agranular,Allocortex
lh,14420,Agranular,Allocortex
lh,14422,Agranular,Allocortex
lh,15510,Allocortex,Agranular
lh,15511,Allocortex,Agranular
lh,15512,Allocortex,Agranular
lh,15513,Agranular,Allocortex
lh,15514,Agranular,Allocortex
lh,15515,Agranular,Allocortex
lh,15516,Agranular,Allocortex
lh,15517,Agranular,Allocortex
lh,15518,Agranular,Allocortex
lh,15519,Agranular,Allocortex
lh,15520,Agranular,Allocortex
lh,15521,Agranular,Allocortex
lh,15522,Agranular,Allocortex
lh,15523,Agranular,Allocortex
lh,15524,Agranular,Allocortex
lh,15536,Agranular,Allocortex
lh,15537,Agranular,Allocortex
lh,15538,Agranular,Allocortex
lh,15539,Agranular,Allocortex
lh,15540,Agranular,Allocortex
lh,15541,Agranular,Allocortex
lh,15542,Agranular,Allocortex
lh,15543,Agranular,Allocortex
lh,15544,Agranular,Allocortex
lh,15545,Agranular,Allocortex
lh,15546,Agranular,Allocortex
lh,15547,Agranular,Allocortex
lh,15548,Agranular,Allocortex
lh,15549,Agranular,Allocortex
lh,15550,Agranular,Allocortex
lh,15551,Agranular,Allocortex
lh,15552,Agranular,Allocortex
lh,15554,Agranular,Allocortex
lh,15555,Agranular,Allocortex
lh,15556,Agranular,Allocortex
lh,15637,Allocortex,Agranular
lh,15805,Agranular,Allocortex
lh,15827,Eulaminate I,Dysgranular
lh,15828,Dysgranular,Agranular
lh,15829,Eulaminate I,Dysgranular
lh,15830,Eulaminate I,Dysgranular
lh,15837,Eulaminate I,Dysgranular
lh,15838,Eulaminate I,Dysgranular
lh,15839,Eulaminate I,Dysgranular
lh,15841,Eulaminate I,Dysgranular
lh,16215,Dysgranular,Agranular
lh,16216,Dysgranular,Agranular
lh,16217,Dysgranular,Agranular
lh,16627,Agranular,Dysgranular
lh,16629,Agranular,Dysgranular
lh,16630,Agranular,Dysgranular
lh,16631,Agranular,Dysgranular
lh,16632,Agranular,Dysgranular
lh,16758,Agranular,Dysgranular
lh,16760,Agranular,Dysgranular
lh,16761,Agranular,Dysgranular
lh,17317,Dysgranular,Agranular
lh,17323,Agranular,Allocortex
lh,17324,Agranular,Allocortex
lh,17345,Agranular,Allocortex
lh,17346,Agranular,Allocortex
lh,17347,Agranular,Allocortex
lh,17348,Agranular,Allocortex
lh,17349,Agranular,Allocortex
lh,17350,Agranular,Allocortex
lh,17351,Agranular,Allocortex
lh,17352,Agranular,Allocortex
lh,17353,Agranular,Allocortex
lh,17354,Agranular,Allocortex
lh,17355,Agranular,Allocortex
lh,17356,Agranular,Allocortex
lh,17357,Agranular,Allocortex
lh,17358,Agranular,Allocortex
lh,17359,Agranular,Allocortex
lh,17360,Agranular,Allocortex
lh,17361,Agranular,Allocortex
lh,17362,Agranular,Allocortex
lh,17363,Agranular,Allocortex
lh,17364,Agranular,Allocortex
lh,17365,Agranular,Allocortex
lh,17366,Agranular,Allocortex
lh,17367,Agranular,Allocortex
lh,17368,Agranular,Allocortex
lh,17369,Agranular,Allocortex
lh,17393,Dysgranular,Agranular
lh,17394,Dysgranular,Agranular
lh,17395,Dysgranular,Agranular
lh,17396,Dysgranular,Agranular
lh,17397,Dysgranular,Agranular
lh,17401,Dysgranular,Agranular
lh,17402,Dysgranular,Agranular
lh,17403,Dysgranular,Agranular
lh,17423,Dysgranular,Agranular
lh,17425,Dysgranular,Agranular
lh,17433,Allocortex,Agranular
lh,17435,Allocortex,Agranular
lh,17437,Allocortex,Agranular
lh,17622,Dysgranular,Agranular
lh,17623,Dysgranular,Agranular
lh,17624,Dysgranular,Agranular
lh,17625,Dysgranular,Agranular
lh,18594,Dysgranular,Agranular
lh,18595,Dysgranular,Agranular
lh,18596,Dysgranular,Agranular
lh,18597,Dysgranular,Agranular
lh,18598,Dysgranular,Agranular
lh,18599,Dysgranular,Agranular
lh,18600,Dysgranular,Agranular
lh,18601,Dysgranular,Agranular
lh,18742,Dysgranular,Agranular
lh,18746,Dysgranular,Agranular
lh,18748,Dysgranular,Agranular
lh,18750,Dysgranular,Agranular
lh,18756,Dysgranular,Agranular
lh,18757,Dysgranular,Agranular
lh,18758,Dysgranular,Agranular
lh,18759,Dysgranular,Agranular
lh,18760,Dysgranular,Agranular
lh,18761,Dysgranular,Agranular
lh,18762,Dysgranular,Agranular
lh,18763,Dysgranular,Agranular
lh,18764,Dysgranular,Agranular
lh,18765,Dysgranular,Agranular
lh,18766,Dysgranular,Agranular
lh,18767,Dysgranular,Agranular
lh,18768,Dysgranular,Agranular
lh,18769,Dysgranular,Agranular
lh,18770,Dysgranular,Agranular
lh,18771,Dysgranular,Agranular
lh,18772,Dysgranular,Agranular
lh,18779,Dysgranular,Agranular
lh,18780,Dysgranular,Agranular
lh,18781,Dysgranular,Agranular
lh,20205,Eulaminate I,Dysgranular
lh,20207,Eulaminate I,Dysgranular
lh,20209,Eulaminate I,Dysgranular
lh,20210,Eulaminate I,Dysgranular
lh,20211,Eulaminate I,Dysgranular
lh,20212,Eulaminate I,Dysgranular
lh,20219,Eulaminate I,Dysgranular
lh,20547,Eulaminate III,Eulaminate II
lh,20548,Eulaminate III,Eulaminate II
lh,20549,Eulaminate III,Eulaminate II
lh,20554,Eulaminate III,Eulaminate II
lh,20603,Eulaminate I,Dysgranular
lh,20605,Eulaminate I,Dysgranular
lh,20606,Eulaminate I,Dysgranular
lh,20607,Eulaminate I,Dysgranular
lh,22043,Dysgranular,Agranular
lh,22044,Dysgranular,Agranular
lh,22053,Dysgranular,Agranular
lh,22054,Dysgranular,Agranular
lh,22055,Dysgranular,Agranular
lh,22056,Dysgranular,Agranular
lh,22058,Allocortex,Agranular
lh,22068,Agranular,Allocortex
lh,22072,Agranular,Allocortex
lh,22073,Agranular,Allocortex
lh,22074,Agranular,Allocortex
lh,22075,Agranular,Allocortex
lh,22076,Agranular,Allocortex
lh,22077,Agranular,Allocortex
lh,22078,Agranular,Allocortex
lh,22079,Agranular,Allocortex
lh,22080,Agranular,Allocortex
lh,22081,Agranular,Allocortex
lh,22082,Agranular,Allocortex
lh,22090,Allocortex,Agranular
lh,22091,Allocortex,Agranular
lh,22092,Allocortex,Agranular
lh,22093,Allocortex,Agranular
lh,22094,Allocortex,Agranular
lh,22113,Agranular,Allocortex
lh,22114,Agranular,Allocortex
lh,22115,Agranular,Allocortex
lh,22116,Agranular,Allocortex
lh,22117,Agranular,Allocortex
lh,22126,Agranular,Allocortex
lh,22128,Agranular,Allocortex
lh,22129,Agranular,Allocortex
lh,22130,Agranular,Allocortex
lh,22131,Agranular,Allocortex
lh,22132,Agranular,Allocortex
lh,22133,Agranular,Allocortex
lh,22134,Agranular,Allocortex
lh,22135,Agranular,Allocortex
lh,22136,Agranular,Allocortex
lh,22137,Agranular,Allocortex
lh,22138,Agranular,Allocortex
lh,22139,Agranular,Allocortex
lh,22140,Agranular,Allocortex
lh,22141,Agranular,Allocortex
lh,22142,Agranular,Allocortex
lh,22143,Agranular,Allocortex
lh,22144,Agranular,Allocortex
lh,22145,Agranular,Allocortex
lh,22146,Agranular,Allocortex
lh,22147,Agranular,Allocortex
lh,22148,Agranular,Allocortex
lh,22149,Agranular,Allocortex
lh,22150,Agranular,Allocortex
lh,22151,Agranular,Allocortex
lh,22152,Agranular,Allocortex
lh,22153,Agranular,Allocortex
lh,22154,Agranular,Allocortex
lh,22155,Agranular,Allocortex
lh,22160,Allocortex,Agranular
lh,22163,Allocortex,Agranular
lh,22164,Allocortex,Agranular
lh,22165,Allocortex,Agranular
lh,22166,Allocortex,Agranular
lh,22167,Allocortex,Agranular
lh,22168,Allocortex,Agranular
lh,22169,Allocortex,Agranular
lh,22178,Allocortex,Agranular
lh,22183,Allocortex,Agranular
lh,22185,Agranular,Allocortex
lh,22186,Agranular,Allocortex
lh,22187,Agranular,Allocortex
lh,22188,Agranular,Allocortex
lh,22189,Agranular,Allocortex
lh,22208,Allocortex,Agranular
lh,22210,Allocortex,Agranular
lh,22211,Allocortex,Agranular
lh,22212,Allocortex,Agranular
lh,22213,Allocortex,Agranular
lh,22214,Allocortex,Agranular
lh,22220,Allocortex,Agranular
lh,22221,Allocortex,Agranular
lh,22222,Allocortex,Agranular
lh,22347,Eulaminate II,Eulaminate I
lh,22348,Eulaminate II,Eulaminate I
lh,22931,Agranular,Allocortex
lh,22995,Agranular,Allocortex
lh,23005,Dysgranular,Agranular
lh,23006,Dysgranular,Agranular
lh,23351,Dysgranular,Agranular
lh,23352,Dysgranular,Agranular
lh,23353,Dysgranular,Agranular
lh,23354,Dysgranular,Agranular
lh,23355,Dysgranular,Agranular
lh,23356,Dysgranular,Agranular
lh,23621,Allocortex,Agranular
lh,23629,Agranular,Allocortex
lh,24282,Agranular,Allocortex
lh,24283,Agranular,Allocortex
lh,24284,Agranular,Allocortex
lh,24285,Agranular,Allocortex
lh,24286,Agranular,Allocortex
lh,24287,Agranular,Allocortex
lh,24288,Agranular,Allocortex
lh,24289,Agranular,Allocortex
lh,24290,Agranular,Allocortex
lh,24296,Agranular,Allocortex
lh,24297,Agranular,Allocortex
lh,24298,Agranular,Allocortex
lh,24299,Agranular,Allocortex
lh,24300,Agranular,Allocortex
lh,24301,Agranular,Allocortex
lh,24302,Agranular,Allocortex
lh,24303,Agranular,Allocortex
lh,24304,Agranular,Allocortex
lh,24305,Agranular,Allocortex
lh,24306,Agranular,Allocortex
lh,24307,Agranular,Allocortex
lh,24308,Agranular,Allocortex
lh,24309,Agranular,Allocortex
lh,24358,Allocortex,Agranular
lh,24474,Eulaminate I,Dysgranular
lh,24476,Eulaminate I,Dysgranular
lh,24477,Eulaminate I,Dysgranular
lh,24478,Eulaminate I,Dysgranular
lh,24479,Eulaminate I,Dysgranular
lh,24706,Dysgranular,Agranular
lh,24707,Dysgranular,Agranular
lh,24708,Dysgranular,Agranular
lh,24709,Dysgranular,Agranular
lh,24952,Agranular,Dysgranular
lh,24953,Agranular,Dysgranular
lh,24954,Agranular,Dysgranular
lh,24955,Agranular,Dysgranular
lh,24956,Agranular,Dysgranular
lh,25032,Agranular,Dysgranular
lh,25359,Eulaminate I,Dysgranular
lh,25367,Dysgranular,Agranular
lh,25368,Dysgranular,Agranular
lh,25369,Dysgranular,Agranular
lh,25385,Agranular,Allocortex
lh,25386,Agranular,Allocortex
lh,25387,Agranular,Allocortex
lh,25388,Agranular,Allocortex
lh,25390,Agranular,Allocortex
lh,25392,Agranular,Allocortex
lh,25393,Agranular,Allocortex
lh,25394,Agranular,Allocortex
lh,25395,Agranular,Allocortex
lh,25396,Agranular,Allocortex
lh,25397,Agranular,Allocortex
lh,25412,Dysgranular,Agranular
lh,25413,Dysgranular,Agranular
lh,25414,Dysgranular,Agranular
lh,25415,Dysgranular,Agranular
lh,25416,Dysgranular,Agranular
lh,25417,Dysgranular,Agranular
lh,25436,Allocortex,Agranular
lh,25437,Allocortex,Agranular
lh,25438,Allocortex,Agranular
lh,26131,Dysgranular,Agranular
lh,26132,Dysgranular,Agranular
lh,26133,Dysgranular,Agranular
lh,26134,Dysgranular,Agranular
lh,26135,Dysgranular,Agranular
lh,26136,Dysgranular,Agranular
lh,26137,Dysgranular,Agranular
lh,26225,Dysgranular,Agranular
lh,26226,Dysgranular,Agranular
lh,26232,Dysgranular,Agranular
lh,26234,Dysgranular,Agranular
lh,26235,Dysgranular,Agranular
lh,26236,Dysgranular,Agranular
lh,27100,Eulaminate I,Dysgranular
lh,27307,Eulaminate III,Eulaminate II
lh,27308,Eulaminate III,Eulaminate II
lh,27309,Eulaminate III,Eulaminate II
lh,28201,Dysgranular,Agranular
lh,28202,Dysgranular,Agranular
lh,28209,Dysgranular,Agranular
lh,28212,Allocortex,Agranular
lh,28218,Agranular,Allocortex
lh,28219,Agranular,Allocortex
lh,28220,Agranular,Allocortex
lh,28221,Agranular,Allocortex
lh,28222,Agranular,Allocortex
lh,28223,Agranular,Allocortex
lh,28224,Agranular,Allocortex
lh,28225,Agranular,Allocortex
lh,28226,Agranular,Allocortex
lh,28227,Agranular,Allocortex
lh,28244,Agranular,Allocortex
lh,28245,Agranular,Allocortex
lh,28246,Agranular,Allocortex
lh,28252,Agranular,Allocortex
lh,28253,Agranular,Allocortex
lh,28254,Agranular,Allocortex
lh,28255,Agranular,Allocortex
lh,28256,Agranular,Allocortex
lh,28257,Agranular,Allocortex
lh,28258,Agranular,Allocortex
lh,28259,Agranular,Allocortex
lh,28260,Agranular,Allocortex
lh,28261,Agranular,Allocortex
lh,28262,Agranular,Allocortex
lh,28263,Agranular,Allocortex
lh,28264,Agranular,Allocortex
lh,28265,Agranular,Allocortex
lh,28266,Agranular,Allocortex
lh,28267,Agranular,Allocortex
lh,28268,Agranular,Allocortex
lh,28269,Agranular,Allocortex
lh,28274,Allocortex,Agranular
lh,28287,Agranular,Allocortex
lh,28288,Agranular,Allocortex
lh,28289,Agranular,Allocortex
lh,28290,Agranular,Allocortex
lh,28291,Agranular,Allocortex
lh,28304,Allocortex,Agranular
lh,28307,Allocortex,Agranular
lh,28735,Agranular,Allocortex
lh,28777,Dysgranular,Agranular
lh,29504,Agranular,Allocortex
lh,29506,Agranular,Allocortex
lh,29525,Dysgranular,Agranular
lh,29526,Dysgranular,Agranular
lh,29527,Dysgranular,Agranular
lh,29528,Dysgranular,Agranular
lh,29529,Dysgranular,Agranular
lh,29530,Dysgranular,Agranular
lh,29531,Dysgranular,Agranular
lh,29532,Dysgranular,Agranular
lh,29533,Dysgranular,Agranular
lh,29534,Dysgranular,Agranular
lh,29537,Dysgranular,Agranular
lh,29538,Dysgranular,Agranular
lh,29539,Dysgranular,Agranular
lh,29540,Dysgranular,Agranular
lh,29544,Allocortex,Agranular
lh,29545,Allocortex,Agranular
lh,30084,Dysgranular,Agranular
lh,30086,Dysgranular,Agranular
lh,30087,Dysgranular,Agranular
lh,30088,Dysgranular,Agranular
lh,30089,Dysgranular,Agranular
lh,30155,Dysgranular,Agranular
lh,30156,Dysgranular,Agranular
lh,31697,Dysgranular,Agranular
lh,31701,Allocortex,Agranular
lh,31702,Allocortex,Agranular
lh,31703,Agranular,Allocortex
lh,31706,Agranular,Allocortex
lh,31707,Agranular,Allocortex
lh,31708,Agranular,Allocortex
lh,31709,Agranular,Allocortex
lh,31710,Agranular,Allocortex
lh,31711,Agranular,Allocortex
lh,31712,Agranular,Allocortex
lh,31713,Agranular,Allocortex
lh,31714,Agranular,Allocortex
lh,31715,Agranular,Allocortex
lh,31716,Agranular,Allocortex
lh,31717,Agranular,Allocortex
lh,31718,Agranular,Allocortex
lh,31728,Agranular,Allocortex
lh,31729,Agranular,Allocortex
lh,31734,Agranular,Allocortex
lh,31735,Agranular,Allocortex
lh,31736,Agranular,Allocortex
lh,31737,Agranular,Allocortex
lh,31738,Agranular,Allocortex
lh,31739,Agranular,Allocortex
lh,31740,Agranular,Allocortex
lh,31741,Agranular,Allocortex
lh,31742,Agranular,Allocortex
lh,31743,Agranular,Allocortex
lh,31744,Agranular,Allocortex
lh,31745,Agranular,Allocortex
lh,31746,Agranular,Allocortex
lh,31747,Agranular,Allocortex
lh,31748,Agranular,Allocortex
lh,31749,Agranular,Allocortex
lh,31750,Agranular,Allocortex
lh,31751,Agranular,Allocortex
lh,31752,Agranular,Allocortex
lh,31753,Agranular,Allocortex
lh,31754,Agranular,Allocortex
lh,31755,Agranular,Allocortex
lh,31756,Agranular,Allocortex
lh,31761,Agranular,Allocortex
lh,31762,Agranular,Allocortex
lh,31763,Agranular,Allocortex
lh,31876,Allocortex,Agranular
lh,32110,Agranular,Allocortex
lh,32111,Agranular,Allocortex
lh,32112,Agranular,Allocortex
lh,32141,Dysgranular,Agranular
lh,32142,Dysgranular,Agranular
lh,32143,Dysgranular,Agranular
lh,32144,Dysgranular,Agranular
lh,32146,Eulaminate I,Dysgranular
lh,32148,Dysgranular,Agranular
lh,32149,Dysgranular,Agranular
lh,32150,Dysgranular,Agranular
lh,32151,Dysgranular,Agranular
lh,32152,Dysgranular,Agranular
lh,32161,Eulaminate I,Dysgranular
lh,32635,Dysgranular,Agranular
lh,32636,Dysgranular,Agranular
lh,32643,Allocortex,Agranular
lh,33162,Agranular,Dysgranular
lh,33168,Agranular,Dysgranular
lh,33169,Agranular,Dysgranular
lh,33170,Agranular,Dysgranular
lh,33172,Agranular,Dysgranular
lh,33173,Agranular,Dysgranular
lh,33326,Agranular,Dysgranular
lh,34022,Dysgranular,Agranular
lh,34031,Dysgranular,Agranular
lh,34034,Allocortex,Agranular
lh,34037,Allocortex,Agranular
lh,34038,Agranular,Allocortex
lh,34039,Agranular,Allocortex
lh,34040,Agranular,Allocortex
lh,34067,Agranular,Allocortex
lh,34068,Agranular,Allocortex
lh,34069,Agranular,Allocortex
lh,34070,Agranular,Allocortex
lh,34071,Agranular,Allocortex
lh,34072,Agranular,Allocortex
lh,34073,Agranular,Allocortex
lh,34074,Agranular,Allocortex
lh,34075,Agranular,Allocortex
lh,34076,Agranular,Allocortex
lh,34077,Agranular,Allocortex
lh,34078,Agranular,Allocortex
lh,34079,Agranular,Allocortex
lh,34080,Agranular,Allocortex
lh,34081,Agranular,Allocortex
lh,34082,Agranular,Allocortex
lh,34083,Agranular,Allocortex
lh,34084,Agranular,Allocortex
lh,34085,Agranular,Allocortex
lh,34086,Agranular,Allocortex
lh,34087,Agranular,Allocortex
lh,34088,Agranular,Allocortex
lh,34089,Agranular,Allocortex
lh,34090,Agranular,Allocortex
lh,34091,Agranular,Allocortex
lh,34092,Agranular,Allocortex
lh,34093,Agranular,Allocortex
lh,34094,Agranular,Allocortex
lh,34095,Agranular,Allocortex
lh,34096,Agranular,Allocortex
lh,34097,Agranular,Allocortex
lh,34127,Dysgranular,Agranular
lh,34129,Dysgranular,Agranular
lh,34132,Dysgranular,Agranular
lh,34138,Dysgranular,Agranular
lh,34139,Dysgranular,Agranular
lh,34169,Dysgranular,Agranular
lh,34170,Dysgranular,Agranular
lh,34183,Allocortex,Agranular
lh,34406,Agranular,Allocortex
lh,34407,Agranular,Allocortex
lh,34410,Agranular,Allocortex
lh,34421,Dysgranular,Agranular
lh,34422,Dysgranular,Agranular
lh,34423,Dysgranular,Agranular
lh,34425,Eulaminate I,Dysgranular
lh,34426,Eulaminate I,Dysgranular
lh,34428,Eulaminate I,Dysgranular
lh,34429,Eulaminate I,Dysgranular
lh,34430,Eulaminate I,Dysgranular
lh,34431,Eulaminate I,Dysgranular
lh,35608,Dysgranular,Agranular
lh,35609,Dysgranular,Agranular
lh,35613,Dysgranular,Agranular
lh,35614,Dysgranular,Agranular
lh,35615,Dysgranular,Agranular
lh,35616,Dysgranular,Agranular
lh,35617,Dysgranular,Agranular
lh,35618,Dysgranular,Agranular
lh,35788,Dysgranular,Agranular
lh,35798,Dysgranular,Agranular
lh,35799,Dysgranular,Agranular
lh,35800,Dysgranular,Agranular
lh,35802,Dysgranular,Agranular
lh,35803,Dysgranular,Agranular
lh,35804,Dysgranular,Agranular
lh,35805,Dysgranular,Agranular
lh,35808,Dysgranular,Agranular
lh,35809,Dysgranular,Agranular
lh,35810,Dysgranular,Agranular
lh,35811,Dysgranular,Agranular
lh,35812,Dysgranular,Agranular
lh,35813,Dysgranular,Agranular
lh,35814,Dysgranular,Agranular
lh,35815,Dysgranular,Agranular
lh,35816,Dysgranular,Agranular
lh,35817,Dysgranular,Agranular
lh,35818,Dysgranular,Agranular
lh,35819,Dysgranular,Agranular
lh,35820,Dysgranular,Agranular
lh,35821,Dysgranular,Agranular
lh,35822,Dysgranular,Agranular
lh,35823,Dysgranular,Agranular
lh,35824,Dysgranular,Agranular
lh,35831,Dysgranular,Agranular
lh,35832,Dysgranular,Agranular
lh,35833,Dysgranular,Agranular
lh,35834,Dysgranular,Agranular
lh,35835,Dysgranular,Agranular
lh,35836,Dysgranular,Agranular
lh,35839,Dysgranular,Agranular
lh,35840,Dysgranular,Agranular
lh,35841,Dysgranular,Agranular
lh,35842,Dysgranular,Agranular
lh,36036,Agranular,Allocortex
lh,37561,Eulaminate I,Dysgranular
lh,37562,Eulaminate I,Dysgranular
lh,37563,Eulaminate I,Dysgranular
lh,37564,Eulaminate I,Dysgranular
lh,37565,Eulaminate I,Dysgranular
lh,37566,Eulaminate I,Dysgranular
lh,37573,Eulaminate I,Dysgranular
lh,37574,Eulaminate I,Dysgranular
lh,37973,Eulaminate III,Eulaminate II
lh,37974,Eulaminate III,Eulaminate II
lh,37975,Eulaminate III,Eulaminate II
lh,37976,Eulaminate III,Eulaminate II
lh,37977,Eulaminate III,Eulaminate II
lh,38037,Eulaminate I,Dysgranular
lh,39766,Dysgranular,Agranular
lh,39781,Dysgranular,Agranular
lh,39800,Agranular,Allocortex
lh,39801,Agranular,Allocortex
lh,39802,Agranular,Allocortex
lh,39803,Agranular,Allocortex
lh,39804,Agranular,Allocortex
lh,39805,Agranular,Allocortex
lh,39806,Agranular,Allocortex
lh,39807,Agranular,Allocortex
lh,39810,Agranular,Allocortex
lh,39811,Agranular,Allocortex
lh,39812,Agranular,Allocortex
lh,39813,Agranular,Allocortex
lh,39814,Agranular,Allocortex
lh,39815,Agranular,Allocortex
lh,39819,Allocortex,Agranular
lh,39820,Allocortex,Agranular
lh,39823,Allocortex,Agranular
lh,39843,Dysgranular,Agranular
lh,39844,Dysgranular,Agranular
lh,39845,Dysgranular,Agranular
lh,39846,Dysgranular,Agranular
lh,39849,Agranular,Allocortex
lh,39850,Agranular,Allocortex
lh,39852,Agranular,Allocortex
lh,39853,Agranular,Allocortex
lh,39854,Agranular,Allocortex
lh,39862,Agranular,Allocortex
lh,39863,Agranular,Allocortex
lh,39867,Agranular,Allocortex
lh,39871,Agranular,Allocortex
lh,39872,Agranular,Allocortex
lh,39873,Agranular,Allocortex
lh,39874,Agranular,Allocortex
lh,39875,Agranular,Allocortex
lh,39876,Agranular,Allocortex
lh,39877,Agranular,Allocortex
lh,39878,Agranular,Allocortex
lh,39879,Agranular,Allocortex
lh,39880,Agranular,Allocortex
lh,39881,Agranular,Allocortex
lh,39882,Agranular,Allocortex
lh,39883,Agranular,Allocortex
lh,39884,Agranular,Allocortex
lh,39885,Agranular,Allocortex
lh,39886,Agranular,Allocortex
lh,39887,Agranular,Allocortex
lh,39888,Agranular,Allocortex
lh,39889,Agranular,Allocortex
lh,39890,Agranular,Allocortex
lh,39891,Agranular,Allocortex
lh,39892,Agranular,Allocortex
lh,39893,Agranular,Allocortex
lh,39894,Agranular,Allocortex
lh,39895,Agranular,Allocortex
lh,39896,Agranular,Allocortex
lh,39897,Agranular,Allocortex
lh,39898,Agranular,Allocortex
lh,39899,Agranular,Allocortex
lh,39905,Allocortex,Agranular
lh,39910,Allocortex,Agranular
lh,39911,Allocortex,Agranular
lh,39912,Allocortex,Agranular
lh,39913,Allocortex,Agranular
lh,39914,Allocortex,Agranular
lh,39915,Allocortex,Agranular
lh,39916,Allocortex,Agranular
lh,39917,Allocortex,Agranular
lh,39924,Allocortex,Agranular
lh,39925,Allocortex,Agranular
lh,39926,Allocortex,Agranular
lh,39927,Allocortex,Agranular
lh,39928,Allocortex,Agranular
lh,39929,Allocortex,Agranular
lh,39931,Allocortex,Agranular
lh,39932,Allocortex,Agranular
lh,39933,Allocortex,Agranular
lh,39934,Allocortex,Agranular
lh,39935,Allocortex,Agranular
lh,39936,Agranular,Allocortex
lh,39937,Agranular,Allocortex
lh,39938,Agranular,Allocortex
lh,39939,Agranular,Allocortex
lh,39940,Agranular,Allocortex
lh,39941,Agranular,Allocortex
lh,39945,Agranular,Allocortex
lh,39961,Allocortex,Agranular
lh,39962,Allocortex,Agranular
lh,39963,Allocortex,Agranular
lh,39964,Allocortex,Agranular
lh,39965,Allocortex,Agranular
lh,39966,Allocortex,Agranular
lh,39967,Allocortex,Agranular
lh,39968,Allocortex,Agranular
lh,39969,Allocortex,Agranular
lh,39970,Allocortex,Agranular
lh,39971,Allocortex,Agranular
lh,39973,Allocortex,Agranular
lh,39974,Allocortex,Agranular
lh,39976,Allocortex,Agranular
lh,39977,Allocortex,Agranular
lh,39978,Allocortex,Agranular
lh,39979,Allocortex,Agranular
lh,39980,Allocortex,Agranular
lh,40124,Eulaminate II,Eulaminate I
lh,40701,Eulaminate I,Dysgranular
lh,40828,Agranular,Allocortex
lh,40902,Agranular,Allocortex
lh,40904,Agranular,Allocortex
lh,40905,Agranular,Allocortex
lh,40906,Agranular,Allocortex
lh,40918,Dysgranular,Agranular
lh,40919,Dysgranular,Agranular
lh,40945,Dysgranular,Agranular
lh,41133,Dysgranular,Agranular
lh,41134,Dysgranular,Agranular
lh,41135,Dysgranular,Agranular
lh,41283,Allocortex,Agranular
lh,41650,Agranular,Allocortex
lh,41651,Agranular,Allocortex
lh,41652,Agranular,Allocortex
lh,41653,Agranular,Allocortex
lh,41654,Agranular,Allocortex
lh,41658,Agranular,Allocortex
lh,41659,Agranular,Allocortex
lh,41660,Agranular,Allocortex
lh,41661,Agranular,Allocortex
lh,41662,Agranular,Allocortex
lh,41663,Agranular,Allocortex
lh,41664,Agranular,Allocortex
lh,41688,Allocortex,Agranular
lh,41689,Allocortex,Agranular
lh,41690,Allocortex,Agranular
lh,41691,Allocortex,Agranular
lh,41692,Allocortex,Agranular
lh,41747,Agranular,Allocortex
lh,41748,Agranular,Allocortex
lh,41749,Agranular,Allocortex
lh,42022,Agranular,Dysgranular
lh,42023,Agranular,Dysgranular
lh,42024,Agranular,Dysgranular
lh,42066,Agranular,Dysgranular
lh,42263,Agranular,Allocortex
lh,42278,Dysgranular,Agranular
lh,42279,Dysgranular,Agranular
lh,42280,Dysgranular,Agranular
lh,42288,Allocortex,Agranular
lh,42289,Allocortex,Agranular
lh,42290,Allocortex,Agranular
lh,42291,Allocortex,Agranular
lh,42292,Allocortex,Agranular
lh,42678,Dysgranular,Agranular
lh,42728,Dysgranular,Agranular
lh,42729,Dysgranular,Agranular
lh,42730,Dysgranular,Agranular
lh,42741,Allocortex,Agranular
lh,43822,Eulaminate I,Dysgranular
lh,43825,Dysgranular,Agranular
lh,43826,Dysgranular,Agranular
lh,43827,Dysgranular,Agranular
lh,43830,Dysgranular,Agranular
lh,43831,Dysgranular,Agranular
lh,43833,Agranular,Allocortex
lh,43834,Agranular,Allocortex
lh,43835,Agranular,Allocortex
lh,43836,Agranular,Allocortex
lh,43837,Agranular,Allocortex
lh,43838,Agranular,Allocortex
lh,43839,Agranular,Allocortex
lh,43840,Agranular,Allocortex
lh,43841,Agranular,Allocortex
lh,43842,Agranular,Allocortex
lh,43843,Agranular,Allocortex
lh,43844,Agranular,Allocortex
lh,43848,Agranular,Allocortex
lh,43849,Agranular,Allocortex
lh,43850,Agranular,Allocortex
lh,43851,Agranular,Allocortex
lh,43852,Agranular,Allocortex
lh,43856,Agranular,Allocortex
lh,43857,Agranular,Allocortex
lh,43858,Agranular,Allocortex
lh,43859,Agranular,Allocortex
lh,43860,Agranular,Allocortex
lh,43861,Agranular,Allocortex
lh,43862,Agranular,Allocortex
lh,43863,Agranular,Allocortex
lh,43864,Agranular,Allocortex
lh,43865,Agranular,Allocortex
lh,43866,Agranular,Allocortex
lh,43867,Agranular,Allocortex
lh,43869,Agranular,Allocortex
lh,43875,Agranular,Allocortex
lh,43876,Agranular,Allocortex
lh,43877,Agranular,Allocortex
lh,44125,Agranular,Allocortex
lh,44126,Agranular,Allocortex
lh,44127,Agranular,Allocortex
lh,44147,Dysgranular,Agranular
lh,44148,Dysgranular,Agranular
lh,44149,Dysgranular,Agranular
lh,44678,Dysgranular,Agranular
lh,44679,Dysgranular,Agranular
lh,44680,Dysgranular,Agranular
lh,44681,Dysgranular,Agranular
lh,44682,Dysgranular,Agranular
lh,44683,Dysgranular,Agranular
lh,44684,Dysgranular,Agranular
lh,44685,Dysgranular,Agranular
lh,44686,Dysgranular,Agranular
lh,44687,Dysgranular,Agranular
lh,44688,Allocortex,Agranular
lh,44690,Allocortex,Agranular
lh,44691,Allocortex,Agranular
lh,44692,Allocortex,Agranular
lh,45077,Dysgranular,Agranular
lh,45078,Dysgranular,Agranular
lh,45079,Dysgranular,Agranular
lh,45080,Dysgranular,Agranular
lh,45138,Agranular,Allocortex
lh,45139,Agranular,Allocortex
lh,45140,Agranular,Allocortex
lh,45141,Agranular,Allocortex
lh,45142,Agranular,Allocortex
lh,46230,Allocortex,Agranular
lh,46231,Allocortex,Agranular
lh,46232,Allocortex,Agranular
lh,46233,Agranular,Allocortex
lh,46234,Agranular,Allocortex
lh,46235,Agranular,Allocortex
lh,46236,Agranular,Allocortex
lh,46237,Agranular,Allocortex
lh,46238,Agranular,Allocortex
lh,46239,Agranular,Allocortex
lh,46240,Agranular,Allocortex
lh,46241,Agranular,Allocortex
lh,46242,Agranular,Allocortex
lh,46243,Agranular,Allocortex
lh,46244,Agranular,Allocortex
lh,46256,Agranular,Allocortex
lh,46257,Agranular,Allocortex
lh,46258,Agranular,Allocortex
lh,46259,Agranular,Allocortex
lh,46260,Agranular,Allocortex
lh,46261,Agranular,Allocortex
lh,46262,Agranular,Allocortex
lh,46263,Agranular,Allocortex
lh,46264,Agranular,Allocortex
lh,46265,Agranular,Allocortex
lh,46266,Agranular,Allocortex
lh,46267,Agranular,Allocortex
lh,46268,Agranular,Allocortex
lh,46269,Agranular,Allocortex
lh,46270,Agranular,Allocortex
lh,46271,Agranular,Allocortex
lh,46272,Agranular,Allocortex
lh,46273,Agranular,Allocortex
lh,46274,Agranular,Allocortex
lh,46275,Agranular,Allocortex
lh,46276,Agranular,Allocortex
lh,46277,Agranular,Allocortex
lh,46357,Allocortex,Agranular
lh,46525,Agranular,Allocortex
lh,46548,Eulaminate I,Dysgranular
lh,46549,Eulaminate I,Dysgranular
lh,46558,Eulaminate I,Dysgranular
lh,46559,Eulaminate I,Dysgranular
lh,46560,Eulaminate I,Dysgranular
lh,46935,Dysgranular,Agranular
lh,46936,Dysgranular,Agranular
lh,46937,Dysgranular,Agranular
lh,47347,Agranular,Dysgranular
lh,47348,Agranular,Dysgranular
lh,47349,Agranular,Dysgranular
lh,47350,Agranular,Dysgranular
lh,47351,Agranular,Dysgranular
lh,47352,Agranular,Dysgranular
lh,47354,Agranular,Dysgranular
lh,47478,Agranular,Dysgranular
lh,47479,Agranular,Dysgranular
lh,47480,Agranular,Dysgranular
lh,47481,Agranular,Dysgranular
lh,48037,Dysgranular,Agranular
lh,48038,Dysgranular,Agranular
lh,48039,Dysgranular,Agranular
lh,48042,Allocortex,Agranular
lh,48043,Allocortex,Agranular
lh,48044,Allocortex,Agranular
lh,48063,Agranular,Allocortex
lh,48064,Agranular,Allocortex
lh,48065,Agranular,Allocortex
lh,48066,Agranular,Allocortex
lh,48067,Agranular,Allocortex
lh,48068,Agranular,Allocortex
lh,48069,Agranular,Allocortex
lh,48070,Agranular,Allocortex
lh,48071,Agranular,Allocortex
lh,48072,Agranular,Allocortex
lh,48073,Agranular,Allocortex
lh,48074,Agranular,Allocortex
lh,48075,Agranular,Allocortex
lh,48076,Agranular,Allocortex
lh,48077,Agranular,Allocortex
lh,48078,Agranular,Allocortex
lh,48079,Agranular,Allocortex
lh,48080,Agranular,Allocortex
lh,48081,Agranular,Allocortex
lh,48082,Agranular,Allocortex
lh,48083,Agranular,Allocortex
lh,48084,Agranular,Allocortex
lh,48085,Agranular,Allocortex
lh,48086,Agranular,Allocortex
lh,48087,Agranular,Allocortex
lh,48088,Agranular,Allocortex
lh,48089,Agranular,Allocortex
lh,48113,Dysgranular,Agranular
lh,48114,Dysgranular,Agranular
lh,48115,Dysgranular,Agranular
lh,48116,Dysgranular,Agranular
lh,48117,Dysgranular,Agranular
lh,48121,Dysgranular,Agranular
lh,48122,Dysgranular,Agranular
lh,48123,Dysgranular,Agranular
lh,48143,Dysgranular,Agranular
lh,48144,Dysgranular,Agranular
lh,48145,Dysgranular,Agranular
lh,48153,Allocortex,Agranular
lh,48154,Allocortex,Agranular
lh,48155,Allocortex,Agranular
lh,48156,Allocortex,Agranular
lh,48157,Allocortex,Agranular
lh,48343,Dysgranular,Agranular
lh,49312,Dysgranular,Agranular
lh,49313,Dysgranular,Agranular
lh,49314,Dysgranular,Agranular
lh,49315,Dysgranular,Agranular
lh,49316,Dysgranular,Agranular
lh,49317,Dysgranular,Agranular
lh,49318,Dysgranular,Agranular
lh,49319,Dysgranular,Agranular
lh,49320,Dysgranular,Agranular
lh,49321,Dysgranular,Agranular
lh,49462,Dysgranular,Agranular
lh,49466,Dysgranular,Agranular
lh,49467,Dysgranular,Agranular
lh,49468,Dysgranular,Agranular
lh,49469,Dysgranular,Agranular
lh,49470,Dysgranular,Agranular
lh,49474,Dysgranular,Agranular
lh,49475,Dysgranular,Agranular
lh,49476,Dysgranular,Agranular
lh,49477,Dysgranular,Agranular
lh,49478,Dysgranular,Agranular
lh,49479,Dysgranular,Agranular
lh,49480,Dysgranular,Agranular
lh,49481,Dysgranular,Agranular
lh,49482,Dysgranular,Agranular
lh,49483,Dysgranular,Agranular
lh,49484,Dysgranular,Agranular
lh,49485,Dysgranular,Agranular
lh,49486,Dysgranular,Agranular
lh,49487,Dysgranular,Agranular
lh,49488,Dysgranular,Agranular
lh,49489,Dysgranular,Agranular
lh,49490,Dysgranular,Agranular
lh,49491,Dysgranular,Agranular
lh,49492,Dysgranular,Agranular
lh,50925,Eulaminate I,Dysgranular
lh,50926,Eulaminate I,Dysgranular
lh,50927,Eulaminate I,Dysgranular
lh,50929,Eulaminate I,Dysgranular
lh,50930,Eulaminate I,Dysgranular
lh,50931,Eulaminate I,Dysgranular
lh,50932,Eulaminate I,Dysgranular
lh,50939,Eulaminate I,Dysgranular
lh,50940,Eulaminate I,Dysgranular
lh,51265,Eulaminate III,Eulaminate II
lh,51266,Eulaminate III,Eulaminate II
lh,51267,Eulaminate III,Eulaminate II
lh,51268,Eulaminate III,Eulaminate II
lh,51269,Eulaminate III,Eulaminate II
lh,51325,Eulaminate I,Dysgranular
lh,51326,Eulaminate I,Dysgranular
lh,51327,Eulaminate I,Dysgranular
lh,51328,Eulaminate I,Dysgranular
lh,52763,Dysgranular,Agranular
lh,52764,Dysgranular,Agranular
lh,52773,Dysgranular,Agranular
lh,52774,Dysgranular,Agranular
lh,52775,Dysgranular,Agranular
lh,52776,Dysgranular,Agranular
lh,52778,Allocortex,Agranular
lh,52780,Allocortex,Agranular
lh,52788,Agranular,Allocortex
lh,52789,Agranular,Allocortex
lh,52790,Agranular,Allocortex
lh,52791,Agranular,Allocortex
lh,52792,Agranular,Allocortex
lh,52793,Agranular,Allocortex
lh,52794,Agranular,Allocortex
lh,52795,Agranular,Allocortex
lh,52796,Agranular,Allocortex
lh,52797,Agranular,Allocortex
lh,52798,Agranular,Allocortex
lh,52799,Agranular,Allocortex
lh,52800,Agranular,Allocortex
lh,52801,Agranular,Allocortex
lh,52802,Agranular,Allocortex
lh,52810,Allocortex,Agranular
lh,52811,Allocortex,Agranular
lh,52812,Allocortex,Agranular
lh,52813,Allocortex,Agranular
lh,52814,Allocortex,Agranular
lh,52833,Agranular,Allocortex
lh,52834,Agranular,Allocortex
lh,52835,Agranular,Allocortex
lh,52836,Agranular,Allocortex
lh,52837,Agranular,Allocortex
lh,52846,Agranular,Allocortex
lh,52847,Agranular,Allocortex
lh,52848,Agranular,Allocortex
lh,52849,Agranular,Allocortex
lh,52850,Agranular,Allocortex
lh,52851,Agranular,Allocortex
lh,52852,Agranular,Allocortex
lh,52853,Agranular,Allocortex
lh,52854,Agranular,Allocortex
lh,52855,Agranular,Allocortex
lh,52856,Agranular,Allocortex
lh,52857,Agranular,Allocortex
lh,52858,Agranular,Allocortex
lh,52859,Agranular,Allocortex
lh,52860,Agranular,Allocortex
lh,52861,Agranular,Allocortex
lh,52862,Agranular,Allocortex
lh,52863,Agranular,Allocortex
lh,52864,Agranular,Allocortex
lh,52865,Agranular,Allocortex
lh,52866,Agranular,Allocortex
lh,52867,Agranular,Allocortex
lh,52868,Agranular,Allocortex
lh,52869,Agranular,Allocortex
lh,52870,Agranular,Allocortex
lh,52871,Agranular,Allocortex
lh,52872,Agranular,Allocortex
lh,52873,Agranular,Allocortex
lh,52874,Agranular,Allocortex
lh,52875,Agranular,Allocortex
lh,52876,Agranular,Allocortex
lh,52877,Agranular,Allocortex
lh,52878,Allocortex,Agranular
lh,52879,Allocortex,Agranular
lh,52880,Allocortex,Agranular
lh,52881,Allocortex,Agranular
lh,52882,Allocortex,Agranular
lh,52883,Allocortex,Agranular
lh,52884,Allocortex,Agranular
lh,52885,Allocortex,Agranular
lh,52886,Allocortex,Agranular
lh,52887,Allocortex,Agranular
lh,52888,Allocortex,Agranular
lh,52889,Allocortex,Agranular
lh,52905,Agranular,Allocortex
lh,52906,Agranular,Allocortex
lh,52907,Agranular,Allocortex
lh,52909,Agranular,Allocortex
lh,52930,Allocortex,Agranular
lh,52931,Allocortex,Agranular
lh,52932,Allocortex,Agranular
lh,52933,Allocortex,Agranular
lh,52934,Allocortex,Agranular
lh,52941,Allocortex,Agranular
lh,53067,Eulaminate II,Eulaminate I
lh,53650,Agranular,Allocortex
lh,53651,Agranular,Allocortex
lh,53652,Agranular,Allocortex
lh,53725,Dysgranular,Agranular
lh,53726,Dysgranular,Agranular
lh,53727,Dysgranular,Agranular
lh,54278,Dysgranular,Agranular
lh,54279,Dysgranular,Agranular
lh,54280,Dysgranular,Agranular
lh,54281,Dysgranular,Agranular
lh,54282,Dysgranular,Agranular
lh,54283,Dysgranular,Agranular
lh,54284,Dysgranular,Agranular
lh,54285,Dysgranular,Agranular
lh,54286,Dysgranular,Agranular
lh,54287,Dysgranular,Agranular
lh,54679,Dysgranular,Agranular
lh,54680,Dysgranular,Agranular
lh,54681,Dysgranular,Agranular
lh,54728,Allocortex,Agranular
lh,54729,Allocortex,Agranular
lh,55268,Agranular,Dysgranular
lh,55830,Agranular,Allocortex
lh,55831,Agranular,Allocortex
lh,55832,Agranular,Allocortex
lh,55833,Agranular,Allocortex
lh,55834,Agranular,Allocortex
lh,55835,Agranular,Allocortex
lh,55836,Agranular,Allocortex
lh,55837,Agranular,Allocortex
lh,55838,Agranular,Allocortex
lh,55839,Agranular,Allocortex
lh,55840,Agranular,Allocortex
lh,55841,Agranular,Allocortex
lh,55842,Agranular,Allocortex
lh,55843,Agranular,Allocortex
lh,55844,Agranular,Allocortex
lh,55853,Agranular,Allocortex
lh,55854,Agranular,Allocortex
lh,55855,Agranular,Allocortex
lh,55856,Agranular,Allocortex
lh,55857,Agranular,Allocortex
lh,55858,Agranular,Allocortex
lh,55859,Agranular,Allocortex
lh,55860,Agranular,Allocortex
lh,55861,Agranular,Allocortex
lh,55862,Agranular,Allocortex
lh,55863,Agranular,Allocortex
lh,55864,Agranular,Allocortex
lh,55865,Agranular,Allocortex
lh,55866,Agranular,Allocortex
lh,55867,Agranular,Allocortex
lh,55868,Agranular,Allocortex
lh,55869,Agranular,Allocortex
lh,55870,Agranular,Allocortex
lh,55871,Agranular,Allocortex
lh,55872,Agranular,Allocortex
lh,55873,Agranular,Allocortex
lh,55874,Agranular,Allocortex
lh,55875,Agranular,Allocortex
lh,55876,Agranular,Allocortex
lh,55877,Agranular,Allocortex
lh,55953,Allocortex,Agranular
lh,55954,Allocortex,Agranular
lh,55955,Allocortex,Agranular
lh,55956,Allocortex,Agranular
lh,55957,Allocortex,Agranular
lh,56153,Eulaminate I,Dysgranular
lh,56154,Eulaminate I,Dysgranular
lh,56155,Eulaminate I,Dysgranular
lh,56539,Dysgranular,Agranular
lh,56540,Dysgranular,Agranular
lh,56541,Dysgranular,Agranular
lh,56542,Dysgranular,Agranular
lh,56947,Agranular,Dysgranular
lh,56948,Agranular,Dysgranular
lh,56949,Agranular,Dysgranular
lh,56950,Agranular,Dysgranular
lh,56951,Agranular,Dysgranular
lh,56952,Agranular,Dysgranular
lh,56953,Agranular,Dysgranular
lh,56954,Agranular,Dysgranular
lh,57078,Agranular,Dysgranular
lh,57079,Agranular,Dysgranular
lh,57080,Agranular,Dysgranular
lh,57081,Agranular,Dysgranular
lh,57623,Eulaminate I,Dysgranular
lh,57624,Eulaminate I,Dysgranular
lh,57638,Dysgranular,Agranular
lh,57639,Dysgranular,Agranular
lh,57640,Dysgranular,Agranular
lh,57641,Dysgranular,Agranular
lh,57642,Dysgranular,Agranular
lh,57667,Agranular,Allocortex
lh,57668,Agranular,Allocortex
lh,57669,Agranular,Allocortex
lh,57670,Agranular,Allocortex
lh,57671,Agranular,Allocortex
lh,57672,Agranular,Allocortex
lh,57673,Agranular,Allocortex
lh,57674,Agranular,Allocortex
lh,57679,Agranular,Allocortex
lh,57680,Agranular,Allocortex
lh,57681,Agranular,Allocortex
lh,57682,Agranular,Allocortex
lh,57683,Agranular,Allocortex
lh,57684,Agranular,Allocortex
lh,57686,Agranular,Allocortex
lh,57687,Agranular,Allocortex
lh,57688,Agranular,Allocortex
lh,57689,Agranular,Allocortex
lh,57713,Dysgranular,Agranular
lh,57714,Dysgranular,Agranular
lh,57715,Dysgranular,Agranular
lh,57716,Dysgranular,Agranular
lh,57717,Dysgranular,Agranular
lh,57718,Dysgranular,Agranular
lh,57719,Dysgranular,Agranular
lh,57720,Dysgranular,Agranular
lh,57753,Allocortex,Agranular
lh,57754,Allocortex,Agranular
lh,57755,Allocortex,Agranular
lh,57756,Allocortex,Agranular
lh,57757,Allocortex,Agranular
lh,57946,Eulaminate I,Dysgranular
lh,58912,Dysgranular,Agranular
lh,58913,Dysgranular,Agranular
lh,58914,Dysgranular,Agranular
lh,58915,Dysgranular,Agranular
lh,58916,Dysgranular,Agranular
lh,58917,Dysgranular,Agranular
lh,58918,Dysgranular,Agranular
lh,58919,Dysgranular,Agranular
lh,58920,Dysgranular,Agranular
lh,58921,Dysgranular,Agranular
lh,59066,Dysgranular,Agranular
lh,59067,Dysgranular,Agranular
lh,59068,Dysgranular,Agranular
lh,59069,Dysgranular,Agranular
lh,59070,Dysgranular,Agranular
lh,59084,Dysgranular,Agranular
lh,59103,Allocortex,Agranular
lh,59105,Allocortex,Agranular
lh,59106,Allocortex,Agranular
lh,59107,Allocortex,Agranular
lh,60873,Eulaminate III,Eulaminate II
lh,60874,Eulaminate III,Eulaminate II
lh,60875,Eulaminate III,Eulaminate II
lh,60876,Eulaminate III,Eulaminate II
lh,60877,Eulaminate III,Eulaminate II
lh,60880,Eulaminate III,Eulaminate II
lh,62358,Dysgranular,Agranular
lh,62360,Dysgranular,Agranular
lh,62361,Dysgranular,Agranular
lh,62362,Dysgranular,Agranular
lh,62363,Dysgranular,Agranular
lh,62364,Dysgranular,Agranular
lh,62373,Dysgranular,Agranular
lh,62374,Dysgranular,Agranular
lh,62375,Dysgranular,Agranular
lh,62376,Dysgranular,Agranular
lh,62388,Agranular,Allocortex
lh,62389,Agranular,Allocortex
lh,62390,Agranular,Allocortex
lh,62391,Agranular,Allocortex
lh,62392,Agranular,Allocortex
lh,62393,Agranular,Allocortex
lh,62394,Agranular,Allocortex
lh,62395,Agranular,Allocortex
lh,62396,Agranular,Allocortex
lh,62397,Agranular,Allocortex
lh,62398,Agranular,Allocortex
lh,62399,Agranular,Allocortex
lh,62400,Agranular,Allocortex
lh,62401,Agranular,Allocortex
lh,62402,Agranular,Allocortex
lh,62403,Agranular,Allocortex
lh,62404,Agranular,Allocortex
lh,62405,Agranular,Allocortex
lh,62426,Agranular,Allocortex
lh,62430,Agranular,Allocortex
lh,62431,Agranular,Allocortex
lh,62432,Agranular,Allocortex
lh,62433,Agranular,Allocortex
lh,62434,Agranular,Allocortex
lh,62435,Agranular,Allocortex
lh,62436,Agranular,Allocortex
lh,62437,Agranular,Allocortex
lh,62446,Agranular,Allocortex
lh,62447,Agranular,Allocortex
lh,62448,Agranular,Allocortex
lh,62449,Agranular,Allocortex
lh,62450,Agranular,Allocortex
lh,62451,Agranular,Allocortex
lh,62452,Agranular,Allocortex
lh,62453,Agranular,Allocortex
lh,62454,Agranular,Allocortex
lh,62455,Agranular,Allocortex
lh,62456,Agranular,Allocortex
lh,62457,Agranular,Allocortex
lh,62458,Agranular,Allocortex
lh,62459,Agranular,Allocortex
lh,62460,Agranular,Allocortex
lh,62461,Agranular,Allocortex
lh,62462,Agranular,Allocortex
lh,62463,Agranular,Allocortex
lh,62464,Agranular,Allocortex
lh,62465,Agranular,Allocortex
lh,62466,Agranular,Allocortex
lh,62467,Agranular,Allocortex
lh,62468,Agranular,Allocortex
lh,62469,Agranular,Allocortex
lh,62470,Agranular,Allocortex
lh,62471,Agranular,Allocortex
lh,62472,Agranular,Allocortex
lh,62473,Agranular,Allocortex
lh,62474,Agranular,Allocortex
lh,62475,Agranular,Allocortex
lh,62476,Agranular,Allocortex
lh,62477,Agranular,Allocortex
lh,62505,Agranular,Allocortex
lh,62506,Agranular,Allocortex
lh,62507,Agranular,Allocortex
lh,62508,Agranular,Allocortex
lh,62509,Agranular,Allocortex
lh,62510,Agranular,Allocortex
lh,62511,Agranular,Allocortex
lh,62512,Agranular,Allocortex
lh,62534,Allocortex,Agranular
lh,62535,Allocortex,Agranular
lh,62536,Allocortex,Agranular
lh,62537,Allocortex,Agranular
lh,62539,Allocortex,Agranular
lh,63250,Agranular,Allocortex
lh,63251,Agranular,Allocortex
lh,63252,Agranular,Allocortex
lh,63317,Dysgranular,Agranular
lh,63318,Dysgranular,Agranular
lh,63319,Dysgranular,Agranular
lh,63320,Dysgranular,Agranular
lh,63321,Dysgranular,Agranular
lh,63322,Dysgranular,Agranular
lh,63324,Dysgranular,Agranular
lh,64871,Agranular,Allocortex
lh,64913,Dysgranular,Agranular
lh,64914,Dysgranular,Agranular
lh,64915,Dysgranular,Agranular
lh,64916,Dysgranular,Agranular
lh,64917,Dysgranular,Agranular
lh,64918,Dysgranular,Agranular
lh,64919,Dysgranular,Agranular
lh,64920,Dysgranular,Agranular
lh,64921,Dysgranular,Agranular
lh,64922,Dysgranular,Agranular
lh,64923,Dysgranular,Agranular
lh,64924,Dysgranular,Agranular
lh,64925,Dysgranular,Agranular
lh,64926,Dysgranular,Agranular
lh,64927,Dysgranular,Agranular
lh,64928,Dysgranular,Agranular
lh,64929,Dysgranular,Agranular
lh,64930,Dysgranular,Agranular
lh,64931,Dysgranular,Agranular
lh,64932,Dysgranular,Agranular
lh,64933,Dysgranular,Agranular
lh,64935,Dysgranular,Agranular
lh,64936,Dysgranular,Agranular
lh,64937,Dysgranular,Agranular
lh,64938,Dysgranular,Agranular
lh,64939,Dysgranular,Agranular
lh,64940,Dysgranular,Agranular
lh,64941,Dysgranular,Agranular
lh,64942,Dysgranular,Agranular
lh,64943,Dysgranular,Agranular
lh,64944,Dysgranular,Agranular
lh,64945,Dysgranular,Agranular
lh,64953,Allocortex,Agranular
lh,64954,Allocortex,Agranular
lh,64955,Allocortex,Agranular
lh,64956,Allocortex,Agranular
lh,64957,Allocortex,Agranular
lh,66111,Dysgranular,Agranular
lh,66115,Dysgranular,Agranular
lh,66116,Dysgranular,Agranular
lh,66117,Dysgranular,Agranular
lh,66118,Dysgranular,Agranular
lh,66119,Dysgranular,Agranular
lh,66120,Dysgranular,Agranular
lh,66121,Dysgranular,Agranular
lh,66122,Dysgranular,Agranular
lh,66123,Dysgranular,Agranular
lh,69568,Dysgranular,Agranular
lh,69569,Dysgranular,Agranular
lh,69572,Allocortex,Agranular
lh,69573,Allocortex,Agranular
lh,69574,Allocortex,Agranular
lh,69575,Allocortex,Agranular
lh,69576,Allocortex,Agranular
lh,69577,Allocortex,Agranular
lh,69578,Agranular,Allocortex
lh,69579,Agranular,Allocortex
lh,69580,Agranular,Allocortex
lh,69581,Agranular,Allocortex
lh,69582,Agranular,Allocortex
lh,69583,Agranular,Allocortex
lh,69585,Agranular,Allocortex
lh,69586,Agranular,Allocortex
lh,69587,Agranular,Allocortex
lh,69588,Agranular,Allocortex
lh,69589,Agranular,Allocortex
lh,69590,Agranular,Allocortex
lh,69591,Agranular,Allocortex
lh,69592,Agranular,Allocortex
lh,69593,Agranular,Allocortex
lh,69594,Agranular,Allocortex
lh,69595,Agranular,Allocortex
lh,69596,Agranular,Allocortex
lh,69597,Agranular,Allocortex
lh,69598,Agranular,Allocortex
lh,69599,Agranular,Allocortex
lh,69600,Agranular,Allocortex
lh,69601,Agranular,Allocortex
lh,69602,Agranular,Allocortex
lh,69603,Agranular,Allocortex
lh,69604,Agranular,Allocortex
lh,69605,Agranular,Allocortex
lh,69606,Agranular,Allocortex
lh,69607,Agranular,Allocortex
lh,69608,Agranular,Allocortex
lh,69609,Agranular,Allocortex
lh,69610,Agranular,Allocortex
lh,69611,Agranular,Allocortex
lh,69612,Agranular,Allocortex
lh,69613,Agranular,Allocortex
lh,69614,Agranular,Allocortex
lh,69635,Agranular,Allocortex
lh,69636,Agranular,Allocortex
lh,69637,Agranular,Allocortex
lh,69643,Agranular,Allocortex
lh,69644,Agranular,Allocortex
lh,69645,Agranular,Allocortex
lh,69646,Agranular,Allocortex
lh,69647,Agranular,Allocortex
lh,69648,Agranular,Allocortex
lh,69649,Agranular,Allocortex
lh,69650,Agranular,Allocortex
lh,69651,Agranular,Allocortex
lh,69652,Agranular,Allocortex
lh,69653,Agranular,Allocortex
lh,69654,Agranular,Allocortex
lh,69655,Agranular,Allocortex
lh,69656,Agranular,Allocortex
lh,69657,Agranular,Allocortex
lh,69658,Agranular,Allocortex
lh,69659,Agranular,Allocortex
lh,69660,Agranular,Allocortex
lh,69661,Agranular,Allocortex
lh,69662,Agranular,Allocortex
lh,69663,Agranular,Allocortex
lh,69664,Agranular,Allocortex
lh,69665,Agranular,Allocortex
lh,69666,Agranular,Allocortex
lh,69667,Agranular,Allocortex
lh,69668,Agranular,Allocortex
lh,69669,Agranular,Allocortex
lh,69670,Agranular,Allocortex
lh,69671,Agranular,Allocortex
lh,69672,Agranular,Allocortex
lh,69673,Agranular,Allocortex
lh,69674,Agranular,Allocortex
lh,69675,Agranular,Allocortex
lh,69676,Agranular,Allocortex
lh,69677,Agranular,Allocortex
lh,69678,Agranular,Allocortex
lh,69679,Agranular,Allocortex
lh,69680,Agranular,Allocortex
lh,69681,Agranular,Allocortex
lh,69682,Agranular,Allocortex
lh,69683,Agranular,Allocortex
lh,69684,Agranular,Allocortex
lh,69685,Agranular,Allocortex
lh,69686,Agranular,Allocortex
lh,69687,Agranular,Allocortex
lh,69688,Agranular,Allocortex
lh,69689,Agranular,Allocortex
lh,69690,Agranular,Allocortex
lh,69691,Agranular,Allocortex
lh,69692,Agranular,Allocortex
lh,69693,Agranular,Allocortex
lh,69694,Agranular,Allocortex
lh,69695,Agranular,Allocortex
lh,69696,Agranular,Allocortex
lh,69697,Agranular,Allocortex
lh,69705,Agranular,Allocortex
lh,69706,Agranular,Allocortex
lh,69707,Agranular,Allocortex
lh,69708,Agranular,Allocortex
lh,69709,Agranular,Allocortex
lh,69713,Agranular,Allocortex
lh,69952,Allocortex,Agranular
lh,70450,Agranular,Allocortex
lh,70451,Agranular,Allocortex
lh,70452,Agranular,Allocortex
lh,70517,Dysgranular,Agranular
lh,70518,Dysgranular,Agranular
lh,70519,Dysgranular,Agranular
lh,70521,Dysgranular,Agranular
lh,70523,Dysgranular,Agranular
lh,70525,Eulaminate I,Dysgranular
lh,70526,Eulaminate I,Dysgranular
lh,70527,Eulaminate I,Dysgranular
lh,70533,Dysgranular,Agranular
lh,70538,Dysgranular,Agranular
lh,70540,Dysgranular,Agranular
lh,70547,Eulaminate I,Dysgranular
lh,70557,Eulaminate I,Dysgranular
lh,70561,Eulaminate I,Dysgranular
lh,71683,Dysgranular,Agranular
lh,71684,Dysgranular,Agranular
lh,71685,Dysgranular,Agranular
lh,71686,Dysgranular,Agranular
lh,71687,Dysgranular,Agranular
lh,71693,Dysgranular,Agranular
lh,71694,Dysgranular,Agranular
lh,71695,Dysgranular,Agranular
lh,71706,Allocortex,Agranular
lh,72930,Agranular,Dysgranular
lh,72931,Agranular,Dysgranular
lh,72932,Agranular,Dysgranular
lh,72949,Agranular,Dysgranular
lh,72950,Agranular,Dysgranular
lh,72951,Agranular,Dysgranular
lh,72952,Agranular,Dysgranular
lh,72958,Agranular,Dysgranular
lh,72959,Agranular,Dysgranular
lh,72960,Agranular,Dysgranular
lh,72961,Agranular,Dysgranular
lh,72962,Agranular,Dysgranular
lh,73316,Agranular,Dysgranular
lh,73322,Agranular,Dysgranular
lh,73323,Agranular,Dysgranular
lh,73324,Agranular,Dysgranular
lh,74988,Dysgranular,Agranular
lh,74990,Dysgranular,Agranular
lh,74991,Dysgranular,Agranular
lh,74992,Dysgranular,Agranular
lh,75000,Dysgranular,Agranular
lh,75006,Allocortex,Agranular
lh,75007,Allocortex,Agranular
lh,75008,Allocortex,Agranular
lh,75009,Allocortex,Agranular
lh,75010,Agranular,Allocortex
lh,75011,Agranular,Allocortex
lh,75012,Agranular,Allocortex
lh,75013,Agranular,Allocortex
lh,75014,Agranular,Allocortex
lh,75071,Agranular,Allocortex
lh,75076,Agranular,Allocortex
lh,75077,Agranular,Allocortex
lh,75078,Agranular,Allocortex
lh,75079,Agranular,Allocortex
lh,75080,Agranular,Allocortex
lh,75081,Agranular,Allocortex
lh,75082,Agranular,Allocortex
lh,75083,Agranular,Allocortex
lh,75084,Agranular,Allocortex
lh,75085,Agranular,Allocortex
lh,75086,Agranular,Allocortex
lh,75087,Agranular,Allocortex
lh,75088,Agranular,Allocortex
lh,75089,Agranular,Allocortex
lh,75090,Agranular,Allocortex
lh,75091,Agranular,Allocortex
lh,75092,Agranular,Allocortex
lh,75093,Agranular,Allocortex
lh,75094,Agranular,Allocortex
lh,75095,Agranular,Allocortex
lh,75096,Agranular,Allocortex
lh,75097,Agranular,Allocortex
lh,75098,Agranular,Allocortex
lh,75099,Agranular,Allocortex
lh,75100,Agranular,Allocortex
lh,75101,Agranular,Allocortex
lh,75102,Agranular,Allocortex
lh,75103,Agranular,Allocortex
lh,75104,Agranular,Allocortex
lh,75105,Agranular,Allocortex
lh,75106,Agranular,Allocortex
lh,75107,Agranular,Allocortex
lh,75108,Agranular,Allocortex
lh,75109,Agranular,Allocortex
lh,75110,Agranular,Allocortex
lh,75111,Agranular,Allocortex
lh,75112,Agranular,Allocortex
lh,75113,Agranular,Allocortex
lh,75114,Agranular,Allocortex
lh,75115,Agranular,Allocortex
lh,75116,Agranular,Allocortex
lh,75117,Agranular,Allocortex
lh,75118,Agranular,Allocortex
lh,75119,Agranular,Allocortex
lh,75120,Agranular,Allocortex
lh,75121,Agranular,Allocortex
lh,75122,Agranular,Allocortex
lh,75123,Agranular,Allocortex
lh,75124,Agranular,Allocortex
lh,75125,Agranular,Allocortex
lh,75126,Agranular,Allocortex
lh,75127,Agranular,Allocortex
lh,75128,Agranular,Allocortex
lh,75129,Agranular,Allocortex
lh,75130,Agranular,Allocortex
lh,75131,Agranular,Allocortex
lh,75132,Agranular,Allocortex
lh,75133,Agranular,Allocortex
lh,75134,Agranular,Allocortex
lh,75135,Agranular,Allocortex
lh,75136,Agranular,Allocortex
lh,75137,Agranular,Allocortex
lh,75138,Agranular,Allocortex
lh,75139,Agranular,Allocortex
lh,75140,Agranular,Allocortex
lh,75141,Agranular,Allocortex
lh,75142,Agranular,Allocortex
lh,75143,Agranular,Allocortex
lh,75144,Agranular,Allocortex
lh,75145,Agranular,Allocortex
lh,75146,Agranular,Allocortex
lh,75147,Agranular,Allocortex
lh,75148,Agranular,Allocortex
lh,75149,Agranular,Allocortex
lh,75218,Dysgranular,Agranular
lh,75219,Dysgranular,Agranular
lh,75220,Dysgranular,Agranular
lh,75221,Dysgranular,Agranular
lh,75222,Dysgranular,Agranular
lh,75226,Dysgranular,Agranular
lh,75227,Dysgranular,Agranular
lh,75228,Dysgranular,Agranular
lh,75230,Dysgranular,Agranular
lh,75241,Dysgranular,Agranular
lh,75242,Dysgranular,Agranular
lh,75243,Dysgranular,Agranular
lh,75244,Dysgranular,Agranular
lh,75245,Dysgranular,Agranular
lh,75246,Dysgranular,Agranular
lh,75247,Dysgranular,Agranular
lh,75317,Dysgranular,Agranular
lh,75348,Allocortex,Agranular
lh,75350,Allocortex,Agranular
lh,75351,Allocortex,Agranular
lh,75352,Allocortex,Agranular
lh,75878,Agranular,Allocortex
lh,75904,Dysgranular,Agranular
lh,75905,Dysgranular,Agranular
lh,75906,Dysgranular,Agranular
lh,75907,Dysgranular,Agranular
lh,75909,Dysgranular,Agranular
lh,75910,Dysgranular,Agranular
lh,75911,Dysgranular,Agranular
lh,75912,Dysgranular,Agranular
lh,75913,Dysgranular,Agranular
lh,75914,Dysgranular,Agranular
lh,75915,Dysgranular,Agranular
lh,75916,Dysgranular,Agranular
lh,75922,Eulaminate I,Dysgranular
lh,75923,Eulaminate I,Dysgranular
lh,75924,Eulaminate I,Dysgranular
lh,75931,Eulaminate I,Dysgranular
lh,75932,Eulaminate I,Dysgranular
lh,75933,Eulaminate I,Dysgranular
lh,75934,Eulaminate I,Dysgranular
lh,75935,Eulaminate I,Dysgranular
lh,75936,Eulaminate I,Dysgranular
lh,75937,Eulaminate I,Dysgranular
lh,75939,Eulaminate I,Dysgranular
lh,75941,Eulaminate I,Dysgranular
lh,78825,Dysgranular,Agranular
lh,78826,Dysgranular,Agranular
lh,78827,Dysgranular,Agranular
lh,78828,Dysgranular,Agranular
lh,78829,Dysgranular,Agranular
lh,78830,Dysgranular,Agranular
lh,78835,Dysgranular,Agranular
lh,78839,Dysgranular,Agranular
lh,78840,Dysgranular,Agranular
lh,78841,Dysgranular,Agranular
lh,78842,Dysgranular,Agranular
lh,78843,Dysgranular,Agranular
lh,78844,Dysgranular,Agranular
lh,78845,Dysgranular,Agranular
lh,78846,Dysgranular,Agranular
lh,78847,Dysgranular,Agranular
lh,78848,Dysgranular,Agranular
lh,78849,Dysgranular,Agranular
lh,79263,Dysgranular,Agranular
lh,79265,Dysgranular,Agranular
lh,79266,Dysgranular,Agranular
lh,79267,Dysgranular,Agranular
lh,79286,Dysgranular,Agranular
lh,79292,Dysgranular,Agranular
lh,79295,Dysgranular,Agranular
lh,79296,Dysgranular,Agranular
lh,79297,Dysgranular,Agranular
lh,79298,Dysgranular,Agranular
lh,79302,Dysgranular,Agranular
lh,79304,Dysgranular,Agranular
lh,79305,Dysgranular,Agranular
lh,79306,Dysgranular,Agranular
lh,79307,Dysgranular,Agranular
lh,79308,Dysgranular,Agranular
lh,79309,Dysgranular,Agranular
lh,79310,Dysgranular,Agranular
lh,79311,Dysgranular,Agranular
lh,79312,Dysgranular,Agranular
lh,79313,Dysgranular,Agranular
lh,79315,Dysgranular,Agranular
lh,79316,Dysgranular,Agranular
lh,79317,Dysgranular,Agranular
lh,79318,Dysgranular,Agranular
lh,79319,Dysgranular,Agranular
lh,79320,Dysgranular,Agranular
lh,79321,Dysgranular,Agranular
lh,79322,Dysgranular,Agranular
lh,79323,Dysgranular,Agranular
lh,79324,Dysgranular,Agranular
lh,79325,Dysgranular,Agranular
lh,79326,Dysgranular,Agranular
lh,79327,Dysgranular,Agranular
lh,79328,Dysgranular,Agranular
lh,79329,Dysgranular,Agranular
lh,79330,Dysgranular,Agranular
lh,79331,Dysgranular,Agranular
lh,79332,Dysgranular,Agranular
lh,79333,Dysgranular,Agranular
lh,79334,Dysgranular,Agranular
lh,79335,Dysgranular,Agranular
lh,79336,Dysgranular,Agranular
lh,79337,Dysgranular,Agranular
lh,79338,Dysgranular,Agranular
lh,79339,Dysgranular,Agranular
lh,79340,Dysgranular,Agranular
lh,79341,Dysgranular,Agranular
lh,79342,Dysgranular,Agranular
lh,79343,Dysgranular,Agranular
lh,79344,Dysgranular,Agranular
lh,79345,Dysgranular,Agranular
lh,79346,Dysgranular,Agranular
lh,79347,Dysgranular,Agranular
lh,79348,Dysgranular,Agranular
lh,79349,Dysgranular,Agranular
lh,79350,Dysgranular,Agranular
lh,79351,Dysgranular,Agranular
lh,79352,Dysgranular,Agranular
lh,79353,Dysgranular,Agranular
lh,79354,Dysgranular,Agranular
lh,79355,Dysgranular,Agranular
lh,79356,Dysgranular,Agranular
lh,79357,Dysgranular,Agranular
lh,79374,Dysgranular,Agranular
lh,79375,Dysgranular,Agranular
lh,79376,Dysgranular,Agranular
lh,79377,Dysgranular,Agranular
lh,79378,Dysgranular,Agranular
lh,79379,Dysgranular,Agranular
lh,79380,Dysgranular,Agranular
lh,79381,Dysgranular,Agranular
lh,79382,Dysgranular,Agranular
lh,79383,Dysgranular,Agranular
lh,79384,Dysgranular,Agranular
lh,79385,Dysgranular,Agranular
lh,79386,Dysgranular,Agranular
lh,79387,Dysgranular,Agranular
lh,79394,Dysgranular,Agranular
lh,79395,Dysgranular,Agranular
lh,79396,Dysgranular,Agranular
lh,79397,Dysgranular,Agranular
lh,79399,Dysgranular,Agranular
lh,79400,Dysgranular,Agranular
lh,79401,Dysgranular,Agranular
lh,79402,Dysgranular,Agranular
lh,83658,Eulaminate I,Dysgranular
lh,83662,Eulaminate I,Dysgranular
lh,83663,Eulaminate I,Dysgranular
lh,83664,Eulaminate I,Dysgranular
lh,83665,Eulaminate I,Dysgranular
lh,83666,Eulaminate I,Dysgranular
lh,83667,Eulaminate I,Dysgranular
lh,83668,Eulaminate I,Dysgranular
lh,83669,Eulaminate I,Dysgranular
lh,83670,Eulaminate I,Dysgranular
lh,83671,Eulaminate I,Dysgranular
lh,83672,Eulaminate I,Dysgranular
lh,83673,Eulaminate I,Dysgranular
lh,83674,Eulaminate I,Dysgranular
lh,83675,Eulaminate I,Dysgranular
lh,83676,Eulaminate I,Dysgranular
lh,83677,Eulaminate I,Dysgranular
lh,83697,Eulaminate I,Dysgranular
lh,83698,Eulaminate I,Dysgranular
lh,83699,Eulaminate I,Dysgranular
lh,84678,Eulaminate III,Eulaminate II
lh,84685,Eulaminate III,Eulaminate II
lh,84697,Eulaminate III,Eulaminate II
lh,84698,Eulaminate III,Eulaminate II
lh,84699,Eulaminate III,Eulaminate II
lh,84700,Eulaminate III,Eulaminate II
lh,84702,Eulaminate III,Eulaminate II
lh,84703,Eulaminate III,Eulaminate II
lh,84704,Eulaminate III,Eulaminate II
lh,84705,Eulaminate III,Eulaminate II
lh,84706,Eulaminate III,Eulaminate II
lh,84707,Eulaminate III,Eulaminate II
lh,84850,Eulaminate I,Dysgranular
lh,84858,Eulaminate I,Dysgranular
lh,84859,Eulaminate I,Dysgranular
lh,89170,Dysgranular,Agranular
lh,89171,Dysgranular,Agranular
lh,89172,Dysgranular,Agranular
lh,89173,Dysgranular,Agranular
lh,89201,Dysgranular,Agranular
lh,89207,Dysgranular,Agranular
lh,89208,Dysgranular,Agranular
lh,89209,Dysgranular,Agranular
lh,89210,Dysgranular,Agranular
lh,89211,Dysgranular,Agranular
lh,89253,Agranular,Allocortex
lh,89257,Agranular,Allocortex
lh,89258,Agranular,Allocortex
lh,89259,Agranular,Allocortex
lh,89260,Agranular,Allocortex
lh,89261,Agranular,Allocortex
lh,89262,Agranular,Allocortex
lh,89263,Agranular,Allocortex
lh,89264,Agranular,Allocortex
lh,89265,Agranular,Allocortex
lh,89266,Agranular,Allocortex
lh,89267,Agranular,Allocortex
lh,89268,Agranular,Allocortex
lh,89269,Agranular,Allocortex
lh,89270,Agranular,Allocortex
lh,89271,Agranular,Allocortex
lh,89272,Agranular,Allocortex
lh,89273,Agranular,Allocortex
lh,89274,Agranular,Allocortex
lh,89280,Agranular,Allocortex
lh,89281,Agranular,Allocortex
lh,89282,Agranular,Allocortex
lh,89283,Agranular,Allocortex
lh,89284,Agranular,Allocortex
lh,89285,Agranular,Allocortex
lh,89286,Agranular,Allocortex
lh,89287,Agranular,Allocortex
lh,89288,Agranular,Allocortex
lh,89289,Agranular,Allocortex
lh,89290,Agranular,Allocortex
lh,89292,Agranular,Allocortex
lh,89293,Agranular,Allocortex
lh,89294,Agranular,Allocortex
lh,89295,Agranular,Allocortex
lh,89296,Agranular,Allocortex
lh,89305,Allocortex,Agranular
lh,89306,Allocortex,Agranular
lh,89307,Allocortex,Agranular
lh,89309,Allocortex,Agranular
lh,89313,Allocortex,Agranular
lh,89314,Allocortex,Agranular
lh,89315,Allocortex,Agranular
lh,89316,Allocortex,Agranular
lh,89367,Dysgranular,Agranular
lh,89368,Dysgranular,Agranular
lh,89369,Dysgranular,Agranular
lh,89370,Dysgranular,Agranular
lh,89371,Dysgranular,Agranular
lh,89377,Allocortex,Agranular
lh,89378,Agranular,Allocortex
lh,89380,Agranular,Allocortex
lh,89381,Agranular,Allocortex
lh,89382,Agranular,Allocortex
lh,89383,Agranular,Allocortex
lh,89385,Agranular,Allocortex
lh,89386,Agranular,Allocortex
lh,89387,Agranular,Allocortex
lh,89388,Agranular,Allocortex
lh,89389,Agranular,Allocortex
lh,89390,Agranular,Allocortex
lh,89391,Agranular,Allocortex
lh,89392,Agranular,Allocortex
lh,89413,Agranular,Allocortex
lh,89414,Agranular,Allocortex
lh,89415,Agranular,Allocortex
lh,89419,Agranular,Allocortex
lh,89423,Agranular,Allocortex
lh,89424,Agranular,Allocortex
lh,89425,Agranular,Allocortex
lh,89426,Agranular,Allocortex
lh,89427,Agranular,Allocortex
lh,89428,Agranular,Allocortex
lh,89434,Agranular,Allocortex
lh,89435,Agranular,Allocortex
lh,89436,Agranular,Allocortex
lh,89437,Agranular,Allocortex
lh,89438,Agranular,Allocortex
lh,89439,Agranular,Allocortex
lh,89440,Agranular,Allocortex
lh,89441,Agranular,Allocortex
lh,89442,Agranular,Allocortex
lh,89443,Agranular,Allocortex
lh,89444,Agranular,Allocortex
lh,89445,Agranular,Allocortex
lh,89446,Agranular,Allocortex
lh,89447,Agranular,Allocortex
lh,89448,Agranular,Allocortex
lh,89449,Agranular,Allocortex
lh,89450,Agranular,Allocortex
lh,89451,Agranular,Allocortex
lh,89452,Agranular,Allocortex
lh,89453,Agranular,Allocortex
lh,89454,Agranular,Allocortex
lh,89455,Agranular,Allocortex
lh,89456,Agranular,Allocortex
lh,89457,Agranular,Allocortex
lh,89458,Agranular,Allocortex
lh,89459,Agranular,Allocortex
lh,89460,Agranular,Allocortex
lh,89461,Agranular,Allocortex
lh,89462,Agranular,Allocortex
lh,89463,Agranular,Allocortex
lh,89464,Agranular,Allocortex
lh,89465,Agranular,Allocortex
lh,89466,Agranular,Allocortex
lh,89467,Agranular,Allocortex
lh,89468,Agranular,Allocortex
lh,89469,Agranular,Allocortex
lh,89470,Agranular,Allocortex
lh,89471,Agranular,Allocortex
lh,89472,Agranular,Allocortex
lh,89473,Agranular,Allocortex
lh,89474,Agranular,Allocortex
lh,89475,Agranular,Allocortex
lh,89476,Agranular,Allocortex
lh,89477,Agranular,Allocortex
lh,89478,Agranular,Allocortex
lh,89479,Agranular,Allocortex
lh,89480,Agranular,Allocortex
lh,89481,Agranular,Allocortex
lh,89482,Agranular,Allocortex
lh,89483,Agranular,Allocortex
lh,89484,Agranular,Allocortex
lh,89485,Agranular,Allocortex
lh,89486,Agranular,Allocortex
lh,89487,Agranular,Allocortex
lh,89488,Agranular,Allocortex
lh,89489,Agranular,Allocortex
lh,89490,Agranular,Allocortex
lh,89491,Agranular,Allocortex
lh,89492,Agranular,Allocortex
lh,89493,Agranular,Allocortex
lh,89494,Agranular,Allocortex
lh,89495,Agranular,Allocortex
lh,89496,Agranular,Allocortex
lh,89497,Agranular,Allocortex
lh,89498,Agranular,Allocortex
lh,89499,Agranular,Allocortex
lh,89500,Agranular,Allocortex
lh,89501,Agranular,Allocortex
lh,89502,Agranular,Allocortex
lh,89503,Agranular,Allocortex
lh,89504,Agranular,Allocortex
lh,89505,Agranular,Allocortex
lh,89506,Agranular,Allocortex
lh,89507,Agranular,Allocortex
lh,89516,Allocortex,Agranular
lh,89518,Allocortex,Agranular
lh,89519,Allocortex,Agranular
lh,89520,Allocortex,Agranular
lh,89521,Allocortex,Agranular
lh,89522,Allocortex,Agranular
lh,89530,Allocortex,Agranular
lh,89531,Allocortex,Agranular
lh,89532,Allocortex,Agranular
lh,89533,Allocortex,Agranular
lh,89534,Allocortex,Agranular
lh,89535,Allocortex,Agranular
lh,89536,Allocortex,Agranular
lh,89537,Allocortex,Agranular
lh,89538,Allocortex,Agranular
lh,89539,Allocortex,Agranular
lh,89540,Allocortex,Agranular
lh,89541,Allocortex,Agranular
lh,89542,Allocortex,Agranular
lh,89543,Allocortex,Agranular
lh,89544,Allocortex,Agranular
lh,89545,Allocortex,Agranular
lh,89546,Allocortex,Agranular
lh,89547,Allocortex,Agranular
lh,89548,Allocortex,Agranular
lh,89549,Allocortex,Agranular
lh,89550,Agranular,Allocortex
lh,89566,Allocortex,Agranular
lh,89569,Allocortex,Agranular
lh,89570,Allocortex,Agranular
lh,89571,Allocortex,Agranular
lh,89572,Allocortex,Agranular
lh,89573,Allocortex,Agranular
lh,89574,Allocortex,Agranular
lh,89575,Allocortex,Agranular
lh,89576,Allocortex,Agranular
lh,89577,Allocortex,Agranular
lh,89578,Allocortex,Agranular
lh,89579,Allocortex,Agranular
lh,89585,Allocortex,Agranular
lh,89586,Allocortex,Agranular
lh,89587,Allocortex,Agranular
lh,89588,Allocortex,Agranular
lh,89589,Allocortex,Agranular
lh,89590,Allocortex,Agranular
lh,89591,Allocortex,Agranular
lh,89592,Allocortex,Agranular
lh,89593,Allocortex,Agranular
lh,89594,Allocortex,Agranular
lh,89595,Agranular,Allocortex
lh,89596,Agranular,Allocortex
lh,89597,Agranular,Allocortex
lh,89598,Agranular,Allocortex
lh,89599,Agranular,Allocortex
lh,89600,Agranular,Allocortex
lh,89601,Agranular,Allocortex
lh,89602,Agranular,Allocortex
lh,89603,Agranular,Allocortex
lh,89604,Agranular,Allocortex
lh,89605,Agranular,Allocortex
lh,89606,Agranular,Allocortex
lh,89607,Agranular,Allocortex
lh,89608,Agranular,Allocortex
lh,89609,Agranular,Allocortex
lh,89610,Agranular,Allocortex
lh,89611,Agranular,Allocortex
lh,89618,Agranular,Allocortex
lh,89619,Agranular,Allocortex
lh,89620,Agranular,Allocortex
lh,89660,Allocortex,Agranular
lh,89661,Allocortex,Agranular
lh,89662,Allocortex,Agranular
lh,89663,Allocortex,Agranular
lh,89664,Allocortex,Agranular
lh,89665,Allocortex,Agranular
lh,89666,Allocortex,Agranular
lh,89667,Allocortex,Agranular
lh,89668,Allocortex,Agranular
lh,89669,Allocortex,Agranular
lh,89671,Allocortex,Agranular
lh,89672,Allocortex,Agranular
lh,89673,Allocortex,Agranular
lh,89674,Allocortex,Agranular
lh,89675,Allocortex,Agranular
lh,89676,Allocortex,Agranular
lh,89677,Allocortex,Agranular
lh,89678,Allocortex,Agranular
lh,89679,Allocortex,Agranular
lh,89680,Allocortex,Agranular
lh,89681,Allocortex,Agranular
lh,89682,Allocortex,Agranular
lh,89683,Allocortex,Agranular
lh,89684,Allocortex,Agranular
lh,89690,Allocortex,Agranular
lh,89691,Allocortex,Agranular
lh,89692,Allocortex,Agranular
lh,89693,Allocortex,Agranular
lh,89695,Allocortex,Agranular
lh,89696,Allocortex,Agranular
lh,89697,Allocortex,Agranular
lh,89698,Allocortex,Agranular
lh,89699,Allocortex,Agranular
lh,89700,Allocortex,Agranular
lh,89701,Allocortex,Agranular
lh,89702,Allocortex,Agranular
lh,89703,Allocortex,Agranular
lh,89704,Allocortex,Agranular
lh,89705,Allocortex,Agranular
lh,89706,Allocortex,Agranular
lh,89707,Allocortex,Agranular
lh,89709,Allocortex,Agranular
lh,89991,Eulaminate II,Eulaminate I
lh,90066,Eulaminate II,Eulaminate I
lh,90079,Eulaminate II,Eulaminate I
lh,90080,Eulaminate II,Eulaminate I
lh,91507,Eulaminate I,Dysgranular
lh,91529,Eulaminate I,Dysgranular
lh,91530,Eulaminate I,Dysgranular
lh,91826,Agranular,Allocortex
lh,91827,Agranular,Allocortex
lh,92011,Agranular,Allocortex
lh,92015,Agranular,Allocortex
lh,92016,Agranular,Allocortex
lh,92017,Agranular,Allocortex
lh,92018,Agranular,Allocortex
lh,92019,Agranular,Allocortex
lh,92020,Agranular,Allocortex
lh,92021,Agranular,Allocortex
lh,92023,Agranular,Allocortex
lh,92050,Dysgranular,Agranular
lh,92051,Dysgranular,Agranular
lh,92052,Dysgranular,Agranular
lh,92053,Dysgranular,Agranular
lh,92054,Dysgranular,Agranular
lh,92055,Dysgranular,Agranular
lh,92117,Dysgranular,Agranular
lh,92118,Dysgranular,Agranular
lh,92471,Dysgranular,Agranular
lh,92472,Dysgranular,Agranular
lh,92473,Dysgranular,Agranular
lh,92474,Dysgranular,Agranular
lh,92475,Dysgranular,Agranular
lh,92712,Dysgranular,Agranular
lh,92741,Allocortex,Agranular
lh,92742,Allocortex,Agranular
lh,93402,Agranular,Allocortex
lh,93403,Agranular,Allocortex
lh,93404,Agranular,Allocortex
lh,93405,Agranular,Allocortex
lh,93406,Agranular,Allocortex
lh,93407,Agranular,Allocortex
lh,93408,Agranular,Allocortex
lh,93409,Agranular,Allocortex
lh,93410,Agranular,Allocortex
lh,93416,Agranular,Allocortex
lh,93417,Agranular,Allocortex
lh,93418,Agranular,Allocortex
lh,93419,Agranular,Allocortex
lh,93420,Agranular,Allocortex
lh,93421,Agranular,Allocortex
lh,93422,Agranular,Allocortex
lh,93423,Agranular,Allocortex
lh,93424,Agranular,Allocortex
lh,93425,Agranular,Allocortex
lh,93426,Agranular,Allocortex
lh,93427,Agranular,Allocortex
lh,93428,Agranular,Allocortex
lh,93429,Agranular,Allocortex
lh,93430,Agranular,Allocortex
lh,93431,Agranular,Allocortex
lh,93473,Allocortex,Agranular
lh,93474,Allocortex,Agranular
lh,93475,Allocortex,Agranular
lh,93476,Allocortex,Agranular
lh,93477,Allocortex,Agranular
lh,93478,Allocortex,Agranular
lh,94072,Agranular,Dysgranular
lh,94073,Agranular,Dysgranular
lh,94074,Agranular,Dysgranular
lh,94075,Agranular,Dysgranular
lh,94076,Agranular,Dysgranular
lh,94151,Agranular,Dysgranular
lh,94152,Agranular,Dysgranular
lh,94478,Eulaminate I,Dysgranular
lh,94480,Eulaminate I,Dysgranular
lh,94487,Dysgranular,Agranular
lh,94488,Dysgranular,Agranular
lh,94489,Dysgranular,Agranular
lh,94490,Dysgranular,Agranular
lh,94505,Agranular,Allocortex
lh,94506,Agranular,Allocortex
lh,94507,Agranular,Allocortex
lh,94508,Agranular,Allocortex
lh,94514,Agranular,Allocortex
lh,94532,Dysgranular,Agranular
lh,94533,Dysgranular,Agranular
lh,94534,Dysgranular,Agranular
lh,94535,Dysgranular,Agranular
lh,94536,Dysgranular,Agranular
lh,94550,Allocortex,Agranular
lh,94551,Allocortex,Agranular
lh,94552,Allocortex,Agranular
lh,94553,Allocortex,Agranular
lh,94554,Allocortex,Agranular
lh,94555,Allocortex,Agranular
lh,94556,Allocortex,Agranular
lh,94557,Allocortex,Agranular
lh,94558,Allocortex,Agranular
lh,94672,Eulaminate I,Dysgranular
lh,95251,Dysgranular,Agranular
lh,95252,Dysgranular,Agranular
lh,95253,Dysgranular,Agranular
lh,95254,Dysgranular,Agranular
lh,95255,Dysgranular,Agranular
lh,95256,Dysgranular,Agranular
lh,95344,Dysgranular,Agranular
lh,95345,Dysgranular,Agranular
lh,95346,Dysgranular,Agranular
lh,95366,Allocortex,Agranular
lh,95367,Allocortex,Agranular
lh,95368,Allocortex,Agranular
lh,96430,Eulaminate III,Eulaminate II
lh,96431,Eulaminate III,Eulaminate II
lh,97312,Eulaminate I,Dysgranular
lh,97319,Dysgranular,Agranular
lh,97320,Dysgranular,Agranular
lh,97321,Dysgranular,Agranular
lh,97322,Dysgranular,Agranular
lh,97323,Dysgranular,Agranular
lh,97326,Dysgranular,Agranular
lh,97327,Dysgranular,Agranular
lh,97328,Dysgranular,Agranular
lh,97329,Dysgranular,Agranular
lh,97331,Agranular,Allocortex
lh,97332,Agranular,Allocortex
lh,97333,Agranular,Allocortex
lh,97334,Agranular,Allocortex
lh,97335,Agranular,Allocortex
lh,97336,Agranular,Allocortex
lh,97337,Agranular,Allocortex
lh,97338,Agranular,Allocortex
lh,97339,Agranular,Allocortex
lh,97340,Agranular,Allocortex
lh,97341,Agranular,Allocortex
lh,97342,Agranular,Allocortex
lh,97343,Agranular,Allocortex
lh,97344,Agranular,Allocortex
lh,97345,Agranular,Allocortex
lh,97346,Agranular,Allocortex
lh,97347,Agranular,Allocortex
lh,97348,Agranular,Allocortex
lh,97349,Agranular,Allocortex
lh,97350,Agranular,Allocortex
lh,97351,Agranular,Allocortex
lh,97358,Agranular,Allocortex
lh,97360,Agranular,Allocortex
lh,97361,Agranular,Allocortex
lh,97362,Agranular,Allocortex
lh,97363,Agranular,Allocortex
lh,97364,Agranular,Allocortex
lh,97365,Agranular,Allocortex
lh,97366,Agranular,Allocortex
lh,97372,Agranular,Allocortex
lh,97373,Agranular,Allocortex
lh,97374,Agranular,Allocortex
lh,97375,Agranular,Allocortex
lh,97376,Agranular,Allocortex
lh,97377,Agranular,Allocortex
lh,97378,Agranular,Allocortex
lh,97379,Agranular,Allocortex
lh,97380,Agranular,Allocortex
lh,97381,Agranular,Allocortex
lh,97382,Agranular,Allocortex
lh,97383,Agranular,Allocortex
lh,97384,Agranular,Allocortex
lh,97385,Agranular,Allocortex
lh,97386,Agranular,Allocortex
lh,97387,Agranular,Allocortex
lh,97388,Agranular,Allocortex
lh,97389,Agranular,Allocortex
lh,97390,Agranular,Allocortex
lh,97391,Agranular,Allocortex
lh,97407,Agranular,Allocortex
lh,97408,Agranular,Allocortex
lh,97409,Agranular,Allocortex
lh,97410,Agranular,Allocortex
lh,97411,Agranular,Allocortex
lh,97425,Allocortex,Agranular
lh,97426,Allocortex,Agranular
lh,97427,Allocortex,Agranular
lh,97428,Allocortex,Agranular
lh,97855,Agranular,Allocortex
lh,97856,Agranular,Allocortex
lh,97857,Agranular,Allocortex
lh,97895,Dysgranular,Agranular
lh,97896,Dysgranular,Agranular
lh,97897,Dysgranular,Agranular
lh,97898,Dysgranular,Agranular
lh,97899,Dysgranular,Agranular
lh,98852,Dysgranular,Agranular
lh,98853,Dysgranular,Agranular
lh,98854,Dysgranular,Agranular
lh,98855,Dysgranular,Agranular
lh,98856,Dysgranular,Agranular
lh,98857,Dysgranular,Agranular
lh,98858,Dysgranular,Agranular
lh,98859,Dysgranular,Agranular
lh,98860,Dysgranular,Agranular
lh,98861,Dysgranular,Agranular
lh,98862,Dysgranular,Agranular
lh,98863,Dysgranular,Agranular
lh,98864,Dysgranular,Agranular
lh,98865,Dysgranular,Agranular
lh,98866,Dysgranular,Agranular
lh,98867,Dysgranular,Agranular
lh,98868,Dysgranular,Agranular
lh,98869,Dysgranular,Agranular
lh,98877,Allocortex,Agranular
lh,98878,Allocortex,Agranular
lh,99571,Dysgranular,Agranular
lh,99572,Dysgranular,Agranular
lh,99573,Dysgranular,Agranular
lh,99574,Dysgranular,Agranular
lh,99575,Dysgranular,Agranular
lh,99576,Dysgranular,Agranular
lh,99577,Dysgranular,Agranular
lh,99578,Dysgranular,Agranular
lh,99680,Agranular,Allocortex
lh,99681,Agranular,Allocortex
lh,99682,Agranular,Allocortex
lh,99683,Agranular,Allocortex
lh,99687,Agranular,Allocortex
lh,101646,Allocortex,Agranular
lh,101647,Allocortex,Agranular
lh,101648,Allocortex,Agranular
lh,101649,Allocortex,Agranular
lh,101650,Allocortex,Agranular
lh,101651,Agranular,Allocortex
lh,101652,Agranular,Allocortex
lh,101653,Agranular,Allocortex
lh,101654,Agranular,Allocortex
lh,101655,Agranular,Allocortex
lh,101656,Agranular,Allocortex
lh,101657,Agranular,Allocortex
lh,101658,Agranular,Allocortex
lh,101659,Agranular,Allocortex
lh,101660,Agranular,Allocortex
lh,101661,Agranular,Allocortex
lh,101662,Agranular,Allocortex
lh,101663,Agranular,Allocortex
lh,101664,Agranular,Allocortex
lh,101665,Agranular,Allocortex
lh,101666,Agranular,Allocortex
lh,101667,Agranular,Allocortex
lh,101668,Agranular,Allocortex
lh,101669,Agranular,Allocortex
lh,101670,Agranular,Allocortex
lh,101671,Agranular,Allocortex
lh,101672,Agranular,Allocortex
lh,101691,Agranular,Allocortex
lh,101692,Agranular,Allocortex
lh,101693,Agranular,Allocortex
lh,101694,Agranular,Allocortex
lh,101695,Agranular,Allocortex
lh,101696,Agranular,Allocortex
lh,101697,Agranular,Allocortex
lh,101698,Agranular,Allocortex
lh,101699,Agranular,Allocortex
lh,101700,Agranular,Allocortex
lh,101701,Agranular,Allocortex
lh,101702,Agranular,Allocortex
lh,101703,Agranular,Allocortex
lh,101704,Agranular,Allocortex
lh,101705,Agranular,Allocortex
lh,101706,Agranular,Allocortex
lh,101707,Agranular,Allocortex
lh,101708,Agranular,Allocortex
lh,101709,Agranular,Allocortex
lh,101710,Agranular,Allocortex
lh,101711,Agranular,Allocortex
lh,101712,Agranular,Allocortex
lh,101713,Agranular,Allocortex
lh,101714,Agranular,Allocortex
lh,101715,Agranular,Allocortex
lh,101716,Agranular,Allocortex
lh,101717,Agranular,Allocortex
lh,101718,Agranular,Allocortex
lh,101719,Agranular,Allocortex
lh,101720,Agranular,Allocortex
lh,101721,Agranular,Allocortex
lh,101722,Agranular,Allocortex
lh,101723,Agranular,Allocortex
lh,101724,Agranular,Allocortex
lh,101725,Agranular,Allocortex
lh,101727,Agranular,Allocortex
lh,101728,Agranular,Allocortex
lh,101729,Agranular,Allocortex
lh,101730,Agranular,Allocortex
lh,101875,Allocortex,Agranular
lh,102175,Agranular,Allocortex
lh,102215,Eulaminate I,Dysgranular
lh,102217,Eulaminate I,Dysgranular
lh,102220,Eulaminate I,Dysgranular
lh,102221,Eulaminate I,Dysgranular
lh,102233,Eulaminate I,Dysgranular
lh,102234,Eulaminate I,Dysgranular
lh,102235,Eulaminate I,Dysgranular
lh,102236,Eulaminate I,Dysgranular
lh,102239,Eulaminate I,Dysgranular
lh,102240,Eulaminate I,Dysgranular
lh,102241,Eulaminate I,Dysgranular
lh,102915,Dysgranular,Agranular
lh,102916,Dysgranular,Agranular
lh,102917,Dysgranular,Agranular
lh,102918,Dysgranular,Agranular
lh,102919,Dysgranular,Agranular
lh,103662,Agranular,Dysgranular
lh,103663,Agranular,Dysgranular
lh,103664,Agranular,Dysgranular
lh,103665,Agranular,Dysgranular
lh,103681,Agranular,Dysgranular
lh,103892,Agranular,Dysgranular
lh,103894,Agranular,Dysgranular
lh,103895,Agranular,Dysgranular
lh,103896,Agranular,Dysgranular
lh,103897,Agranular,Dysgranular
lh,103898,Agranular,Dysgranular
lh,103899,Agranular,Dysgranular
lh,104899,Dysgranular,Agranular
lh,104901,Dysgranular,Agranular
lh,104909,Allocortex,Agranular
lh,104910,Allocortex,Agranular
lh,104911,Agranular,Allocortex
lh,104912,Agranular,Allocortex
lh,104948,Agranular,Allocortex
lh,104949,Agranular,Allocortex
lh,104950,Agranular,Allocortex
lh,104951,Agranular,Allocortex
lh,104952,Agranular,Allocortex
lh,104953,Agranular,Allocortex
lh,104954,Agranular,Allocortex
lh,104955,Agranular,Allocortex
lh,104956,Agranular,Allocortex
lh,104957,Agranular,Allocortex
lh,104958,Agranular,Allocortex
lh,104959,Agranular,Allocortex
lh,104960,Agranular,Allocortex
lh,104961,Agranular,Allocortex
lh,104962,Agranular,Allocortex
lh,104963,Agranular,Allocortex
lh,104964,Agranular,Allocortex
lh,104965,Agranular,Allocortex
lh,104966,Agranular,Allocortex
lh,104967,Agranular,Allocortex
lh,104968,Agranular,Allocortex
lh,104969,Agranular,Allocortex
lh,104970,Agranular,Allocortex
lh,104971,Agranular,Allocortex
lh,104972,Agranular,Allocortex
lh,104973,Agranular,Allocortex
lh,104974,Agranular,Allocortex
lh,104975,Agranular,Allocortex
lh,104976,Agranular,Allocortex
lh,104977,Agranular,Allocortex
lh,104978,Agranular,Allocortex
lh,104979,Agranular,Allocortex
lh,104980,Agranular,Allocortex
lh,104981,Agranular,Allocortex
lh,104982,Agranular,Allocortex
lh,104983,Agranular,Allocortex
lh,104984,Agranular,Allocortex
lh,104985,Agranular,Allocortex
lh,104986,Agranular,Allocortex
lh,104987,Agranular,Allocortex
lh,104988,Agranular,Allocortex
lh,104989,Agranular,Allocortex
lh,104990,Agranular,Allocortex
lh,104991,Agranular,Allocortex
lh,104992,Agranular,Allocortex
lh,104993,Agranular,Allocortex
lh,105035,Dysgranular,Agranular
lh,105036,Dysgranular,Agranular
lh,105037,Dysgranular,Agranular
lh,105038,Dysgranular,Agranular
lh,105039,Dysgranular,Agranular
lh,105040,Dysgranular,Agranular
lh,105041,Dysgranular,Agranular
lh,105042,Dysgranular,Agranular
lh,105043,Dysgranular,Agranular
lh,105049,Dysgranular,Agranular
lh,105050,Dysgranular,Agranular
lh,105051,Dysgranular,Agranular
lh,105052,Dysgranular,Agranular
lh,105053,Dysgranular,Agranular
lh,105107,Allocortex,Agranular
lh,105114,Allocortex,Agranular
lh,105115,Allocortex,Agranular
lh,105446,Dysgranular,Agranular
lh,105447,Dysgranular,Agranular
lh,105448,Dysgranular,Agranular
lh,105449,Dysgranular,Agranular
lh,105450,Dysgranular,Agranular
lh,105451,Dysgranular,Agranular
lh,105452,Dysgranular,Agranular
lh,105453,Dysgranular,Agranular
lh,105465,Eulaminate I,Dysgranular
lh,105469,Eulaminate I,Dysgranular
lh,107199,Dysgranular,Agranular
lh,107200,Dysgranular,Agranular
lh,107201,Dysgranular,Agranular
lh,107202,Dysgranular,Agranular
lh,107203,Dysgranular,Agranular
lh,107204,Dysgranular,Agranular
lh,107205,Dysgranular,Agranular
lh,107206,Dysgranular,Agranular
lh,107207,Dysgranular,Agranular
lh,107208,Dysgranular,Agranular
lh,107209,Dysgranular,Agranular
lh,107210,Dysgranular,Agranular
lh,107211,Dysgranular,Agranular
lh,107464,Dysgranular,Agranular
lh,107476,Dysgranular,Agranular
lh,107477,Dysgranular,Agranular
lh,107478,Dysgranular,Agranular
lh,107487,Dysgranular,Agranular
lh,107488,Dysgranular,Agranular
lh,107489,Dysgranular,Agranular
lh,107490,Dysgranular,Agranular
lh,107491,Dysgranular,Agranular
lh,107492,Dysgranular,Agranular
lh,107493,Dysgranular,Agranular
lh,107494,Dysgranular,Agranular
lh,107495,Dysgranular,Agranular
lh,107496,Dysgranular,Agranular
lh,107497,Dysgranular,Agranular
lh,107498,Dysgranular,Agranular
lh,107499,Dysgranular,Agranular
lh,107500,Dysgranular,Agranular
lh,107501,Dysgranular,Agranular
lh,107502,Dysgranular,Agranular
lh,107503,Dysgranular,Agranular
lh,107504,Dysgranular,Agranular
lh,107505,Dysgranular,Agranular
lh,107506,Dysgranular,Agranular
lh,107507,Dysgranular,Agranular
lh,107508,Dysgranular,Agranular
lh,107509,Dysgranular,Agranular
lh,107510,Dysgranular,Agranular
lh,107511,Dysgranular,Agranular
lh,107512,Dysgranular,Agranular
lh,107513,Dysgranular,Agranular
lh,107514,Dysgranular,Agranular
lh,107515,Dysgranular,Agranular
lh,107516,Dysgranular,Agranular
lh,107517,Dysgranular,Agranular
lh,107518,Dysgranular,Agranular
lh,107529,Dysgranular,Agranular
lh,107530,Dysgranular,Agranular
lh,107531,Dysgranular,Agranular
lh,107532,Dysgranular,Agranular
lh,107533,Dysgranular,Agranular
lh,107534,Dysgranular,Agranular
lh,107535,Dysgranular,Agranular
lh,110099,Eulaminate I,Dysgranular
lh,110100,Eulaminate I,Dysgranular
lh,110101,Eulaminate I,Dysgranular
lh,110102,Eulaminate I,Dysgranular
lh,110103,Eulaminate I,Dysgranular
lh,110104,Eulaminate I,Dysgranular
lh,110105,Eulaminate I,Dysgranular
lh,110106,Eulaminate I,Dysgranular
lh,110107,Eulaminate I,Dysgranular
lh,110108,Eulaminate I,Dysgranular
lh,110109,Eulaminate I,Dysgranular
lh,110110,Eulaminate I,Dysgranular
lh,110122,Eulaminate I,Dysgranular
lh,110712,Eulaminate III,Eulaminate II
lh,110713,Eulaminate III,Eulaminate II
lh,110714,Eulaminate III,Eulaminate II
lh,110715,Eulaminate III,Eulaminate II
lh,110716,Eulaminate III,Eulaminate II
lh,110717,Eulaminate III,Eulaminate II
lh,110723,Eulaminate III,Eulaminate II
lh,110724,Eulaminate III,Eulaminate II
lh,110813,Eulaminate I,Dysgranular
lh,110815,Eulaminate I,Dysgranular
lh,110816,Eulaminate I,Dysgranular
lh,110818,Eulaminate I,Dysgranular
lh,110819,Eulaminate I,Dysgranular
lh,110820,Eulaminate I,Dysgranular
lh,113407,Dysgranular,Agranular
lh,113408,Dysgranular,Agranular
lh,113423,Dysgranular,Agranular
lh,113424,Dysgranular,Agranular
lh,113425,Dysgranular,Agranular
lh,113426,Dysgranular,Agranular
lh,113427,Dysgranular,Agranular
lh,113428,Dysgranular,Agranular
lh,113429,Dysgranular,Agranular
lh,113430,Dysgranular,Agranular
lh,113457,Agranular,Allocortex
lh,113458,Agranular,Allocortex
lh,113459,Agranular,Allocortex
lh,113460,Agranular,Allocortex
lh,113461,Agranular,Allocortex
lh,113462,Agranular,Allocortex
lh,113463,Agranular,Allocortex
lh,113464,Agranular,Allocortex
lh,113465,Agranular,Allocortex
lh,113466,Agranular,Allocortex
lh,113467,Agranular,Allocortex
lh,113468,Agranular,Allocortex
lh,113469,Agranular,Allocortex
lh,113470,Agranular,Allocortex
lh,113471,Agranular,Allocortex
lh,113472,Agranular,Allocortex
lh,113473,Agranular,Allocortex
lh,113474,Agranular,Allocortex
lh,113475,Agranular,Allocortex
lh,113476,Agranular,Allocortex
lh,113477,Agranular,Allocortex
lh,113478,Agranular,Allocortex
lh,113491,Allocortex,Agranular
lh,113492,Allocortex,Agranular
lh,113493,Allocortex,Agranular
lh,113494,Allocortex,Agranular
lh,113495,Allocortex,Agranular
lh,113496,Allocortex,Agranular
lh,113497,Allocortex,Agranular
lh,113498,Allocortex,Agranular
lh,113531,Agranular,Allocortex
lh,113532,Agranular,Allocortex
lh,113533,Agranular,Allocortex
lh,113534,Agranular,Allocortex
lh,113535,Agranular,Allocortex
lh,113536,Agranular,Allocortex
lh,113537,Agranular,Allocortex
lh,113538,Agranular,Allocortex
lh,113539,Agranular,Allocortex
lh,113554,Agranular,Allocortex
lh,113555,Agranular,Allocortex
lh,113556,Agranular,Allocortex
lh,113557,Agranular,Allocortex
lh,113558,Agranular,Allocortex
lh,113559,Agranular,Allocortex
lh,113560,Agranular,Allocortex
lh,113561,Agranular,Allocortex
lh,113562,Agranular,Allocortex
lh,113565,Agranular,Allocortex
lh,113566,Agranular,Allocortex
lh,113567,Agranular,Allocortex
lh,113568,Agranular,Allocortex
lh,113569,Agranular,Allocortex
lh,113570,Agranular,Allocortex
lh,113571,Agranular,Allocortex
lh,113572,Agranular,Allocortex
lh,113573,Agranular,Allocortex
lh,113574,Agranular,Allocortex
lh,113575,Agranular,Allocortex
lh,113576,Agranular,Allocortex
lh,113577,Agranular,Allocortex
lh,113578,Agranular,Allocortex
lh,113579,Agranular,Allocortex
lh,113580,Agranular,Allocortex
lh,113581,Agranular,Allocortex
lh,113582,Agranular,Allocortex
lh,113583,Agranular,Allocortex
lh,113584,Agranular,Allocortex
lh,113585,Agranular,Allocortex
lh,113586,Agranular,Allocortex
lh,113587,Agranular,Allocortex
lh,113588,Agranular,Allocortex
lh,113589,Agranular,Allocortex
lh,113590,Agranular,Allocortex
lh,113591,Agranular,Allocortex
lh,113592,Agranular,Allocortex
lh,113593,Agranular,Allocortex
lh,113594,Agranular,Allocortex
lh,113595,Agranular,Allocortex
lh,113596,Agranular,Allocortex
lh,113597,Agranular,Allocortex
lh,113598,Agranular,Allocortex
lh,113599,Agranular,Allocortex
lh,113600,Agranular,Allocortex
lh,113601,Agranular,Allocortex
lh,113602,Agranular,Allocortex
lh,113603,Agranular,Allocortex
lh,113604,Agranular,Allocortex
lh,113605,Agranular,Allocortex
lh,113606,Agranular,Allocortex
lh,113607,Agranular,Allocortex
lh,113608,Agranular,Allocortex
lh,113609,Agranular,Allocortex
lh,113615,Allocortex,Agranular
lh,113616,Allocortex,Agranular
lh,113622,Allocortex,Agranular
lh,113623,Allocortex,Agranular
lh,113624,Allocortex,Agranular
lh,113625,Allocortex,Agranular
lh,113626,Allocortex,Agranular
lh,113627,Allocortex,Agranular
lh,113628,Allocortex,Agranular
lh,113629,Allocortex,Agranular
lh,113630,Allocortex,Agranular
lh,113631,Allocortex,Agranular
lh,113632,Allocortex,Agranular
lh,113633,Allocortex,Agranular
lh,113648,Allocortex,Agranular
lh,113651,Allocortex,Agranular
lh,113657,Allocortex,Agranular
lh,113661,Agranular,Allocortex
lh,113662,Agranular,Allocortex
lh,113663,Agranular,Allocortex
lh,113664,Agranular,Allocortex
lh,113665,Agranular,Allocortex
lh,113666,Agranular,Allocortex
lh,113667,Agranular,Allocortex
lh,113668,Agranular,Allocortex
lh,113669,Agranular,Allocortex
lh,113670,Agranular,Allocortex
lh,113702,Allocortex,Agranular
lh,113703,Allocortex,Agranular
lh,113704,Allocortex,Agranular
lh,113705,Allocortex,Agranular
lh,113707,Allocortex,Agranular
lh,113708,Allocortex,Agranular
lh,113709,Allocortex,Agranular
lh,113710,Allocortex,Agranular
lh,113711,Allocortex,Agranular
lh,113712,Allocortex,Agranular
lh,113713,Allocortex,Agranular
lh,113714,Allocortex,Agranular
lh,113724,Allocortex,Agranular
lh,113725,Allocortex,Agranular
lh,113726,Allocortex,Agranular
lh,113727,Allocortex,Agranular
lh,113728,Allocortex,Agranular
lh,113729,Allocortex,Agranular
lh,113730,Allocortex,Agranular
lh,113901,Eulaminate II,Eulaminate I
lh,113945,Eulaminate II,Eulaminate I
lh,113947,Eulaminate II,Eulaminate I
lh,113948,Eulaminate II,Eulaminate I
lh,113949,Eulaminate II,Eulaminate I
lh,113952,Eulaminate II,Eulaminate I
lh,113953,Eulaminate II,Eulaminate I
lh,113954,Eulaminate II,Eulaminate I
lh,113956,Eulaminate II,Eulaminate I
lh,114823,Eulaminate I,Dysgranular
lh,115001,Agranular,Allocortex
lh,115002,Agranular,Allocortex
lh,115116,Agranular,Allocortex
lh,115117,Agranular,Allocortex
lh,115118,Agranular,Allocortex
lh,115119,Agranular,Allocortex
lh,115135,Dysgranular,Agranular
lh,115136,Dysgranular,Agranular
lh,115137,Dysgranular,Agranular
lh,115138,Dysgranular,Agranular
lh,115925,Dysgranular,Agranular
lh,115926,Dysgranular,Agranular
lh,115927,Dysgranular,Agranular
lh,115928,Dysgranular,Agranular
lh,115929,Dysgranular,Agranular
lh,115930,Dysgranular,Agranular
lh,115931,Dysgranular,Agranular
lh,115932,Dysgranular,Agranular
lh,115933,Dysgranular,Agranular
lh,115934,Dysgranular,Agranular
lh,115935,Dysgranular,Agranular
lh,115936,Dysgranular,Agranular
lh,115937,Dysgranular,Agranular
lh,115938,Dysgranular,Agranular
lh,116488,Dysgranular,Agranular
lh,116489,Dysgranular,Agranular
lh,116555,Allocortex,Agranular
lh,116556,Allocortex,Agranular
lh,116557,Allocortex,Agranular
lh,116574,Agranular,Allocortex
lh,116575,Agranular,Allocortex
lh,118100,Agranular,Allocortex
lh,118101,Agranular,Allocortex
lh,118102,Agranular,Allocortex
lh,118103,Agranular,Allocortex
lh,118104,Agranular,Allocortex
lh,118105,Agranular,Allocortex
lh,118106,Agranular,Allocortex
lh,118107,Agranular,Allocortex
lh,118108,Agranular,Allocortex
lh,118109,Agranular,Allocortex
lh,118110,Agranular,Allocortex
lh,118111,Agranular,Allocortex
lh,118112,Agranular,Allocortex
lh,118113,Agranular,Allocortex
lh,118114,Agranular,Allocortex
lh,118115,Agranular,Allocortex
lh,118116,Agranular,Allocortex
lh,118117,Agranular,Allocortex
lh,118118,Agranular,Allocortex
lh,118130,Agranular,Allocortex
lh,118131,Agranular,Allocortex
lh,118132,Agranular,Allocortex
lh,118133,Agranular,Allocortex
lh,118134,Agranular,Allocortex
lh,118135,Agranular,Allocortex
lh,118136,Agranular,Allocortex
lh,118137,Agranular,Allocortex
lh,118138,Agranular,Allocortex
lh,118139,Agranular,Allocortex
lh,118140,Agranular,Allocortex
lh,118141,Agranular,Allocortex
lh,118142,Agranular,Allocortex
lh,118143,Agranular,Allocortex
lh,118144,Agranular,Allocortex
lh,118145,Agranular,Allocortex
lh,118146,Agranular,Allocortex
lh,118147,Agranular,Allocortex
lh,118148,Agranular,Allocortex
lh,118149,Agranular,Allocortex
lh,118150,Agranular,Allocortex
lh,118151,Agranular,Allocortex
lh,118152,Agranular,Allocortex
lh,118153,Agranular,Allocortex
lh,118154,Agranular,Allocortex
lh,118155,Agranular,Allocortex
lh,118156,Agranular,Allocortex
lh,118157,Agranular,Allocortex
lh,118158,Agranular,Allocortex
lh,118159,Agranular,Allocortex
lh,118160,Agranular,Allocortex
lh,118161,Agranular,Allocortex
lh,118163,Agranular,Allocortex
lh,118164,Agranular,Allocortex
lh,118276,Allocortex,Agranular
lh,118545,Eulaminate I,Dysgranular
lh,118548,Eulaminate I,Dysgranular
lh,118549,Eulaminate I,Dysgranular
lh,118550,Eulaminate I,Dysgranular
lh,118551,Eulaminate I,Dysgranular
lh,118553,Eulaminate I,Dysgranular
lh,118554,Eulaminate I,Dysgranular
lh,118555,Eulaminate I,Dysgranular
lh,118558,Eulaminate I,Dysgranular
lh,119086,Dysgranular,Agranular
lh,119088,Dysgranular,Agranular
lh,119089,Dysgranular,Agranular
lh,119091,Dysgranular,Agranular
lh,119092,Dysgranular,Agranular
lh,119093,Dysgranular,Agranular
lh,119662,Agranular,Dysgranular
lh,119663,Agranular,Dysgranular
lh,119664,Agranular,Dysgranular
lh,119665,Agranular,Dysgranular
lh,119666,Agranular,Dysgranular
lh,119667,Agranular,Dysgranular
lh,119668,Agranular,Dysgranular
lh,119669,Agranular,Dysgranular
lh,119670,Agranular,Dysgranular
lh,119671,Agranular,Dysgranular
lh,119672,Agranular,Dysgranular
lh,119849,Agranular,Dysgranular
lh,119850,Agranular,Dysgranular
lh,120608,Eulaminate I,Dysgranular
lh,120609,Eulaminate I,Dysgranular
lh,120612,Eulaminate I,Dysgranular
lh,120628,Dysgranular,Agranular
lh,120629,Dysgranular,Agranular
lh,120630,Dysgranular,Agranular
lh,120631,Dysgranular,Agranular
lh,120632,Dysgranular,Agranular
lh,120633,Dysgranular,Agranular
lh,120634,Dysgranular,Agranular
lh,120635,Dysgranular,Agranular
lh,120669,Agranular,Allocortex
lh,120670,Agranular,Allocortex
lh,120671,Agranular,Allocortex
lh,120672,Agranular,Allocortex
lh,120673,Agranular,Allocortex
lh,120674,Agranular,Allocortex
lh,120675,Agranular,Allocortex
lh,120676,Agranular,Allocortex
lh,120677,Agranular,Allocortex
lh,120678,Agranular,Allocortex
lh,120679,Agranular,Allocortex
lh,120680,Agranular,Allocortex
lh,120682,Agranular,Allocortex
lh,120683,Agranular,Allocortex
lh,120684,Agranular,Allocortex
lh,120685,Agranular,Allocortex
lh,120687,Agranular,Allocortex
lh,120688,Agranular,Allocortex
lh,120689,Agranular,Allocortex
lh,120690,Agranular,Allocortex
lh,120691,Agranular,Allocortex
lh,120692,Agranular,Allocortex
lh,120693,Agranular,Allocortex
lh,120694,Agranular,Allocortex
lh,120695,Agranular,Allocortex
lh,120696,Agranular,Allocortex
lh,120697,Agranular,Allocortex
lh,120698,Agranular,Allocortex
lh,120699,Agranular,Allocortex
lh,120700,Agranular,Allocortex
lh,120701,Agranular,Allocortex
lh,120734,Dysgranular,Agranular
lh,120735,Dysgranular,Agranular
lh,120736,Dysgranular,Agranular
lh,120737,Dysgranular,Agranular
lh,120738,Dysgranular,Agranular
lh,120739,Dysgranular,Agranular
lh,120740,Dysgranular,Agranular
lh,120741,Dysgranular,Agranular
lh,120742,Dysgranular,Agranular
lh,120743,Dysgranular,Agranular
lh,120744,Dysgranular,Agranular
lh,120745,Dysgranular,Agranular
lh,120746,Dysgranular,Agranular
lh,120791,Allocortex,Agranular
lh,120792,Allocortex,Agranular
lh,120793,Allocortex,Agranular
lh,120794,Allocortex,Agranular
lh,120795,Allocortex,Agranular
lh,120796,Allocortex,Agranular
lh,121054,Dysgranular,Agranular
lh,121057,Dysgranular,Agranular
lh,122413,Dysgranular,Agranular
lh,122414,Dysgranular,Agranular
lh,122415,Dysgranular,Agranular
lh,122416,Dysgranular,Agranular
lh,122417,Dysgranular,Agranular
lh,122418,Dysgranular,Agranular
lh,122419,Dysgranular,Agranular
lh,122420,Dysgranular,Agranular
lh,122421,Dysgranular,Agranular
lh,122422,Dysgranular,Agranular
lh,122423,Dysgranular,Agranular
lh,122424,Dysgranular,Agranular
lh,122425,Dysgranular,Agranular
lh,122426,Dysgranular,Agranular
lh,122427,Dysgranular,Agranular
lh,122428,Dysgranular,Agranular
lh,122632,Dysgranular,Agranular
lh,122633,Dysgranular,Agranular
lh,122634,Dysgranular,Agranular
lh,122645,Dysgranular,Agranular
lh,122646,Dysgranular,Agranular
lh,122647,Dysgranular,Agranular
lh,122648,Dysgranular,Agranular
lh,122649,Dysgranular,Agranular
lh,122651,Dysgranular,Agranular
lh,122652,Dysgranular,Agranular
lh,122653,Dysgranular,Agranular
lh,122654,Dysgranular,Agranular
lh,122655,Dysgranular,Agranular
lh,122656,Dysgranular,Agranular
lh,122657,Dysgranular,Agranular
lh,122658,Dysgranular,Agranular
lh,122659,Dysgranular,Agranular
lh,122662,Dysgranular,Agranular
lh,124671,Eulaminate I,Dysgranular
lh,124672,Eulaminate I,Dysgranular
lh,124673,Eulaminate I,Dysgranular
lh,124674,Eulaminate I,Dysgranular
lh,124675,Eulaminate I,Dysgranular
lh,125153,Eulaminate III,Eulaminate II
lh,125157,Eulaminate III,Eulaminate II
lh,125158,Eulaminate III,Eulaminate II
lh,125159,Eulaminate III,Eulaminate II
lh,125160,Eulaminate III,Eulaminate II
lh,125161,Eulaminate III,Eulaminate II
lh,125162,Eulaminate III,Eulaminate II
lh,125236,Eulaminate I,Dysgranular
lh,127242,Dysgranular,Agranular
lh,127243,Dysgranular,Agranular
lh,127244,Dysgranular,Agranular
lh,127245,Dysgranular,Agranular
lh,127259,Dysgranular,Agranular
lh,127260,Dysgranular,Agranular
lh,127261,Dysgranular,Agranular
lh,127262,Dysgranular,Agranular
lh,127263,Dysgranular,Agranular
lh,127266,Allocortex,Agranular
lh,127280,Agranular,Allocortex
lh,127281,Agranular,Allocortex
lh,127283,Agranular,Allocortex
lh,127284,Agranular,Allocortex
lh,127285,Agranular,Allocortex
lh,127286,Agranular,Allocortex
lh,127287,Agranular,Allocortex
lh,127288,Agranular,Allocortex
lh,127289,Agranular,Allocortex
lh,127290,Agranular,Allocortex
lh,127291,Agranular,Allocortex
lh,127292,Agranular,Allocortex
lh,127293,Agranular,Allocortex
lh,127294,Agranular,Allocortex
lh,127295,Agranular,Allocortex
lh,127296,Agranular,Allocortex
lh,127297,Agranular,Allocortex
lh,127298,Agranular,Allocortex
lh,127299,Agranular,Allocortex
lh,127300,Agranular,Allocortex
lh,127301,Agranular,Allocortex
lh,127302,Agranular,Allocortex
lh,127303,Agranular,Allocortex
lh,127341,Agranular,Allocortex
lh,127342,Agranular,Allocortex
lh,127343,Agranular,Allocortex
lh,127344,Agranular,Allocortex
lh,127345,Agranular,Allocortex
lh,127346,Agranular,Allocortex
lh,127347,Agranular,Allocortex
lh,127348,Agranular,Allocortex
lh,127360,Agranular,Allocortex
lh,127361,Agranular,Allocortex
lh,127362,Agranular,Allocortex
lh,127363,Agranular,Allocortex
lh,127364,Agranular,Allocortex
lh,127365,Agranular,Allocortex
lh,127366,Agranular,Allocortex
lh,127367,Agranular,Allocortex
lh,127368,Agranular,Allocortex
lh,127369,Agranular,Allocortex
lh,127370,Agranular,Allocortex
lh,127371,Agranular,Allocortex
lh,127372,Agranular,Allocortex
lh,127373,Agranular,Allocortex
lh,127374,Agranular,Allocortex
lh,127375,Agranular,Allocortex
lh,127376,Agranular,Allocortex
lh,127377,Agranular,Allocortex
lh,127378,Agranular,Allocortex
lh,127379,Agranular,Allocortex
lh,127380,Agranular,Allocortex
lh,127381,Agranular,Allocortex
lh,127382,Agranular,Allocortex
lh,127383,Agranular,Allocortex
lh,127384,Agranular,Allocortex
lh,127385,Agranular,Allocortex
lh,127386,Agranular,Allocortex
lh,127387,Agranular,Allocortex
lh,127388,Agranular,Allocortex
lh,127389,Agranular,Allocortex
lh,127390,Agranular,Allocortex
lh,127391,Agranular,Allocortex
lh,127392,Agranular,Allocortex
lh,127393,Agranular,Allocortex
lh,127394,Agranular,Allocortex
lh,127395,Agranular,Allocortex
lh,127396,Agranular,Allocortex
lh,127397,Agranular,Allocortex
lh,127398,Agranular,Allocortex
lh,127399,Agranular,Allocortex
lh,127400,Agranular,Allocortex
lh,127401,Agranular,Allocortex
lh,127402,Agranular,Allocortex
lh,127403,Agranular,Allocortex
lh,127411,Allocortex,Agranular
lh,127412,Allocortex,Agranular
lh,127413,Allocortex,Agranular
lh,127414,Allocortex,Agranular
lh,127415,Allocortex,Agranular
lh,127418,Allocortex,Agranular
lh,127419,Allocortex,Agranular
lh,127420,Allocortex,Agranular
lh,127443,Agranular,Allocortex
lh,127444,Agranular,Allocortex
lh,127445,Agranular,Allocortex
lh,127446,Agranular,Allocortex
lh,127447,Agranular,Allocortex
lh,127448,Agranular,Allocortex
lh,127449,Agranular,Allocortex
lh,127450,Agranular,Allocortex
lh,127451,Agranular,Allocortex
lh,127452,Agranular,Allocortex
lh,127483,Allocortex,Agranular
lh,127484,Allocortex,Agranular
lh,127488,Allocortex,Agranular
lh,127489,Allocortex,Agranular
lh,127490,Allocortex,Agranular
lh,127491,Allocortex,Agranular
lh,128485,Agranular,Allocortex
lh,128486,Agranular,Allocortex
lh,128487,Agranular,Allocortex
lh,128584,Dysgranular,Agranular
lh,128585,Dysgranular,Agranular
lh,130552,Agranular,Allocortex
lh,130553,Agranular,Allocortex
lh,130556,Agranular,Allocortex
lh,130557,Agranular,Allocortex
lh,130558,Agranular,Allocortex
lh,130607,Dysgranular,Agranular
lh,130608,Dysgranular,Agranular
lh,130609,Dysgranular,Agranular
lh,130610,Dysgranular,Agranular
lh,130611,Dysgranular,Agranular
lh,130612,Dysgranular,Agranular
lh,130613,Dysgranular,Agranular
lh,130614,Dysgranular,Agranular
lh,130615,Dysgranular,Agranular
lh,130616,Dysgranular,Agranular
lh,130617,Dysgranular,Agranular
lh,130618,Dysgranular,Agranular
lh,130619,Dysgranular,Agranular
lh,130620,Dysgranular,Agranular
lh,130621,Dysgranular,Agranular
lh,130622,Dysgranular,Agranular
lh,130623,Dysgranular,Agranular
lh,130624,Dysgranular,Agranular
lh,130625,Dysgranular,Agranular
lh,130626,Dysgranular,Agranular
lh,130627,Dysgranular,Agranular
lh,130628,Dysgranular,Agranular
lh,130630,Dysgranular,Agranular
lh,130631,Dysgranular,Agranular
lh,130640,Dysgranular,Agranular
lh,130641,Dysgranular,Agranular
lh,130642,Dysgranular,Agranular
lh,130643,Dysgranular,Agranular
lh,130644,Dysgranular,Agranular
lh,130645,Dysgranular,Agranular
lh,130646,Dysgranular,Agranular
lh,130647,Dysgranular,Agranular
lh,130648,Dysgranular,Agranular
lh,130651,Dysgranular,Agranular
lh,130661,Allocortex,Agranular
lh,130662,Allocortex,Agranular
lh,130663,Allocortex,Agranular
lh,132125,Dysgranular,Agranular
lh,132126,Dysgranular,Agranular
lh,132130,Dysgranular,Agranular
lh,132131,Dysgranular,Agranular
lh,132132,Dysgranular,Agranular
lh,132133,Dysgranular,Agranular
lh,132134,Dysgranular,Agranular
lh,132135,Dysgranular,Agranular
lh,132136,Dysgranular,Agranular
lh,132137,Dysgranular,Agranular
lh,132138,Dysgranular,Agranular
lh,132139,Dysgranular,Agranular
lh,132140,Dysgranular,Agranular
lh,132141,Dysgranular,Agranular
lh,132142,Dysgranular,Agranular
lh,132317,Dysgranular,Agranular
lh,132318,Dysgranular,Agranular
lh,132319,Dysgranular,Agranular
lh,136503,Dysgranular,Agranular
lh,136504,Dysgranular,Agranular
lh,136505,Dysgranular,Agranular
lh,136511,Allocortex,Agranular
lh,136512,Allocortex,Agranular
lh,136513,Allocortex,Agranular
lh,136514,Allocortex,Agranular
lh,136515,Allocortex,Agranular
lh,136516,Allocortex,Agranular
lh,136520,Agranular,Allocortex
lh,136521,Agranular,Allocortex
lh,136527,Agranular,Allocortex
lh,136528,Agranular,Allocortex
lh,136529,Agranular,Allocortex
lh,136530,Agranular,Allocortex
lh,136531,Agranular,Allocortex
lh,136532,Agranular,Allocortex
lh,136533,Agranular,Allocortex
lh,136534,Agranular,Allocortex
lh,136535,Agranular,Allocortex
lh,136536,Agranular,Allocortex
lh,136537,Agranular,Allocortex
lh,136538,Agranular,Allocortex
lh,136539,Agranular,Allocortex
lh,136540,Agranular,Allocortex
lh,136541,Agranular,Allocortex
lh,136542,Agranular,Allocortex
lh,136543,Agranular,Allocortex
lh,136544,Agranular,Allocortex
lh,136545,Agranular,Allocortex
lh,136546,Agranular,Allocortex
lh,136547,Agranular,Allocortex
lh,136548,Agranular,Allocortex
lh,136549,Agranular,Allocortex
lh,136550,Agranular,Allocortex
lh,136551,Agranular,Allocortex
lh,136552,Agranular,Allocortex
lh,136553,Agranular,Allocortex
lh,136554,Agranular,Allocortex
lh,136555,Agranular,Allocortex
lh,136556,Agranular,Allocortex
lh,136557,Agranular,Allocortex
lh,136558,Agranular,Allocortex
lh,136559,Agranular,Allocortex
lh,136560,Agranular,Allocortex
lh,136561,Agranular,Allocortex
lh,136562,Agranular,Allocortex
lh,136589,Agranular,Allocortex
lh,136590,Agranular,Allocortex
lh,136591,Agranular,Allocortex
lh,136599,Agranular,Allocortex
lh,136600,Agranular,Allocortex
lh,136601,Agranular,Allocortex
lh,136602,Agranular,Allocortex
lh,136603,Agranular,Allocortex
lh,136604,Agranular,Allocortex
lh,136605,Agranular,Allocortex
lh,136606,Agranular,Allocortex
lh,136607,Agranular,Allocortex
lh,136608,Agranular,Allocortex
lh,136609,Agranular,Allocortex
lh,136610,Agranular,Allocortex
lh,136611,Agranular,Allocortex
lh,136612,Agranular,Allocortex
lh,136613,Agranular,Allocortex
lh,136614,Agranular,Allocortex
lh,136615,Agranular,Allocortex
lh,136616,Agranular,Allocortex
lh,136617,Agranular,Allocortex
lh,136618,Agranular,Allocortex
lh,136619,Agranular,Allocortex
lh,136620,Agranular,Allocortex
lh,136621,Agranular,Allocortex
lh,136622,Agranular,Allocortex
lh,136623,Agranular,Allocortex
lh,136624,Agranular,Allocortex
lh,136625,Agranular,Allocortex
lh,136626,Agranular,Allocortex
lh,136627,Agranular,Allocortex
lh,136628,Agranular,Allocortex
lh,136629,Agranular,Allocortex
lh,136630,Agranular,Allocortex
lh,136631,Agranular,Allocortex
lh,136632,Agranular,Allocortex
lh,136633,Agranular,Allocortex
lh,136634,Agranular,Allocortex
lh,136635,Agranular,Allocortex
lh,136636,Agranular,Allocortex
lh,136637,Agranular,Allocortex
lh,136638,Agranular,Allocortex
lh,136639,Agranular,Allocortex
lh,136640,Agranular,Allocortex
lh,136641,Agranular,Allocortex
lh,136642,Agranular,Allocortex
lh,136643,Agranular,Allocortex
lh,136644,Agranular,Allocortex
lh,136645,Agranular,Allocortex
lh,136646,Agranular,Allocortex
lh,136647,Agranular,Allocortex
lh,136648,Agranular,Allocortex
lh,136649,Agranular,Allocortex
lh,136650,Agranular,Allocortex
lh,136651,Agranular,Allocortex
lh,136652,Agranular,Allocortex
lh,136653,Agranular,Allocortex
lh,136654,Agranular,Allocortex
lh,136655,Agranular,Allocortex
lh,136656,Agranular,Allocortex
lh,136659,Agranular,Allocortex
lh,136660,Agranular,Allocortex
lh,136661,Agranular,Allocortex
lh,136662,Agranular,Allocortex
lh,136663,Agranular,Allocortex
lh,136664,Agranular,Allocortex
lh,136665,Agranular,Allocortex
lh,136666,Agranular,Allocortex
lh,136677,Agranular,Allocortex
lh,136678,Agranular,Allocortex
lh,136679,Agranular,Allocortex
lh,136680,Agranular,Allocortex
lh,136681,Agranular,Allocortex
lh,136682,Agranular,Allocortex
lh,136683,Agranular,Allocortex
lh,136727,Allocortex,Agranular
lh,137620,Agranular,Allocortex
lh,137621,Agranular,Allocortex
lh,137622,Agranular,Allocortex
lh,137623,Agranular,Allocortex
lh,137705,Dysgranular,Agranular
lh,137706,Dysgranular,Agranular
lh,137707,Dysgranular,Agranular
lh,137708,Dysgranular,Agranular
lh,137709,Dysgranular,Agranular
lh,137710,Dysgranular,Agranular
lh,137711,Dysgranular,Agranular
lh,137712,Dysgranular,Agranular
lh,137713,Dysgranular,Agranular
lh,137714,Dysgranular,Agranular
lh,137715,Dysgranular,Agranular
lh,137716,Eulaminate I,Dysgranular
lh,137717,Eulaminate I,Dysgranular
lh,137724,Dysgranular,Agranular
lh,137725,Dysgranular,Agranular
lh,137726,Dysgranular,Agranular
lh,137727,Dysgranular,Agranular
lh,137729,Dysgranular,Agranular
lh,137730,Dysgranular,Agranular
lh,137731,Dysgranular,Agranular
lh,137732,Dysgranular,Agranular
lh,137733,Dysgranular,Agranular
lh,137735,Dysgranular,Agranular
lh,137736,Dysgranular,Agranular
lh,138914,Agranular,Dysgranular
lh,138915,Agranular,Dysgranular
lh,139107,Dysgranular,Agranular
lh,139108,Dysgranular,Agranular
lh,139134,Dysgranular,Agranular
lh,139135,Dysgranular,Agranular
lh,139136,Dysgranular,Agranular
lh,139137,Dysgranular,Agranular
lh,139139,Dysgranular,Agranular
lh,139145,Dysgranular,Agranular
lh,139146,Dysgranular,Agranular
lh,139156,Allocortex,Agranular
lh,139158,Allocortex,Agranular
lh,139159,Allocortex,Agranular
lh,139160,Allocortex,Agranular
lh,139161,Allocortex,Agranular
lh,139162,Allocortex,Agranular
lh,140658,Agranular,Dysgranular
lh,140659,Agranular,Dysgranular
lh,140661,Agranular,Dysgranular
lh,140676,Agranular,Dysgranular
lh,140677,Agranular,Dysgranular
lh,140678,Agranular,Dysgranular
lh,140679,Agranular,Dysgranular
lh,140680,Agranular,Dysgranular
lh,140681,Agranular,Dysgranular
lh,140682,Agranular,Dysgranular
lh,140683,Agranular,Dysgranular
lh,140684,Agranular,Dysgranular
lh,140691,Agranular,Dysgranular
lh,140692,Agranular,Dysgranular
lh,140693,Agranular,Dysgranular
lh,140694,Agranular,Dysgranular
lh,141135,Agranular,Dysgranular
lh,141136,Agranular,Dysgranular
lh,141137,Agranular,Dysgranular
lh,141138,Agranular,Dysgranular
lh,143148,Dysgranular,Agranular
lh,143149,Dysgranular,Agranular
lh,143150,Dysgranular,Agranular
lh,143175,Dysgranular,Agranular
lh,143176,Dysgranular,Agranular
lh,143177,Dysgranular,Agranular
lh,143184,Allocortex,Agranular
lh,143185,Allocortex,Agranular
lh,143186,Allocortex,Agranular
lh,143187,Dysgranular,Agranular
lh,143194,Allocortex,Agranular
lh,143195,Allocortex,Agranular
lh,143197,Agranular,Allocortex
lh,143198,Agranular,Allocortex
lh,143199,Agranular,Allocortex
lh,143200,Agranular,Allocortex
lh,143201,Agranular,Allocortex
lh,143202,Agranular,Allocortex
lh,143203,Agranular,Allocortex
lh,143204,Agranular,Allocortex
lh,143280,Agranular,Allocortex
lh,143281,Agranular,Allocortex
lh,143282,Agranular,Allocortex
lh,143283,Agranular,Allocortex
lh,143284,Agranular,Allocortex
lh,143285,Agranular,Allocortex
lh,143286,Agranular,Allocortex
lh,143287,Agranular,Allocortex
lh,143288,Agranular,Allocortex
lh,143289,Agranular,Allocortex
lh,143290,Agranular,Allocortex
lh,143291,Agranular,Allocortex
lh,143292,Agranular,Allocortex
lh,143293,Agranular,Allocortex
lh,143294,Agranular,Allocortex
lh,143295,Agranular,Allocortex
lh,143296,Agranular,Allocortex
lh,143297,Agranular,Allocortex
lh,143298,Agranular,Allocortex
lh,143299,Agranular,Allocortex
lh,143300,Agranular,Allocortex
lh,143301,Agranular,Allocortex
lh,143302,Agranular,Allocortex
lh,143303,Agranular,Allocortex
lh,143304,Agranular,Allocortex
lh,143305,Agranular,Allocortex
lh,143306,Agranular,Allocortex
lh,143307,Agranular,Allocortex
lh,143308,Agranular,Allocortex
lh,143309,Agranular,Allocortex
lh,143310,Agranular,Allocortex
lh,143311,Agranular,Allocortex
lh,143312,Agranular,Allocortex
lh,143313,Agranular,Allocortex
lh,143314,Agranular,Allocortex
lh,143315,Agranular,Allocortex
lh,143316,Agranular,Allocortex
lh,143317,Agranular,Allocortex
lh,143318,Agranular,Allocortex
lh,143319,Agranular,Allocortex
lh,143320,Agranular,Allocortex
lh,143321,Agranular,Allocortex
lh,143322,Agranular,Allocortex
lh,143323,Agranular,Allocortex
lh,143324,Agranular,Allocortex
lh,143325,Agranular,Allocortex
lh,143326,Agranular,Allocortex
lh,143327,Agranular,Allocortex
lh,143328,Agranular,Allocortex
lh,143329,Agranular,Allocortex
lh,143330,Agranular,Allocortex
lh,143331,Agranular,Allocortex
lh,143332,Agranular,Allocortex
lh,143333,Agranular,Allocortex
lh,143334,Agranular,Allocortex
lh,143335,Agranular,Allocortex
lh,143336,Agranular,Allocortex
lh,143337,Agranular,Allocortex
lh,143338,Agranular,Allocortex
lh,143339,Agranular,Allocortex
lh,143340,Agranular,Allocortex
lh,143341,Agranular,Allocortex
lh,143342,Agranular,Allocortex
lh,143343,Agranular,Allocortex
lh,143344,Agranular,Allocortex
lh,143345,Agranular,Allocortex
lh,143346,Agranular,Allocortex
lh,143347,Agranular,Allocortex
lh,143348,Agranular,Allocortex
lh,143349,Agranular,Allocortex
lh,143350,Agranular,Allocortex
lh,143351,Agranular,Allocortex
lh,143352,Agranular,Allocortex
lh,143353,Agranular,Allocortex
lh,143354,Agranular,Allocortex
lh,143355,Agranular,Allocortex
lh,143356,Agranular,Allocortex
lh,143357,Agranular,Allocortex
lh,143358,Agranular,Allocortex
lh,143359,Agranular,Allocortex
lh,143360,Agranular,Allocortex
lh,143361,Agranular,Allocortex
lh,143362,Agranular,Allocortex
lh,143363,Agranular,Allocortex
lh,143364,Agranular,Allocortex
lh,143365,Agranular,Allocortex
lh,143366,Agranular,Allocortex
lh,143367,Agranular,Allocortex
lh,143453,Dysgranular,Agranular
lh,143455,Dysgranular,Agranular
lh,143456,Dysgranular,Agranular
lh,143458,Dysgranular,Agranular
lh,143459,Dysgranular,Agranular
lh,143464,Dysgranular,Agranular
lh,143465,Dysgranular,Agranular
lh,143466,Dysgranular,Agranular
lh,143467,Dysgranular,Agranular
lh,143468,Dysgranular,Agranular
lh,143482,Dysgranular,Agranular
lh,143483,Dysgranular,Agranular
lh,143484,Dysgranular,Agranular
lh,143485,Dysgranular,Agranular
lh,143486,Dysgranular,Agranular
lh,143487,Dysgranular,Agranular
lh,143488,Dysgranular,Agranular
lh,143489,Dysgranular,Agranular
lh,143491,Dysgranular,Agranular
lh,143492,Dysgranular,Agranular
lh,143573,Dysgranular,Agranular
lh,143574,Dysgranular,Agranular
lh,143575,Dysgranular,Agranular
lh,143577,Dysgranular,Agranular
lh,143616,Allocortex,Agranular
lh,143617,Allocortex,Agranular
lh,144253,Agranular,Allocortex
lh,144254,Agranular,Allocortex
lh,144255,Agranular,Allocortex
lh,144257,Agranular,Allocortex
lh,144258,Agranular,Allocortex
lh,144259,Agranular,Allocortex
lh,144260,Agranular,Allocortex
lh,144261,Agranular,Allocortex
lh,144269,Agranular,Allocortex
lh,144293,Dysgranular,Agranular
lh,144300,Dysgranular,Agranular
lh,144301,Dysgranular,Agranular
lh,144302,Dysgranular,Agranular
lh,144303,Dysgranular,Agranular
lh,144304,Dysgranular,Agranular
lh,144305,Dysgranular,Agranular
lh,144306,Dysgranular,Agranular
lh,144307,Dysgranular,Agranular
lh,144310,Eulaminate I,Dysgranular
lh,144313,Eulaminate I,Dysgranular
lh,144314,Eulaminate I,Dysgranular
lh,144315,Eulaminate I,Dysgranular
lh,144316,Eulaminate I,Dysgranular
lh,144323,Eulaminate I,Dysgranular
lh,144324,Eulaminate I,Dysgranular
lh,144325,Eulaminate I,Dysgranular
lh,144329,Eulaminate I,Dysgranular
lh,144330,Eulaminate I,Dysgranular
lh,144333,Dysgranular,Agranular
lh,144334,Dysgranular,Agranular
lh,144335,Dysgranular,Agranular
lh,144338,Eulaminate I,Dysgranular
lh,144339,Eulaminate I,Dysgranular
lh,144340,Eulaminate I,Dysgranular
lh,144341,Eulaminate I,Dysgranular
lh,147820,Dysgranular,Agranular
lh,147821,Dysgranular,Agranular
lh,147822,Dysgranular,Agranular
lh,147823,Dysgranular,Agranular
lh,147824,Dysgranular,Agranular
lh,147841,Dysgranular,Agranular
lh,147842,Dysgranular,Agranular
lh,147847,Dysgranular,Agranular
lh,147848,Dysgranular,Agranular
lh,147849,Dysgranular,Agranular
lh,147850,Dysgranular,Agranular
lh,147851,Dysgranular,Agranular
lh,147852,Dysgranular,Agranular
lh,147853,Dysgranular,Agranular
lh,148354,Dysgranular,Agranular
lh,148382,Dysgranular,Agranular
lh,148383,Dysgranular,Agranular
lh,148384,Dysgranular,Agranular
lh,148385,Dysgranular,Agranular
lh,148386,Dysgranular,Agranular
lh,148387,Dysgranular,Agranular
lh,148388,Dysgranular,Agranular
lh,148389,Dysgranular,Agranular
lh,148390,Dysgranular,Agranular
lh,148396,Dysgranular,Agranular
lh,148397,Dysgranular,Agranular
lh,148398,Dysgranular,Agranular
lh,148399,Dysgranular,Agranular
lh,148400,Dysgranular,Agranular
lh,148401,Dysgranular,Agranular
lh,148402,Dysgranular,Agranular
lh,148403,Dysgranular,Agranular
lh,148404,Dysgranular,Agranular
lh,148405,Dysgranular,Agranular
lh,148406,Dysgranular,Agranular
lh,148412,Dysgranular,Agranular
lh,148413,Dysgranular,Agranular
lh,148416,Dysgranular,Agranular
lh,148417,Dysgranular,Agranular
lh,148418,Dysgranular,Agranular
lh,148419,Dysgranular,Agranular
lh,148420,Dysgranular,Agranular
lh,148421,Dysgranular,Agranular
lh,148422,Dysgranular,Agranular
lh,148423,Dysgranular,Agranular
lh,148424,Dysgranular,Agranular
lh,148425,Dysgranular,Agranular
lh,148426,Dysgranular,Agranular
lh,148427,Dysgranular,Agranular
lh,148428,Dysgranular,Agranular
lh,148429,Dysgranular,Agranular
lh,148430,Dysgranular,Agranular
lh,148431,Dysgranular,Agranular
lh,148432,Dysgranular,Agranular
lh,148433,Dysgranular,Agranular
lh,148434,Dysgranular,Agranular
lh,148435,Dysgranular,Agranular
lh,148436,Dysgranular,Agranular
lh,148437,Dysgranular,Agranular
lh,148438,Dysgranular,Agranular
lh,148439,Dysgranular,Agranular
lh,148440,Dysgranular,Agranular
lh,148441,Dysgranular,Agranular
lh,148442,Dysgranular,Agranular
lh,148443,Dysgranular,Agranular
lh,148444,Dysgranular,Agranular
lh,148445,Dysgranular,Agranular
lh,148446,Dysgranular,Agranular
lh,148447,Dysgranular,Agranular
lh,148448,Dysgranular,Agranular
lh,148449,Dysgranular,Agranular
lh,148450,Dysgranular,Agranular
lh,148451,Dysgranular,Agranular
lh,148452,Dysgranular,Agranular
lh,148453,Dysgranular,Agranular
lh,148454,Dysgranular,Agranular
lh,148455,Dysgranular,Agranular
lh,148456,Dysgranular,Agranular
lh,148457,Dysgranular,Agranular
lh,148458,Dysgranular,Agranular
lh,148459,Dysgranular,Agranular
lh,148460,Dysgranular,Agranular
lh,148461,Dysgranular,Agranular
lh,148462,Dysgranular,Agranular
lh,148481,Dysgranular,Agranular
lh,148482,Dysgranular,Agranular
lh,148483,Dysgranular,Agranular
lh,148484,Dysgranular,Agranular
lh,148485,Dysgranular,Agranular
lh,148486,Dysgranular,Agranular
lh,148487,Dysgranular,Agranular
lh,148488,Dysgranular,Agranular
lh,148489,Dysgranular,Agranular
lh,148490,Dysgranular,Agranular
lh,148491,Dysgranular,Agranular
lh,148492,Dysgranular,Agranular
lh,148493,Dysgranular,Agranular
lh,148494,Dysgranular,Agranular
lh,148495,Dysgranular,Agranular
lh,148496,Dysgranular,Agranular
lh,148497,Dysgranular,Agranular
lh,148498,Dysgranular,Agranular
lh,148504,Dysgranular,Agranular
lh,148505,Dysgranular,Agranular
lh,148506,Dysgranular,Agranular
lh,148507,Dysgranular,Agranular
lh,148508,Dysgranular,Agranular
lh,148509,Dysgranular,Agranular
lh,148510,Dysgranular,Agranular
lh,148511,Dysgranular,Agranular
lh,148512,Dysgranular,Agranular
lh,148513,Dysgranular,Agranular
lh,148514,Dysgranular,Agranular
lh,148515,Dysgranular,Agranular
lh,149085,Agranular,Allocortex
lh,149087,Agranular,Allocortex
lh,153551,Agranular,Dysgranular
lh,153643,Eulaminate I,Dysgranular
lh,153644,Eulaminate I,Dysgranular
lh,153645,Eulaminate I,Dysgranular
lh,153646,Eulaminate I,Dysgranular
lh,153647,Eulaminate I,Dysgranular
lh,153648,Eulaminate I,Dysgranular
lh,153649,Eulaminate I,Dysgranular
lh,153650,Eulaminate I,Dysgranular
lh,153653,Eulaminate I,Dysgranular
lh,153654,Eulaminate I,Dysgranular
lh,153655,Eulaminate I,Dysgranular
lh,153656,Eulaminate I,Dysgranular
lh,153657,Eulaminate I,Dysgranular
lh,153658,Eulaminate I,Dysgranular
lh,153659,Eulaminate I,Dysgranular
lh,153660,Eulaminate I,Dysgranular
lh,153679,Eulaminate I,Dysgranular
lh,153680,Eulaminate I,Dysgranular
lh,153681,Eulaminate I,Dysgranular
lh,153682,Eulaminate I,Dysgranular
lh,153683,Eulaminate I,Dysgranular
lh,153684,Eulaminate I,Dysgranular
lh,153685,Eulaminate I,Dysgranular
lh,153686,Eulaminate I,Dysgranular
lh,154883,Eulaminate III,Eulaminate II
lh,154884,Eulaminate III,Eulaminate II
lh,154885,Eulaminate III,Eulaminate II
lh,154886,Eulaminate III,Eulaminate II
lh,154887,Eulaminate III,Eulaminate II
lh,154888,Eulaminate III,Eulaminate II
lh,154889,Eulaminate III,Eulaminate II
lh,154890,Eulaminate III,Eulaminate II
lh,154891,Eulaminate III,Eulaminate II
lh,154892,Eulaminate III,Eulaminate II
lh,154893,Eulaminate III,Eulaminate II
lh,154894,Eulaminate III,Eulaminate II
lh,154895,Eulaminate III,Eulaminate II
lh,154897,Eulaminate III,Eulaminate II
lh,154898,Eulaminate III,Eulaminate II
lh,155075,Eulaminate I,Dysgranular
lh,155076,Eulaminate I,Dysgranular
lh,155077,Eulaminate I,Dysgranular
lh,160255,Dysgranular,Agranular
lh,160256,Dysgranular,Agranular
lh,160257,Dysgranular,Agranular
lh,160260,Dysgranular,Agranular
lh,160261,Dysgranular,Agranular
lh,160277,Allocortex,Agranular
lh,160299,Dysgranular,Agranular
lh,160300,Dysgranular,Agranular
lh,160301,Dysgranular,Agranular
lh,160302,Dysgranular,Agranular
lh,160303,Dysgranular,Agranular
lh,160358,Agranular,Allocortex
lh,160359,Agranular,Allocortex
lh,160360,Agranular,Allocortex
lh,160362,Agranular,Allocortex
lh,160363,Agranular,Allocortex
lh,160365,Agranular,Allocortex
lh,160366,Agranular,Allocortex
lh,160367,Agranular,Allocortex
lh,160368,Agranular,Allocortex
lh,160369,Agranular,Allocortex
lh,160370,Agranular,Allocortex
lh,160371,Agranular,Allocortex
lh,160372,Agranular,Allocortex
lh,160373,Agranular,Allocortex
lh,160374,Agranular,Allocortex
lh,160375,Agranular,Allocortex
lh,160376,Agranular,Allocortex
lh,160377,Agranular,Allocortex
lh,160378,Agranular,Allocortex
lh,160380,Agranular,Allocortex
lh,160386,Agranular,Allocortex
lh,160387,Agranular,Allocortex
lh,160388,Agranular,Allocortex
lh,160389,Agranular,Allocortex
lh,160390,Agranular,Allocortex
lh,160391,Agranular,Allocortex
lh,160392,Agranular,Allocortex
lh,160393,Agranular,Allocortex
lh,160394,Agranular,Allocortex
lh,160395,Agranular,Allocortex
lh,160396,Agranular,Allocortex
lh,160397,Agranular,Allocortex
lh,160398,Agranular,Allocortex
lh,160399,Agranular,Allocortex
lh,160400,Agranular,Allocortex
lh,160401,Agranular,Allocortex
lh,160402,Agranular,Allocortex
lh,160403,Agranular,Allocortex
lh,160404,Agranular,Allocortex
lh,160405,Agranular,Allocortex
lh,160414,Allocortex,Agranular
lh,160415,Allocortex,Agranular
lh,160416,Allocortex,Agranular
lh,160417,Allocortex,Agranular
lh,160418,Allocortex,Agranular
lh,160419,Allocortex,Agranular
lh,160424,Allocortex,Agranular
lh,160425,Allocortex,Agranular
lh,160426,Allocortex,Agranular
lh,160427,Allocortex,Agranular
lh,160428,Allocortex,Agranular
lh,160489,Dysgranular,Agranular
lh,160494,Dysgranular,Agranular
lh,160495,Dysgranular,Agranular
lh,160496,Dysgranular,Agranular
lh,160505,Allocortex,Agranular
lh,160506,Agranular,Allocortex
lh,160507,Agranular,Allocortex
lh,160508,Allocortex,Agranular
lh,160509,Allocortex,Agranular
lh,160510,Allocortex,Agranular
lh,160511,Allocortex,Agranular
lh,160512,Agranular,Allocortex
lh,160513,Agranular,Allocortex
lh,160514,Agranular,Allocortex
lh,160515,Agranular,Allocortex
lh,160516,Agranular,Allocortex
lh,160517,Agranular,Allocortex
lh,160518,Agranular,Allocortex
lh,160519,Agranular,Allocortex
lh,160520,Agranular,Allocortex
lh,160545,Agranular,Allocortex
lh,160546,Agranular,Allocortex
lh,160547,Agranular,Allocortex
lh,160557,Agranular,Allocortex
lh,160558,Agranular,Allocortex
lh,160559,Agranular,Allocortex
lh,160560,Agranular,Allocortex
lh,160561,Agranular,Allocortex
lh,160562,Agranular,Allocortex
lh,160563,Agranular,Allocortex
lh,160568,Agranular,Allocortex
lh,160569,Agranular,Allocortex
lh,160570,Agranular,Allocortex
lh,160571,Agranular,Allocortex
lh,160572,Agranular,Allocortex
lh,160573,Agranular,Allocortex
lh,160574,Agranular,Allocortex
lh,160575,Agranular,Allocortex
lh,160576,Agranular,Allocortex
lh,160577,Agranular,Allocortex
lh,160578,Agranular,Allocortex
lh,160579,Agranular,Allocortex
lh,160580,Agranular,Allocortex
lh,160581,Agranular,Allocortex
lh,160582,Agranular,Allocortex
lh,160583,Agranular,Allocortex
lh,160584,Agranular,Allocortex
lh,160585,Agranular,Allocortex
lh,160586,Agranular,Allocortex
lh,160587,Agranular,Allocortex
lh,160588,Agranular,Allocortex
lh,160589,Agranular,Allocortex
lh,160590,Agranular,Allocortex
lh,160591,Agranular,Allocortex
lh,160592,Agranular,Allocortex
lh,160593,Agranular,Allocortex
lh,160594,Agranular,Allocortex
lh,160595,Agranular,Allocortex
lh,160596,Agranular,Allocortex
lh,160597,Agranular,Allocortex
lh,160598,Agranular,Allocortex
lh,160599,Agranular,Allocortex
lh,160600,Agranular,Allocortex
lh,160601,Agranular,Allocortex
lh,160602,Agranular,Allocortex
lh,160603,Agranular,Allocortex
lh,160604,Agranular,Allocortex
lh,160605,Agranular,Allocortex
lh,160606,Agranular,Allocortex
lh,160607,Agranular,Allocortex
lh,160608,Agranular,Allocortex
lh,160609,Agranular,Allocortex
lh,160610,Agranular,Allocortex
lh,160611,Agranular,Allocortex
lh,160612,Agranular,Allocortex
lh,160613,Agranular,Allocortex
lh,160614,Agranular,Allocortex
lh,160615,Agranular,Allocortex
lh,160616,Agranular,Allocortex
lh,160617,Agranular,Allocortex
lh,160618,Agranular,Allocortex
lh,160619,Agranular,Allocortex
lh,160620,Agranular,Allocortex
lh,160621,Agranular,Allocortex
lh,160622,Agranular,Allocortex
lh,160623,Agranular,Allocortex
lh,160624,Agranular,Allocortex
lh,160625,Agranular,Allocortex
lh,160626,Agranular,Allocortex
lh,160627,Agranular,Allocortex
lh,160628,Agranular,Allocortex
lh,160629,Agranular,Allocortex
lh,160630,Agranular,Allocortex
lh,160631,Agranular,Allocortex
lh,160632,Agranular,Allocortex
lh,160633,Agranular,Allocortex
lh,160634,Agranular,Allocortex
lh,160635,Agranular,Allocortex
lh,160636,Agranular,Allocortex
lh,160637,Agranular,Allocortex
lh,160638,Agranular,Allocortex
lh,160639,Agranular,Allocortex
lh,160640,Agranular,Allocortex
lh,160641,Agranular,Allocortex
lh,160642,Agranular,Allocortex
lh,160643,Agranular,Allocortex
lh,160644,Agranular,Allocortex
lh,160645,Agranular,Allocortex
lh,160646,Agranular,Allocortex
lh,160647,Agranular,Allocortex
lh,160648,Agranular,Allocortex
lh,160649,Agranular,Allocortex
lh,160650,Agranular,Allocortex
lh,160651,Agranular,Allocortex
lh,160652,Agranular,Allocortex
lh,160653,Agranular,Allocortex
lh,160654,Agranular,Allocortex
lh,160655,Agranular,Allocortex
lh,160656,Agranular,Allocortex
lh,160664,Allocortex,Agranular
lh,160672,Allocortex,Agranular
lh,160673,Allocortex,Agranular
lh,160674,Allocortex,Agranular
lh,160675,Allocortex,Agranular
lh,160676,Allocortex,Agranular
lh,160689,Allocortex,Agranular
lh,160691,Allocortex,Agranular
lh,160692,Allocortex,Agranular
lh,160693,Allocortex,Agranular
lh,160694,Allocortex,Agranular
lh,160695,Allocortex,Agranular
lh,160696,Allocortex,Agranular
lh,160697,Allocortex,Agranular
lh,160698,Allocortex,Agranular
lh,160699,Allocortex,Agranular
lh,160700,Allocortex,Agranular
lh,160701,Allocortex,Agranular
lh,160702,Allocortex,Agranular
lh,160703,Allocortex,Agranular
lh,160704,Allocortex,Agranular
lh,160705,Allocortex,Agranular
lh,160706,Allocortex,Agranular
lh,160707,Allocortex,Agranular
lh,160708,Allocortex,Agranular
lh,160709,Allocortex,Agranular
lh,160727,Allocortex,Agranular
lh,160728,Allocortex,Agranular
lh,160729,Allocortex,Agranular
lh,160730,Allocortex,Agranular
lh,160732,Allocortex,Agranular
lh,160733,Allocortex,Agranular
lh,160734,Allocortex,Agranular
lh,160735,Allocortex,Agranular
lh,160736,Allocortex,Agranular
lh,160737,Allocortex,Agranular
lh,160738,Allocortex,Agranular
lh,160739,Allocortex,Agranular
lh,160740,Allocortex,Agranular
lh,160741,Allocortex,Agranular
lh,160742,Allocortex,Agranular
lh,160743,Allocortex,Agranular
lh,160744,Allocortex,Agranular
lh,160745,Allocortex,Agranular
lh,160751,Allocortex,Agranular
lh,160752,Allocortex,Agranular
lh,160753,Allocortex,Agranular
lh,160754,Allocortex,Agranular
lh,160755,Allocortex,Agranular
lh,160756,Allocortex,Agranular
lh,160757,Allocortex,Agranular
lh,160758,Allocortex,Agranular
lh,160759,Allocortex,Agranular
lh,160760,Allocortex,Agranular
lh,160761,Allocortex,Agranular
lh,160762,Allocortex,Agranular
lh,160763,Allocortex,Agranular
lh,160764,Agranular,Allocortex
lh,160765,Agranular,Allocortex
lh,160766,Agranular,Allocortex
lh,160767,Agranular,Allocortex
lh,160768,Agranular,Allocortex
lh,160769,Agranular,Allocortex
lh,160770,Agranular,Allocortex
lh,160771,Agranular,Allocortex
lh,160772,Agranular,Allocortex
lh,160773,Agranular,Allocortex
lh,160774,Agranular,Allocortex
lh,160775,Agranular,Allocortex
lh,160776,Agranular,Allocortex
lh,160777,Agranular,Allocortex
lh,160778,Agranular,Allocortex
lh,160779,Agranular,Allocortex
lh,160780,Agranular,Allocortex
lh,160781,Agranular,Allocortex
lh,160782,Agranular,Allocortex
lh,160791,Agranular,Allocortex
lh,160792,Agranular,Allocortex
lh,160793,Agranular,Allocortex
lh,160796,Agranular,Allocortex
lh,160841,Allocortex,Agranular
lh,160842,Allocortex,Agranular
lh,160843,Allocortex,Agranular
lh,160844,Allocortex,Agranular
lh,160845,Allocortex,Agranular
lh,160846,Allocortex,Agranular
lh,160847,Allocortex,Agranular
lh,160848,Allocortex,Agranular
lh,160849,Allocortex,Agranular
lh,160850,Allocortex,Agranular
lh,160851,Allocortex,Agranular
lh,160852,Allocortex,Agranular
lh,160853,Allocortex,Agranular
lh,160855,Allocortex,Agranular
lh,160856,Allocortex,Agranular
lh,160857,Allocortex,Agranular
lh,160858,Allocortex,Agranular
lh,160859,Allocortex,Agranular
lh,160860,Allocortex,Agranular
lh,160861,Allocortex,Agranular
lh,160862,Allocortex,Agranular
lh,160863,Allocortex,Agranular
lh,160864,Allocortex,Agranular
lh,160865,Allocortex,Agranular
lh,160866,Allocortex,Agranular
lh,160867,Allocortex,Agranular
lh,160868,Allocortex,Agranular
lh,160869,Allocortex,Agranular
lh,160870,Allocortex,Agranular
lh,160871,Allocortex,Agranular
lh,160878,Allocortex,Agranular
lh,160879,Allocortex,Agranular
lh,160880,Allocortex,Agranular
lh,160883,Allocortex,Agranular
lh,160885,Allocortex,Agranular
lh,160886,Allocortex,Agranular
lh,160887,Allocortex,Agranular
lh,160888,Allocortex,Agranular
lh,160889,Allocortex,Agranular
lh,160890,Allocortex,Agranular
lh,160891,Allocortex,Agranular
lh,160892,Allocortex,Agranular
lh,160893,Allocortex,Agranular
lh,160894,Allocortex,Agranular
lh,160895,Allocortex,Agranular
lh,160896,Allocortex,Agranular
lh,160897,Allocortex,Agranular
lh,161328,Eulaminate II,Eulaminate I
lh,161343,Eulaminate II,Eulaminate I
lh,161345,Eulaminate II,Eulaminate I
lh,163053,Eulaminate I,Dysgranular
lh,163056,Eulaminate I,Dysgranular
lh,163057,Eulaminate I,Dysgranular
lh,163058,Eulaminate I,Dysgranular
lh,163084,Eulaminate I,Dysgranular
lh,163438,Agranular,Allocortex
lh,163439,Agranular,Allocortex
lh,163465,Agranular,Allocortex
lh,163661,Agranular,Allocortex
lh,163662,Agranular,Allocortex
lh,163667,Agranular,Allocortex
lh,163668,Agranular,Allocortex
lh,163669,Agranular,Allocortex
lh,163670,Agranular,Allocortex
lh,163671,Agranular,Allocortex
lh,163672,Agranular,Allocortex
lh,163673,Agranular,Allocortex
lh,163674,Agranular,Allocortex
lh,163675,Agranular,Allocortex
lh,163676,Agranular,Allocortex
lh,163677,Agranular,Allocortex
lh,163708,Dysgranular,Agranular
lh,163709,Dysgranular,Agranular
lh,163710,Dysgranular,Agranular
lh,163711,Dysgranular,Agranular
lh,163712,Dysgranular,Agranular
lh,163713,Dysgranular,Agranular
lh,163714,Dysgranular,Agranular
lh,163790,Dysgranular,Agranular
lh,163791,Dysgranular,Agranular
lh,163793,Dysgranular,Agranular
rh,37,Agranular,Allocortex
rh,39,Eulaminate I,Dysgranular
rh,82,Agranular,Allocortex
rh,147,Agranular,Allocortex
rh,326,Dysgranular,Agranular
rh,351,Eulaminate II,Eulaminate I
rh,598,Agranular,Allocortex
rh,599,Agranular,Allocortex
rh,612,Dysgranular,Agranular
rh,803,Dysgranular,Agranular
rh,804,Dysgranular,Agranular
rh,832,Eulaminate II,Eulaminate I
rh,1329,Dysgranular,Agranular
rh,1330,Agranular,Allocortex
rh,1331,Agranular,Allocortex
rh,1332,Agranular,Allocortex
rh,1333,Agranular,Allocortex
rh,1334,Agranular,Allocortex
rh,1342,Dysgranular,Agranular
rh,1364,Agranular,Allocortex
rh,1366,Dysgranular,Agranular
rh,1733,Dysgranular,Agranular
rh,1734,Dysgranular,Agranular
rh,1736,Agranular,Allocortex
rh,1739,Dysgranular,Agranular
rh,1958,Dysgranular,Agranular
rh,1960,Dysgranular,Agranular
rh,1964,Dysgranular,Agranular
rh,1978,Agranular,Allocortex
rh,1989,Eulaminate I,Dysgranular
rh,2429,Agranular,Allocortex
rh,2431,Agranular,Allocortex
rh,2432,Agranular,Allocortex
rh,2433,Agranular,Allocortex
rh,2434,Agranular,Allocortex
rh,2435,Agranular,Allocortex
rh,2437,Agranular,Allocortex
rh,2438,Agranular,Allocortex
rh,2462,Dysgranular,Agranular
rh,2463,Dysgranular,Agranular
rh,2473,Eulaminate I,Dysgranular
rh,2474,Eulaminate I,Dysgranular
rh,2475,Eulaminate I,Dysgranular
rh,2478,Eulaminate I,Dysgranular
rh,2735,Agranular,Allocortex
rh,2737,Agranular,Allocortex
rh,2745,Eulaminate I,Dysgranular
rh,2883,Agranular,Allocortex
rh,2887,Agranular,Allocortex
rh,3250,Agranular,Allocortex
rh,3251,Agranular,Allocortex
rh,3252,Agranular,Allocortex
rh,3253,Agranular,Allocortex
rh,3254,Agranular,Allocortex
rh,3259,Dysgranular,Agranular
rh,3260,Dysgranular,Agranular
rh,3261,Dysgranular,Agranular
rh,3853,Agranular,Allocortex
rh,3854,Agranular,Allocortex
rh,3855,Dysgranular,Agranular
rh,3857,Dysgranular,Agranular
rh,3933,Eulaminate II,Eulaminate I
rh,3934,Eulaminate II,Eulaminate I
rh,4172,Dysgranular,Agranular
rh,4173,Dysgranular,Agranular
rh,4304,Dysgranular,Agranular
rh,4311,Dysgranular,Agranular
rh,4342,Agranular,Allocortex
rh,4365,Eulaminate I,Dysgranular
rh,5433,Agranular,Allocortex
rh,5434,Agranular,Allocortex
rh,5435,Agranular,Allocortex
rh,5436,Agranular,Allocortex
rh,5437,Agranular,Allocortex
rh,5438,Agranular,Allocortex
rh,5439,Agranular,Allocortex
rh,5440,Agranular,Allocortex
rh,5441,Agranular,Allocortex
rh,5442,Agranular,Allocortex
rh,5443,Agranular,Allocortex
rh,5444,Agranular,Allocortex
rh,5445,Dysgranular,Agranular
rh,5451,Agranular,Allocortex
rh,5453,Dysgranular,Agranular
rh,5511,Dysgranular,Agranular
rh,5512,Dysgranular,Agranular
rh,5533,Dysgranular,Agranular
rh,5534,Dysgranular,Agranular
rh,5535,Dysgranular,Agranular
rh,5541,Eulaminate I,Dysgranular
rh,5555,Agranular,Dysgranular
rh,6055,Dysgranular,Agranular
rh,6104,Eulaminate II,Eulaminate I
rh,7000,Dysgranular,Agranular
rh,7002,Agranular,Allocortex
rh,7003,Agranular,Allocortex
rh,7004,Agranular,Allocortex
rh,7005,Agranular,Allocortex
rh,7006,Agranular,Allocortex
rh,7007,Agranular,Allocortex
rh,7008,Agranular,Allocortex
rh,7009,Agranular,Allocortex
rh,7010,Agranular,Allocortex
rh,7012,Allocortex,Agranular
rh,7016,Dysgranular,Agranular
rh,7017,Dysgranular,Agranular
rh,7018,Dysgranular,Agranular
rh,7066,Dysgranular,Agranular
rh,7072,Allocortex,Agranular
rh,7378,Agranular,Allocortex
rh,7885,Dysgranular,Agranular
rh,7887,Dysgranular,Agranular
rh,7890,Agranular,Allocortex
rh,7891,Agranular,Allocortex
rh,7892,Agranular,Allocortex
rh,7897,Dysgranular,Agranular
rh,7900,Dysgranular,Agranular
rh,8310,Dysgranular,Agranular
rh,8471,Dysgranular,Agranular
rh,8473,Dysgranular,Agranular
rh,8484,Dysgranular,Agranular
rh,8488,Dysgranular,Agranular
rh,8523,Agranular,Allocortex
rh,8524,Agranular,Allocortex
rh,8553,Eulaminate I,Dysgranular
rh,9845,Agranular,Allocortex
rh,9846,Dysgranular,Agranular
rh,9849,Agranular,Allocortex
rh,9850,Agranular,Allocortex
rh,9851,Agranular,Allocortex
rh,9852,Agranular,Allocortex
rh,9853,Agranular,Allocortex
rh,9854,Agranular,Allocortex
rh,9855,Agranular,Allocortex
rh,9856,Agranular,Allocortex
rh,9858,Agranular,Allocortex
rh,9859,Agranular,Allocortex
rh,9860,Agranular,Allocortex
rh,9861,Agranular,Allocortex
rh,9862,Agranular,Allocortex
rh,9863,Agranular,Allocortex
rh,9864,Dysgranular,Agranular
rh,9867,Agranular,Allocortex
rh,9868,Agranular,Allocortex
rh,9869,Agranular,Allocortex
rh,9870,Agranular,Allocortex
rh,9871,Agranular,Allocortex
rh,9872,Agranular,Allocortex
rh,9881,Agranular,Allocortex
rh,9884,Agranular,Allocortex
rh,9888,Agranular,Allocortex
rh,9889,Agranular,Allocortex
rh,9890,Agranular,Allocortex
rh,9921,Agranular,Allocortex
rh,9939,Dysgranular,Agranular
rh,9942,Dysgranular,Agranular
rh,9943,Dysgranular,Agranular
rh,9944,Dysgranular,Agranular
rh,9945,Dysgranular,Agranular
rh,9970,Dysgranular,Agranular
rh,9971,Dysgranular,Agranular
rh,9974,Eulaminate I,Dysgranular
rh,9977,Eulaminate I,Dysgranular
rh,9989,Eulaminate I,Dysgranular
rh,10056,Eulaminate II,Eulaminate I
rh,10413,Agranular,Allocortex
rh,10415,Agranular,Allocortex
rh,10416,Agranular,Allocortex
rh,10417,Agranular,Allocortex
rh,10425,Eulaminate I,Dysgranular
rh,10563,Agranular,Allocortex
rh,10565,Agranular,Allocortex
rh,10567,Agranular,Allocortex
rh,10930,Agranular,Allocortex
rh,10931,Agranular,Allocortex
rh,10932,Agranular,Allocortex
rh,10933,Agranular,Allocortex
rh,10934,Agranular,Allocortex
rh,11533,Agranular,Allocortex
rh,11534,Agranular,Allocortex
rh,11536,Dysgranular,Agranular
rh,11609,Eulaminate II,Eulaminate I
rh,11613,Eulaminate II,Eulaminate I
rh,11851,Dysgranular,Agranular
rh,11853,Dysgranular,Agranular
rh,11983,Dysgranular,Agranular
rh,13113,Agranular,Allocortex
rh,13114,Agranular,Allocortex
rh,13115,Agranular,Allocortex
rh,13116,Agranular,Allocortex
rh,13117,Agranular,Allocortex
rh,13118,Agranular,Allocortex
rh,13119,Agranular,Allocortex
rh,13120,Agranular,Allocortex
rh,13121,Agranular,Allocortex
rh,13122,Agranular,Allocortex
rh,13123,Agranular,Allocortex
rh,13124,Agranular,Allocortex
rh,13131,Agranular,Allocortex
rh,13133,Dysgranular,Agranular
rh,13134,Dysgranular,Agranular
rh,13135,Dysgranular,Agranular
rh,13213,Dysgranular,Agranular
rh,13214,Dysgranular,Agranular
rh,13215,Dysgranular,Agranular
rh,13216,Dysgranular,Agranular
rh,13217,Dysgranular,Agranular
rh,13236,Agranular,Dysgranular
rh,13932,Dysgranular,Agranular
rh,13933,Dysgranular,Agranular
rh,15507,Dysgranular,Agranular
rh,15510,Agranular,Allocortex
rh,15511,Agranular,Allocortex
rh,15512,Agranular,Allocortex
rh,15513,Agranular,Allocortex
rh,15514,Agranular,Allocortex
rh,15515,Agranular,Allocortex
rh,15516,Agranular,Allocortex
rh,15517,Agranular,Allocortex
rh,15518,Agranular,Allocortex
rh,15519,Agranular,Allocortex
rh,15520,Agranular,Allocortex
rh,15521,Agranular,Allocortex
rh,15522,Agranular,Allocortex
rh,15523,Agranular,Allocortex
rh,15524,Agranular,Allocortex
rh,15534,Dysgranular,Agranular
rh,15535,Dysgranular,Agranular
rh,15536,Dysgranular,Agranular
rh,15537,Dysgranular,Agranular
rh,15543,Dysgranular,Agranular
rh,15625,Allocortex,Agranular
rh,16221,Agranular,Allocortex
rh,17307,Dysgranular,Agranular
rh,17308,Dysgranular,Agranular
rh,17309,Dysgranular,Agranular
rh,17312,Dysgranular,Agranular
rh,17318,Agranular,Allocortex
rh,17319,Agranular,Allocortex
rh,17320,Agranular,Allocortex
rh,17321,Agranular,Allocortex
rh,17322,Agranular,Allocortex
rh,17323,Agranular,Allocortex
rh,17324,Agranular,Allocortex
rh,17332,Dysgranular,Agranular
rh,18280,Dysgranular,Agranular
rh,18658,Dysgranular,Agranular
rh,18659,Dysgranular,Agranular
rh,18663,Dysgranular,Agranular
rh,18665,Dysgranular,Agranular
rh,18666,Dysgranular,Agranular
rh,18667,Dysgranular,Agranular
rh,18693,Dysgranular,Agranular
rh,18694,Dysgranular,Agranular
rh,18699,Dysgranular,Agranular
rh,18701,Dysgranular,Agranular
rh,18783,Agranular,Allocortex
rh,18785,Agranular,Allocortex
rh,18786,Agranular,Allocortex
rh,18787,Agranular,Allocortex
rh,18855,Eulaminate I,Dysgranular
rh,22035,Dysgranular,Agranular
rh,22036,Dysgranular,Agranular
rh,22047,Agranular,Allocortex
rh,22048,Agranular,Allocortex
rh,22049,Agranular,Allocortex
rh,22052,Dysgranular,Agranular
rh,22058,Agranular,Allocortex
rh,22059,Agranular,Allocortex
rh,22060,Agranular,Allocortex
rh,22061,Agranular,Allocortex
rh,22062,Agranular,Allocortex
rh,22063,Agranular,Allocortex
rh,22064,Agranular,Allocortex
rh,22065,Agranular,Allocortex
rh,22066,Agranular,Allocortex
rh,22067,Agranular,Allocortex
rh,22068,Agranular,Allocortex
rh,22069,Agranular,Allocortex
rh,22070,Agranular,Allocortex
rh,22071,Agranular,Allocortex
rh,22072,Agranular,Allocortex
rh,22073,Agranular,Allocortex
rh,22074,Agranular,Allocortex
rh,22075,Agranular,Allocortex
rh,22076,Agranular,Allocortex
rh,22077,Agranular,Allocortex
rh,22079,Agranular,Allocortex
rh,22080,Agranular,Allocortex
rh,22081,Agranular,Allocortex
rh,22082,Agranular,Allocortex
rh,22083,Agranular,Allocortex
rh,22084,Agranular,Allocortex
rh,22085,Agranular,Allocortex
rh,22086,Agranular,Allocortex
rh,22087,Agranular,Allocortex
rh,22088,Agranular,Allocortex
rh,22089,Agranular,Allocortex
rh,22090,Agranular,Allocortex
rh,22091,Agranular,Allocortex
rh,22092,Agranular,Allocortex
rh,22093,Agranular,Allocortex
rh,22094,Agranular,Allocortex
rh,22097,Dysgranular,Agranular
rh,22106,Agranular,Allocortex
rh,22108,Agranular,Allocortex
rh,22109,Agranular,Allocortex
rh,22110,Agranular,Allocortex
rh,22111,Agranular,Allocortex
rh,22112,Agranular,Allocortex
rh,22113,Agranular,Allocortex
rh,22114,Agranular,Allocortex
rh,22115,Agranular,Allocortex
rh,22116,Agranular,Allocortex
rh,22117,Agranular,Allocortex
rh,22133,Allocortex,Agranular
rh,22139,Agranular,Allocortex
rh,22140,Agranular,Allocortex
rh,22141,Agranular,Allocortex
rh,22146,Agranular,Allocortex
rh,22161,Agranular,Allocortex
rh,22281,Dysgranular,Agranular
rh,22289,Dysgranular,Agranular
rh,22290,Dysgranular,Agranular
rh,22291,Dysgranular,Agranular
rh,22292,Dysgranular,Agranular
rh,22293,Dysgranular,Agranular
rh,22294,Dysgranular,Agranular
rh,22295,Dysgranular,Agranular
rh,22296,Dysgranular,Agranular
rh,22297,Dysgranular,Agranular
rh,22358,Dysgranular,Agranular
rh,22359,Dysgranular,Agranular
rh,22360,Dysgranular,Agranular
rh,22362,Dysgranular,Agranular
rh,22370,Eulaminate I,Dysgranular
rh,22373,Dysgranular,Agranular
rh,22376,Agranular,Dysgranular
rh,22377,Agranular,Dysgranular
rh,22378,Eulaminate I,Dysgranular
rh,22383,Eulaminate I,Dysgranular
rh,22396,Allocortex,Agranular
rh,22408,Eulaminate I,Dysgranular
rh,23356,Agranular,Allocortex
rh,23357,Agranular,Allocortex
rh,23358,Agranular,Allocortex
rh,23373,Eulaminate I,Dysgranular
rh,23621,Agranular,Allocortex
rh,24282,Agranular,Allocortex
rh,24283,Agranular,Allocortex
rh,24284,Agranular,Allocortex
rh,24285,Agranular,Allocortex
rh,24286,Agranular,Allocortex
rh,24287,Agranular,Allocortex
rh,24288,Agranular,Allocortex
rh,24289,Agranular,Allocortex
rh,24290,Agranular,Allocortex
rh,24297,Dysgranular,Agranular
rh,24299,Dysgranular,Agranular
rh,24300,Dysgranular,Agranular
rh,24302,Dysgranular,Agranular
rh,24304,Dysgranular,Agranular
rh,24305,Dysgranular,Agranular
rh,25362,Dysgranular,Agranular
rh,25363,Dysgranular,Agranular
rh,25367,Agranular,Allocortex
rh,25368,Agranular,Allocortex
rh,25369,Agranular,Allocortex
rh,25370,Agranular,Allocortex
rh,25375,Dysgranular,Agranular
rh,25512,Eulaminate II,Eulaminate I
rh,25943,Dysgranular,Agranular
rh,25944,Dysgranular,Agranular
rh,26176,Dysgranular,Agranular
rh,26177,Dysgranular,Agranular
rh,26178,Dysgranular,Agranular
rh,26179,Dysgranular,Agranular
rh,26180,Dysgranular,Agranular
rh,26193,Dysgranular,Agranular
rh,26194,Dysgranular,Agranular
rh,26195,Dysgranular,Agranular
rh,26247,Agranular,Allocortex
rh,26248,Agranular,Allocortex
rh,26289,Eulaminate I,Dysgranular
rh,28205,Agranular,Allocortex
rh,28206,Dysgranular,Agranular
rh,28211,Agranular,Allocortex
rh,28212,Agranular,Allocortex
rh,28213,Agranular,Allocortex
rh,28214,Agranular,Allocortex
rh,28215,Agranular,Allocortex
rh,28216,Agranular,Allocortex
rh,28217,Agranular,Allocortex
rh,28218,Agranular,Allocortex
rh,28219,Agranular,Allocortex
rh,28220,Agranular,Allocortex
rh,28221,Agranular,Allocortex
rh,28222,Agranular,Allocortex
rh,28223,Agranular,Allocortex
rh,28224,Agranular,Allocortex
rh,28225,Agranular,Allocortex
rh,28226,Agranular,Allocortex
rh,28227,Agranular,Allocortex
rh,28228,Agranular,Allocortex
rh,28229,Agranular,Allocortex
rh,28230,Agranular,Allocortex
rh,28231,Agranular,Allocortex
rh,28232,Agranular,Allocortex
rh,28233,Dysgranular,Agranular
rh,28234,Dysgranular,Agranular
rh,28235,Dysgranular,Agranular
rh,28242,Agranular,Allocortex
rh,28243,Agranular,Allocortex
rh,28244,Agranular,Allocortex
rh,28245,Agranular,Allocortex
rh,28246,Agranular,Allocortex
rh,28249,Dysgranular,Agranular
rh,28350,Dysgranular,Agranular
rh,28351,Dysgranular,Agranular
rh,28352,Dysgranular,Agranular
rh,28353,Dysgranular,Agranular
rh,28354,Dysgranular,Agranular
rh,28392,Dysgranular,Agranular
rh,28393,Dysgranular,Agranular
rh,28394,Dysgranular,Agranular
rh,28404,Agranular,Dysgranular
rh,28405,Eulaminate I,Dysgranular
rh,28423,Eulaminate I,Dysgranular
rh,28429,Agranular,Dysgranular
rh,29489,Dysgranular,Agranular
rh,29490,Dysgranular,Agranular
rh,29600,Eulaminate II,Eulaminate I
rh,29606,Eulaminate II,Eulaminate I
rh,29607,Eulaminate II,Eulaminate I
rh,29608,Eulaminate II,Eulaminate I
rh,29609,Eulaminate II,Eulaminate I
rh,29943,Dysgranular,Agranular
rh,29944,Dysgranular,Agranular
rh,29945,Dysgranular,Agranular
rh,29946,Dysgranular,Agranular
rh,31691,Dysgranular,Agranular
rh,31700,Agranular,Allocortex
rh,31701,Agranular,Allocortex
rh,31702,Agranular,Allocortex
rh,31703,Agranular,Allocortex
rh,31704,Agranular,Allocortex
rh,31705,Agranular,Allocortex
rh,31706,Agranular,Allocortex
rh,31707,Agranular,Allocortex
rh,31708,Agranular,Allocortex
rh,31709,Agranular,Allocortex
rh,31710,Agranular,Allocortex
rh,31711,Agranular,Allocortex
rh,31712,Agranular,Allocortex
rh,31713,Agranular,Allocortex
rh,31714,Agranular,Allocortex
rh,31715,Agranular,Allocortex
rh,31716,Agranular,Allocortex
rh,31717,Agranular,Allocortex
rh,31718,Agranular,Allocortex
rh,31730,Dysgranular,Agranular
rh,31731,Dysgranular,Agranular
rh,31732,Dysgranular,Agranular
rh,31733,Dysgranular,Agranular
rh,31735,Dysgranular,Agranular
rh,31846,Dysgranular,Agranular
rh,31860,Allocortex,Agranular
rh,31862,Allocortex,Agranular
rh,32642,Agranular,Allocortex
rh,32643,Agranular,Allocortex
rh,32644,Agranular,Allocortex
rh,34019,Dysgranular,Agranular
rh,34020,Dysgranular,Agranular
rh,34025,Dysgranular,Agranular
rh,34026,Dysgranular,Agranular
rh,34027,Dysgranular,Agranular
rh,34028,Dysgranular,Agranular
rh,34032,Agranular,Allocortex
rh,34033,Agranular,Allocortex
rh,34034,Agranular,Allocortex
rh,34035,Agranular,Allocortex
rh,34036,Agranular,Allocortex
rh,34037,Agranular,Allocortex
rh,34038,Agranular,Allocortex
rh,34039,Agranular,Allocortex
rh,34040,Agranular,Allocortex
rh,34050,Dysgranular,Agranular
rh,34051,Dysgranular,Agranular
rh,34054,Dysgranular,Agranular
rh,34057,Dysgranular,Agranular
rh,34058,Dysgranular,Agranular
rh,34059,Dysgranular,Agranular
rh,34060,Dysgranular,Agranular
rh,34061,Dysgranular,Agranular
rh,34338,Eulaminate II,Eulaminate I
rh,35221,Dysgranular,Agranular
rh,35684,Dysgranular,Agranular
rh,35685,Dysgranular,Agranular
rh,35686,Dysgranular,Agranular
rh,35687,Dysgranular,Agranular
rh,35694,Dysgranular,Agranular
rh,35695,Dysgranular,Agranular
rh,35725,Dysgranular,Agranular
rh,35726,Dysgranular,Agranular
rh,35727,Dysgranular,Agranular
rh,35728,Dysgranular,Agranular
rh,35736,Dysgranular,Agranular
rh,35737,Dysgranular,Agranular
rh,35738,Dysgranular,Agranular
rh,35739,Dysgranular,Agranular
rh,35840,Agranular,Allocortex
rh,35841,Agranular,Allocortex
rh,35842,Agranular,Allocortex
rh,35925,Eulaminate I,Dysgranular
rh,39771,Agranular,Allocortex
rh,39772,Agranular,Allocortex
rh,39773,Agranular,Allocortex
rh,39776,Dysgranular,Agranular
rh,39786,Agranular,Allocortex
rh,39787,Agranular,Allocortex
rh,39788,Agranular,Allocortex
rh,39792,Agranular,Allocortex
rh,39793,Agranular,Allocortex
rh,39794,Agranular,Allocortex
rh,39795,Agranular,Allocortex
rh,39796,Agranular,Allocortex
rh,39797,Agranular,Allocortex
rh,39798,Agranular,Allocortex
rh,39799,Agranular,Allocortex
rh,39800,Agranular,Allocortex
rh,39801,Agranular,Allocortex
rh,39802,Agranular,Allocortex
rh,39804,Agranular,Allocortex
rh,39805,Agranular,Allocortex
rh,39810,Agranular,Allocortex
rh,39811,Agranular,Allocortex
rh,39812,Agranular,Allocortex
rh,39813,Agranular,Allocortex
rh,39814,Agranular,Allocortex
rh,39815,Agranular,Allocortex
rh,39816,Agranular,Allocortex
rh,39819,Agranular,Allocortex
rh,39820,Agranular,Allocortex
rh,39821,Agranular,Allocortex
rh,39822,Agranular,Allocortex
rh,39823,Agranular,Allocortex
rh,39824,Agranular,Allocortex
rh,39825,Agranular,Allocortex
rh,39826,Agranular,Allocortex
rh,39827,Agranular,Allocortex
rh,39830,Dysgranular,Agranular
rh,39831,Dysgranular,Agranular
rh,39832,Dysgranular,Agranular
rh,39833,Dysgranular,Agranular
rh,39843,Agranular,Allocortex
rh,39844,Agranular,Allocortex
rh,39845,Agranular,Allocortex
rh,39846,Agranular,Allocortex
rh,39847,Agranular,Allocortex
rh,39848,Agranular,Allocortex
rh,39849,Agranular,Allocortex
rh,39850,Agranular,Allocortex
rh,39851,Agranular,Allocortex
rh,39852,Agranular,Allocortex
rh,39853,Agranular,Allocortex
rh,39854,Agranular,Allocortex
rh,39864,Dysgranular,Agranular
rh,39878,Agranular,Allocortex
rh,39879,Agranular,Allocortex
rh,39880,Agranular,Allocortex
rh,39881,Agranular,Allocortex
rh,39882,Agranular,Allocortex
rh,39883,Agranular,Allocortex
rh,39884,Agranular,Allocortex
rh,39887,Agranular,Allocortex
rh,39888,Agranular,Allocortex
rh,39889,Agranular,Allocortex
rh,39890,Agranular,Allocortex
rh,39898,Agranular,Allocortex
rh,39899,Agranular,Allocortex
rh,39900,Agranular,Allocortex
rh,39901,Agranular,Allocortex
rh,39902,Agranular,Allocortex
rh,39904,Agranular,Allocortex
rh,39905,Agranular,Allocortex
rh,39906,Agranular,Allocortex
rh,39907,Agranular,Allocortex
rh,39908,Agranular,Allocortex
rh,39909,Agranular,Allocortex
rh,40060,Dysgranular,Agranular
rh,40061,Dysgranular,Agranular
rh,40066,Dysgranular,Agranular
rh,40067,Dysgranular,Agranular
rh,40145,Dysgranular,Agranular
rh,40146,Dysgranular,Agranular
rh,40147,Dysgranular,Agranular
rh,40148,Dysgranular,Agranular
rh,40149,Dysgranular,Agranular
rh,40150,Dysgranular,Agranular
rh,40152,Agranular,Dysgranular
rh,40154,Eulaminate I,Dysgranular
rh,40155,Eulaminate I,Dysgranular
rh,40157,Eulaminate I,Dysgranular
rh,40167,Eulaminate I,Dysgranular
rh,40190,Agranular,Allocortex
rh,40203,Eulaminate I,Dysgranular
rh,40403,Eulaminate II,Eulaminate I
rh,41133,Agranular,Allocortex
rh,41134,Agranular,Allocortex
rh,41135,Agranular,Allocortex
rh,41136,Agranular,Allocortex
rh,41137,Agranular,Allocortex
rh,41145,Eulaminate I,Dysgranular
rh,41283,Agranular,Allocortex
rh,41284,Agranular,Allocortex
rh,41285,Agranular,Allocortex
rh,41286,Agranular,Allocortex
rh,41287,Agranular,Allocortex
rh,41650,Agranular,Allocortex
rh,41651,Agranular,Allocortex
rh,41652,Agranular,Allocortex
rh,41653,Agranular,Allocortex
rh,41654,Agranular,Allocortex
rh,42327,Eulaminate II,Eulaminate I
rh,42328,Eulaminate II,Eulaminate I
rh,42329,Eulaminate II,Eulaminate I
rh,42330,Eulaminate II,Eulaminate I
rh,42331,Eulaminate II,Eulaminate I
rh,42332,Eulaminate II,Eulaminate I
rh,42333,Eulaminate II,Eulaminate I
rh,42764,Eulaminate I,Dysgranular
rh,43833,Agranular,Allocortex
rh,43834,Agranular,Allocortex
rh,43835,Agranular,Allocortex
rh,43836,Agranular,Allocortex
rh,43837,Agranular,Allocortex
rh,43838,Agranular,Allocortex
rh,43839,Agranular,Allocortex
rh,43840,Agranular,Allocortex
rh,43841,Agranular,Allocortex
rh,43842,Agranular,Allocortex
rh,43843,Agranular,Allocortex
rh,43844,Agranular,Allocortex
rh,43853,Dysgranular,Agranular
rh,43854,Dysgranular,Agranular
rh,43855,Dysgranular,Agranular
rh,43933,Dysgranular,Agranular
rh,43934,Dysgranular,Agranular
rh,43935,Dysgranular,Agranular
rh,43936,Dysgranular,Agranular
rh,43937,Dysgranular,Agranular
rh,44650,Dysgranular,Agranular
rh,44651,Dysgranular,Agranular
rh,44652,Dysgranular,Agranular
rh,44653,Dysgranular,Agranular
rh,44654,Dysgranular,Agranular
rh,46225,Dysgranular,Agranular
rh,46226,Dysgranular,Agranular
rh,46227,Dysgranular,Agranular
rh,46230,Agranular,Allocortex
rh,46231,Agranular,Allocortex
rh,46232,Agranular,Allocortex
rh,46233,Agranular,Allocortex
rh,46234,Agranular,Allocortex
rh,46235,Agranular,Allocortex
rh,46236,Agranular,Allocortex
rh,46237,Agranular,Allocortex
rh,46238,Agranular,Allocortex
rh,46239,Agranular,Allocortex
rh,46240,Agranular,Allocortex
rh,46241,Agranular,Allocortex
rh,46242,Agranular,Allocortex
rh,46243,Agranular,Allocortex
rh,46244,Agranular,Allocortex
rh,46263,Dysgranular,Agranular
rh,46264,Dysgranular,Agranular
rh,46265,Dysgranular,Agranular
rh,46267,Dysgranular,Agranular
rh,46269,Dysgranular,Agranular
rh,48027,Dysgranular,Agranular
rh,48028,Dysgranular,Agranular
rh,48029,Dysgranular,Agranular
rh,48030,Dysgranular,Agranular
rh,48031,Dysgranular,Agranular
rh,48032,Dysgranular,Agranular
rh,48038,Agranular,Allocortex
rh,48039,Agranular,Allocortex
rh,48040,Agranular,Allocortex
rh,48041,Agranular,Allocortex
rh,48042,Agranular,Allocortex
rh,48043,Agranular,Allocortex
rh,48044,Agranular,Allocortex
rh,48048,Dysgranular,Agranular
rh,48050,Dysgranular,Agranular
rh,48051,Dysgranular,Agranular
rh,48052,Dysgranular,Agranular
rh,49000,Dysgranular,Agranular
rh,49378,Dysgranular,Agranular
rh,49383,Dysgranular,Agranular
rh,49384,Dysgranular,Agranular
rh,49385,Dysgranular,Agranular
rh,49386,Dysgranular,Agranular
rh,49387,Dysgranular,Agranular
rh,49413,Dysgranular,Agranular
rh,49414,Dysgranular,Agranular
rh,49415,Dysgranular,Agranular
rh,49419,Dysgranular,Agranular
rh,49503,Agranular,Allocortex
rh,49504,Agranular,Allocortex
rh,49505,Agranular,Allocortex
rh,49506,Agranular,Allocortex
rh,49507,Agranular,Allocortex
rh,49575,Eulaminate I,Dysgranular
rh,52755,Dysgranular,Agranular
rh,52756,Dysgranular,Agranular
rh,52765,Agranular,Allocortex
rh,52766,Agranular,Allocortex
rh,52767,Agranular,Allocortex
rh,52768,Agranular,Allocortex
rh,52769,Agranular,Allocortex
rh,52770,Dysgranular,Agranular
rh,52771,Dysgranular,Agranular
rh,52772,Dysgranular,Agranular
rh,52778,Agranular,Allocortex
rh,52779,Agranular,Allocortex
rh,52780,Agranular,Allocortex
rh,52781,Agranular,Allocortex
rh,52782,Agranular,Allocortex
rh,52783,Agranular,Allocortex
rh,52784,Agranular,Allocortex
rh,52785,Agranular,Allocortex
rh,52786,Agranular,Allocortex
rh,52787,Agranular,Allocortex
rh,52788,Agranular,Allocortex
rh,52789,Agranular,Allocortex
rh,52790,Agranular,Allocortex
rh,52791,Agranular,Allocortex
rh,52792,Agranular,Allocortex
rh,52793,Agranular,Allocortex
rh,52794,Agranular,Allocortex
rh,52795,Agranular,Allocortex
rh,52796,Agranular,Allocortex
rh,52797,Agranular,Allocortex
rh,52798,Agranular,Allocortex
rh,52799,Agranular,Allocortex
rh,52800,Agranular,Allocortex
rh,52801,Agranular,Allocortex
rh,52802,Agranular,Allocortex
rh,52803,Agranular,Allocortex
rh,52804,Agranular,Allocortex
rh,52805,Agranular,Allocortex
rh,52806,Agranular,Allocortex
rh,52807,Agranular,Allocortex
rh,52808,Agranular,Allocortex
rh,52809,Agranular,Allocortex
rh,52810,Agranular,Allocortex
rh,52811,Agranular,Allocortex
rh,52812,Agranular,Allocortex
rh,52813,Agranular,Allocortex
rh,52814,Agranular,Allocortex
rh,52816,Dysgranular,Agranular
rh,52817,Dysgranular,Agranular
rh,52826,Agranular,Allocortex
rh,52827,Agranular,Allocortex
rh,52828,Agranular,Allocortex
rh,52829,Agranular,Allocortex
rh,52830,Agranular,Allocortex
rh,52831,Agranular,Allocortex
rh,52832,Agranular,Allocortex
rh,52833,Agranular,Allocortex
rh,52834,Agranular,Allocortex
rh,52835,Agranular,Allocortex
rh,52836,Agranular,Allocortex
rh,52837,Agranular,Allocortex
rh,53008,Dysgranular,Agranular
rh,53009,Dysgranular,Agranular
rh,53010,Dysgranular,Agranular
rh,53011,Dysgranular,Agranular
rh,53012,Dysgranular,Agranular
rh,53013,Dysgranular,Agranular
rh,53014,Dysgranular,Agranular
rh,53015,Dysgranular,Agranular
rh,53016,Dysgranular,Agranular
rh,53017,Dysgranular,Agranular
rh,53078,Dysgranular,Agranular
rh,53079,Dysgranular,Agranular
rh,53080,Dysgranular,Agranular
rh,53088,Eulaminate I,Dysgranular
rh,53089,Eulaminate I,Dysgranular
rh,53090,Eulaminate I,Dysgranular
rh,53091,Eulaminate I,Dysgranular
rh,53092,Eulaminate I,Dysgranular
rh,53093,Dysgranular,Agranular
rh,53098,Eulaminate I,Dysgranular
rh,53099,Eulaminate I,Dysgranular
rh,53100,Eulaminate I,Dysgranular
rh,53103,Eulaminate I,Dysgranular
rh,53126,Eulaminate I,Dysgranular
rh,53127,Eulaminate I,Dysgranular
rh,53128,Eulaminate I,Dysgranular
rh,54287,Agranular,Allocortex
rh,54288,Agranular,Allocortex
rh,54289,Agranular,Allocortex
rh,54290,Agranular,Allocortex
rh,54315,Eulaminate I,Dysgranular
rh,54728,Agranular,Allocortex
rh,54730,Agranular,Allocortex
rh,55830,Agranular,Allocortex
rh,55831,Agranular,Allocortex
rh,55832,Agranular,Allocortex
rh,55833,Agranular,Allocortex
rh,55834,Agranular,Allocortex
rh,55835,Agranular,Allocortex
rh,55836,Agranular,Allocortex
rh,55837,Agranular,Allocortex
rh,55838,Agranular,Allocortex
rh,55839,Agranular,Allocortex
rh,55840,Agranular,Allocortex
rh,55841,Agranular,Allocortex
rh,55842,Agranular,Allocortex
rh,55843,Agranular,Allocortex
rh,55844,Agranular,Allocortex
rh,55857,Dysgranular,Agranular
rh,55858,Dysgranular,Agranular
rh,55859,Dysgranular,Agranular
rh,55860,Dysgranular,Agranular
rh,55861,Dysgranular,Agranular
rh,55862,Dysgranular,Agranular
rh,55866,Dysgranular,Agranular
rh,55868,Dysgranular,Agranular
rh,57638,Agranular,Allocortex
rh,57639,Agranular,Allocortex
rh,57640,Agranular,Allocortex
rh,57641,Agranular,Allocortex
rh,57642,Agranular,Allocortex
rh,57643,Agranular,Allocortex
rh,57644,Agranular,Allocortex
rh,57645,Dysgranular,Agranular
rh,57647,Dysgranular,Agranular
rh,57648,Dysgranular,Agranular
rh,57649,Dysgranular,Agranular
rh,57650,Dysgranular,Agranular
rh,57651,Dysgranular,Agranular
rh,57652,Dysgranular,Agranular
rh,57860,Eulaminate II,Eulaminate I
rh,57862,Eulaminate II,Eulaminate I
rh,57874,Eulaminate II,Eulaminate I
rh,57879,Eulaminate II,Eulaminate I
rh,58591,Dysgranular,Agranular
rh,58592,Dysgranular,Agranular
rh,58593,Dysgranular,Agranular
rh,58594,Dysgranular,Agranular
rh,58595,Dysgranular,Agranular
rh,58598,Dysgranular,Agranular
rh,58599,Dysgranular,Agranular
rh,58600,Dysgranular,Agranular
rh,58986,Dysgranular,Agranular
rh,58987,Dysgranular,Agranular
rh,58988,Dysgranular,Agranular
rh,58989,Dysgranular,Agranular
rh,58990,Dysgranular,Agranular
rh,58991,Dysgranular,Agranular
rh,58992,Dysgranular,Agranular
rh,58993,Dysgranular,Agranular
rh,58994,Dysgranular,Agranular
rh,59016,Dysgranular,Agranular
rh,59017,Dysgranular,Agranular
rh,59018,Dysgranular,Agranular
rh,59104,Agranular,Allocortex
rh,59105,Agranular,Allocortex
rh,59106,Agranular,Allocortex
rh,59107,Agranular,Allocortex
rh,59175,Eulaminate I,Dysgranular
rh,62369,Agranular,Allocortex
rh,62378,Agranular,Allocortex
rh,62379,Agranular,Allocortex
rh,62380,Agranular,Allocortex
rh,62381,Agranular,Allocortex
rh,62382,Agranular,Allocortex
rh,62383,Agranular,Allocortex
rh,62384,Agranular,Allocortex
rh,62385,Agranular,Allocortex
rh,62386,Agranular,Allocortex
rh,62387,Agranular,Allocortex
rh,62388,Agranular,Allocortex
rh,62389,Agranular,Allocortex
rh,62390,Agranular,Allocortex
rh,62391,Agranular,Allocortex
rh,62392,Agranular,Allocortex
rh,62393,Agranular,Allocortex
rh,62394,Agranular,Allocortex
rh,62395,Agranular,Allocortex
rh,62396,Agranular,Allocortex
rh,62397,Agranular,Allocortex
rh,62398,Agranular,Allocortex
rh,62399,Agranular,Allocortex
rh,62400,Agranular,Allocortex
rh,62401,Agranular,Allocortex
rh,62402,Agranular,Allocortex
rh,62403,Agranular,Allocortex
rh,62404,Agranular,Allocortex
rh,62405,Agranular,Allocortex
rh,62406,Agranular,Allocortex
rh,62407,Agranular,Allocortex
rh,62408,Agranular,Allocortex
rh,62409,Agranular,Allocortex
rh,62410,Agranular,Allocortex
rh,62411,Agranular,Allocortex
rh,62412,Agranular,Allocortex
rh,62413,Agranular,Allocortex
rh,62414,Agranular,Allocortex
rh,62415,Dysgranular,Agranular
rh,62416,Dysgranular,Agranular
rh,62417,Dysgranular,Agranular
rh,62430,Agranular,Allocortex
rh,62431,Agranular,Allocortex
rh,62432,Agranular,Allocortex
rh,62433,Agranular,Allocortex
rh,62434,Agranular,Allocortex
rh,62435,Agranular,Allocortex
rh,62436,Agranular,Allocortex
rh,62438,Dysgranular,Agranular
rh,62439,Dysgranular,Agranular
rh,62440,Dysgranular,Agranular
rh,62441,Dysgranular,Agranular
rh,62442,Dysgranular,Agranular
rh,62457,Allocortex,Agranular
rh,62611,Dysgranular,Agranular
rh,62612,Dysgranular,Agranular
rh,62613,Dysgranular,Agranular
rh,62614,Dysgranular,Agranular
rh,62615,Dysgranular,Agranular
rh,62616,Dysgranular,Agranular
rh,62617,Dysgranular,Agranular
rh,62671,Agranular,Allocortex
rh,62679,Dysgranular,Agranular
rh,62680,Dysgranular,Agranular
rh,62681,Dysgranular,Agranular
rh,62682,Dysgranular,Agranular
rh,62683,Dysgranular,Agranular
rh,62684,Dysgranular,Agranular
rh,62701,Agranular,Dysgranular
rh,62741,Agranular,Dysgranular
rh,62742,Agranular,Dysgranular
rh,62749,Agranular,Dysgranular
rh,62750,Agranular,Dysgranular
rh,64833,Dysgranular,Agranular
rh,64835,Dysgranular,Agranular
rh,64836,Dysgranular,Agranular
rh,64837,Dysgranular,Agranular
rh,64838,Dysgranular,Agranular
rh,64839,Dysgranular,Agranular
rh,64943,Agranular,Allocortex
rh,65086,Eulaminate II,Eulaminate I
rh,65087,Eulaminate II,Eulaminate I
rh,65088,Eulaminate II,Eulaminate I
rh,65090,Eulaminate II,Eulaminate I
rh,65091,Eulaminate II,Eulaminate I
rh,65092,Eulaminate II,Eulaminate I
rh,65093,Eulaminate II,Eulaminate I
rh,65810,Dysgranular,Agranular
rh,65811,Dysgranular,Agranular
rh,65812,Dysgranular,Agranular
rh,65813,Dysgranular,Agranular
rh,65814,Dysgranular,Agranular
rh,69558,Dysgranular,Agranular
rh,69560,Dysgranular,Agranular
rh,69561,Dysgranular,Agranular
rh,69570,Agranular,Allocortex
rh,69571,Agranular,Allocortex
rh,69572,Agranular,Allocortex
rh,69573,Agranular,Allocortex
rh,69574,Agranular,Allocortex
rh,69575,Agranular,Allocortex
rh,69576,Agranular,Allocortex
rh,69577,Agranular,Allocortex
rh,69578,Agranular,Allocortex
rh,69579,Agranular,Allocortex
rh,69580,Agranular,Allocortex
rh,69581,Agranular,Allocortex
rh,69582,Agranular,Allocortex
rh,69583,Agranular,Allocortex
rh,69584,Agranular,Allocortex
rh,69585,Agranular,Allocortex
rh,69586,Agranular,Allocortex
rh,69587,Agranular,Allocortex
rh,69588,Agranular,Allocortex
rh,69589,Agranular,Allocortex
rh,69590,Agranular,Allocortex
rh,69591,Agranular,Allocortex
rh,69592,Agranular,Allocortex
rh,69593,Agranular,Allocortex
rh,69594,Agranular,Allocortex
rh,69595,Agranular,Allocortex
rh,69596,Agranular,Allocortex
rh,69597,Agranular,Allocortex
rh,69598,Agranular,Allocortex
rh,69599,Agranular,Allocortex
rh,69600,Agranular,Allocortex
rh,69601,Agranular,Allocortex
rh,69602,Agranular,Allocortex
rh,69603,Agranular,Allocortex
rh,69604,Agranular,Allocortex
rh,69605,Agranular,Allocortex
rh,69606,Agranular,Allocortex
rh,69607,Agranular,Allocortex
rh,69608,Agranular,Allocortex
rh,69609,Agranular,Allocortex
rh,69610,Agranular,Allocortex
rh,69611,Agranular,Allocortex
rh,69612,Agranular,Allocortex
rh,69613,Agranular,Allocortex
rh,69614,Agranular,Allocortex
rh,69638,Dysgranular,Agranular
rh,69639,Dysgranular,Agranular
rh,69640,Dysgranular,Agranular
rh,69641,Dysgranular,Agranular
rh,69642,Dysgranular,Agranular
rh,69643,Dysgranular,Agranular
rh,69645,Dysgranular,Agranular
rh,69646,Dysgranular,Agranular
rh,69647,Dysgranular,Agranular
rh,69648,Dysgranular,Agranular
rh,69690,Dysgranular,Agranular
rh,69887,Allocortex,Agranular
rh,69889,Allocortex,Agranular
rh,69911,Allocortex,Agranular
rh,69913,Allocortex,Agranular
rh,69914,Allocortex,Agranular
rh,69915,Allocortex,Agranular
rh,69922,Allocortex,Agranular
rh,71701,Agranular,Allocortex
rh,71702,Agranular,Allocortex
rh,71703,Agranular,Allocortex
rh,71704,Agranular,Allocortex
rh,71705,Agranular,Allocortex
rh,71706,Agranular,Allocortex
rh,71707,Agranular,Allocortex
rh,74962,Dysgranular,Agranular
rh,74963,Dysgranular,Agranular
rh,74964,Dysgranular,Agranular
rh,74965,Dysgranular,Agranular
rh,74966,Dysgranular,Agranular
rh,74977,Dysgranular,Agranular
rh,74979,Dysgranular,Agranular
rh,74982,Dysgranular,Agranular
rh,74983,Dysgranular,Agranular
rh,74984,Dysgranular,Agranular
rh,74985,Dysgranular,Agranular
rh,74986,Dysgranular,Agranular
rh,74993,Agranular,Allocortex
rh,74994,Agranular,Allocortex
rh,74995,Agranular,Allocortex
rh,74996,Agranular,Allocortex
rh,74997,Agranular,Allocortex
rh,74998,Agranular,Allocortex
rh,74999,Agranular,Allocortex
rh,75000,Agranular,Allocortex
rh,75001,Agranular,Allocortex
rh,75002,Agranular,Allocortex
rh,75003,Agranular,Allocortex
rh,75004,Agranular,Allocortex
rh,75005,Agranular,Allocortex
rh,75006,Agranular,Allocortex
rh,75007,Agranular,Allocortex
rh,75008,Agranular,Allocortex
rh,75009,Agranular,Allocortex
rh,75010,Agranular,Allocortex
rh,75011,Agranular,Allocortex
rh,75012,Agranular,Allocortex
rh,75013,Agranular,Allocortex
rh,75014,Agranular,Allocortex
rh,75033,Dysgranular,Agranular
rh,75034,Dysgranular,Agranular
rh,75035,Dysgranular,Agranular
rh,75036,Dysgranular,Agranular
rh,75037,Dysgranular,Agranular
rh,75054,Dysgranular,Agranular
rh,75055,Dysgranular,Agranular
rh,75056,Dysgranular,Agranular
rh,75057,Dysgranular,Agranular
rh,75058,Dysgranular,Agranular
rh,75059,Dysgranular,Agranular
rh,75060,Dysgranular,Agranular
rh,75061,Dysgranular,Agranular
rh,75062,Dysgranular,Agranular
rh,75714,Eulaminate II,Eulaminate I
rh,75715,Eulaminate II,Eulaminate I
rh,75716,Eulaminate II,Eulaminate I
rh,77876,Dysgranular,Agranular
rh,77877,Dysgranular,Agranular
rh,77878,Dysgranular,Agranular
rh,77882,Dysgranular,Agranular
rh,77940,Dysgranular,Agranular
rh,77941,Dysgranular,Agranular
rh,79013,Dysgranular,Agranular
rh,79014,Dysgranular,Agranular
rh,79015,Dysgranular,Agranular
rh,79016,Dysgranular,Agranular
rh,79017,Dysgranular,Agranular
rh,79018,Dysgranular,Agranular
rh,79019,Dysgranular,Agranular
rh,79031,Dysgranular,Agranular
rh,79035,Dysgranular,Agranular
rh,79036,Dysgranular,Agranular
rh,79037,Dysgranular,Agranular
rh,79038,Dysgranular,Agranular
rh,79039,Dysgranular,Agranular
rh,79040,Dysgranular,Agranular
rh,79113,Dysgranular,Agranular
rh,79114,Dysgranular,Agranular
rh,79115,Dysgranular,Agranular
rh,79116,Dysgranular,Agranular
rh,79117,Dysgranular,Agranular
rh,79118,Dysgranular,Agranular
rh,79119,Dysgranular,Agranular
rh,79120,Dysgranular,Agranular
rh,79121,Dysgranular,Agranular
rh,79122,Dysgranular,Agranular
rh,79123,Dysgranular,Agranular
rh,79140,Dysgranular,Agranular
rh,79141,Dysgranular,Agranular
rh,79142,Dysgranular,Agranular
rh,79143,Dysgranular,Agranular
rh,79144,Dysgranular,Agranular
rh,79145,Dysgranular,Agranular
rh,79146,Dysgranular,Agranular
rh,79147,Dysgranular,Agranular
rh,79148,Dysgranular,Agranular
rh,79149,Dysgranular,Agranular
rh,79391,Agranular,Allocortex
rh,79397,Agranular,Allocortex
rh,79398,Agranular,Allocortex
rh,79399,Agranular,Allocortex
rh,79400,Agranular,Allocortex
rh,79401,Agranular,Allocortex
rh,79402,Agranular,Allocortex
rh,79605,Eulaminate I,Dysgranular
rh,89184,Agranular,Allocortex
rh,89185,Agranular,Allocortex
rh,89186,Agranular,Allocortex
rh,89187,Agranular,Allocortex
rh,89188,Agranular,Allocortex
rh,89189,Agranular,Allocortex
rh,89193,Dysgranular,Agranular
rh,89195,Dysgranular,Agranular
rh,89196,Dysgranular,Agranular
rh,89197,Dysgranular,Agranular
rh,89216,Agranular,Allocortex
rh,89217,Agranular,Allocortex
rh,89218,Agranular,Allocortex
rh,89221,Agranular,Allocortex
rh,89222,Agranular,Allocortex
rh,89223,Agranular,Allocortex
rh,89224,Agranular,Allocortex
rh,89225,Agranular,Allocortex
rh,89226,Agranular,Allocortex
rh,89227,Agranular,Allocortex
rh,89228,Agranular,Allocortex
rh,89229,Agranular,Allocortex
rh,89230,Agranular,Allocortex
rh,89231,Agranular,Allocortex
rh,89232,Agranular,Allocortex
rh,89233,Agranular,Allocortex
rh,89237,Agranular,Allocortex
rh,89238,Agranular,Allocortex
rh,89239,Agranular,Allocortex
rh,89240,Agranular,Allocortex
rh,89241,Agranular,Allocortex
rh,89242,Agranular,Allocortex
rh,89243,Agranular,Allocortex
rh,89244,Agranular,Allocortex
rh,89245,Agranular,Allocortex
rh,89246,Agranular,Allocortex
rh,89247,Agranular,Allocortex
rh,89248,Agranular,Allocortex
rh,89249,Agranular,Allocortex
rh,89250,Agranular,Allocortex
rh,89251,Agranular,Allocortex
rh,89252,Agranular,Allocortex
rh,89253,Agranular,Allocortex
rh,89254,Agranular,Allocortex
rh,89255,Agranular,Allocortex
rh,89256,Agranular,Allocortex
rh,89257,Agranular,Allocortex
rh,89258,Agranular,Allocortex
rh,89259,Agranular,Allocortex
rh,89260,Agranular,Allocortex
rh,89261,Agranular,Allocortex
rh,89262,Agranular,Allocortex
rh,89263,Agranular,Allocortex
rh,89264,Agranular,Allocortex
rh,89265,Agranular,Allocortex
rh,89266,Agranular,Allocortex
rh,89267,Agranular,Allocortex
rh,89268,Agranular,Allocortex
rh,89269,Agranular,Allocortex
rh,89270,Agranular,Allocortex
rh,89280,Agranular,Allocortex
rh,89281,Agranular,Allocortex
rh,89282,Agranular,Allocortex
rh,89283,Agranular,Allocortex
rh,89284,Agranular,Allocortex
rh,89285,Agranular,Allocortex
rh,89286,Agranular,Allocortex
rh,89287,Agranular,Allocortex
rh,89288,Agranular,Allocortex
rh,89289,Agranular,Allocortex
rh,89290,Agranular,Allocortex
rh,89291,Agranular,Allocortex
rh,89292,Agranular,Allocortex
rh,89293,Agranular,Allocortex
rh,89294,Agranular,Allocortex
rh,89295,Agranular,Allocortex
rh,89296,Agranular,Allocortex
rh,89297,Agranular,Allocortex
rh,89298,Agranular,Allocortex
rh,89299,Agranular,Allocortex
rh,89300,Agranular,Allocortex
rh,89301,Agranular,Allocortex
rh,89302,Agranular,Allocortex
rh,89305,Agranular,Allocortex
rh,89306,Agranular,Allocortex
rh,89307,Agranular,Allocortex
rh,89308,Agranular,Allocortex
rh,89309,Agranular,Allocortex
rh,89310,Agranular,Allocortex
rh,89311,Agranular,Allocortex
rh,89312,Agranular,Allocortex
rh,89313,Agranular,Allocortex
rh,89314,Agranular,Allocortex
rh,89315,Agranular,Allocortex
rh,89316,Agranular,Allocortex
rh,89317,Agranular,Allocortex
rh,89318,Agranular,Allocortex
rh,89319,Agranular,Allocortex
rh,89320,Agranular,Allocortex
rh,89321,Agranular,Allocortex
rh,89322,Agranular,Allocortex
rh,89323,Agranular,Allocortex
rh,89324,Agranular,Allocortex
rh,89328,Dysgranular,Agranular
rh,89330,Dysgranular,Agranular
rh,89331,Dysgranular,Agranular
rh,89332,Dysgranular,Agranular
rh,89333,Dysgranular,Agranular
rh,89334,Dysgranular,Agranular
rh,89335,Dysgranular,Agranular
rh,89339,Dysgranular,Agranular
rh,89350,Allocortex,Agranular
rh,89359,Agranular,Allocortex
rh,89360,Agranular,Allocortex
rh,89361,Agranular,Allocortex
rh,89362,Agranular,Allocortex
rh,89363,Agranular,Allocortex
rh,89364,Agranular,Allocortex
rh,89365,Agranular,Allocortex
rh,89366,Agranular,Allocortex
rh,89367,Agranular,Allocortex
rh,89368,Agranular,Allocortex
rh,89369,Agranular,Allocortex
rh,89370,Agranular,Allocortex
rh,89371,Agranular,Allocortex
rh,89372,Agranular,Allocortex
rh,89373,Agranular,Allocortex
rh,89374,Agranular,Allocortex
rh,89375,Agranular,Allocortex
rh,89376,Agranular,Allocortex
rh,89377,Agranular,Allocortex
rh,89378,Agranular,Allocortex
rh,89379,Agranular,Allocortex
rh,89380,Agranular,Allocortex
rh,89381,Agranular,Allocortex
rh,89382,Agranular,Allocortex
rh,89383,Agranular,Allocortex
rh,89384,Agranular,Allocortex
rh,89385,Agranular,Allocortex
rh,89386,Agranular,Allocortex
rh,89387,Agranular,Allocortex
rh,89388,Agranular,Allocortex
rh,89389,Agranular,Allocortex
rh,89390,Agranular,Allocortex
rh,89391,Agranular,Allocortex
rh,89392,Agranular,Allocortex
rh,89416,Dysgranular,Agranular
rh,89417,Dysgranular,Agranular
rh,89418,Dysgranular,Agranular
rh,89454,Agranular,Allocortex
rh,89455,Agranular,Allocortex
rh,89456,Agranular,Allocortex
rh,89457,Agranular,Allocortex
rh,89458,Agranular,Allocortex
rh,89459,Agranular,Allocortex
rh,89460,Agranular,Allocortex
rh,89461,Agranular,Allocortex
rh,89462,Agranular,Allocortex
rh,89464,Agranular,Allocortex
rh,89465,Agranular,Allocortex
rh,89466,Agranular,Allocortex
rh,89467,Agranular,Allocortex
rh,89476,Agranular,Allocortex
rh,89477,Agranular,Allocortex
rh,89478,Agranular,Allocortex
rh,89479,Agranular,Allocortex
rh,89480,Agranular,Allocortex
rh,89481,Agranular,Allocortex
rh,89482,Agranular,Allocortex
rh,89502,Agranular,Allocortex
rh,89504,Agranular,Allocortex
rh,89505,Agranular,Allocortex
rh,89506,Agranular,Allocortex
rh,89507,Agranular,Allocortex
rh,89509,Agranular,Allocortex
rh,89510,Agranular,Allocortex
rh,89511,Agranular,Allocortex
rh,89512,Agranular,Allocortex
rh,89518,Agranular,Allocortex
rh,89519,Agranular,Allocortex
rh,89520,Agranular,Allocortex
rh,89521,Agranular,Allocortex
rh,89522,Agranular,Allocortex
rh,89523,Agranular,Allocortex
rh,89524,Agranular,Allocortex
rh,89525,Agranular,Allocortex
rh,89526,Agranular,Allocortex
rh,89527,Agranular,Allocortex
rh,89528,Agranular,Allocortex
rh,89529,Agranular,Allocortex
rh,89748,Agranular,Allocortex
rh,89750,Agranular,Allocortex
rh,89752,Agranular,Allocortex
rh,89774,Agranular,Allocortex
rh,89883,Dysgranular,Agranular
rh,89905,Dysgranular,Agranular
rh,89906,Dysgranular,Agranular
rh,89907,Dysgranular,Agranular
rh,89908,Dysgranular,Agranular
rh,89913,Dysgranular,Agranular
rh,89918,Dysgranular,Agranular
rh,89919,Dysgranular,Agranular
rh,89920,Dysgranular,Agranular
rh,89921,Dysgranular,Agranular
rh,89922,Dysgranular,Agranular
rh,89923,Dysgranular,Agranular
rh,89928,Dysgranular,Agranular
rh,90116,Dysgranular,Agranular
rh,90117,Dysgranular,Agranular
rh,90118,Dysgranular,Agranular
rh,90119,Dysgranular,Agranular
rh,90120,Dysgranular,Agranular
rh,90121,Dysgranular,Agranular
rh,90122,Dysgranular,Agranular
rh,90123,Dysgranular,Agranular
rh,90124,Dysgranular,Agranular
rh,90125,Dysgranular,Agranular
rh,90126,Dysgranular,Agranular
rh,90127,Dysgranular,Agranular
rh,90128,Dysgranular,Agranular
rh,90129,Dysgranular,Agranular
rh,90130,Dysgranular,Agranular
rh,90134,Agranular,Dysgranular
rh,90135,Agranular,Dysgranular
rh,90137,Agranular,Dysgranular
rh,90141,Eulaminate I,Dysgranular
rh,90142,Eulaminate I,Dysgranular
rh,90146,Eulaminate I,Dysgranular
rh,90148,Eulaminate I,Dysgranular
rh,90149,Eulaminate I,Dysgranular
rh,90150,Eulaminate I,Dysgranular
rh,90158,Dysgranular,Agranular
rh,90159,Dysgranular,Agranular
rh,90160,Dysgranular,Agranular
rh,90171,Eulaminate I,Dysgranular
rh,90172,Eulaminate I,Dysgranular
rh,90173,Eulaminate I,Dysgranular
rh,90174,Eulaminate I,Dysgranular
rh,90175,Eulaminate I,Dysgranular
rh,90188,Eulaminate I,Dysgranular
rh,90230,Agranular,Allocortex
rh,90231,Agranular,Allocortex
rh,90232,Agranular,Allocortex
rh,90259,Eulaminate I,Dysgranular
rh,90261,Eulaminate I,Dysgranular
rh,90262,Eulaminate I,Dysgranular
rh,90263,Eulaminate I,Dysgranular
rh,90763,Eulaminate II,Eulaminate I
rh,90764,Eulaminate II,Eulaminate I
rh,92471,Agranular,Allocortex
rh,92473,Agranular,Allocortex
rh,92474,Agranular,Allocortex
rh,92475,Agranular,Allocortex
rh,92476,Agranular,Allocortex
rh,92477,Agranular,Allocortex
rh,92478,Agranular,Allocortex
rh,92479,Agranular,Allocortex
rh,92493,Eulaminate I,Dysgranular
rh,92741,Agranular,Allocortex
rh,92742,Agranular,Allocortex
rh,92743,Agranular,Allocortex
rh,92744,Agranular,Allocortex
rh,92745,Agranular,Allocortex
rh,92747,Agranular,Allocortex
rh,92748,Agranular,Allocortex
rh,92749,Agranular,Allocortex
rh,93402,Agranular,Allocortex
rh,93403,Agranular,Allocortex
rh,93404,Agranular,Allocortex
rh,93405,Agranular,Allocortex
rh,93406,Agranular,Allocortex
rh,93407,Agranular,Allocortex
rh,93408,Agranular,Allocortex
rh,93409,Agranular,Allocortex
rh,93410,Agranular,Allocortex
rh,94487,Agranular,Allocortex
rh,94488,Agranular,Allocortex
rh,94489,Agranular,Allocortex
rh,94490,Agranular,Allocortex
rh,94492,Dysgranular,Agranular
rh,94622,Eulaminate II,Eulaminate I
rh,94623,Eulaminate II,Eulaminate I
rh,94630,Eulaminate II,Eulaminate I
rh,94631,Eulaminate II,Eulaminate I
rh,94632,Eulaminate II,Eulaminate I
rh,95062,Dysgranular,Agranular
rh,95063,Dysgranular,Agranular
rh,95297,Dysgranular,Agranular
rh,95299,Dysgranular,Agranular
rh,95300,Dysgranular,Agranular
rh,95408,Eulaminate I,Dysgranular
rh,95409,Eulaminate I,Dysgranular
rh,97331,Agranular,Allocortex
rh,97332,Agranular,Allocortex
rh,97333,Agranular,Allocortex
rh,97334,Agranular,Allocortex
rh,97335,Agranular,Allocortex
rh,97336,Agranular,Allocortex
rh,97337,Agranular,Allocortex
rh,97338,Agranular,Allocortex
rh,97339,Agranular,Allocortex
rh,97340,Agranular,Allocortex
rh,97341,Agranular,Allocortex
rh,97342,Agranular,Allocortex
rh,97343,Agranular,Allocortex
rh,97344,Agranular,Allocortex
rh,97345,Agranular,Allocortex
rh,97346,Agranular,Allocortex
rh,97347,Agranular,Allocortex
rh,97348,Agranular,Allocortex
rh,97349,Agranular,Allocortex
rh,97350,Agranular,Allocortex
rh,97351,Agranular,Allocortex
rh,97352,Agranular,Allocortex
rh,97353,Dysgranular,Agranular
rh,97362,Agranular,Allocortex
rh,97363,Agranular,Allocortex
rh,97364,Agranular,Allocortex
rh,97367,Dysgranular,Agranular
rh,97368,Dysgranular,Agranular
rh,97369,Dysgranular,Agranular
rh,97370,Dysgranular,Agranular
rh,97371,Dysgranular,Agranular
rh,97511,Dysgranular,Agranular
rh,97512,Dysgranular,Agranular
rh,97513,Dysgranular,Agranular
rh,97514,Dysgranular,Agranular
rh,97515,Dysgranular,Agranular
rh,97516,Dysgranular,Agranular
rh,97517,Dysgranular,Agranular
rh,97518,Dysgranular,Agranular
rh,97552,Agranular,Dysgranular
rh,98805,Dysgranular,Agranular
rh,98806,Dysgranular,Agranular
rh,98807,Dysgranular,Agranular
rh,98808,Dysgranular,Agranular
rh,101640,Dysgranular,Agranular
rh,101641,Dysgranular,Agranular
rh,101646,Agranular,Allocortex
rh,101647,Agranular,Allocortex
rh,101648,Agranular,Allocortex
rh,101649,Agranular,Allocortex
rh,101650,Agranular,Allocortex
rh,101651,Agranular,Allocortex
rh,101652,Agranular,Allocortex
rh,101653,Agranular,Allocortex
rh,101654,Agranular,Allocortex
rh,101655,Agranular,Allocortex
rh,101656,Agranular,Allocortex
rh,101657,Agranular,Allocortex
rh,101658,Agranular,Allocortex
rh,101659,Agranular,Allocortex
rh,101660,Agranular,Allocortex
rh,101661,Agranular,Allocortex
rh,101662,Agranular,Allocortex
rh,101663,Agranular,Allocortex
rh,101664,Agranular,Allocortex
rh,101665,Agranular,Allocortex
rh,101666,Agranular,Allocortex
rh,101667,Agranular,Allocortex
rh,101668,Agranular,Allocortex
rh,101669,Agranular,Allocortex
rh,101670,Agranular,Allocortex
rh,101671,Agranular,Allocortex
rh,101672,Agranular,Allocortex
rh,101688,Dysgranular,Agranular
rh,101690,Dysgranular,Agranular
rh,101691,Dysgranular,Agranular
rh,101692,Dysgranular,Agranular
rh,101693,Dysgranular,Agranular
rh,101694,Dysgranular,Agranular
rh,101705,Dysgranular,Agranular
rh,101706,Dysgranular,Agranular
rh,101707,Dysgranular,Agranular
rh,101853,Allocortex,Agranular
rh,102928,Agranular,Allocortex
rh,104881,Dysgranular,Agranular
rh,104882,Dysgranular,Agranular
rh,104883,Dysgranular,Agranular
rh,104884,Dysgranular,Agranular
rh,104885,Dysgranular,Agranular
rh,104889,Dysgranular,Agranular
rh,104890,Dysgranular,Agranular
rh,104900,Agranular,Allocortex
rh,104901,Agranular,Allocortex
rh,104902,Agranular,Allocortex
rh,104903,Agranular,Allocortex
rh,104904,Agranular,Allocortex
rh,104905,Agranular,Allocortex
rh,104906,Agranular,Allocortex
rh,104907,Agranular,Allocortex
rh,104908,Agranular,Allocortex
rh,104909,Agranular,Allocortex
rh,104910,Agranular,Allocortex
rh,104911,Agranular,Allocortex
rh,104912,Agranular,Allocortex
rh,104925,Dysgranular,Agranular
rh,104926,Dysgranular,Agranular
rh,104941,Dysgranular,Agranular
rh,105333,Eulaminate II,Eulaminate I
rh,105334,Eulaminate II,Eulaminate I
rh,106631,Dysgranular,Agranular
rh,106632,Dysgranular,Agranular
rh,107312,Dysgranular,Agranular
rh,107313,Dysgranular,Agranular
rh,107314,Dysgranular,Agranular
rh,107315,Dysgranular,Agranular
rh,107323,Dysgranular,Agranular
rh,107324,Dysgranular,Agranular
rh,107325,Dysgranular,Agranular
rh,107326,Dysgranular,Agranular
rh,107327,Dysgranular,Agranular
rh,107328,Dysgranular,Agranular
rh,107374,Dysgranular,Agranular
rh,107375,Dysgranular,Agranular
rh,107376,Dysgranular,Agranular
rh,107377,Dysgranular,Agranular
rh,107378,Dysgranular,Agranular
rh,107389,Dysgranular,Agranular
rh,107537,Agranular,Allocortex
rh,107539,Agranular,Allocortex
rh,107540,Agranular,Allocortex
rh,107541,Agranular,Allocortex
rh,107542,Agranular,Allocortex
rh,107543,Agranular,Allocortex
rh,107544,Agranular,Allocortex
rh,107545,Agranular,Allocortex
rh,107667,Eulaminate I,Dysgranular
rh,113393,Dysgranular,Agranular
rh,113394,Dysgranular,Agranular
rh,113413,Agranular,Allocortex
rh,113414,Agranular,Allocortex
rh,113415,Agranular,Allocortex
rh,113416,Agranular,Allocortex
rh,113417,Agranular,Allocortex
rh,113421,Dysgranular,Agranular
rh,113422,Dysgranular,Agranular
rh,113432,Agranular,Allocortex
rh,113433,Agranular,Allocortex
rh,113434,Agranular,Allocortex
rh,113435,Agranular,Allocortex
rh,113436,Agranular,Allocortex
rh,113437,Agranular,Allocortex
rh,113438,Agranular,Allocortex
rh,113439,Agranular,Allocortex
rh,113440,Agranular,Allocortex
rh,113441,Agranular,Allocortex
rh,113442,Agranular,Allocortex
rh,113443,Agranular,Allocortex
rh,113444,Agranular,Allocortex
rh,113445,Agranular,Allocortex
rh,113446,Agranular,Allocortex
rh,113447,Agranular,Allocortex
rh,113448,Agranular,Allocortex
rh,113449,Agranular,Allocortex
rh,113450,Agranular,Allocortex
rh,113451,Agranular,Allocortex
rh,113452,Agranular,Allocortex
rh,113453,Agranular,Allocortex
rh,113454,Agranular,Allocortex
rh,113455,Agranular,Allocortex
rh,113456,Agranular,Allocortex
rh,113457,Agranular,Allocortex
rh,113458,Agranular,Allocortex
rh,113459,Agranular,Allocortex
rh,113460,Agranular,Allocortex
rh,113461,Agranular,Allocortex
rh,113462,Agranular,Allocortex
rh,113463,Agranular,Allocortex
rh,113464,Agranular,Allocortex
rh,113465,Agranular,Allocortex
rh,113466,Agranular,Allocortex
rh,113467,Agranular,Allocortex
rh,113469,Agranular,Allocortex
rh,113470,Agranular,Allocortex
rh,113471,Agranular,Allocortex
rh,113472,Agranular,Allocortex
rh,113473,Agranular,Allocortex
rh,113474,Agranular,Allocortex
rh,113475,Agranular,Allocortex
rh,113476,Agranular,Allocortex
rh,113477,Agranular,Allocortex
rh,113478,Agranular,Allocortex
rh,113479,Agranular,Allocortex
rh,113480,Agranular,Allocortex
rh,113481,Agranular,Allocortex
rh,113482,Agranular,Allocortex
rh,113483,Agranular,Allocortex
rh,113484,Agranular,Allocortex
rh,113485,Agranular,Allocortex
rh,113486,Agranular,Allocortex
rh,113487,Agranular,Allocortex
rh,113488,Agranular,Allocortex
rh,113489,Agranular,Allocortex
rh,113490,Agranular,Allocortex
rh,113491,Agranular,Allocortex
rh,113492,Agranular,Allocortex
rh,113493,Agranular,Allocortex
rh,113494,Agranular,Allocortex
rh,113495,Agranular,Allocortex
rh,113496,Agranular,Allocortex
rh,113497,Agranular,Allocortex
rh,113498,Agranular,Allocortex
rh,113502,Dysgranular,Agranular
rh,113503,Dysgranular,Agranular
rh,113514,Allocortex,Agranular
rh,113521,Agranular,Allocortex
rh,113522,Agranular,Allocortex
rh,113523,Agranular,Allocortex
rh,113524,Agranular,Allocortex
rh,113525,Agranular,Allocortex
rh,113526,Agranular,Allocortex
rh,113527,Agranular,Allocortex
rh,113528,Agranular,Allocortex
rh,113529,Agranular,Allocortex
rh,113530,Agranular,Allocortex
rh,113531,Agranular,Allocortex
rh,113532,Agranular,Allocortex
rh,113533,Agranular,Allocortex
rh,113534,Agranular,Allocortex
rh,113535,Agranular,Allocortex
rh,113536,Agranular,Allocortex
rh,113537,Agranular,Allocortex
rh,113538,Agranular,Allocortex
rh,113539,Agranular,Allocortex
rh,113566,Allocortex,Agranular
rh,113567,Allocortex,Agranular
rh,113577,Agranular,Allocortex
rh,113579,Agranular,Allocortex
rh,113580,Agranular,Allocortex
rh,113581,Agranular,Allocortex
rh,113582,Agranular,Allocortex
rh,113583,Agranular,Allocortex
rh,113617,Agranular,Allocortex
rh,113833,Dysgranular,Agranular
rh,113834,Dysgranular,Agranular
rh,113835,Dysgranular,Agranular
rh,113836,Dysgranular,Agranular
rh,113847,Dysgranular,Agranular
rh,113848,Dysgranular,Agranular
rh,113849,Dysgranular,Agranular
rh,113850,Dysgranular,Agranular
rh,113851,Dysgranular,Agranular
rh,113852,Dysgranular,Agranular
rh,113853,Dysgranular,Agranular
rh,113854,Dysgranular,Agranular
rh,113855,Dysgranular,Agranular
rh,113856,Dysgranular,Agranular
rh,113857,Dysgranular,Agranular
rh,113858,Dysgranular,Agranular
rh,113859,Dysgranular,Agranular
rh,113860,Dysgranular,Agranular
rh,113861,Dysgranular,Agranular
rh,113862,Dysgranular,Agranular
rh,113863,Dysgranular,Agranular
rh,113973,Dysgranular,Agranular
rh,113974,Dysgranular,Agranular
rh,113975,Dysgranular,Agranular
rh,113976,Dysgranular,Agranular
rh,113977,Dysgranular,Agranular
rh,113978,Dysgranular,Agranular
rh,113993,Eulaminate I,Dysgranular
rh,113994,Eulaminate I,Dysgranular
rh,113996,Eulaminate I,Dysgranular
rh,113999,Dysgranular,Agranular
rh,114000,Dysgranular,Agranular
rh,114001,Dysgranular,Agranular
rh,114006,Agranular,Dysgranular
rh,114008,Eulaminate I,Dysgranular
rh,114009,Eulaminate I,Dysgranular
rh,114010,Eulaminate I,Dysgranular
rh,114017,Eulaminate I,Dysgranular
rh,114040,Allocortex,Agranular
rh,114061,Eulaminate I,Dysgranular
rh,114062,Eulaminate I,Dysgranular
rh,115892,Dysgranular,Agranular
rh,115938,Agranular,Allocortex
rh,115939,Agranular,Allocortex
rh,115940,Agranular,Allocortex
rh,115941,Agranular,Allocortex
rh,118097,Dysgranular,Agranular
rh,118098,Agranular,Allocortex
rh,118099,Agranular,Allocortex
rh,118100,Agranular,Allocortex
rh,118101,Agranular,Allocortex
rh,118102,Agranular,Allocortex
rh,118103,Agranular,Allocortex
rh,118104,Agranular,Allocortex
rh,118105,Agranular,Allocortex
rh,118106,Agranular,Allocortex
rh,118107,Agranular,Allocortex
rh,118108,Agranular,Allocortex
rh,118109,Agranular,Allocortex
rh,118110,Agranular,Allocortex
rh,118111,Agranular,Allocortex
rh,118112,Agranular,Allocortex
rh,118113,Agranular,Allocortex
rh,118114,Agranular,Allocortex
rh,118115,Agranular,Allocortex
rh,118116,Agranular,Allocortex
rh,118117,Agranular,Allocortex
rh,118118,Agranular,Allocortex
rh,118133,Dysgranular,Agranular
rh,118134,Dysgranular,Agranular
rh,118136,Dysgranular,Agranular
rh,118137,Dysgranular,Agranular
rh,118138,Dysgranular,Agranular
rh,118139,Dysgranular,Agranular
rh,118144,Dysgranular,Agranular
rh,118147,Dysgranular,Agranular
rh,118148,Dysgranular,Agranular
rh,118149,Dysgranular,Agranular
rh,118150,Dysgranular,Agranular
rh,118151,Dysgranular,Agranular
rh,118152,Dysgranular,Agranular
rh,118153,Dysgranular,Agranular
rh,120618,Dysgranular,Agranular
rh,120619,Dysgranular,Agranular
rh,120620,Dysgranular,Agranular
rh,120629,Agranular,Allocortex
rh,120630,Agranular,Allocortex
rh,120631,Agranular,Allocortex
rh,120632,Agranular,Allocortex
rh,120633,Agranular,Allocortex
rh,120634,Agranular,Allocortex
rh,120635,Agranular,Allocortex
rh,120636,Agranular,Allocortex
rh,120637,Agranular,Allocortex
rh,120638,Agranular,Allocortex
rh,120644,Dysgranular,Agranular
rh,120648,Dysgranular,Agranular
rh,120649,Dysgranular,Agranular
rh,120966,Eulaminate II,Eulaminate I
rh,121967,Dysgranular,Agranular
rh,121973,Dysgranular,Agranular
rh,121974,Dysgranular,Agranular
rh,121975,Dysgranular,Agranular
rh,121976,Dysgranular,Agranular
rh,122516,Dysgranular,Agranular
rh,122517,Dysgranular,Agranular
rh,122518,Dysgranular,Agranular
rh,122519,Dysgranular,Agranular
rh,122520,Dysgranular,Agranular
rh,122521,Dysgranular,Agranular
rh,122522,Dysgranular,Agranular
rh,122523,Dysgranular,Agranular
rh,122524,Dysgranular,Agranular
rh,122525,Dysgranular,Agranular
rh,122526,Dysgranular,Agranular
rh,122557,Dysgranular,Agranular
rh,122558,Dysgranular,Agranular
rh,122559,Dysgranular,Agranular
rh,122560,Dysgranular,Agranular
rh,122561,Dysgranular,Agranular
rh,122562,Dysgranular,Agranular
rh,122563,Dysgranular,Agranular
rh,122683,Agranular,Allocortex
rh,122684,Agranular,Allocortex
rh,122685,Agranular,Allocortex
rh,122686,Agranular,Allocortex
rh,122781,Eulaminate I,Dysgranular
rh,127252,Agranular,Allocortex
rh,127253,Agranular,Allocortex
rh,127254,Dysgranular,Agranular
rh,127255,Dysgranular,Agranular
rh,127265,Agranular,Allocortex
rh,127266,Agranular,Allocortex
rh,127267,Agranular,Allocortex
rh,127268,Agranular,Allocortex
rh,127269,Agranular,Allocortex
rh,127270,Agranular,Allocortex
rh,127271,Agranular,Allocortex
rh,127272,Agranular,Allocortex
rh,127273,Agranular,Allocortex
rh,127274,Agranular,Allocortex
rh,127275,Agranular,Allocortex
rh,127276,Agranular,Allocortex
rh,127277,Agranular,Allocortex
rh,127278,Agranular,Allocortex
rh,127279,Agranular,Allocortex
rh,127280,Agranular,Allocortex
rh,127281,Agranular,Allocortex
rh,127282,Agranular,Allocortex
rh,127283,Agranular,Allocortex
rh,127284,Agranular,Allocortex
rh,127285,Agranular,Allocortex
rh,127286,Agranular,Allocortex
rh,127287,Agranular,Allocortex
rh,127288,Agranular,Allocortex
rh,127289,Agranular,Allocortex
rh,127290,Agranular,Allocortex
rh,127291,Agranular,Allocortex
rh,127292,Agranular,Allocortex
rh,127293,Agranular,Allocortex
rh,127294,Agranular,Allocortex
rh,127295,Agranular,Allocortex
rh,127296,Agranular,Allocortex
rh,127297,Agranular,Allocortex
rh,127298,Agranular,Allocortex
rh,127299,Agranular,Allocortex
rh,127300,Agranular,Allocortex
rh,127301,Agranular,Allocortex
rh,127302,Agranular,Allocortex
rh,127303,Agranular,Allocortex
rh,127304,Agranular,Allocortex
rh,127305,Agranular,Allocortex
rh,127306,Agranular,Allocortex
rh,127307,Agranular,Allocortex
rh,127308,Agranular,Allocortex
rh,127309,Agranular,Allocortex
rh,127310,Agranular,Allocortex
rh,127311,Agranular,Allocortex
rh,127312,Agranular,Allocortex
rh,127313,Agranular,Allocortex
rh,127314,Agranular,Allocortex
rh,127315,Agranular,Allocortex
rh,127316,Agranular,Allocortex
rh,127317,Dysgranular,Agranular
rh,127318,Dysgranular,Agranular
rh,127319,Dysgranular,Agranular
rh,127320,Dysgranular,Agranular
rh,127337,Agranular,Allocortex
rh,127338,Agranular,Allocortex
rh,127339,Agranular,Allocortex
rh,127340,Agranular,Allocortex
rh,127341,Agranular,Allocortex
rh,127342,Agranular,Allocortex
rh,127343,Agranular,Allocortex
rh,127344,Agranular,Allocortex
rh,127345,Agranular,Allocortex
rh,127346,Agranular,Allocortex
rh,127347,Agranular,Allocortex
rh,127348,Agranular,Allocortex
rh,127352,Dysgranular,Agranular
rh,127354,Dysgranular,Agranular
rh,127355,Dysgranular,Agranular
rh,127374,Allocortex,Agranular
rh,127376,Allocortex,Agranular
rh,127590,Dysgranular,Agranular
rh,127591,Dysgranular,Agranular
rh,127592,Dysgranular,Agranular
rh,127593,Dysgranular,Agranular
rh,127594,Dysgranular,Agranular
rh,127595,Dysgranular,Agranular
rh,127596,Dysgranular,Agranular
rh,127597,Dysgranular,Agranular
rh,127598,Dysgranular,Agranular
rh,127599,Dysgranular,Agranular
rh,127600,Dysgranular,Agranular
rh,127676,Agranular,Allocortex
rh,127677,Agranular,Allocortex
rh,127686,Dysgranular,Agranular
rh,127687,Dysgranular,Agranular
rh,127688,Dysgranular,Agranular
rh,127689,Dysgranular,Agranular
rh,127690,Dysgranular,Agranular
rh,127691,Dysgranular,Agranular
rh,127692,Dysgranular,Agranular
rh,127693,Dysgranular,Agranular
rh,127705,Eulaminate I,Dysgranular
rh,127715,Agranular,Dysgranular
rh,127717,Eulaminate I,Dysgranular
rh,127724,Eulaminate I,Dysgranular
rh,127725,Eulaminate I,Dysgranular
rh,127726,Eulaminate I,Dysgranular
rh,127758,Eulaminate I,Dysgranular
rh,127759,Eulaminate I,Dysgranular
rh,127760,Eulaminate I,Dysgranular
rh,127761,Eulaminate I,Dysgranular
rh,127762,Eulaminate I,Dysgranular
rh,127774,Agranular,Dysgranular
rh,127775,Agranular,Dysgranular
rh,127784,Agranular,Dysgranular
rh,130502,Dysgranular,Agranular
rh,130510,Dysgranular,Agranular
rh,130511,Dysgranular,Agranular
rh,130512,Dysgranular,Agranular
rh,130513,Dysgranular,Agranular
rh,130515,Dysgranular,Agranular
rh,130807,Eulaminate II,Eulaminate I
rh,130808,Eulaminate II,Eulaminate I
rh,130809,Eulaminate II,Eulaminate I
rh,130810,Eulaminate II,Eulaminate I
rh,130811,Eulaminate II,Eulaminate I
rh,130814,Eulaminate II,Eulaminate I
rh,130815,Eulaminate II,Eulaminate I
rh,130816,Eulaminate II,Eulaminate I
rh,130817,Eulaminate II,Eulaminate I
rh,130825,Eulaminate II,Eulaminate I
rh,130826,Eulaminate II,Eulaminate I
rh,130827,Eulaminate II,Eulaminate I
rh,130828,Eulaminate II,Eulaminate I
rh,130829,Eulaminate II,Eulaminate I
rh,130830,Eulaminate II,Eulaminate I
rh,130831,Eulaminate II,Eulaminate I
rh,130832,Eulaminate II,Eulaminate I
rh,130833,Eulaminate II,Eulaminate I
rh,130834,Eulaminate II,Eulaminate I
rh,131742,Dysgranular,Agranular
rh,131743,Dysgranular,Agranular
rh,131744,Dysgranular,Agranular
rh,131745,Dysgranular,Agranular
rh,131746,Dysgranular,Agranular
rh,131747,Dysgranular,Agranular
rh,131748,Dysgranular,Agranular
rh,131749,Dysgranular,Agranular
rh,131750,Dysgranular,Agranular
rh,131751,Dysgranular,Agranular
rh,131752,Dysgranular,Agranular
rh,136486,Dysgranular,Agranular
rh,136487,Dysgranular,Agranular
rh,136495,Dysgranular,Agranular
rh,136510,Agranular,Allocortex
rh,136511,Agranular,Allocortex
rh,136512,Agranular,Allocortex
rh,136513,Agranular,Allocortex
rh,136514,Agranular,Allocortex
rh,136515,Agranular,Allocortex
rh,136516,Agranular,Allocortex
rh,136517,Agranular,Allocortex
rh,136518,Agranular,Allocortex
rh,136519,Agranular,Allocortex
rh,136520,Agranular,Allocortex
rh,136521,Agranular,Allocortex
rh,136522,Agranular,Allocortex
rh,136523,Agranular,Allocortex
rh,136524,Agranular,Allocortex
rh,136525,Agranular,Allocortex
rh,136526,Agranular,Allocortex
rh,136527,Agranular,Allocortex
rh,136528,Agranular,Allocortex
rh,136529,Agranular,Allocortex
rh,136530,Agranular,Allocortex
rh,136531,Agranular,Allocortex
rh,136532,Agranular,Allocortex
rh,136533,Agranular,Allocortex
rh,136534,Agranular,Allocortex
rh,136535,Agranular,Allocortex
rh,136536,Agranular,Allocortex
rh,136537,Agranular,Allocortex
rh,136538,Agranular,Allocortex
rh,136539,Agranular,Allocortex
rh,136540,Agranular,Allocortex
rh,136541,Agranular,Allocortex
rh,136542,Agranular,Allocortex
rh,136543,Agranular,Allocortex
rh,136544,Agranular,Allocortex
rh,136545,Agranular,Allocortex
rh,136546,Agranular,Allocortex
rh,136547,Agranular,Allocortex
rh,136548,Agranular,Allocortex
rh,136549,Agranular,Allocortex
rh,136550,Agranular,Allocortex
rh,136551,Agranular,Allocortex
rh,136552,Agranular,Allocortex
rh,136553,Agranular,Allocortex
rh,136554,Agranular,Allocortex
rh,136555,Agranular,Allocortex
rh,136556,Agranular,Allocortex
rh,136557,Agranular,Allocortex
rh,136558,Agranular,Allocortex
rh,136559,Agranular,Allocortex
rh,136560,Agranular,Allocortex
rh,136561,Agranular,Allocortex
rh,136562,Agranular,Allocortex
rh,136570,Allocortex,Agranular
rh,136592,Dysgranular,Agranular
rh,136593,Dysgranular,Agranular
rh,136594,Dysgranular,Agranular
rh,136595,Dysgranular,Agranular
rh,136596,Dysgranular,Agranular
rh,136597,Dysgranular,Agranular
rh,136598,Dysgranular,Agranular
rh,136599,Dysgranular,Agranular
rh,136603,Dysgranular,Agranular
rh,136604,Dysgranular,Agranular
rh,136605,Dysgranular,Agranular
rh,136606,Dysgranular,Agranular
rh,136607,Dysgranular,Agranular
rh,136608,Dysgranular,Agranular
rh,136899,Agranular,Allocortex
rh,136906,Dysgranular,Agranular
rh,136907,Dysgranular,Agranular
rh,136908,Dysgranular,Agranular
rh,136909,Dysgranular,Agranular
rh,136912,Dysgranular,Agranular
rh,136913,Dysgranular,Agranular
rh,136914,Dysgranular,Agranular
rh,136915,Dysgranular,Agranular
rh,136924,Dysgranular,Agranular
rh,136942,Allocortex,Agranular
rh,136943,Allocortex,Agranular
rh,136944,Allocortex,Agranular
rh,136946,Allocortex,Agranular
rh,136947,Allocortex,Agranular
rh,136949,Allocortex,Agranular
rh,136950,Allocortex,Agranular
rh,136951,Allocortex,Agranular
rh,136952,Allocortex,Agranular
rh,136953,Allocortex,Agranular
rh,139155,Agranular,Allocortex
rh,139156,Agranular,Allocortex
rh,139157,Agranular,Allocortex
rh,139158,Agranular,Allocortex
rh,139159,Agranular,Allocortex
rh,139160,Agranular,Allocortex
rh,139161,Agranular,Allocortex
rh,139162,Agranular,Allocortex
rh,143141,Dysgranular,Agranular
rh,143142,Dysgranular,Agranular
rh,143143,Dysgranular,Agranular
rh,143145,Dysgranular,Agranular
rh,143146,Dysgranular,Agranular
rh,143159,Dysgranular,Agranular
rh,143160,Dysgranular,Agranular
rh,143161,Dysgranular,Agranular
rh,143162,Dysgranular,Agranular
rh,143164,Dysgranular,Agranular
rh,143165,Dysgranular,Agranular
rh,143166,Dysgranular,Agranular
rh,143167,Dysgranular,Agranular
rh,143168,Dysgranular,Agranular
rh,143169,Dysgranular,Agranular
rh,143170,Dysgranular,Agranular
rh,143178,Agranular,Allocortex
rh,143180,Agranular,Allocortex
rh,143181,Agranular,Allocortex
rh,143182,Agranular,Allocortex
rh,143183,Agranular,Allocortex
rh,143184,Agranular,Allocortex
rh,143185,Agranular,Allocortex
rh,143186,Agranular,Allocortex
rh,143187,Agranular,Allocortex
rh,143188,Agranular,Allocortex
rh,143189,Agranular,Allocortex
rh,143190,Agranular,Allocortex
rh,143191,Agranular,Allocortex
rh,143192,Agranular,Allocortex
rh,143193,Agranular,Allocortex
rh,143194,Agranular,Allocortex
rh,143195,Agranular,Allocortex
rh,143196,Agranular,Allocortex
rh,143197,Agranular,Allocortex
rh,143198,Agranular,Allocortex
rh,143199,Agranular,Allocortex
rh,143200,Agranular,Allocortex
rh,143201,Agranular,Allocortex
rh,143202,Agranular,Allocortex
rh,143203,Agranular,Allocortex
rh,143204,Agranular,Allocortex
rh,143227,Dysgranular,Agranular
rh,143229,Dysgranular,Agranular
rh,143230,Dysgranular,Agranular
rh,143231,Dysgranular,Agranular
rh,143232,Dysgranular,Agranular
rh,143233,Dysgranular,Agranular
rh,143240,Dysgranular,Agranular
rh,143241,Dysgranular,Agranular
rh,143242,Dysgranular,Agranular
rh,143250,Dysgranular,Agranular
rh,143251,Dysgranular,Agranular
rh,143252,Dysgranular,Agranular
rh,143253,Dysgranular,Agranular
rh,143254,Dysgranular,Agranular
rh,143255,Dysgranular,Agranular
rh,143256,Dysgranular,Agranular
rh,143257,Dysgranular,Agranular
rh,143258,Dysgranular,Agranular
rh,143259,Dysgranular,Agranular
rh,143260,Dysgranular,Agranular
rh,143261,Dysgranular,Agranular
rh,143262,Dysgranular,Agranular
rh,143263,Dysgranular,Agranular
rh,143264,Dysgranular,Agranular
rh,143265,Dysgranular,Agranular
rh,143266,Dysgranular,Agranular
rh,144060,Eulaminate II,Eulaminate I
rh,144061,Eulaminate II,Eulaminate I
rh,144062,Eulaminate II,Eulaminate I
rh,146672,Dysgranular,Agranular
rh,146674,Dysgranular,Agranular
rh,146675,Dysgranular,Agranular
rh,146679,Dysgranular,Agranular
rh,146680,Dysgranular,Agranular
rh,148046,Dysgranular,Agranular
rh,148047,Dysgranular,Agranular
rh,148048,Dysgranular,Agranular
rh,148049,Dysgranular,Agranular
rh,148050,Dysgranular,Agranular
rh,148051,Dysgranular,Agranular
rh,148052,Dysgranular,Agranular
rh,148053,Dysgranular,Agranular
rh,148054,Dysgranular,Agranular
rh,148074,Dysgranular,Agranular
rh,148075,Dysgranular,Agranular
rh,148076,Dysgranular,Agranular
rh,148077,Dysgranular,Agranular
rh,148078,Dysgranular,Agranular
rh,148079,Dysgranular,Agranular
rh,148080,Dysgranular,Agranular
rh,148166,Dysgranular,Agranular
rh,148168,Dysgranular,Agranular
rh,148169,Dysgranular,Agranular
rh,148170,Dysgranular,Agranular
rh,148171,Dysgranular,Agranular
rh,148174,Dysgranular,Agranular
rh,148175,Dysgranular,Agranular
rh,148176,Dysgranular,Agranular
rh,148177,Dysgranular,Agranular
rh,148178,Dysgranular,Agranular
rh,148179,Dysgranular,Agranular
rh,148200,Dysgranular,Agranular
rh,148201,Dysgranular,Agranular
rh,148202,Dysgranular,Agranular
rh,148203,Dysgranular,Agranular
rh,148204,Dysgranular,Agranular
rh,148205,Dysgranular,Agranular
rh,148209,Dysgranular,Agranular
rh,148210,Dysgranular,Agranular
rh,148211,Dysgranular,Agranular
rh,148511,Agranular,Allocortex
rh,148512,Agranular,Allocortex
rh,148513,Agranular,Allocortex
rh,148514,Agranular,Allocortex
rh,148515,Agranular,Allocortex
rh,148516,Agranular,Allocortex
rh,148761,Eulaminate I,Dysgranular
rh,160271,Agranular,Allocortex
rh,160272,Agranular,Allocortex
rh,160273,Agranular,Allocortex
rh,160274,Agranular,Allocortex
rh,160275,Agranular,Allocortex
rh,160276,Agranular,Allocortex
rh,160277,Agranular,Allocortex
rh,160285,Dysgranular,Agranular
rh,160286,Dysgranular,Agranular
rh,160287,Dysgranular,Agranular
rh,160288,Dysgranular,Agranular
rh,160289,Dysgranular,Agranular
rh,160292,Dysgranular,Agranular
rh,160293,Dysgranular,Agranular
rh,160294,Dysgranular,Agranular
rh,160295,Dysgranular,Agranular
rh,160308,Agranular,Allocortex
rh,160314,Agranular,Allocortex
rh,160315,Agranular,Allocortex
rh,160316,Agranular,Allocortex
rh,160317,Agranular,Allocortex
rh,160318,Agranular,Allocortex
rh,160319,Agranular,Allocortex
rh,160321,Agranular,Allocortex
rh,160326,Agranular,Allocortex
rh,160334,Agranular,Allocortex
rh,160335,Agranular,Allocortex
rh,160336,Agranular,Allocortex
rh,160337,Agranular,Allocortex
rh,160338,Agranular,Allocortex
rh,160339,Agranular,Allocortex
rh,160340,Agranular,Allocortex
rh,160341,Agranular,Allocortex
rh,160342,Agranular,Allocortex
rh,160343,Agranular,Allocortex
rh,160344,Agranular,Allocortex
rh,160345,Agranular,Allocortex
rh,160346,Agranular,Allocortex
rh,160347,Agranular,Allocortex
rh,160348,Agranular,Allocortex
rh,160349,Agranular,Allocortex
rh,160350,Agranular,Allocortex
rh,160351,Agranular,Allocortex
rh,160352,Agranular,Allocortex
rh,160353,Agranular,Allocortex
rh,160354,Agranular,Allocortex
rh,160355,Agranular,Allocortex
rh,160356,Agranular,Allocortex
rh,160357,Agranular,Allocortex
rh,160358,Agranular,Allocortex
rh,160359,Agranular,Allocortex
rh,160360,Agranular,Allocortex
rh,160361,Agranular,Allocortex
rh,160362,Agranular,Allocortex
rh,160363,Agranular,Allocortex
rh,160364,Agranular,Allocortex
rh,160365,Agranular,Allocortex
rh,160368,Agranular,Allocortex
rh,160369,Agranular,Allocortex
rh,160370,Agranular,Allocortex
rh,160371,Agranular,Allocortex
rh,160372,Agranular,Allocortex
rh,160373,Agranular,Allocortex
rh,160374,Agranular,Allocortex
rh,160386,Agranular,Allocortex
rh,160387,Agranular,Allocortex
rh,160388,Agranular,Allocortex
rh,160389,Agranular,Allocortex
rh,160390,Agranular,Allocortex
rh,160391,Agranular,Allocortex
rh,160392,Agranular,Allocortex
rh,160393,Agranular,Allocortex
rh,160394,Agranular,Allocortex
rh,160395,Agranular,Allocortex
rh,160396,Agranular,Allocortex
rh,160397,Agranular,Allocortex
rh,160398,Agranular,Allocortex
rh,160399,Agranular,Allocortex
rh,160400,Agranular,Allocortex
rh,160401,Agranular,Allocortex
rh,160402,Agranular,Allocortex
rh,160403,Agranular,Allocortex
rh,160404,Agranular,Allocortex
rh,160405,Agranular,Allocortex
rh,160406,Agranular,Allocortex
rh,160407,Agranular,Allocortex
rh,160408,Agranular,Allocortex
rh,160414,Agranular,Allocortex
rh,160415,Agranular,Allocortex
rh,160416,Agranular,Allocortex
rh,160417,Agranular,Allocortex
rh,160418,Agranular,Allocortex
rh,160419,Agranular,Allocortex
rh,160420,Agranular,Allocortex
rh,160421,Agranular,Allocortex
rh,160422,Agranular,Allocortex
rh,160423,Agranular,Allocortex
rh,160424,Agranular,Allocortex
rh,160425,Agranular,Allocortex
rh,160426,Agranular,Allocortex
rh,160427,Agranular,Allocortex
rh,160428,Agranular,Allocortex
rh,160429,Agranular,Allocortex
rh,160430,Agranular,Allocortex
rh,160431,Agranular,Allocortex
rh,160432,Agranular,Allocortex
rh,160433,Agranular,Allocortex
rh,160434,Agranular,Allocortex
rh,160435,Agranular,Allocortex
rh,160436,Agranular,Allocortex
rh,160437,Agranular,Allocortex
rh,160438,Agranular,Allocortex
rh,160439,Agranular,Allocortex
rh,160447,Dysgranular,Agranular
rh,160448,Dysgranular,Agranular
rh,160449,Dysgranular,Agranular
rh,160450,Dysgranular,Agranular
rh,160451,Dysgranular,Agranular
rh,160453,Dysgranular,Agranular
rh,160454,Dysgranular,Agranular
rh,160455,Dysgranular,Agranular
rh,160456,Dysgranular,Agranular
rh,160457,Dysgranular,Agranular
rh,160458,Dysgranular,Agranular
rh,160482,Agranular,Allocortex
rh,160488,Agranular,Allocortex
rh,160489,Agranular,Allocortex
rh,160494,Agranular,Allocortex
rh,160495,Agranular,Allocortex
rh,160496,Agranular,Allocortex
rh,160497,Agranular,Allocortex
rh,160498,Agranular,Allocortex
rh,160499,Agranular,Allocortex
rh,160500,Agranular,Allocortex
rh,160501,Agranular,Allocortex
rh,160502,Agranular,Allocortex
rh,160503,Agranular,Allocortex
rh,160504,Agranular,Allocortex
rh,160505,Agranular,Allocortex
rh,160506,Agranular,Allocortex
rh,160507,Agranular,Allocortex
rh,160508,Agranular,Allocortex
rh,160509,Agranular,Allocortex
rh,160510,Agranular,Allocortex
rh,160511,Agranular,Allocortex
rh,160512,Agranular,Allocortex
rh,160513,Agranular,Allocortex
rh,160514,Agranular,Allocortex
rh,160515,Agranular,Allocortex
rh,160516,Agranular,Allocortex
rh,160517,Agranular,Allocortex
rh,160518,Agranular,Allocortex
rh,160519,Agranular,Allocortex
rh,160520,Agranular,Allocortex
rh,160548,Dysgranular,Agranular
rh,160549,Dysgranular,Agranular
rh,160583,Agranular,Allocortex
rh,160592,Agranular,Allocortex
rh,160593,Agranular,Allocortex
rh,160594,Agranular,Allocortex
rh,160595,Agranular,Allocortex
rh,160596,Agranular,Allocortex
rh,160597,Agranular,Allocortex
rh,160598,Agranular,Allocortex
rh,160599,Agranular,Allocortex
rh,160600,Agranular,Allocortex
rh,160601,Agranular,Allocortex
rh,160602,Agranular,Allocortex
rh,160603,Agranular,Allocortex
rh,160604,Agranular,Allocortex
rh,160605,Agranular,Allocortex
rh,160606,Agranular,Allocortex
rh,160607,Agranular,Allocortex
rh,160608,Agranular,Allocortex
rh,160609,Agranular,Allocortex
rh,160610,Agranular,Allocortex
rh,160617,Agranular,Allocortex
rh,160618,Agranular,Allocortex
rh,160619,Agranular,Allocortex
rh,160620,Agranular,Allocortex
rh,160621,Agranular,Allocortex
rh,160622,Agranular,Allocortex
rh,160623,Agranular,Allocortex
rh,160624,Agranular,Allocortex
rh,160625,Agranular,Allocortex
rh,160626,Agranular,Allocortex
rh,160627,Agranular,Allocortex
rh,160628,Agranular,Allocortex
rh,160652,Agranular,Allocortex
rh,160653,Agranular,Allocortex
rh,160654,Agranular,Allocortex
rh,160655,Agranular,Allocortex
rh,160656,Agranular,Allocortex
rh,160657,Agranular,Allocortex
rh,160658,Agranular,Allocortex
rh,160659,Agranular,Allocortex
rh,160660,Agranular,Allocortex
rh,160661,Agranular,Allocortex
rh,160662,Agranular,Allocortex
rh,160663,Agranular,Allocortex
rh,160664,Agranular,Allocortex
rh,160670,Agranular,Allocortex
rh,160671,Agranular,Allocortex
rh,160672,Agranular,Allocortex
rh,160673,Agranular,Allocortex
rh,160674,Agranular,Allocortex
rh,160675,Agranular,Allocortex
rh,160676,Agranular,Allocortex
rh,160677,Agranular,Allocortex
rh,160678,Agranular,Allocortex
rh,160679,Agranular,Allocortex
rh,160680,Agranular,Allocortex
rh,160681,Agranular,Allocortex
rh,160682,Agranular,Allocortex
rh,160683,Agranular,Allocortex
rh,160684,Agranular,Allocortex
rh,160685,Agranular,Allocortex
rh,160977,Agranular,Allocortex
rh,160978,Agranular,Allocortex
rh,161136,Dysgranular,Agranular
rh,161137,Dysgranular,Agranular
rh,161138,Dysgranular,Agranular
rh,161139,Dysgranular,Agranular
rh,161145,Eulaminate I,Dysgranular
rh,161148,Eulaminate I,Dysgranular
rh,161149,Eulaminate I,Dysgranular
rh,161150,Eulaminate I,Dysgranular
rh,161151,Eulaminate I,Dysgranular
rh,161152,Dysgranular,Agranular
rh,161153,Dysgranular,Agranular
rh,161154,Dysgranular,Agranular
rh,161155,Dysgranular,Agranular
rh,161156,Dysgranular,Agranular
rh,161157,Dysgranular,Agranular
rh,161160,Eulaminate I,Dysgranular
rh,161161,Eulaminate I,Dysgranular
rh,161162,Eulaminate I,Dysgranular
rh,161163,Eulaminate I,Dysgranular
rh,161166,Eulaminate I,Dysgranular
rh,161167,Eulaminate I,Dysgranular
rh,161168,Eulaminate I,Dysgranular
rh,161388,Dysgranular,Agranular
rh,161389,Dysgranular,Agranular
rh,161390,Dysgranular,Agranular
rh,161391,Dysgranular,Agranular
rh,161392,Dysgranular,Agranular
rh,161393,Dysgranular,Agranular
rh,161394,Dysgranular,Agranular
rh,161395,Dysgranular,Agranular
rh,161396,Dysgranular,Agranular
rh,161397,Dysgranular,Agranular
rh,161398,Dysgranular,Agranular
rh,161399,Dysgranular,Agranular
rh,161400,Dysgranular,Agranular
rh,161401,Dysgranular,Agranular
rh,161402,Dysgranular,Agranular
rh,161403,Dysgranular,Agranular
rh,161404,Dysgranular,Agranular
rh,161405,Dysgranular,Agranular
rh,161406,Dysgranular,Agranular
rh,161409,Dysgranular,Agranular
rh,161410,Agranular,Dysgranular
rh,161411,Agranular,Dysgranular
rh,161414,Eulaminate I,Dysgranular
rh,161415,Eulaminate I,Dysgranular
rh,161417,Eulaminate I,Dysgranular
rh,161418,Eulaminate I,Dysgranular
rh,161419,Eulaminate I,Dysgranular
rh,161420,Eulaminate I,Dysgranular
rh,161421,Eulaminate I,Dysgranular
rh,161427,Eulaminate I,Dysgranular
rh,161428,Eulaminate I,Dysgranular
rh,161429,Eulaminate I,Dysgranular
rh,161440,Dysgranular,Agranular
rh,161441,Dysgranular,Agranular
rh,161448,Eulaminate I,Dysgranular
rh,161456,Eulaminate I,Dysgranular
rh,161457,Eulaminate I,Dysgranular
rh,161458,Eulaminate I,Dysgranular
rh,161524,Agranular,Allocortex
rh,161525,Agranular,Allocortex
rh,161526,Agranular,Allocortex
rh,161527,Agranular,Allocortex
rh,161556,Eulaminate I,Dysgranular
rh,161564,Eulaminate I,Dysgranular
rh,161565,Eulaminate I,Dysgranular
rh,162165,Eulaminate II,Eulaminate I
rh,162166,Eulaminate II,Eulaminate I
rh,162189,Eulaminate II,Eulaminate I
