Category,Tract_Name,source_type,target_type,source_ord,target_ord,type_distance,streamline_count,mean_length_mm,mean_tortuosity,contact_area_mm2,area_source_mm2,area_target_mm2,n_vertices_source,n_vertices_target,possible_endpoint_pairs,geodesic_centroid_mm,geodesic_footprint_mm,log_offset,log_area_source,log_area_target,log_contact_area,is_commissural
commissural,AC,Allocortex,Allocortex,1,1,0,0,176.51285714285714,,0.0,2658.59674113891,2658.59674113891,7340,7340,53875600.0,0.0,0.0,17.802188243217124,7.885553721651852,7.885553721651852,0.0,1.0
commissural,AC,Allocortex,Agranular,1,2,1,0,176.51285714285714,,1736.0,2658.59674113891,6622.514260167707,7340,15384,112918560.0,27.688056529700724,18.339850085551195,18.542177408877176,7.885553721651852,8.798230374434613,7.459914766241105,1.0
commissural,AC,Allocortex,Dysgranular,1,3,2,12,130.32,2.101,0.0,2658.59674113891,10700.265188134774,7340,26310,193115400.0,59.9818830083861,27.925881965684923,19.0787984956429,7.885553721651852,9.27802380408071,0.0,1.0
commissural,AC,Allocortex,Eulaminate-I,1,4,3,0,176.51285714285714,,0.0,2658.59674113891,22768.255991853308,7340,57124,419290160.0,68.94718481984316,50.06993810353758,19.854073744181385,7.885553721651852,10.033122563759632,0.0,1.0
commissural,AC,Allocortex,Eulaminate-II,1,5,4,0,176.51285714285714,,0.0,2658.59674113891,35613.41729736446,7340,91441,671176940.0,73.95675961300498,60.41255657195299,20.32454335615044,7.885553721651852,10.48047773621019,0.0,1.0
commissural,AC,Allocortex,Eulaminate-III,1,6,5,0,176.51285714285714,,0.0,2658.59674113891,33649.24638787018,7340,88368,648621120.0,91.33775261923661,60.94069775783749,20.29035931374953,7.885553721651852,10.423745939216447,0.0,1.0
commissural,AC,Allocortex,Koniocortex,1,7,6,0,176.51285714285714,,0.0,2658.59674113891,8163.947686341252,7340,19005,139496700.0,87.58222389791395,70.4107708124724,18.75355150303191,7.885553721651852,9.007483116062714,0.0,1.0
commissural,AC,Agranular,Agranular,2,2,0,18,136.76,2.158,0.0,6622.514260167707,6622.514260167707,15384,15384,236667456.0,0.0,0.0,19.282166574537232,8.798230374434613,8.798230374434613,0.0,1.0
commissural,AC,Agranular,Dysgranular,2,3,1,299,138.07,2.154,4728.0,6622.514260167707,10700.265188134774,15384,26310,404753040.0,54.264383997499834,7.91004083329342,19.818787661302952,8.798230374434613,9.27802380408071,8.461469042643875,1.0
commissural,AC,Agranular,Eulaminate-I,2,4,2,0,176.51285714285714,,0.0,6622.514260167707,22768.255991853308,15384,57124,878795616.0,65.73612508670136,33.07313882684073,20.59406290984144,8.798230374434613,10.033122563759632,0.0,1.0
commissural,AC,Agranular,Eulaminate-II,2,5,3,0,176.51285714285714,,0.0,6622.514260167707,35613.41729736446,15384,91441,1406728344.0,70.34817871794486,44.7120370280374,21.06453252181049,8.798230374434613,10.48047773621019,0.0,1.0
commissural,AC,Agranular,Eulaminate-III,2,6,4,0,176.51285714285714,,0.0,6622.514260167707,33649.24638787018,15384,88368,1359453312.0,89.74482952848018,55.80360665928395,21.030348479409586,8.798230374434613,10.423745939216447,0.0,1.0
commissural,AC,Agranular,Koniocortex,2,7,5,0,176.51285714285714,,0.0,6622.514260167707,8163.947686341252,15384,19005,292372920.0,85.96154715744069,68.44462079280663,19.493540668691963,8.798230374434613,9.007483116062714,0.0,1.0
commissural,AC,Dysgranular,Dysgranular,3,3,0,510,141.68,1.998,0.0,10700.265188134774,10700.265188134774,26310,26310,692216100.0,0.0,0.0,20.355408748068676,9.27802380408071,9.27802380408071,0.0,1.0
commissural,AC,Dysgranular,Eulaminate-I,3,4,1,0,176.51285714285714,,4350.0,10700.265188134774,22768.255991853308,26310,57124,1502932440.0,20.197026300425016,22.836940505995305,21.13068399660716,9.27802380408071,10.033122563759632,8.37816098272068,1.0
commissural,AC,Dysgranular,Eulaminate-II,3,5,2,0,176.51285714285714,,0.0,10700.265188134774,35613.41729736446,26310,91441,2405812710.0,23.97015689650552,32.108761641104515,21.601153608576215,9.27802380408071,10.48047773621019,0.0,1.0
commissural,AC,Dysgranular,Eulaminate-III,3,6,3,0,176.51285714285714,,0.0,10700.265188134774,33649.24638787018,26310,88368,2324962080.0,52.98154925341811,41.389132083820314,21.566969566175306,9.27802380408071,10.423745939216447,0.0,1.0
commissural,AC,Dysgranular,Koniocortex,3,7,4,0,176.51285714285714,,0.0,10700.265188134774,8163.947686341252,26310,19005,500021550.0,49.75628977519715,54.67614735865536,20.030161755457687,9.27802380408071,9.007483116062714,0.0,1.0
commissural,AC,Eulaminate-I,Eulaminate-I,4,4,0,0,176.51285714285714,,0.0,22768.255991853308,22768.255991853308,57124,57124,3263151376.0,0.0,0.0,21.90595924514565,10.033122563759632,10.033122563759632,0.0,1.0
commissural,AC,Eulaminate-I,Eulaminate-II,4,5,1,0,176.51285714285714,,9024.0,22768.255991853308,35613.41729736446,57124,91441,5223475684.0,5.5178320498710995,11.145503651810344,22.3764288571147,10.033122563759632,10.48047773621019,9.107753783201082,1.0
commissural,AC,Eulaminate-I,Eulaminate-III,4,6,2,0,176.51285714285714,,5.0,22768.255991853308,33649.24638787018,57124,88368,5047933632.0,35.20599889920693,28.26577183390438,22.342244814713794,10.033122563759632,10.423745939216447,1.791759469228055,1.0
commissural,AC,Eulaminate-I,Koniocortex,4,7,3,0,176.51285714285714,,0.0,22768.255991853308,8163.947686341252,57124,19005,1085641620.0,31.95251312854647,52.2544322153184,20.805437003996172,10.033122563759632,9.007483116062714,0.0,1.0
commissural,AC,Eulaminate-II,Eulaminate-II,5,5,0,10,136.42,6.377,0.0,35613.41729736446,35613.41729736446,91441,91441,8361456481.0,0.0,0.0,22.846898469083754,10.48047773621019,10.48047773621019,0.0,1.0
commissural,AC,Eulaminate-II,Eulaminate-III,5,6,1,0,176.51285714285714,,7277.0,35613.41729736446,33649.24638787018,91441,88368,8080458288.0,29.944845626457578,14.984501820980698,22.812714426682845,10.48047773621019,10.423745939216447,8.892611378172106,1.0
commissural,AC,Eulaminate-II,Koniocortex,5,7,2,0,176.51285714285714,,0.0,35613.41729736446,8163.947686341252,91441,19005,1737836205.0,26.62809583933342,38.828674246549575,21.275906615965226,10.48047773621019,9.007483116062714,0.0,1.0
commissural,AC,Eulaminate-III,Eulaminate-III,6,6,0,900,275.19,10.992,0.0,33649.24638787018,33649.24638787018,88368,88368,7808903424.0,0.0,0.0,22.778530384281936,10.423745939216447,10.423745939216447,0.0,1.0
commissural,AC,Eulaminate-III,Koniocortex,6,7,1,47,277.15,10.83,3808.0,33649.24638787018,8163.947686341252,88368,19005,1679433840.0,4.501507097540516,12.36068020572982,21.241722573564317,10.423745939216447,9.007483116062714,8.245121966478605,1.0
commissural,AC,Koniocortex,Koniocortex,7,7,0,0,176.51285714285714,,0.0,8163.947686341252,8163.947686341252,19005,19005,361190025.0,0.0,0.0,19.7049147628467,9.007483116062714,9.007483116062714,0.0,1.0
association,AF_L,Allocortex,Allocortex,1,1,0,0,121.855,,0.0,2658.59674113891,2658.59674113891,7340,7340,53875600.0,0.0,0.0,17.802188243217124,7.885553721651852,7.885553721651852,0.0,0.0
association,AF_L,Allocortex,Agranular,1,2,1,0,121.855,,1736.0,2658.59674113891,6622.514260167707,7340,15384,112918560.0,27.688056529700724,18.339850085551195,18.542177408877176,7.885553721651852,8.798230374434613,7.459914766241105,0.0
association,AF_L,Allocortex,Dysgranular,1,3,2,0,121.855,,0.0,2658.59674113891,10700.265188134774,7340,26310,193115400.0,59.9818830083861,27.925881965684923,19.0787984956429,7.885553721651852,9.27802380408071,0.0,0.0
association,AF_L,Allocortex,Eulaminate-I,1,4,3,0,121.855,,0.0,2658.59674113891,22768.255991853308,7340,57124,419290160.0,68.94718481984316,50.06993810353758,19.854073744181385,7.885553721651852,10.033122563759632,0.0,0.0
association,AF_L,Allocortex,Eulaminate-II,1,5,4,0,121.855,,0.0,2658.59674113891,35613.41729736446,7340,91441,671176940.0,73.95675961300498,60.41255657195299,20.32454335615044,7.885553721651852,10.48047773621019,0.0,0.0
association,AF_L,Allocortex,Eulaminate-III,1,6,5,0,121.855,,0.0,2658.59674113891,33649.24638787018,7340,88368,648621120.0,91.33775261923661,60.94069775783749,20.29035931374953,7.885553721651852,10.423745939216447,0.0,0.0
association,AF_L,Allocortex,Koniocortex,1,7,6,0,121.855,,0.0,2658.59674113891,8163.947686341252,7340,19005,139496700.0,87.58222389791395,70.4107708124724,18.75355150303191,7.885553721651852,9.007483116062714,0.0,0.0
association,AF_L,Agranular,Agranular,2,2,0,0,121.855,,0.0,6622.514260167707,6622.514260167707,15384,15384,236667456.0,0.0,0.0,19.282166574537232,8.798230374434613,8.798230374434613,0.0,0.0
association,AF_L,Agranular,Dysgranular,2,3,1,0,121.855,,4728.0,6622.514260167707,10700.265188134774,15384,26310,404753040.0,54.264383997499834,7.91004083329342,19.818787661302952,8.798230374434613,9.27802380408071,8.461469042643875,0.0
association,AF_L,Agranular,Eulaminate-I,2,4,2,0,121.855,,0.0,6622.514260167707,22768.255991853308,15384,57124,878795616.0,65.73612508670136,33.07313882684073,20.59406290984144,8.798230374434613,10.033122563759632,0.0,0.0
association,AF_L,Agranular,Eulaminate-II,2,5,3,0,121.855,,0.0,6622.514260167707,35613.41729736446,15384,91441,1406728344.0,70.34817871794486,44.7120370280374,21.06453252181049,8.798230374434613,10.48047773621019,0.0,0.0
association,AF_L,Agranular,Eulaminate-III,2,6,4,0,121.855,,0.0,6622.514260167707,33649.24638787018,15384,88368,1359453312.0,89.74482952848018,55.80360665928395,21.030348479409586,8.798230374434613,10.423745939216447,0.0,0.0
association,AF_L,Agranular,Koniocortex,2,7,5,0,121.855,,0.0,6622.514260167707,8163.947686341252,15384,19005,292372920.0,85.96154715744069,68.44462079280663,19.493540668691963,8.798230374434613,9.007483116062714,0.0,0.0
association,AF_L,Dysgranular,Dysgranular,3,3,0,0,121.855,,0.0,10700.265188134774,10700.265188134774,26310,26310,692216100.0,0.0,0.0,20.355408748068676,9.27802380408071,9.27802380408071,0.0,0.0
association,AF_L,Dysgranular,Eulaminate-I,3,4,1,0,121.855,,4350.0,10700.265188134774,22768.255991853308,26310,57124,1502932440.0,20.197026300425016,22.836940505995305,21.13068399660716,9.27802380408071,10.033122563759632,8.37816098272068,0.0
association,AF_L,Dysgranular,Eulaminate-II,3,5,2,0,121.855,,0.0,10700.265188134774,35613.41729736446,26310,91441,2405812710.0,23.97015689650552,32.108761641104515,21.601153608576215,9.27802380408071,10.48047773621019,0.0,0.0
association,AF_L,Dysgranular,Eulaminate-III,3,6,3,0,121.855,,0.0,10700.265188134774,33649.24638787018,26310,88368,2324962080.0,52.98154925341811,41.389132083820314,21.566969566175306,9.27802380408071,10.423745939216447,0.0,0.0
association,AF_L,Dysgranular,Koniocortex,3,7,4,0,121.855,,0.0,10700.265188134774,8163.947686341252,26310,19005,500021550.0,49.75628977519715,54.67614735865536,20.030161755457687,9.27802380408071,9.007483116062714,0.0,0.0
association,AF_L,Eulaminate-I,Eulaminate-I,4,4,0,80,139.7,1.695,0.0,22768.255991853308,22768.255991853308,57124,57124,3263151376.0,0.0,0.0,21.90595924514565,10.033122563759632,10.033122563759632,0.0,0.0
association,AF_L,Eulaminate-I,Eulaminate-II,4,5,1,1576,139.27,2.294,9024.0,22768.255991853308,35613.41729736446,57124,91441,5223475684.0,5.5178320498710995,11.145503651810344,22.3764288571147,10.033122563759632,10.48047773621019,9.107753783201082,0.0
association,AF_L,Eulaminate-I,Eulaminate-III,4,6,2,719,108.78,1.804,5.0,22768.255991853308,33649.24638787018,57124,88368,5047933632.0,35.20599889920693,28.26577183390438,22.342244814713794,10.033122563759632,10.423745939216447,1.791759469228055,0.0
association,AF_L,Eulaminate-I,Koniocortex,4,7,3,0,121.855,,0.0,22768.255991853308,8163.947686341252,57124,19005,1085641620.0,31.95251312854647,52.2544322153184,20.805437003996172,10.033122563759632,9.007483116062714,0.0,0.0
association,AF_L,Eulaminate-II,Eulaminate-II,5,5,0,530,120.52,2.223,0.0,35613.41729736446,35613.41729736446,91441,91441,8361456481.0,0.0,0.0,22.846898469083754,10.48047773621019,10.48047773621019,0.0,0.0
association,AF_L,Eulaminate-II,Eulaminate-III,5,6,1,629,109.0,2.277,7277.0,35613.41729736446,33649.24638787018,91441,88368,8080458288.0,29.944845626457578,14.984501820980698,22.812714426682845,10.48047773621019,10.423745939216447,8.892611378172106,0.0
association,AF_L,Eulaminate-II,Koniocortex,5,7,2,0,121.855,,0.0,35613.41729736446,8163.947686341252,91441,19005,1737836205.0,26.62809583933342,38.828674246549575,21.275906615965226,10.48047773621019,9.007483116062714,0.0,0.0
association,AF_L,Eulaminate-III,Eulaminate-III,6,6,0,10,113.86,3.456,0.0,33649.24638787018,33649.24638787018,88368,88368,7808903424.0,0.0,0.0,22.778530384281936,10.423745939216447,10.423745939216447,0.0,0.0
association,AF_L,Eulaminate-III,Koniocortex,6,7,1,0,121.855,,3808.0,33649.24638787018,8163.947686341252,88368,19005,1679433840.0,4.501507097540516,12.36068020572982,21.241722573564317,10.423745939216447,9.007483116062714,8.245121966478605,0.0
association,AF_L,Koniocortex,Koniocortex,7,7,0,0,121.855,,0.0,8163.947686341252,8163.947686341252,19005,19005,361190025.0,0.0,0.0,19.7049147628467,9.007483116062714,9.007483116062714,0.0,0.0
association,AF_R,Allocortex,Allocortex,1,1,0,0,134.86833333333334,,0.0,2658.59674113891,2658.59674113891,7340,7340,53875600.0,0.0,0.0,17.802188243217124,7.885553721651852,7.885553721651852,0.0,0.0
association,AF_R,Allocortex,Agranular,1,2,1,0,134.86833333333334,,1736.0,2658.59674113891,6622.514260167707,7340,15384,112918560.0,27.688056529700724,18.339850085551195,18.542177408877176,7.885553721651852,8.798230374434613,7.459914766241105,0.0
association,AF_R,Allocortex,Dysgranular,1,3,2,0,134.86833333333334,,0.0,2658.59674113891,10700.265188134774,7340,26310,193115400.0,59.9818830083861,27.925881965684923,19.0787984956429,7.885553721651852,9.27802380408071,0.0,0.0
association,AF_R,Allocortex,Eulaminate-I,1,4,3,0,134.86833333333334,,0.0,2658.59674113891,22768.255991853308,7340,57124,419290160.0,68.94718481984316,50.06993810353758,19.854073744181385,7.885553721651852,10.033122563759632,0.0,0.0
association,AF_R,Allocortex,Eulaminate-II,1,5,4,0,134.86833333333334,,0.0,2658.59674113891,35613.41729736446,7340,91441,671176940.0,73.95675961300498,60.41255657195299,20.32454335615044,7.885553721651852,10.48047773621019,0.0,0.0
association,AF_R,Allocortex,Eulaminate-III,1,6,5,0,134.86833333333334,,0.0,2658.59674113891,33649.24638787018,7340,88368,648621120.0,91.33775261923661,60.94069775783749,20.29035931374953,7.885553721651852,10.423745939216447,0.0,0.0
association,AF_R,Allocortex,Koniocortex,1,7,6,0,134.86833333333334,,0.0,2658.59674113891,8163.947686341252,7340,19005,139496700.0,87.58222389791395,70.4107708124724,18.75355150303191,7.885553721651852,9.007483116062714,0.0,0.0
association,AF_R,Agranular,Agranular,2,2,0,0,134.86833333333334,,0.0,6622.514260167707,6622.514260167707,15384,15384,236667456.0,0.0,0.0,19.282166574537232,8.798230374434613,8.798230374434613,0.0,0.0
association,AF_R,Agranular,Dysgranular,2,3,1,0,134.86833333333334,,4728.0,6622.514260167707,10700.265188134774,15384,26310,404753040.0,54.264383997499834,7.91004083329342,19.818787661302952,8.798230374434613,9.27802380408071,8.461469042643875,0.0
association,AF_R,Agranular,Eulaminate-I,2,4,2,0,134.86833333333334,,0.0,6622.514260167707,22768.255991853308,15384,57124,878795616.0,65.73612508670136,33.07313882684073,20.59406290984144,8.798230374434613,10.033122563759632,0.0,0.0
association,AF_R,Agranular,Eulaminate-II,2,5,3,0,134.86833333333334,,0.0,6622.514260167707,35613.41729736446,15384,91441,1406728344.0,70.34817871794486,44.7120370280374,21.06453252181049,8.798230374434613,10.48047773621019,0.0,0.0
association,AF_R,Agranular,Eulaminate-III,2,6,4,0,134.86833333333334,,0.0,6622.514260167707,33649.24638787018,15384,88368,1359453312.0,89.74482952848018,55.80360665928395,21.030348479409586,8.798230374434613,10.423745939216447,0.0,0.0
association,AF_R,Agranular,Koniocortex,2,7,5,0,134.86833333333334,,0.0,6622.514260167707,8163.947686341252,15384,19005,292372920.0,85.96154715744069,68.44462079280663,19.493540668691963,8.798230374434613,9.007483116062714,0.0,0.0
association,AF_R,Dysgranular,Dysgranular,3,3,0,0,134.86833333333334,,0.0,10700.265188134774,10700.265188134774,26310,26310,692216100.0,0.0,0.0,20.355408748068676,9.27802380408071,9.27802380408071,0.0,0.0
association,AF_R,Dysgranular,Eulaminate-I,3,4,1,0,134.86833333333334,,4350.0,10700.265188134774,22768.255991853308,26310,57124,1502932440.0,20.197026300425016,22.836940505995305,21.13068399660716,9.27802380408071,10.033122563759632,8.37816098272068,0.0
association,AF_R,Dysgranular,Eulaminate-II,3,5,2,0,134.86833333333334,,0.0,10700.265188134774,35613.41729736446,26310,91441,2405812710.0,23.97015689650552,32.108761641104515,21.601153608576215,9.27802380408071,10.48047773621019,0.0,0.0
association,AF_R,Dysgranular,Eulaminate-III,3,6,3,0,134.86833333333334,,0.0,10700.265188134774,33649.24638787018,26310,88368,2324962080.0,52.98154925341811,41.389132083820314,21.566969566175306,9.27802380408071,10.423745939216447,0.0,0.0
association,AF_R,Dysgranular,Koniocortex,3,7,4,0,134.86833333333334,,0.0,10700.265188134774,8163.947686341252,26310,19005,500021550.0,49.75628977519715,54.67614735865536,20.030161755457687,9.27802380408071,9.007483116062714,0.0,0.0
association,AF_R,Eulaminate-I,Eulaminate-I,4,4,0,36,144.55,1.569,0.0,22768.255991853308,22768.255991853308,57124,57124,3263151376.0,0.0,0.0,21.90595924514565,10.033122563759632,10.033122563759632,0.0,0.0
association,AF_R,Eulaminate-I,Eulaminate-II,4,5,1,85,127.48,1.693,9024.0,22768.255991853308,35613.41729736446,57124,91441,5223475684.0,5.5178320498710995,11.145503651810344,22.3764288571147,10.033122563759632,10.48047773621019,9.107753783201082,0.0
association,AF_R,Eulaminate-I,Eulaminate-III,4,6,2,9,136.64,1.703,5.0,22768.255991853308,33649.24638787018,57124,88368,5047933632.0,35.20599889920693,28.26577183390438,22.342244814713794,10.033122563759632,10.423745939216447,1.791759469228055,0.0
association,AF_R,Eulaminate-I,Koniocortex,4,7,3,0,134.86833333333334,,0.0,22768.255991853308,8163.947686341252,57124,19005,1085641620.0,31.95251312854647,52.2544322153184,20.805437003996172,10.033122563759632,9.007483116062714,0.0,0.0
association,AF_R,Eulaminate-II,Eulaminate-II,5,5,0,7,130.27,1.941,0.0,35613.41729736446,35613.41729736446,91441,91441,8361456481.0,0.0,0.0,22.846898469083754,10.48047773621019,10.48047773621019,0.0,0.0
association,AF_R,Eulaminate-II,Eulaminate-III,5,6,1,5,133.35,1.703,7277.0,35613.41729736446,33649.24638787018,91441,88368,8080458288.0,29.944845626457578,14.984501820980698,22.812714426682845,10.48047773621019,10.423745939216447,8.892611378172106,0.0
association,AF_R,Eulaminate-II,Koniocortex,5,7,2,0,134.86833333333334,,0.0,35613.41729736446,8163.947686341252,91441,19005,1737836205.0,26.62809583933342,38.828674246549575,21.275906615965226,10.48047773621019,9.007483116062714,0.0,0.0
association,AF_R,Eulaminate-III,Eulaminate-III,6,6,0,7,136.92,1.807,0.0,33649.24638787018,33649.24638787018,88368,88368,7808903424.0,0.0,0.0,22.778530384281936,10.423745939216447,10.423745939216447,0.0,0.0
association,AF_R,Eulaminate-III,Koniocortex,6,7,1,0,134.86833333333334,,3808.0,33649.24638787018,8163.947686341252,88368,19005,1679433840.0,4.501507097540516,12.36068020572982,21.241722573564317,10.423745939216447,9.007483116062714,8.245121966478605,0.0
association,AF_R,Koniocortex,Koniocortex,7,7,0,0,134.86833333333334,,0.0,8163.947686341252,8163.947686341252,19005,19005,361190025.0,0.0,0.0,19.7049147628467,9.007483116062714,9.007483116062714,0.0,0.0
commissural,CC,Allocortex,Allocortex,1,1,0,0,156.76611111111112,,0.0,2658.59674113891,2658.59674113891,7340,7340,53875600.0,0.0,0.0,17.802188243217124,7.885553721651852,7.885553721651852,0.0,1.0
commissural,CC,Allocortex,Agranular,1,2,1,0,156.76611111111112,,1736.0,2658.59674113891,6622.514260167707,7340,15384,112918560.0,27.688056529700724,18.339850085551195,18.542177408877176,7.885553721651852,8.798230374434613,7.459914766241105,1.0
commissural,CC,Allocortex,Dysgranular,1,3,2,0,156.76611111111112,,0.0,2658.59674113891,10700.265188134774,7340,26310,193115400.0,59.9818830083861,27.925881965684923,19.0787984956429,7.885553721651852,9.27802380408071,0.0,1.0
commissural,CC,Allocortex,Eulaminate-I,1,4,3,0,156.76611111111112,,0.0,2658.59674113891,22768.255991853308,7340,57124,419290160.0,68.94718481984316,50.06993810353758,19.854073744181385,7.885553721651852,10.033122563759632,0.0,1.0
commissural,CC,Allocortex,Eulaminate-II,1,5,4,0,156.76611111111112,,0.0,2658.59674113891,35613.41729736446,7340,91441,671176940.0,73.95675961300498,60.41255657195299,20.32454335615044,7.885553721651852,10.48047773621019,0.0,1.0
commissural,CC,Allocortex,Eulaminate-III,1,6,5,0,156.76611111111112,,0.0,2658.59674113891,33649.24638787018,7340,88368,648621120.0,91.33775261923661,60.94069775783749,20.29035931374953,7.885553721651852,10.423745939216447,0.0,1.0
commissural,CC,Allocortex,Koniocortex,1,7,6,0,156.76611111111112,,0.0,2658.59674113891,8163.947686341252,7340,19005,139496700.0,87.58222389791395,70.4107708124724,18.75355150303191,7.885553721651852,9.007483116062714,0.0,1.0
commissural,CC,Agranular,Agranular,2,2,0,6,228.27,3.292,0.0,6622.514260167707,6622.514260167707,15384,15384,236667456.0,0.0,0.0,19.282166574537232,8.798230374434613,8.798230374434613,0.0,1.0
commissural,CC,Agranular,Dysgranular,2,3,1,0,156.76611111111112,,4728.0,6622.514260167707,10700.265188134774,15384,26310,404753040.0,54.264383997499834,7.91004083329342,19.818787661302952,8.798230374434613,9.27802380408071,8.461469042643875,1.0
commissural,CC,Agranular,Eulaminate-I,2,4,2,0,156.76611111111112,,0.0,6622.514260167707,22768.255991853308,15384,57124,878795616.0,65.73612508670136,33.07313882684073,20.59406290984144,8.798230374434613,10.033122563759632,0.0,1.0
commissural,CC,Agranular,Eulaminate-II,2,5,3,11,185.45,1.4,0.0,6622.514260167707,35613.41729736446,15384,91441,1406728344.0,70.34817871794486,44.7120370280374,21.06453252181049,8.798230374434613,10.48047773621019,0.0,1.0
commissural,CC,Agranular,Eulaminate-III,2,6,4,17,192.08,1.948,0.0,6622.514260167707,33649.24638787018,15384,88368,1359453312.0,89.74482952848018,55.80360665928395,21.030348479409586,8.798230374434613,10.423745939216447,0.0,1.0
commissural,CC,Agranular,Koniocortex,2,7,5,10,202.5,1.835,0.0,6622.514260167707,8163.947686341252,15384,19005,292372920.0,85.96154715744069,68.44462079280663,19.493540668691963,8.798230374434613,9.007483116062714,0.0,1.0
commissural,CC,Dysgranular,Dysgranular,3,3,0,13,207.5,2.144,0.0,10700.265188134774,10700.265188134774,26310,26310,692216100.0,0.0,0.0,20.355408748068676,9.27802380408071,9.27802380408071,0.0,1.0
commissural,CC,Dysgranular,Eulaminate-I,3,4,1,30,163.02,1.732,4350.0,10700.265188134774,22768.255991853308,26310,57124,1502932440.0,20.197026300425016,22.836940505995305,21.13068399660716,9.27802380408071,10.033122563759632,8.37816098272068,1.0
commissural,CC,Dysgranular,Eulaminate-II,3,5,2,53,163.79,1.452,0.0,10700.265188134774,35613.41729736446,26310,91441,2405812710.0,23.97015689650552,32.108761641104515,21.601153608576215,9.27802380408071,10.48047773621019,0.0,1.0
commissural,CC,Dysgranular,Eulaminate-III,3,6,3,26,180.26,1.563,0.0,10700.265188134774,33649.24638787018,26310,88368,2324962080.0,52.98154925341811,41.389132083820314,21.566969566175306,9.27802380408071,10.423745939216447,0.0,1.0
commissural,CC,Dysgranular,Koniocortex,3,7,4,0,156.76611111111112,,0.0,10700.265188134774,8163.947686341252,26310,19005,500021550.0,49.75628977519715,54.67614735865536,20.030161755457687,9.27802380408071,9.007483116062714,0.0,1.0
commissural,CC,Eulaminate-I,Eulaminate-I,4,4,0,223,107.4,3.574,0.0,22768.255991853308,22768.255991853308,57124,57124,3263151376.0,0.0,0.0,21.90595924514565,10.033122563759632,10.033122563759632,0.0,1.0
commissural,CC,Eulaminate-I,Eulaminate-II,4,5,1,264,103.53,3.044,9024.0,22768.255991853308,35613.41729736446,57124,91441,5223475684.0,5.5178320498710995,11.145503651810344,22.3764288571147,10.033122563759632,10.48047773621019,9.107753783201082,1.0
commissural,CC,Eulaminate-I,Eulaminate-III,4,6,2,50,142.89,1.343,5.0,22768.255991853308,33649.24638787018,57124,88368,5047933632.0,35.20599889920693,28.26577183390438,22.342244814713794,10.033122563759632,10.423745939216447,1.791759469228055,1.0
commissural,CC,Eulaminate-I,Koniocortex,4,7,3,5,162.54,1.975,0.0,22768.255991853308,8163.947686341252,57124,19005,1085641620.0,31.95251312854647,52.2544322153184,20.805437003996172,10.033122563759632,9.007483116062714,0.0,1.0
commissural,CC,Eulaminate-II,Eulaminate-II,5,5,0,430,107.9,4.502,0.0,35613.41729736446,35613.41729736446,91441,91441,8361456481.0,0.0,0.0,22.846898469083754,10.48047773621019,10.48047773621019,0.0,1.0
commissural,CC,Eulaminate-II,Eulaminate-III,5,6,1,244,124.96,2.87,7277.0,35613.41729736446,33649.24638787018,91441,88368,8080458288.0,29.944845626457578,14.984501820980698,22.812714426682845,10.48047773621019,10.423745939216447,8.892611378172106,1.0
commissural,CC,Eulaminate-II,Koniocortex,5,7,2,30,130.19,2.642,0.0,35613.41729736446,8163.947686341252,91441,19005,1737836205.0,26.62809583933342,38.828674246549575,21.275906615965226,10.48047773621019,9.007483116062714,0.0,1.0
commissural,CC,Eulaminate-III,Eulaminate-III,6,6,0,348,128.51,3.154,0.0,33649.24638787018,33649.24638787018,88368,88368,7808903424.0,0.0,0.0,22.778530384281936,10.423745939216447,10.423745939216447,0.0,1.0
commissural,CC,Eulaminate-III,Koniocortex,6,7,1,158,138.83,4.957,3808.0,33649.24638787018,8163.947686341252,88368,19005,1679433840.0,4.501507097540516,12.36068020572982,21.241722573564317,10.423745939216447,9.007483116062714,8.245121966478605,1.0
commissural,CC,Koniocortex,Koniocortex,7,7,0,88,152.17,6.673,0.0,8163.947686341252,8163.947686341252,19005,19005,361190025.0,0.0,0.0,19.7049147628467,9.007483116062714,9.007483116062714,0.0,1.0
association,C_FP_L,Allocortex,Allocortex,1,1,0,0,64.06555555555556,,0.0,2658.59674113891,2658.59674113891,7340,7340,53875600.0,0.0,0.0,17.802188243217124,7.885553721651852,7.885553721651852,0.0,0.0
association,C_FP_L,Allocortex,Agranular,1,2,1,0,64.06555555555556,,1736.0,2658.59674113891,6622.514260167707,7340,15384,112918560.0,27.688056529700724,18.339850085551195,18.542177408877176,7.885553721651852,8.798230374434613,7.459914766241105,0.0
association,C_FP_L,Allocortex,Dysgranular,1,3,2,0,64.06555555555556,,0.0,2658.59674113891,10700.265188134774,7340,26310,193115400.0,59.9818830083861,27.925881965684923,19.0787984956429,7.885553721651852,9.27802380408071,0.0,0.0
association,C_FP_L,Allocortex,Eulaminate-I,1,4,3,0,64.06555555555556,,0.0,2658.59674113891,22768.255991853308,7340,57124,419290160.0,68.94718481984316,50.06993810353758,19.854073744181385,7.885553721651852,10.033122563759632,0.0,0.0
association,C_FP_L,Allocortex,Eulaminate-II,1,5,4,0,64.06555555555556,,0.0,2658.59674113891,35613.41729736446,7340,91441,671176940.0,73.95675961300498,60.41255657195299,20.32454335615044,7.885553721651852,10.48047773621019,0.0,0.0
association,C_FP_L,Allocortex,Eulaminate-III,1,6,5,0,64.06555555555556,,0.0,2658.59674113891,33649.24638787018,7340,88368,648621120.0,91.33775261923661,60.94069775783749,20.29035931374953,7.885553721651852,10.423745939216447,0.0,0.0
association,C_FP_L,Allocortex,Koniocortex,1,7,6,0,64.06555555555556,,0.0,2658.59674113891,8163.947686341252,7340,19005,139496700.0,87.58222389791395,70.4107708124724,18.75355150303191,7.885553721651852,9.007483116062714,0.0,0.0
association,C_FP_L,Agranular,Agranular,2,2,0,0,64.06555555555556,,0.0,6622.514260167707,6622.514260167707,15384,15384,236667456.0,0.0,0.0,19.282166574537232,8.798230374434613,8.798230374434613,0.0,0.0
association,C_FP_L,Agranular,Dysgranular,2,3,1,129,51.24,1.135,4728.0,6622.514260167707,10700.265188134774,15384,26310,404753040.0,54.264383997499834,7.91004083329342,19.818787661302952,8.798230374434613,9.27802380408071,8.461469042643875,0.0
association,C_FP_L,Agranular,Eulaminate-I,2,4,2,478,55.71,1.139,0.0,6622.514260167707,22768.255991853308,15384,57124,878795616.0,65.73612508670136,33.07313882684073,20.59406290984144,8.798230374434613,10.033122563759632,0.0,0.0
association,C_FP_L,Agranular,Eulaminate-II,2,5,3,68,61.23,1.177,0.0,6622.514260167707,35613.41729736446,15384,91441,1406728344.0,70.34817871794486,44.7120370280374,21.06453252181049,8.798230374434613,10.48047773621019,0.0,0.0
association,C_FP_L,Agranular,Eulaminate-III,2,6,4,41,61.47,1.188,0.0,6622.514260167707,33649.24638787018,15384,88368,1359453312.0,89.74482952848018,55.80360665928395,21.030348479409586,8.798230374434613,10.423745939216447,0.0,0.0
association,C_FP_L,Agranular,Koniocortex,2,7,5,0,64.06555555555556,,0.0,6622.514260167707,8163.947686341252,15384,19005,292372920.0,85.96154715744069,68.44462079280663,19.493540668691963,8.798230374434613,9.007483116062714,0.0,0.0
association,C_FP_L,Dysgranular,Dysgranular,3,3,0,31,45.59,1.16,0.0,10700.265188134774,10700.265188134774,26310,26310,692216100.0,0.0,0.0,20.355408748068676,9.27802380408071,9.27802380408071,0.0,0.0
association,C_FP_L,Dysgranular,Eulaminate-I,3,4,1,214,50.43,1.179,4350.0,10700.265188134774,22768.255991853308,26310,57124,1502932440.0,20.197026300425016,22.836940505995305,21.13068399660716,9.27802380408071,10.033122563759632,8.37816098272068,0.0
association,C_FP_L,Dysgranular,Eulaminate-II,3,5,2,38,60.8,1.204,0.0,10700.265188134774,35613.41729736446,26310,91441,2405812710.0,23.97015689650552,32.108761641104515,21.601153608576215,9.27802380408071,10.48047773621019,0.0,0.0
association,C_FP_L,Dysgranular,Eulaminate-III,3,6,3,30,57.16,1.218,0.0,10700.265188134774,33649.24638787018,26310,88368,2324962080.0,52.98154925341811,41.389132083820314,21.566969566175306,9.27802380408071,10.423745939216447,0.0,0.0
association,C_FP_L,Dysgranular,Koniocortex,3,7,4,0,64.06555555555556,,0.0,10700.265188134774,8163.947686341252,26310,19005,500021550.0,49.75628977519715,54.67614735865536,20.030161755457687,9.27802380408071,9.007483116062714,0.0,0.0
association,C_FP_L,Eulaminate-I,Eulaminate-I,4,4,0,0,64.06555555555556,,0.0,22768.255991853308,22768.255991853308,57124,57124,3263151376.0,0.0,0.0,21.90595924514565,10.033122563759632,10.033122563759632,0.0,0.0
association,C_FP_L,Eulaminate-I,Eulaminate-II,4,5,1,9,132.96,1.202,9024.0,22768.255991853308,35613.41729736446,57124,91441,5223475684.0,5.5178320498710995,11.145503651810344,22.3764288571147,10.033122563759632,10.48047773621019,9.107753783201082,0.0
association,C_FP_L,Eulaminate-I,Eulaminate-III,4,6,2,0,64.06555555555556,,5.0,22768.255991853308,33649.24638787018,57124,88368,5047933632.0,35.20599889920693,28.26577183390438,22.342244814713794,10.033122563759632,10.423745939216447,1.791759469228055,0.0
association,C_FP_L,Eulaminate-I,Koniocortex,4,7,3,0,64.06555555555556,,0.0,22768.255991853308,8163.947686341252,57124,19005,1085641620.0,31.95251312854647,52.2544322153184,20.805437003996172,10.033122563759632,9.007483116062714,0.0,0.0
association,C_FP_L,Eulaminate-II,Eulaminate-II,5,5,0,0,64.06555555555556,,0.0,35613.41729736446,35613.41729736446,91441,91441,8361456481.0,0.0,0.0,22.846898469083754,10.48047773621019,10.48047773621019,0.0,0.0
association,C_FP_L,Eulaminate-II,Eulaminate-III,5,6,1,0,64.06555555555556,,7277.0,35613.41729736446,33649.24638787018,91441,88368,8080458288.0,29.944845626457578,14.984501820980698,22.812714426682845,10.48047773621019,10.423745939216447,8.892611378172106,0.0
association,C_FP_L,Eulaminate-II,Koniocortex,5,7,2,0,64.06555555555556,,0.0,35613.41729736446,8163.947686341252,91441,19005,1737836205.0,26.62809583933342,38.828674246549575,21.275906615965226,10.48047773621019,9.007483116062714,0.0,0.0
association,C_FP_L,Eulaminate-III,Eulaminate-III,6,6,0,0,64.06555555555556,,0.0,33649.24638787018,33649.24638787018,88368,88368,7808903424.0,0.0,0.0,22.778530384281936,10.423745939216447,10.423745939216447,0.0,0.0
association,C_FP_L,Eulaminate-III,Koniocortex,6,7,1,0,64.06555555555556,,3808.0,33649.24638787018,8163.947686341252,88368,19005,1679433840.0,4.501507097540516,12.36068020572982,21.241722573564317,10.423745939216447,9.007483116062714,8.245121966478605,0.0
association,C_FP_L,Koniocortex,Koniocortex,7,7,0,0,64.06555555555556,,0.0,8163.947686341252,8163.947686341252,19005,19005,361190025.0,0.0,0.0,19.7049147628467,9.007483116062714,9.007483116062714,0.0,0.0
association,C_FP_R,Allocortex,Allocortex,1,1,0,0,106.51875,,0.0,2658.59674113891,2658.59674113891,7340,7340,53875600.0,0.0,0.0,17.802188243217124,7.885553721651852,7.885553721651852,0.0,0.0
association,C_FP_R,Allocortex,Agranular,1,2,1,0,106.51875,,1736.0,2658.59674113891,6622.514260167707,7340,15384,112918560.0,27.688056529700724,18.339850085551195,18.542177408877176,7.885553721651852,8.798230374434613,7.459914766241105,0.0
association,C_FP_R,Allocortex,Dysgranular,1,3,2,0,106.51875,,0.0,2658.59674113891,10700.265188134774,7340,26310,193115400.0,59.9818830083861,27.925881965684923,19.0787984956429,7.885553721651852,9.27802380408071,0.0,0.0
association,C_FP_R,Allocortex,Eulaminate-I,1,4,3,0,106.51875,,0.0,2658.59674113891,22768.255991853308,7340,57124,419290160.0,68.94718481984316,50.06993810353758,19.854073744181385,7.885553721651852,10.033122563759632,0.0,0.0
association,C_FP_R,Allocortex,Eulaminate-II,1,5,4,0,106.51875,,0.0,2658.59674113891,35613.41729736446,7340,91441,671176940.0,73.95675961300498,60.41255657195299,20.32454335615044,7.885553721651852,10.48047773621019,0.0,0.0
association,C_FP_R,Allocortex,Eulaminate-III,1,6,5,0,106.51875,,0.0,2658.59674113891,33649.24638787018,7340,88368,648621120.0,91.33775261923661,60.94069775783749,20.29035931374953,7.885553721651852,10.423745939216447,0.0,0.0
association,C_FP_R,Allocortex,Koniocortex,1,7,6,0,106.51875,,0.0,2658.59674113891,8163.947686341252,7340,19005,139496700.0,87.58222389791395,70.4107708124724,18.75355150303191,7.885553721651852,9.007483116062714,0.0,0.0
association,C_FP_R,Agranular,Agranular,2,2,0,0,106.51875,,0.0,6622.514260167707,6622.514260167707,15384,15384,236667456.0,0.0,0.0,19.282166574537232,8.798230374434613,8.798230374434613,0.0,0.0
association,C_FP_R,Agranular,Dysgranular,2,3,1,491,68.27,1.084,4728.0,6622.514260167707,10700.265188134774,15384,26310,404753040.0,54.264383997499834,7.91004083329342,19.818787661302952,8.798230374434613,9.27802380408071,8.461469042643875,0.0
association,C_FP_R,Agranular,Eulaminate-I,2,4,2,118,91.58,1.119,0.0,6622.514260167707,22768.255991853308,15384,57124,878795616.0,65.73612508670136,33.07313882684073,20.59406290984144,8.798230374434613,10.033122563759632,0.0,0.0
association,C_FP_R,Agranular,Eulaminate-II,2,5,3,115,90.53,1.109,0.0,6622.514260167707,35613.41729736446,15384,91441,1406728344.0,70.34817871794486,44.7120370280374,21.06453252181049,8.798230374434613,10.48047773621019,0.0,0.0
association,C_FP_R,Agranular,Eulaminate-III,2,6,4,40,86.66,1.135,0.0,6622.514260167707,33649.24638787018,15384,88368,1359453312.0,89.74482952848018,55.80360665928395,21.030348479409586,8.798230374434613,10.423745939216447,0.0,0.0
association,C_FP_R,Agranular,Koniocortex,2,7,5,0,106.51875,,0.0,6622.514260167707,8163.947686341252,15384,19005,292372920.0,85.96154715744069,68.44462079280663,19.493540668691963,8.798230374434613,9.007483116062714,0.0,0.0
association,C_FP_R,Dysgranular,Dysgranular,3,3,0,0,106.51875,,0.0,10700.265188134774,10700.265188134774,26310,26310,692216100.0,0.0,0.0,20.355408748068676,9.27802380408071,9.27802380408071,0.0,0.0
association,C_FP_R,Dysgranular,Eulaminate-I,3,4,1,0,106.51875,,4350.0,10700.265188134774,22768.255991853308,26310,57124,1502932440.0,20.197026300425016,22.836940505995305,21.13068399660716,9.27802380408071,10.033122563759632,8.37816098272068,0.0
association,C_FP_R,Dysgranular,Eulaminate-II,3,5,2,37,122.95,1.153,0.0,10700.265188134774,35613.41729736446,26310,91441,2405812710.0,23.97015689650552,32.108761641104515,21.601153608576215,9.27802380408071,10.48047773621019,0.0,0.0
association,C_FP_R,Dysgranular,Eulaminate-III,3,6,3,0,106.51875,,0.0,10700.265188134774,33649.24638787018,26310,88368,2324962080.0,52.98154925341811,41.389132083820314,21.566969566175306,9.27802380408071,10.423745939216447,0.0,0.0
association,C_FP_R,Dysgranular,Koniocortex,3,7,4,0,106.51875,,0.0,10700.265188134774,8163.947686341252,26310,19005,500021550.0,49.75628977519715,54.67614735865536,20.030161755457687,9.27802380408071,9.007483116062714,0.0,0.0
association,C_FP_R,Eulaminate-I,Eulaminate-I,4,4,0,10,115.1,1.145,0.0,22768.255991853308,22768.255991853308,57124,57124,3263151376.0,0.0,0.0,21.90595924514565,10.033122563759632,10.033122563759632,0.0,0.0
association,C_FP_R,Eulaminate-I,Eulaminate-II,4,5,1,30,128.04,1.183,9024.0,22768.255991853308,35613.41729736446,57124,91441,5223475684.0,5.5178320498710995,11.145503651810344,22.3764288571147,10.033122563759632,10.48047773621019,9.107753783201082,0.0
association,C_FP_R,Eulaminate-I,Eulaminate-III,4,6,2,0,106.51875,,5.0,22768.255991853308,33649.24638787018,57124,88368,5047933632.0,35.20599889920693,28.26577183390438,22.342244814713794,10.033122563759632,10.423745939216447,1.791759469228055,0.0
association,C_FP_R,Eulaminate-I,Koniocortex,4,7,3,0,106.51875,,0.0,22768.255991853308,8163.947686341252,57124,19005,1085641620.0,31.95251312854647,52.2544322153184,20.805437003996172,10.033122563759632,9.007483116062714,0.0,0.0
association,C_FP_R,Eulaminate-II,Eulaminate-II,5,5,0,73,149.02,1.17,0.0,35613.41729736446,35613.41729736446,91441,91441,8361456481.0,0.0,0.0,22.846898469083754,10.48047773621019,10.48047773621019,0.0,0.0
association,C_FP_R,Eulaminate-II,Eulaminate-III,5,6,1,0,106.51875,,7277.0,35613.41729736446,33649.24638787018,91441,88368,8080458288.0,29.944845626457578,14.984501820980698,22.812714426682845,10.48047773621019,10.423745939216447,8.892611378172106,0.0
association,C_FP_R,Eulaminate-II,Koniocortex,5,7,2,0,106.51875,,0.0,35613.41729736446,8163.947686341252,91441,19005,1737836205.0,26.62809583933342,38.828674246549575,21.275906615965226,10.48047773621019,9.007483116062714,0.0,0.0
association,C_FP_R,Eulaminate-III,Eulaminate-III,6,6,0,0,106.51875,,0.0,33649.24638787018,33649.24638787018,88368,88368,7808903424.0,0.0,0.0,22.778530384281936,10.423745939216447,10.423745939216447,0.0,0.0
association,C_FP_R,Eulaminate-III,Koniocortex,6,7,1,0,106.51875,,3808.0,33649.24638787018,8163.947686341252,88368,19005,1679433840.0,4.501507097540516,12.36068020572982,21.241722573564317,10.423745939216447,9.007483116062714,8.245121966478605,0.0
association,C_FP_R,Koniocortex,Koniocortex,7,7,0,0,106.51875,,0.0,8163.947686341252,8163.947686341252,19005,19005,361190025.0,0.0,0.0,19.7049147628467,9.007483116062714,9.007483116062714,0.0,0.0
association,C_PHP_L,Allocortex,Allocortex,1,1,0,0,102.53,,0.0,2658.59674113891,2658.59674113891,7340,7340,53875600.0,0.0,0.0,17.802188243217124,7.885553721651852,7.885553721651852,0.0,0.0
association,C_PHP_L,Allocortex,Agranular,1,2,1,0,102.53,,1736.0,2658.59674113891,6622.514260167707,7340,15384,112918560.0,27.688056529700724,18.339850085551195,18.542177408877176,7.885553721651852,8.798230374434613,7.459914766241105,0.0
association,C_PHP_L,Allocortex,Dysgranular,1,3,2,0,102.53,,0.0,2658.59674113891,10700.265188134774,7340,26310,193115400.0,59.9818830083861,27.925881965684923,19.0787984956429,7.885553721651852,9.27802380408071,0.0,0.0
association,C_PHP_L,Allocortex,Eulaminate-I,1,4,3,0,102.53,,0.0,2658.59674113891,22768.255991853308,7340,57124,419290160.0,68.94718481984316,50.06993810353758,19.854073744181385,7.885553721651852,10.033122563759632,0.0,0.0
association,C_PHP_L,Allocortex,Eulaminate-II,1,5,4,9,102.53,1.087,0.0,2658.59674113891,35613.41729736446,7340,91441,671176940.0,73.95675961300498,60.41255657195299,20.32454335615044,7.885553721651852,10.48047773621019,0.0,0.0
association,C_PHP_L,Allocortex,Eulaminate-III,1,6,5,0,102.53,,0.0,2658.59674113891,33649.24638787018,7340,88368,648621120.0,91.33775261923661,60.94069775783749,20.29035931374953,7.885553721651852,10.423745939216447,0.0,0.0
association,C_PHP_L,Allocortex,Koniocortex,1,7,6,0,102.53,,0.0,2658.59674113891,8163.947686341252,7340,19005,139496700.0,87.58222389791395,70.4107708124724,18.75355150303191,7.885553721651852,9.007483116062714,0.0,0.0
association,C_PHP_L,Agranular,Agranular,2,2,0,0,102.53,,0.0,6622.514260167707,6622.514260167707,15384,15384,236667456.0,0.0,0.0,19.282166574537232,8.798230374434613,8.798230374434613,0.0,0.0
association,C_PHP_L,Agranular,Dysgranular,2,3,1,0,102.53,,4728.0,6622.514260167707,10700.265188134774,15384,26310,404753040.0,54.264383997499834,7.91004083329342,19.818787661302952,8.798230374434613,9.27802380408071,8.461469042643875,0.0
association,C_PHP_L,Agranular,Eulaminate-I,2,4,2,0,102.53,,0.0,6622.514260167707,22768.255991853308,15384,57124,878795616.0,65.73612508670136,33.07313882684073,20.59406290984144,8.798230374434613,10.033122563759632,0.0,0.0
association,C_PHP_L,Agranular,Eulaminate-II,2,5,3,0,102.53,,0.0,6622.514260167707,35613.41729736446,15384,91441,1406728344.0,70.34817871794486,44.7120370280374,21.06453252181049,8.798230374434613,10.48047773621019,0.0,0.0
association,C_PHP_L,Agranular,Eulaminate-III,2,6,4,0,102.53,,0.0,6622.514260167707,33649.24638787018,15384,88368,1359453312.0,89.74482952848018,55.80360665928395,21.030348479409586,8.798230374434613,10.423745939216447,0.0,0.0
association,C_PHP_L,Agranular,Koniocortex,2,7,5,0,102.53,,0.0,6622.514260167707,8163.947686341252,15384,19005,292372920.0,85.96154715744069,68.44462079280663,19.493540668691963,8.798230374434613,9.007483116062714,0.0,0.0
association,C_PHP_L,Dysgranular,Dysgranular,3,3,0,0,102.53,,0.0,10700.265188134774,10700.265188134774,26310,26310,692216100.0,0.0,0.0,20.355408748068676,9.27802380408071,9.27802380408071,0.0,0.0
association,C_PHP_L,Dysgranular,Eulaminate-I,3,4,1,0,102.53,,4350.0,10700.265188134774,22768.255991853308,26310,57124,1502932440.0,20.197026300425016,22.836940505995305,21.13068399660716,9.27802380408071,10.033122563759632,8.37816098272068,0.0
association,C_PHP_L,Dysgranular,Eulaminate-II,3,5,2,0,102.53,,0.0,10700.265188134774,35613.41729736446,26310,91441,2405812710.0,23.97015689650552,32.108761641104515,21.601153608576215,9.27802380408071,10.48047773621019,0.0,0.0
association,C_PHP_L,Dysgranular,Eulaminate-III,3,6,3,0,102.53,,0.0,10700.265188134774,33649.24638787018,26310,88368,2324962080.0,52.98154925341811,41.389132083820314,21.566969566175306,9.27802380408071,10.423745939216447,0.0,0.0
association,C_PHP_L,Dysgranular,Koniocortex,3,7,4,0,102.53,,0.0,10700.265188134774,8163.947686341252,26310,19005,500021550.0,49.75628977519715,54.67614735865536,20.030161755457687,9.27802380408071,9.007483116062714,0.0,0.0
association,C_PHP_L,Eulaminate-I,Eulaminate-I,4,4,0,0,102.53,,0.0,22768.255991853308,22768.255991853308,57124,57124,3263151376.0,0.0,0.0,21.90595924514565,10.033122563759632,10.033122563759632,0.0,0.0
association,C_PHP_L,Eulaminate-I,Eulaminate-II,4,5,1,0,102.53,,9024.0,22768.255991853308,35613.41729736446,57124,91441,5223475684.0,5.5178320498710995,11.145503651810344,22.3764288571147,10.033122563759632,10.48047773621019,9.107753783201082,0.0
association,C_PHP_L,Eulaminate-I,Eulaminate-III,4,6,2,0,102.53,,5.0,22768.255991853308,33649.24638787018,57124,88368,5047933632.0,35.20599889920693,28.26577183390438,22.342244814713794,10.033122563759632,10.423745939216447,1.791759469228055,0.0
association,C_PHP_L,Eulaminate-I,Koniocortex,4,7,3,0,102.53,,0.0,22768.255991853308,8163.947686341252,57124,19005,1085641620.0,31.95251312854647,52.2544322153184,20.805437003996172,10.033122563759632,9.007483116062714,0.0,0.0
association,C_PHP_L,Eulaminate-II,Eulaminate-II,5,5,0,0,102.53,,0.0,35613.41729736446,35613.41729736446,91441,91441,8361456481.0,0.0,0.0,22.846898469083754,10.48047773621019,10.48047773621019,0.0,0.0
association,C_PHP_L,Eulaminate-II,Eulaminate-III,5,6,1,0,102.53,,7277.0,35613.41729736446,33649.24638787018,91441,88368,8080458288.0,29.944845626457578,14.984501820980698,22.812714426682845,10.48047773621019,10.423745939216447,8.892611378172106,0.0
association,C_PHP_L,Eulaminate-II,Koniocortex,5,7,2,0,102.53,,0.0,35613.41729736446,8163.947686341252,91441,19005,1737836205.0,26.62809583933342,38.828674246549575,21.275906615965226,10.48047773621019,9.007483116062714,0.0,0.0
association,C_PHP_L,Eulaminate-III,Eulaminate-III,6,6,0,0,102.53,,0.0,33649.24638787018,33649.24638787018,88368,88368,7808903424.0,0.0,0.0,22.778530384281936,10.423745939216447,10.423745939216447,0.0,0.0
association,C_PHP_L,Eulaminate-III,Koniocortex,6,7,1,0,102.53,,3808.0,33649.24638787018,8163.947686341252,88368,19005,1679433840.0,4.501507097540516,12.36068020572982,21.241722573564317,10.423745939216447,9.007483116062714,8.245121966478605,0.0
association,C_PHP_L,Koniocortex,Koniocortex,7,7,0,0,102.53,,0.0,8163.947686341252,8163.947686341252,19005,19005,361190025.0,0.0,0.0,19.7049147628467,9.007483116062714,9.007483116062714,0.0,0.0
association,C_PHP_R,Allocortex,Allocortex,1,1,0,0,105.84,,0.0,2658.59674113891,2658.59674113891,7340,7340,53875600.0,0.0,0.0,17.802188243217124,7.885553721651852,7.885553721651852,0.0,0.0
association,C_PHP_R,Allocortex,Agranular,1,2,1,0,105.84,,1736.0,2658.59674113891,6622.514260167707,7340,15384,112918560.0,27.688056529700724,18.339850085551195,18.542177408877176,7.885553721651852,8.798230374434613,7.459914766241105,0.0
association,C_PHP_R,Allocortex,Dysgranular,1,3,2,0,105.84,,0.0,2658.59674113891,10700.265188134774,7340,26310,193115400.0,59.9818830083861,27.925881965684923,19.0787984956429,7.885553721651852,9.27802380408071,0.0,0.0
association,C_PHP_R,Allocortex,Eulaminate-I,1,4,3,0,105.84,,0.0,2658.59674113891,22768.255991853308,7340,57124,419290160.0,68.94718481984316,50.06993810353758,19.854073744181385,7.885553721651852,10.033122563759632,0.0,0.0
association,C_PHP_R,Allocortex,Eulaminate-II,1,5,4,150,105.84,1.104,0.0,2658.59674113891,35613.41729736446,7340,91441,671176940.0,73.95675961300498,60.41255657195299,20.32454335615044,7.885553721651852,10.48047773621019,0.0,0.0
association,C_PHP_R,Allocortex,Eulaminate-III,1,6,5,0,105.84,,0.0,2658.59674113891,33649.24638787018,7340,88368,648621120.0,91.33775261923661,60.94069775783749,20.29035931374953,7.885553721651852,10.423745939216447,0.0,0.0
association,C_PHP_R,Allocortex,Koniocortex,1,7,6,0,105.84,,0.0,2658.59674113891,8163.947686341252,7340,19005,139496700.0,87.58222389791395,70.4107708124724,18.75355150303191,7.885553721651852,9.007483116062714,0.0,0.0
association,C_PHP_R,Agranular,Agranular,2,2,0,0,105.84,,0.0,6622.514260167707,6622.514260167707,15384,15384,236667456.0,0.0,0.0,19.282166574537232,8.798230374434613,8.798230374434613,0.0,0.0
association,C_PHP_R,Agranular,Dysgranular,2,3,1,0,105.84,,4728.0,6622.514260167707,10700.265188134774,15384,26310,404753040.0,54.264383997499834,7.91004083329342,19.818787661302952,8.798230374434613,9.27802380408071,8.461469042643875,0.0
association,C_PHP_R,Agranular,Eulaminate-I,2,4,2,0,105.84,,0.0,6622.514260167707,22768.255991853308,15384,57124,878795616.0,65.73612508670136,33.07313882684073,20.59406290984144,8.798230374434613,10.033122563759632,0.0,0.0
association,C_PHP_R,Agranular,Eulaminate-II,2,5,3,0,105.84,,0.0,6622.514260167707,35613.41729736446,15384,91441,1406728344.0,70.34817871794486,44.7120370280374,21.06453252181049,8.798230374434613,10.48047773621019,0.0,0.0
association,C_PHP_R,Agranular,Eulaminate-III,2,6,4,0,105.84,,0.0,6622.514260167707,33649.24638787018,15384,88368,1359453312.0,89.74482952848018,55.80360665928395,21.030348479409586,8.798230374434613,10.423745939216447,0.0,0.0
association,C_PHP_R,Agranular,Koniocortex,2,7,5,0,105.84,,0.0,6622.514260167707,8163.947686341252,15384,19005,292372920.0,85.96154715744069,68.44462079280663,19.493540668691963,8.798230374434613,9.007483116062714,0.0,0.0
association,C_PHP_R,Dysgranular,Dysgranular,3,3,0,0,105.84,,0.0,10700.265188134774,10700.265188134774,26310,26310,692216100.0,0.0,0.0,20.355408748068676,9.27802380408071,9.27802380408071,0.0,0.0
association,C_PHP_R,Dysgranular,Eulaminate-I,3,4,1,0,105.84,,4350.0,10700.265188134774,22768.255991853308,26310,57124,1502932440.0,20.197026300425016,22.836940505995305,21.13068399660716,9.27802380408071,10.033122563759632,8.37816098272068,0.0
association,C_PHP_R,Dysgranular,Eulaminate-II,3,5,2,0,105.84,,0.0,10700.265188134774,35613.41729736446,26310,91441,2405812710.0,23.97015689650552,32.108761641104515,21.601153608576215,9.27802380408071,10.48047773621019,0.0,0.0
association,C_PHP_R,Dysgranular,Eulaminate-III,3,6,3,0,105.84,,0.0,10700.265188134774,33649.24638787018,26310,88368,2324962080.0,52.98154925341811,41.389132083820314,21.566969566175306,9.27802380408071,10.423745939216447,0.0,0.0
association,C_PHP_R,Dysgranular,Koniocortex,3,7,4,0,105.84,,0.0,10700.265188134774,8163.947686341252,26310,19005,500021550.0,49.75628977519715,54.67614735865536,20.030161755457687,9.27802380408071,9.007483116062714,0.0,0.0
association,C_PHP_R,Eulaminate-I,Eulaminate-I,4,4,0,0,105.84,,0.0,22768.255991853308,22768.255991853308,57124,57124,3263151376.0,0.0,0.0,21.90595924514565,10.033122563759632,10.033122563759632,0.0,0.0
association,C_PHP_R,Eulaminate-I,Eulaminate-II,4,5,1,0,105.84,,9024.0,22768.255991853308,35613.41729736446,57124,91441,5223475684.0,5.5178320498710995,11.145503651810344,22.3764288571147,10.033122563759632,10.48047773621019,9.107753783201082,0.0
association,C_PHP_R,Eulaminate-I,Eulaminate-III,4,6,2,0,105.84,,5.0,22768.255991853308,33649.24638787018,57124,88368,5047933632.0,35.20599889920693,28.26577183390438,22.342244814713794,10.033122563759632,10.423745939216447,1.791759469228055,0.0
association,C_PHP_R,Eulaminate-I,Koniocortex,4,7,3,0,105.84,,0.0,22768.255991853308,8163.947686341252,57124,19005,1085641620.0,31.95251312854647,52.2544322153184,20.805437003996172,10.033122563759632,9.007483116062714,0.0,0.0
association,C_PHP_R,Eulaminate-II,Eulaminate-II,5,5,0,0,105.84,,0.0,35613.41729736446,35613.41729736446,91441,91441,8361456481.0,0.0,0.0,22.846898469083754,10.48047773621019,10.48047773621019,0.0,0.0
association,C_PHP_R,Eulaminate-II,Eulaminate-III,5,6,1,0,105.84,,7277.0,35613.41729736446,33649.24638787018,91441,88368,8080458288.0,29.944845626457578,14.984501820980698,22.812714426682845,10.48047773621019,10.423745939216447,8.892611378172106,0.0
association,C_PHP_R,Eulaminate-II,Koniocortex,5,7,2,0,105.84,,0.0,35613.41729736446,8163.947686341252,91441,19005,1737836205.0,26.62809583933342,38.828674246549575,21.275906615965226,10.48047773621019,9.007483116062714,0.0,0.0
association,C_PHP_R,Eulaminate-III,Eulaminate-III,6,6,0,0,105.84,,0.0,33649.24638787018,33649.24638787018,88368,88368,7808903424.0,0.0,0.0,22.778530384281936,10.423745939216447,10.423745939216447,0.0,0.0
association,C_PHP_R,Eulaminate-III,Koniocortex,6,7,1,0,105.84,,3808.0,33649.24638787018,8163.947686341252,88368,19005,1679433840.0,4.501507097540516,12.36068020572982,21.241722573564317,10.423745939216447,9.007483116062714,8.245121966478605,0.0
association,C_PHP_R,Koniocortex,Koniocortex,7,7,0,0,105.84,,0.0,8163.947686341252,8163.947686341252,19005,19005,361190025.0,0.0,0.0,19.7049147628467,9.007483116062714,9.007483116062714,0.0,0.0
association,C_PH_L,Allocortex,Allocortex,1,1,0,0,38.095,,0.0,2658.59674113891,2658.59674113891,7340,7340,53875600.0,0.0,0.0,17.802188243217124,7.885553721651852,7.885553721651852,0.0,0.0
association,C_PH_L,Allocortex,Agranular,1,2,1,76,36.3,1.009,1736.0,2658.59674113891,6622.514260167707,7340,15384,112918560.0,27.688056529700724,18.339850085551195,18.542177408877176,7.885553721651852,8.798230374434613,7.459914766241105,0.0
association,C_PH_L,Allocortex,Dysgranular,1,3,2,51,39.89,1.014,0.0,2658.59674113891,10700.265188134774,7340,26310,193115400.0,59.9818830083861,27.925881965684923,19.0787984956429,7.885553721651852,9.27802380408071,0.0,0.0
association,C_PH_L,Allocortex,Eulaminate-I,1,4,3,0,38.095,,0.0,2658.59674113891,22768.255991853308,7340,57124,419290160.0,68.94718481984316,50.06993810353758,19.854073744181385,7.885553721651852,10.033122563759632,0.0,0.0
association,C_PH_L,Allocortex,Eulaminate-II,1,5,4,0,38.095,,0.0,2658.59674113891,35613.41729736446,7340,91441,671176940.0,73.95675961300498,60.41255657195299,20.32454335615044,7.885553721651852,10.48047773621019,0.0,0.0
association,C_PH_L,Allocortex,Eulaminate-III,1,6,5,0,38.095,,0.0,2658.59674113891,33649.24638787018,7340,88368,648621120.0,91.33775261923661,60.94069775783749,20.29035931374953,7.885553721651852,10.423745939216447,0.0,0.0
association,C_PH_L,Allocortex,Koniocortex,1,7,6,0,38.095,,0.0,2658.59674113891,8163.947686341252,7340,19005,139496700.0,87.58222389791395,70.4107708124724,18.75355150303191,7.885553721651852,9.007483116062714,0.0,0.0
association,C_PH_L,Agranular,Agranular,2,2,0,0,38.095,,0.0,6622.514260167707,6622.514260167707,15384,15384,236667456.0,0.0,0.0,19.282166574537232,8.798230374434613,8.798230374434613,0.0,0.0
association,C_PH_L,Agranular,Dysgranular,2,3,1,0,38.095,,4728.0,6622.514260167707,10700.265188134774,15384,26310,404753040.0,54.264383997499834,7.91004083329342,19.818787661302952,8.798230374434613,9.27802380408071,8.461469042643875,0.0
association,C_PH_L,Agranular,Eulaminate-I,2,4,2,0,38.095,,0.0,6622.514260167707,22768.255991853308,15384,57124,878795616.0,65.73612508670136,33.07313882684073,20.59406290984144,8.798230374434613,10.033122563759632,0.0,0.0
association,C_PH_L,Agranular,Eulaminate-II,2,5,3,0,38.095,,0.0,6622.514260167707,35613.41729736446,15384,91441,1406728344.0,70.34817871794486,44.7120370280374,21.06453252181049,8.798230374434613,10.48047773621019,0.0,0.0
association,C_PH_L,Agranular,Eulaminate-III,2,6,4,0,38.095,,0.0,6622.514260167707,33649.24638787018,15384,88368,1359453312.0,89.74482952848018,55.80360665928395,21.030348479409586,8.798230374434613,10.423745939216447,0.0,0.0
association,C_PH_L,Agranular,Koniocortex,2,7,5,0,38.095,,0.0,6622.514260167707,8163.947686341252,15384,19005,292372920.0,85.96154715744069,68.44462079280663,19.493540668691963,8.798230374434613,9.007483116062714,0.0,0.0
association,C_PH_L,Dysgranular,Dysgranular,3,3,0,0,38.095,,0.0,10700.265188134774,10700.265188134774,26310,26310,692216100.0,0.0,0.0,20.355408748068676,9.27802380408071,9.27802380408071,0.0,0.0
association,C_PH_L,Dysgranular,Eulaminate-I,3,4,1,0,38.095,,4350.0,10700.265188134774,22768.255991853308,26310,57124,1502932440.0,20.197026300425016,22.836940505995305,21.13068399660716,9.27802380408071,10.033122563759632,8.37816098272068,0.0
association,C_PH_L,Dysgranular,Eulaminate-II,3,5,2,0,38.095,,0.0,10700.265188134774,35613.41729736446,26310,91441,2405812710.0,23.97015689650552,32.108761641104515,21.601153608576215,9.27802380408071,10.48047773621019,0.0,0.0
association,C_PH_L,Dysgranular,Eulaminate-III,3,6,3,0,38.095,,0.0,10700.265188134774,33649.24638787018,26310,88368,2324962080.0,52.98154925341811,41.389132083820314,21.566969566175306,9.27802380408071,10.423745939216447,0.0,0.0
association,C_PH_L,Dysgranular,Koniocortex,3,7,4,0,38.095,,0.0,10700.265188134774,8163.947686341252,26310,19005,500021550.0,49.75628977519715,54.67614735865536,20.030161755457687,9.27802380408071,9.007483116062714,0.0,0.0
association,C_PH_L,Eulaminate-I,Eulaminate-I,4,4,0,0,38.095,,0.0,22768.255991853308,22768.255991853308,57124,57124,3263151376.0,0.0,0.0,21.90595924514565,10.033122563759632,10.033122563759632,0.0,0.0
association,C_PH_L,Eulaminate-I,Eulaminate-II,4,5,1,0,38.095,,9024.0,22768.255991853308,35613.41729736446,57124,91441,5223475684.0,5.5178320498710995,11.145503651810344,22.3764288571147,10.033122563759632,10.48047773621019,9.107753783201082,0.0
association,C_PH_L,Eulaminate-I,Eulaminate-III,4,6,2,0,38.095,,5.0,22768.255991853308,33649.24638787018,57124,88368,5047933632.0,35.20599889920693,28.26577183390438,22.342244814713794,10.033122563759632,10.423745939216447,1.791759469228055,0.0
association,C_PH_L,Eulaminate-I,Koniocortex,4,7,3,0,38.095,,0.0,22768.255991853308,8163.947686341252,57124,19005,1085641620.0,31.95251312854647,52.2544322153184,20.805437003996172,10.033122563759632,9.007483116062714,0.0,0.0
association,C_PH_L,Eulaminate-II,Eulaminate-II,5,5,0,0,38.095,,0.0,35613.41729736446,35613.41729736446,91441,91441,8361456481.0,0.0,0.0,22.846898469083754,10.48047773621019,10.48047773621019,0.0,0.0
association,C_PH_L,Eulaminate-II,Eulaminate-III,5,6,1,0,38.095,,7277.0,35613.41729736446,33649.24638787018,91441,88368,8080458288.0,29.944845626457578,14.984501820980698,22.812714426682845,10.48047773621019,10.423745939216447,8.892611378172106,0.0
association,C_PH_L,Eulaminate-II,Koniocortex,5,7,2,0,38.095,,0.0,35613.41729736446,8163.947686341252,91441,19005,1737836205.0,26.62809583933342,38.828674246549575,21.275906615965226,10.48047773621019,9.007483116062714,0.0,0.0
association,C_PH_L,Eulaminate-III,Eulaminate-III,6,6,0,0,38.095,,0.0,33649.24638787018,33649.24638787018,88368,88368,7808903424.0,0.0,0.0,22.778530384281936,10.423745939216447,10.423745939216447,0.0,0.0
association,C_PH_L,Eulaminate-III,Koniocortex,6,7,1,0,38.095,,3808.0,33649.24638787018,8163.947686341252,88368,19005,1679433840.0,4.501507097540516,12.36068020572982,21.241722573564317,10.423745939216447,9.007483116062714,8.245121966478605,0.0
association,C_PH_L,Koniocortex,Koniocortex,7,7,0,0,38.095,,0.0,8163.947686341252,8163.947686341252,19005,19005,361190025.0,0.0,0.0,19.7049147628467,9.007483116062714,9.007483116062714,0.0,0.0
association,C_PH_R,Allocortex,Allocortex,1,1,0,7,24.01,1.002,0.0,2658.59674113891,2658.59674113891,7340,7340,53875600.0,0.0,0.0,17.802188243217124,7.885553721651852,7.885553721651852,0.0,0.0
association,C_PH_R,Allocortex,Agranular,1,2,1,25,30.13,1.003,1736.0,2658.59674113891,6622.514260167707,7340,15384,112918560.0,27.688056529700724,18.339850085551195,18.542177408877176,7.885553721651852,8.798230374434613,7.459914766241105,0.0
association,C_PH_R,Allocortex,Dysgranular,1,3,2,6,42.74,1.004,0.0,2658.59674113891,10700.265188134774,7340,26310,193115400.0,59.9818830083861,27.925881965684923,19.0787984956429,7.885553721651852,9.27802380408071,0.0,0.0
association,C_PH_R,Allocortex,Eulaminate-I,1,4,3,0,32.29333333333333,,0.0,2658.59674113891,22768.255991853308,7340,57124,419290160.0,68.94718481984316,50.06993810353758,19.854073744181385,7.885553721651852,10.033122563759632,0.0,0.0
association,C_PH_R,Allocortex,Eulaminate-II,1,5,4,0,32.29333333333333,,0.0,2658.59674113891,35613.41729736446,7340,91441,671176940.0,73.95675961300498,60.41255657195299,20.32454335615044,7.885553721651852,10.48047773621019,0.0,0.0
association,C_PH_R,Allocortex,Eulaminate-III,1,6,5,0,32.29333333333333,,0.0,2658.59674113891,33649.24638787018,7340,88368,648621120.0,91.33775261923661,60.94069775783749,20.29035931374953,7.885553721651852,10.423745939216447,0.0,0.0
association,C_PH_R,Allocortex,Koniocortex,1,7,6,0,32.29333333333333,,0.0,2658.59674113891,8163.947686341252,7340,19005,139496700.0,87.58222389791395,70.4107708124724,18.75355150303191,7.885553721651852,9.007483116062714,0.0,0.0
association,C_PH_R,Agranular,Agranular,2,2,0,0,32.29333333333333,,0.0,6622.514260167707,6622.514260167707,15384,15384,236667456.0,0.0,0.0,19.282166574537232,8.798230374434613,8.798230374434613,0.0,0.0
association,C_PH_R,Agranular,Dysgranular,2,3,1,0,32.29333333333333,,4728.0,6622.514260167707,10700.265188134774,15384,26310,404753040.0,54.264383997499834,7.91004083329342,19.818787661302952,8.798230374434613,9.27802380408071,8.461469042643875,0.0
association,C_PH_R,Agranular,Eulaminate-I,2,4,2,0,32.29333333333333,,0.0,6622.514260167707,22768.255991853308,15384,57124,878795616.0,65.73612508670136,33.07313882684073,20.59406290984144,8.798230374434613,10.033122563759632,0.0,0.0
association,C_PH_R,Agranular,Eulaminate-II,2,5,3,0,32.29333333333333,,0.0,6622.514260167707,35613.41729736446,15384,91441,1406728344.0,70.34817871794486,44.7120370280374,21.06453252181049,8.798230374434613,10.48047773621019,0.0,0.0
association,C_PH_R,Agranular,Eulaminate-III,2,6,4,0,32.29333333333333,,0.0,6622.514260167707,33649.24638787018,15384,88368,1359453312.0,89.74482952848018,55.80360665928395,21.030348479409586,8.798230374434613,10.423745939216447,0.0,0.0
association,C_PH_R,Agranular,Koniocortex,2,7,5,0,32.29333333333333,,0.0,6622.514260167707,8163.947686341252,15384,19005,292372920.0,85.96154715744069,68.44462079280663,19.493540668691963,8.798230374434613,9.007483116062714,0.0,0.0
association,C_PH_R,Dysgranular,Dysgranular,3,3,0,0,32.29333333333333,,0.0,10700.265188134774,10700.265188134774,26310,26310,692216100.0,0.0,0.0,20.355408748068676,9.27802380408071,9.27802380408071,0.0,0.0
association,C_PH_R,Dysgranular,Eulaminate-I,3,4,1,0,32.29333333333333,,4350.0,10700.265188134774,22768.255991853308,26310,57124,1502932440.0,20.197026300425016,22.836940505995305,21.13068399660716,9.27802380408071,10.033122563759632,8.37816098272068,0.0
association,C_PH_R,Dysgranular,Eulaminate-II,3,5,2,0,32.29333333333333,,0.0,10700.265188134774,35613.41729736446,26310,91441,2405812710.0,23.97015689650552,32.108761641104515,21.601153608576215,9.27802380408071,10.48047773621019,0.0,0.0
association,C_PH_R,Dysgranular,Eulaminate-III,3,6,3,0,32.29333333333333,,0.0,10700.265188134774,33649.24638787018,26310,88368,2324962080.0,52.98154925341811,41.389132083820314,21.566969566175306,9.27802380408071,10.423745939216447,0.0,0.0
association,C_PH_R,Dysgranular,Koniocortex,3,7,4,0,32.29333333333333,,0.0,10700.265188134774,8163.947686341252,26310,19005,500021550.0,49.75628977519715,54.67614735865536,20.030161755457687,9.27802380408071,9.007483116062714,0.0,0.0
association,C_PH_R,Eulaminate-I,Eulaminate-I,4,4,0,0,32.29333333333333,,0.0,22768.255991853308,22768.255991853308,57124,57124,3263151376.0,0.0,0.0,21.90595924514565,10.033122563759632,10.033122563759632,0.0,0.0
association,C_PH_R,Eulaminate-I,Eulaminate-II,4,5,1,0,32.29333333333333,,9024.0,22768.255991853308,35613.41729736446,57124,91441,5223475684.0,5.5178320498710995,11.145503651810344,22.3764288571147,10.033122563759632,10.48047773621019,9.107753783201082,0.0
association,C_PH_R,Eulaminate-I,Eulaminate-III,4,6,2,0,32.29333333333333,,5.0,22768.255991853308,33649.24638787018,57124,88368,5047933632.0,35.20599889920693,28.26577183390438,22.342244814713794,10.033122563759632,10.423745939216447,1.791759469228055,0.0
association,C_PH_R,Eulaminate-I,Koniocortex,4,7,3,0,32.29333333333333,,0.0,22768.255991853308,8163.947686341252,57124,19005,1085641620.0,31.95251312854647,52.2544322153184,20.805437003996172,10.033122563759632,9.007483116062714,0.0,0.0
association,C_PH_R,Eulaminate-II,Eulaminate-II,5,5,0,0,32.29333333333333,,0.0,35613.41729736446,35613.41729736446,91441,91441,8361456481.0,0.0,0.0,22.846898469083754,10.48047773621019,10.48047773621019,0.0,0.0
association,C_PH_R,Eulaminate-II,Eulaminate-III,5,6,1,0,32.29333333333333,,7277.0,35613.41729736446,33649.24638787018,91441,88368,8080458288.0,29.944845626457578,14.984501820980698,22.812714426682845,10.48047773621019,10.423745939216447,8.892611378172106,0.0
association,C_PH_R,Eulaminate-II,Koniocortex,5,7,2,0,32.29333333333333,,0.0,35613.41729736446,8163.947686341252,91441,19005,1737836205.0,26.62809583933342,38.828674246549575,21.275906615965226,10.48047773621019,9.007483116062714,0.0,0.0
association,C_PH_R,Eulaminate-III,Eulaminate-III,6,6,0,0,32.29333333333333,,0.0,33649.24638787018,33649.24638787018,88368,88368,7808903424.0,0.0,0.0,22.778530384281936,10.423745939216447,10.423745939216447,0.0,0.0
association,C_PH_R,Eulaminate-III,Koniocortex,6,7,1,0,32.29333333333333,,3808.0,33649.24638787018,8163.947686341252,88368,19005,1679433840.0,4.501507097540516,12.36068020572982,21.241722573564317,10.423745939216447,9.007483116062714,8.245121966478605,0.0
association,C_PH_R,Koniocortex,Koniocortex,7,7,0,0,32.29333333333333,,0.0,8163.947686341252,8163.947686341252,19005,19005,361190025.0,0.0,0.0,19.7049147628467,9.007483116062714,9.007483116062714,0.0,0.0
association,C_PO_L,Allocortex,Allocortex,1,1,0,0,73.69,,0.0,2658.59674113891,2658.59674113891,7340,7340,53875600.0,0.0,0.0,17.802188243217124,7.885553721651852,7.885553721651852,0.0,0.0
association,C_PO_L,Allocortex,Agranular,1,2,1,0,73.69,,1736.0,2658.59674113891,6622.514260167707,7340,15384,112918560.0,27.688056529700724,18.339850085551195,18.542177408877176,7.885553721651852,8.798230374434613,7.459914766241105,0.0
association,C_PO_L,Allocortex,Dysgranular,1,3,2,0,73.69,,0.0,2658.59674113891,10700.265188134774,7340,26310,193115400.0,59.9818830083861,27.925881965684923,19.0787984956429,7.885553721651852,9.27802380408071,0.0,0.0
association,C_PO_L,Allocortex,Eulaminate-I,1,4,3,0,73.69,,0.0,2658.59674113891,22768.255991853308,7340,57124,419290160.0,68.94718481984316,50.06993810353758,19.854073744181385,7.885553721651852,10.033122563759632,0.0,0.0
association,C_PO_L,Allocortex,Eulaminate-II,1,5,4,0,73.69,,0.0,2658.59674113891,35613.41729736446,7340,91441,671176940.0,73.95675961300498,60.41255657195299,20.32454335615044,7.885553721651852,10.48047773621019,0.0,0.0
association,C_PO_L,Allocortex,Eulaminate-III,1,6,5,0,73.69,,0.0,2658.59674113891,33649.24638787018,7340,88368,648621120.0,91.33775261923661,60.94069775783749,20.29035931374953,7.885553721651852,10.423745939216447,0.0,0.0
association,C_PO_L,Allocortex,Koniocortex,1,7,6,0,73.69,,0.0,2658.59674113891,8163.947686341252,7340,19005,139496700.0,87.58222389791395,70.4107708124724,18.75355150303191,7.885553721651852,9.007483116062714,0.0,0.0
association,C_PO_L,Agranular,Agranular,2,2,0,0,73.69,,0.0,6622.514260167707,6622.514260167707,15384,15384,236667456.0,0.0,0.0,19.282166574537232,8.798230374434613,8.798230374434613,0.0,0.0
association,C_PO_L,Agranular,Dysgranular,2,3,1,9,75.01,1.172,4728.0,6622.514260167707,10700.265188134774,15384,26310,404753040.0,54.264383997499834,7.91004083329342,19.818787661302952,8.798230374434613,9.27802380408071,8.461469042643875,0.0
association,C_PO_L,Agranular,Eulaminate-I,2,4,2,0,73.69,,0.0,6622.514260167707,22768.255991853308,15384,57124,878795616.0,65.73612508670136,33.07313882684073,20.59406290984144,8.798230374434613,10.033122563759632,0.0,0.0
association,C_PO_L,Agranular,Eulaminate-II,2,5,3,0,73.69,,0.0,6622.514260167707,35613.41729736446,15384,91441,1406728344.0,70.34817871794486,44.7120370280374,21.06453252181049,8.798230374434613,10.48047773621019,0.0,0.0
association,C_PO_L,Agranular,Eulaminate-III,2,6,4,0,73.69,,0.0,6622.514260167707,33649.24638787018,15384,88368,1359453312.0,89.74482952848018,55.80360665928395,21.030348479409586,8.798230374434613,10.423745939216447,0.0,0.0
association,C_PO_L,Agranular,Koniocortex,2,7,5,0,73.69,,0.0,6622.514260167707,8163.947686341252,15384,19005,292372920.0,85.96154715744069,68.44462079280663,19.493540668691963,8.798230374434613,9.007483116062714,0.0,0.0
association,C_PO_L,Dysgranular,Dysgranular,3,3,0,13,72.37,1.058,0.0,10700.265188134774,10700.265188134774,26310,26310,692216100.0,0.0,0.0,20.355408748068676,9.27802380408071,9.27802380408071,0.0,0.0
association,C_PO_L,Dysgranular,Eulaminate-I,3,4,1,0,73.69,,4350.0,10700.265188134774,22768.255991853308,26310,57124,1502932440.0,20.197026300425016,22.836940505995305,21.13068399660716,9.27802380408071,10.033122563759632,8.37816098272068,0.0
association,C_PO_L,Dysgranular,Eulaminate-II,3,5,2,0,73.69,,0.0,10700.265188134774,35613.41729736446,26310,91441,2405812710.0,23.97015689650552,32.108761641104515,21.601153608576215,9.27802380408071,10.48047773621019,0.0,0.0
association,C_PO_L,Dysgranular,Eulaminate-III,3,6,3,0,73.69,,0.0,10700.265188134774,33649.24638787018,26310,88368,2324962080.0,52.98154925341811,41.389132083820314,21.566969566175306,9.27802380408071,10.423745939216447,0.0,0.0
association,C_PO_L,Dysgranular,Koniocortex,3,7,4,0,73.69,,0.0,10700.265188134774,8163.947686341252,26310,19005,500021550.0,49.75628977519715,54.67614735865536,20.030161755457687,9.27802380408071,9.007483116062714,0.0,0.0
association,C_PO_L,Eulaminate-I,Eulaminate-I,4,4,0,0,73.69,,0.0,22768.255991853308,22768.255991853308,57124,57124,3263151376.0,0.0,0.0,21.90595924514565,10.033122563759632,10.033122563759632,0.0,0.0
association,C_PO_L,Eulaminate-I,Eulaminate-II,4,5,1,0,73.69,,9024.0,22768.255991853308,35613.41729736446,57124,91441,5223475684.0,5.5178320498710995,11.145503651810344,22.3764288571147,10.033122563759632,10.48047773621019,9.107753783201082,0.0
association,C_PO_L,Eulaminate-I,Eulaminate-III,4,6,2,0,73.69,,5.0,22768.255991853308,33649.24638787018,57124,88368,5047933632.0,35.20599889920693,28.26577183390438,22.342244814713794,10.033122563759632,10.423745939216447,1.791759469228055,0.0
association,C_PO_L,Eulaminate-I,Koniocortex,4,7,3,0,73.69,,0.0,22768.255991853308,8163.947686341252,57124,19005,1085641620.0,31.95251312854647,52.2544322153184,20.805437003996172,10.033122563759632,9.007483116062714,0.0,0.0
association,C_PO_L,Eulaminate-II,Eulaminate-II,5,5,0,0,73.69,,0.0,35613.41729736446,35613.41729736446,91441,91441,8361456481.0,0.0,0.0,22.846898469083754,10.48047773621019,10.48047773621019,0.0,0.0
association,C_PO_L,Eulaminate-II,Eulaminate-III,5,6,1,0,73.69,,7277.0,35613.41729736446,33649.24638787018,91441,88368,8080458288.0,29.944845626457578,14.984501820980698,22.812714426682845,10.48047773621019,10.423745939216447,8.892611378172106,0.0
association,C_PO_L,Eulaminate-II,Koniocortex,5,7,2,0,73.69,,0.0,35613.41729736446,8163.947686341252,91441,19005,1737836205.0,26.62809583933342,38.828674246549575,21.275906615965226,10.48047773621019,9.007483116062714,0.0,0.0
association,C_PO_L,Eulaminate-III,Eulaminate-III,6,6,0,0,73.69,,0.0,33649.24638787018,33649.24638787018,88368,88368,7808903424.0,0.0,0.0,22.778530384281936,10.423745939216447,10.423745939216447,0.0,0.0
association,C_PO_L,Eulaminate-III,Koniocortex,6,7,1,0,73.69,,3808.0,33649.24638787018,8163.947686341252,88368,19005,1679433840.0,4.501507097540516,12.36068020572982,21.241722573564317,10.423745939216447,9.007483116062714,8.245121966478605,0.0
association,C_PO_L,Koniocortex,Koniocortex,7,7,0,0,73.69,,0.0,8163.947686341252,8163.947686341252,19005,19005,361190025.0,0.0,0.0,19.7049147628467,9.007483116062714,9.007483116062714,0.0,0.0
association,C_PO_R,Allocortex,Allocortex,1,1,0,0,119.00999999999999,,0.0,2658.59674113891,2658.59674113891,7340,7340,53875600.0,0.0,0.0,17.802188243217124,7.885553721651852,7.885553721651852,0.0,0.0
association,C_PO_R,Allocortex,Agranular,1,2,1,0,119.00999999999999,,1736.0,2658.59674113891,6622.514260167707,7340,15384,112918560.0,27.688056529700724,18.339850085551195,18.542177408877176,7.885553721651852,8.798230374434613,7.459914766241105,0.0
association,C_PO_R,Allocortex,Dysgranular,1,3,2,0,119.00999999999999,,0.0,2658.59674113891,10700.265188134774,7340,26310,193115400.0,59.9818830083861,27.925881965684923,19.0787984956429,7.885553721651852,9.27802380408071,0.0,0.0
association,C_PO_R,Allocortex,Eulaminate-I,1,4,3,0,119.00999999999999,,0.0,2658.59674113891,22768.255991853308,7340,57124,419290160.0,68.94718481984316,50.06993810353758,19.854073744181385,7.885553721651852,10.033122563759632,0.0,0.0
association,C_PO_R,Allocortex,Eulaminate-II,1,5,4,0,119.00999999999999,,0.0,2658.59674113891,35613.41729736446,7340,91441,671176940.0,73.95675961300498,60.41255657195299,20.32454335615044,7.885553721651852,10.48047773621019,0.0,0.0
association,C_PO_R,Allocortex,Eulaminate-III,1,6,5,0,119.00999999999999,,0.0,2658.59674113891,33649.24638787018,7340,88368,648621120.0,91.33775261923661,60.94069775783749,20.29035931374953,7.885553721651852,10.423745939216447,0.0,0.0
association,C_PO_R,Allocortex,Koniocortex,1,7,6,0,119.00999999999999,,0.0,2658.59674113891,8163.947686341252,7340,19005,139496700.0,87.58222389791395,70.4107708124724,18.75355150303191,7.885553721651852,9.007483116062714,0.0,0.0
association,C_PO_R,Agranular,Agranular,2,2,0,0,119.00999999999999,,0.0,6622.514260167707,6622.514260167707,15384,15384,236667456.0,0.0,0.0,19.282166574537232,8.798230374434613,8.798230374434613,0.0,0.0
association,C_PO_R,Agranular,Dysgranular,2,3,1,42,116.97,1.563,4728.0,6622.514260167707,10700.265188134774,15384,26310,404753040.0,54.264383997499834,7.91004083329342,19.818787661302952,8.798230374434613,9.27802380408071,8.461469042643875,0.0
association,C_PO_R,Agranular,Eulaminate-I,2,4,2,6,128.63,1.618,0.0,6622.514260167707,22768.255991853308,15384,57124,878795616.0,65.73612508670136,33.07313882684073,20.59406290984144,8.798230374434613,10.033122563759632,0.0,0.0
association,C_PO_R,Agranular,Eulaminate-II,2,5,3,0,119.00999999999999,,0.0,6622.514260167707,35613.41729736446,15384,91441,1406728344.0,70.34817871794486,44.7120370280374,21.06453252181049,8.798230374434613,10.48047773621019,0.0,0.0
association,C_PO_R,Agranular,Eulaminate-III,2,6,4,0,119.00999999999999,,0.0,6622.514260167707,33649.24638787018,15384,88368,1359453312.0,89.74482952848018,55.80360665928395,21.030348479409586,8.798230374434613,10.423745939216447,0.0,0.0
association,C_PO_R,Agranular,Koniocortex,2,7,5,0,119.00999999999999,,0.0,6622.514260167707,8163.947686341252,15384,19005,292372920.0,85.96154715744069,68.44462079280663,19.493540668691963,8.798230374434613,9.007483116062714,0.0,0.0
association,C_PO_R,Dysgranular,Dysgranular,3,3,0,61,111.43,1.358,0.0,10700.265188134774,10700.265188134774,26310,26310,692216100.0,0.0,0.0,20.355408748068676,9.27802380408071,9.27802380408071,0.0,0.0
association,C_PO_R,Dysgranular,Eulaminate-I,3,4,1,0,119.00999999999999,,4350.0,10700.265188134774,22768.255991853308,26310,57124,1502932440.0,20.197026300425016,22.836940505995305,21.13068399660716,9.27802380408071,10.033122563759632,8.37816098272068,0.0
association,C_PO_R,Dysgranular,Eulaminate-II,3,5,2,0,119.00999999999999,,0.0,10700.265188134774,35613.41729736446,26310,91441,2405812710.0,23.97015689650552,32.108761641104515,21.601153608576215,9.27802380408071,10.48047773621019,0.0,0.0
association,C_PO_R,Dysgranular,Eulaminate-III,3,6,3,0,119.00999999999999,,0.0,10700.265188134774,33649.24638787018,26310,88368,2324962080.0,52.98154925341811,41.389132083820314,21.566969566175306,9.27802380408071,10.423745939216447,0.0,0.0
association,C_PO_R,Dysgranular,Koniocortex,3,7,4,0,119.00999999999999,,0.0,10700.265188134774,8163.947686341252,26310,19005,500021550.0,49.75628977519715,54.67614735865536,20.030161755457687,9.27802380408071,9.007483116062714,0.0,0.0
association,C_PO_R,Eulaminate-I,Eulaminate-I,4,4,0,0,119.00999999999999,,0.0,22768.255991853308,22768.255991853308,57124,57124,3263151376.0,0.0,0.0,21.90595924514565,10.033122563759632,10.033122563759632,0.0,0.0
association,C_PO_R,Eulaminate-I,Eulaminate-II,4,5,1,0,119.00999999999999,,9024.0,22768.255991853308,35613.41729736446,57124,91441,5223475684.0,5.5178320498710995,11.145503651810344,22.3764288571147,10.033122563759632,10.48047773621019,9.107753783201082,0.0
association,C_PO_R,Eulaminate-I,Eulaminate-III,4,6,2,0,119.00999999999999,,5.0,22768.255991853308,33649.24638787018,57124,88368,5047933632.0,35.20599889920693,28.26577183390438,22.342244814713794,10.033122563759632,10.423745939216447,1.791759469228055,0.0
association,C_PO_R,Eulaminate-I,Koniocortex,4,7,3,0,119.00999999999999,,0.0,22768.255991853308,8163.947686341252,57124,19005,1085641620.0,31.95251312854647,52.2544322153184,20.805437003996172,10.033122563759632,9.007483116062714,0.0,0.0
association,C_PO_R,Eulaminate-II,Eulaminate-II,5,5,0,0,119.00999999999999,,0.0,35613.41729736446,35613.41729736446,91441,91441,8361456481.0,0.0,0.0,22.846898469083754,10.48047773621019,10.48047773621019,0.0,0.0
association,C_PO_R,Eulaminate-II,Eulaminate-III,5,6,1,0,119.00999999999999,,7277.0,35613.41729736446,33649.24638787018,91441,88368,8080458288.0,29.944845626457578,14.984501820980698,22.812714426682845,10.48047773621019,10.423745939216447,8.892611378172106,0.0
association,C_PO_R,Eulaminate-II,Koniocortex,5,7,2,0,119.00999999999999,,0.0,35613.41729736446,8163.947686341252,91441,19005,1737836205.0,26.62809583933342,38.828674246549575,21.275906615965226,10.48047773621019,9.007483116062714,0.0,0.0
association,C_PO_R,Eulaminate-III,Eulaminate-III,6,6,0,0,119.00999999999999,,0.0,33649.24638787018,33649.24638787018,88368,88368,7808903424.0,0.0,0.0,22.778530384281936,10.423745939216447,10.423745939216447,0.0,0.0
association,C_PO_R,Eulaminate-III,Koniocortex,6,7,1,0,119.00999999999999,,3808.0,33649.24638787018,8163.947686341252,88368,19005,1679433840.0,4.501507097540516,12.36068020572982,21.241722573564317,10.423745939216447,9.007483116062714,8.245121966478605,0.0
association,C_PO_R,Koniocortex,Koniocortex,7,7,0,0,119.00999999999999,,0.0,8163.947686341252,8163.947686341252,19005,19005,361190025.0,0.0,0.0,19.7049147628467,9.007483116062714,9.007483116062714,0.0,0.0
association,EMC_L,Allocortex,Allocortex,1,1,0,0,98.94,,0.0,2658.59674113891,2658.59674113891,7340,7340,53875600.0,0.0,0.0,17.802188243217124,7.885553721651852,7.885553721651852,0.0,0.0
association,EMC_L,Allocortex,Agranular,1,2,1,0,98.94,,1736.0,2658.59674113891,6622.514260167707,7340,15384,112918560.0,27.688056529700724,18.339850085551195,18.542177408877176,7.885553721651852,8.798230374434613,7.459914766241105,0.0
association,EMC_L,Allocortex,Dysgranular,1,3,2,0,98.94,,0.0,2658.59674113891,10700.265188134774,7340,26310,193115400.0,59.9818830083861,27.925881965684923,19.0787984956429,7.885553721651852,9.27802380408071,0.0,0.0
association,EMC_L,Allocortex,Eulaminate-I,1,4,3,0,98.94,,0.0,2658.59674113891,22768.255991853308,7340,57124,419290160.0,68.94718481984316,50.06993810353758,19.854073744181385,7.885553721651852,10.033122563759632,0.0,0.0
association,EMC_L,Allocortex,Eulaminate-II,1,5,4,0,98.94,,0.0,2658.59674113891,35613.41729736446,7340,91441,671176940.0,73.95675961300498,60.41255657195299,20.32454335615044,7.885553721651852,10.48047773621019,0.0,0.0
association,EMC_L,Allocortex,Eulaminate-III,1,6,5,560,102.66,1.047,0.0,2658.59674113891,33649.24638787018,7340,88368,648621120.0,91.33775261923661,60.94069775783749,20.29035931374953,7.885553721651852,10.423745939216447,0.0,0.0
association,EMC_L,Allocortex,Koniocortex,1,7,6,18,97.04,1.066,0.0,2658.59674113891,8163.947686341252,7340,19005,139496700.0,87.58222389791395,70.4107708124724,18.75355150303191,7.885553721651852,9.007483116062714,0.0,0.0
association,EMC_L,Agranular,Agranular,2,2,0,0,98.94,,0.0,6622.514260167707,6622.514260167707,15384,15384,236667456.0,0.0,0.0,19.282166574537232,8.798230374434613,8.798230374434613,0.0,0.0
association,EMC_L,Agranular,Dysgranular,2,3,1,0,98.94,,4728.0,6622.514260167707,10700.265188134774,15384,26310,404753040.0,54.264383997499834,7.91004083329342,19.818787661302952,8.798230374434613,9.27802380408071,8.461469042643875,0.0
association,EMC_L,Agranular,Eulaminate-I,2,4,2,0,98.94,,0.0,6622.514260167707,22768.255991853308,15384,57124,878795616.0,65.73612508670136,33.07313882684073,20.59406290984144,8.798230374434613,10.033122563759632,0.0,0.0
association,EMC_L,Agranular,Eulaminate-II,2,5,3,0,98.94,,0.0,6622.514260167707,35613.41729736446,15384,91441,1406728344.0,70.34817871794486,44.7120370280374,21.06453252181049,8.798230374434613,10.48047773621019,0.0,0.0
association,EMC_L,Agranular,Eulaminate-III,2,6,4,634,101.21,1.056,0.0,6622.514260167707,33649.24638787018,15384,88368,1359453312.0,89.74482952848018,55.80360665928395,21.030348479409586,8.798230374434613,10.423745939216447,0.0,0.0
association,EMC_L,Agranular,Koniocortex,2,7,5,25,94.85,1.067,0.0,6622.514260167707,8163.947686341252,15384,19005,292372920.0,85.96154715744069,68.44462079280663,19.493540668691963,8.798230374434613,9.007483116062714,0.0,0.0
association,EMC_L,Dysgranular,Dysgranular,3,3,0,0,98.94,,0.0,10700.265188134774,10700.265188134774,26310,26310,692216100.0,0.0,0.0,20.355408748068676,9.27802380408071,9.27802380408071,0.0,0.0
association,EMC_L,Dysgranular,Eulaminate-I,3,4,1,0,98.94,,4350.0,10700.265188134774,22768.255991853308,26310,57124,1502932440.0,20.197026300425016,22.836940505995305,21.13068399660716,9.27802380408071,10.033122563759632,8.37816098272068,0.0
association,EMC_L,Dysgranular,Eulaminate-II,3,5,2,0,98.94,,0.0,10700.265188134774,35613.41729736446,26310,91441,2405812710.0,23.97015689650552,32.108761641104515,21.601153608576215,9.27802380408071,10.48047773621019,0.0,0.0
association,EMC_L,Dysgranular,Eulaminate-III,3,6,3,0,98.94,,0.0,10700.265188134774,33649.24638787018,26310,88368,2324962080.0,52.98154925341811,41.389132083820314,21.566969566175306,9.27802380408071,10.423745939216447,0.0,0.0
association,EMC_L,Dysgranular,Koniocortex,3,7,4,0,98.94,,0.0,10700.265188134774,8163.947686341252,26310,19005,500021550.0,49.75628977519715,54.67614735865536,20.030161755457687,9.27802380408071,9.007483116062714,0.0,0.0
association,EMC_L,Eulaminate-I,Eulaminate-I,4,4,0,0,98.94,,0.0,22768.255991853308,22768.255991853308,57124,57124,3263151376.0,0.0,0.0,21.90595924514565,10.033122563759632,10.033122563759632,0.0,0.0
association,EMC_L,Eulaminate-I,Eulaminate-II,4,5,1,0,98.94,,9024.0,22768.255991853308,35613.41729736446,57124,91441,5223475684.0,5.5178320498710995,11.145503651810344,22.3764288571147,10.033122563759632,10.48047773621019,9.107753783201082,0.0
association,EMC_L,Eulaminate-I,Eulaminate-III,4,6,2,0,98.94,,5.0,22768.255991853308,33649.24638787018,57124,88368,5047933632.0,35.20599889920693,28.26577183390438,22.342244814713794,10.033122563759632,10.423745939216447,1.791759469228055,0.0
association,EMC_L,Eulaminate-I,Koniocortex,4,7,3,0,98.94,,0.0,22768.255991853308,8163.947686341252,57124,19005,1085641620.0,31.95251312854647,52.2544322153184,20.805437003996172,10.033122563759632,9.007483116062714,0.0,0.0
association,EMC_L,Eulaminate-II,Eulaminate-II,5,5,0,0,98.94,,0.0,35613.41729736446,35613.41729736446,91441,91441,8361456481.0,0.0,0.0,22.846898469083754,10.48047773621019,10.48047773621019,0.0,0.0
association,EMC_L,Eulaminate-II,Eulaminate-III,5,6,1,0,98.94,,7277.0,35613.41729736446,33649.24638787018,91441,88368,8080458288.0,29.944845626457578,14.984501820980698,22.812714426682845,10.48047773621019,10.423745939216447,8.892611378172106,0.0
association,EMC_L,Eulaminate-II,Koniocortex,5,7,2,0,98.94,,0.0,35613.41729736446,8163.947686341252,91441,19005,1737836205.0,26.62809583933342,38.828674246549575,21.275906615965226,10.48047773621019,9.007483116062714,0.0,0.0
association,EMC_L,Eulaminate-III,Eulaminate-III,6,6,0,0,98.94,,0.0,33649.24638787018,33649.24638787018,88368,88368,7808903424.0,0.0,0.0,22.778530384281936,10.423745939216447,10.423745939216447,0.0,0.0
association,EMC_L,Eulaminate-III,Koniocortex,6,7,1,0,98.94,,3808.0,33649.24638787018,8163.947686341252,88368,19005,1679433840.0,4.501507097540516,12.36068020572982,21.241722573564317,10.423745939216447,9.007483116062714,8.245121966478605,0.0
association,EMC_L,Koniocortex,Koniocortex,7,7,0,0,98.94,,0.0,8163.947686341252,8163.947686341252,19005,19005,361190025.0,0.0,0.0,19.7049147628467,9.007483116062714,9.007483116062714,0.0,0.0
association,EMC_R,Allocortex,Allocortex,1,1,0,0,106.88833333333334,,0.0,2658.59674113891,2658.59674113891,7340,7340,53875600.0,0.0,0.0,17.802188243217124,7.885553721651852,7.885553721651852,0.0,0.0
association,EMC_R,Allocortex,Agranular,1,2,1,0,106.88833333333334,,1736.0,2658.59674113891,6622.514260167707,7340,15384,112918560.0,27.688056529700724,18.339850085551195,18.542177408877176,7.885553721651852,8.798230374434613,7.459914766241105,0.0
association,EMC_R,Allocortex,Dysgranular,1,3,2,0,106.88833333333334,,0.0,2658.59674113891,10700.265188134774,7340,26310,193115400.0,59.9818830083861,27.925881965684923,19.0787984956429,7.885553721651852,9.27802380408071,0.0,0.0
association,EMC_R,Allocortex,Eulaminate-I,1,4,3,0,106.88833333333334,,0.0,2658.59674113891,22768.255991853308,7340,57124,419290160.0,68.94718481984316,50.06993810353758,19.854073744181385,7.885553721651852,10.033122563759632,0.0,0.0
association,EMC_R,Allocortex,Eulaminate-II,1,5,4,25,109.68,1.072,0.0,2658.59674113891,35613.41729736446,7340,91441,671176940.0,73.95675961300498,60.41255657195299,20.32454335615044,7.885553721651852,10.48047773621019,0.0,0.0
association,EMC_R,Allocortex,Eulaminate-III,1,6,5,82,104.66,1.066,0.0,2658.59674113891,33649.24638787018,7340,88368,648621120.0,91.33775261923661,60.94069775783749,20.29035931374953,7.885553721651852,10.423745939216447,0.0,0.0
association,EMC_R,Allocortex,Koniocortex,1,7,6,0,106.88833333333334,,0.0,2658.59674113891,8163.947686341252,7340,19005,139496700.0,87.58222389791395,70.4107708124724,18.75355150303191,7.885553721651852,9.007483116062714,0.0,0.0
association,EMC_R,Agranular,Agranular,2,2,0,0,106.88833333333334,,0.0,6622.514260167707,6622.514260167707,15384,15384,236667456.0,0.0,0.0,19.282166574537232,8.798230374434613,8.798230374434613,0.0,0.0
association,EMC_R,Agranular,Dysgranular,2,3,1,0,106.88833333333334,,4728.0,6622.514260167707,10700.265188134774,15384,26310,404753040.0,54.264383997499834,7.91004083329342,19.818787661302952,8.798230374434613,9.27802380408071,8.461469042643875,0.0
association,EMC_R,Agranular,Eulaminate-I,2,4,2,0,106.88833333333334,,0.0,6622.514260167707,22768.255991853308,15384,57124,878795616.0,65.73612508670136,33.07313882684073,20.59406290984144,8.798230374434613,10.033122563759632,0.0,0.0
association,EMC_R,Agranular,Eulaminate-II,2,5,3,18,108.45,1.097,0.0,6622.514260167707,35613.41729736446,15384,91441,1406728344.0,70.34817871794486,44.7120370280374,21.06453252181049,8.798230374434613,10.48047773621019,0.0,0.0
association,EMC_R,Agranular,Eulaminate-III,2,6,4,26,104.44,1.105,0.0,6622.514260167707,33649.24638787018,15384,88368,1359453312.0,89.74482952848018,55.80360665928395,21.030348479409586,8.798230374434613,10.423745939216447,0.0,0.0
association,EMC_R,Agranular,Koniocortex,2,7,5,0,106.88833333333334,,0.0,6622.514260167707,8163.947686341252,15384,19005,292372920.0,85.96154715744069,68.44462079280663,19.493540668691963,8.798230374434613,9.007483116062714,0.0,0.0
association,EMC_R,Dysgranular,Dysgranular,3,3,0,0,106.88833333333334,,0.0,10700.265188134774,10700.265188134774,26310,26310,692216100.0,0.0,0.0,20.355408748068676,9.27802380408071,9.27802380408071,0.0,0.0
association,EMC_R,Dysgranular,Eulaminate-I,3,4,1,0,106.88833333333334,,4350.0,10700.265188134774,22768.255991853308,26310,57124,1502932440.0,20.197026300425016,22.836940505995305,21.13068399660716,9.27802380408071,10.033122563759632,8.37816098272068,0.0
association,EMC_R,Dysgranular,Eulaminate-II,3,5,2,8,111.94,1.12,0.0,10700.265188134774,35613.41729736446,26310,91441,2405812710.0,23.97015689650552,32.108761641104515,21.601153608576215,9.27802380408071,10.48047773621019,0.0,0.0
association,EMC_R,Dysgranular,Eulaminate-III,3,6,3,31,102.16,1.111,0.0,10700.265188134774,33649.24638787018,26310,88368,2324962080.0,52.98154925341811,41.389132083820314,21.566969566175306,9.27802380408071,10.423745939216447,0.0,0.0
association,EMC_R,Dysgranular,Koniocortex,3,7,4,0,106.88833333333334,,0.0,10700.265188134774,8163.947686341252,26310,19005,500021550.0,49.75628977519715,54.67614735865536,20.030161755457687,9.27802380408071,9.007483116062714,0.0,0.0
association,EMC_R,Eulaminate-I,Eulaminate-I,4,4,0,0,106.88833333333334,,0.0,22768.255991853308,22768.255991853308,57124,57124,3263151376.0,0.0,0.0,21.90595924514565,10.033122563759632,10.033122563759632,0.0,0.0
association,EMC_R,Eulaminate-I,Eulaminate-II,4,5,1,0,106.88833333333334,,9024.0,22768.255991853308,35613.41729736446,57124,91441,5223475684.0,5.5178320498710995,11.145503651810344,22.3764288571147,10.033122563759632,10.48047773621019,9.107753783201082,0.0
association,EMC_R,Eulaminate-I,Eulaminate-III,4,6,2,0,106.88833333333334,,5.0,22768.255991853308,33649.24638787018,57124,88368,5047933632.0,35.20599889920693,28.26577183390438,22.342244814713794,10.033122563759632,10.423745939216447,1.791759469228055,0.0
association,EMC_R,Eulaminate-I,Koniocortex,4,7,3,0,106.88833333333334,,0.0,22768.255991853308,8163.947686341252,57124,19005,1085641620.0,31.95251312854647,52.2544322153184,20.805437003996172,10.033122563759632,9.007483116062714,0.0,0.0
association,EMC_R,Eulaminate-II,Eulaminate-II,5,5,0,0,106.88833333333334,,0.0,35613.41729736446,35613.41729736446,91441,91441,8361456481.0,0.0,0.0,22.846898469083754,10.48047773621019,10.48047773621019,0.0,0.0
association,EMC_R,Eulaminate-II,Eulaminate-III,5,6,1,0,106.88833333333334,,7277.0,35613.41729736446,33649.24638787018,91441,88368,8080458288.0,29.944845626457578,14.984501820980698,22.812714426682845,10.48047773621019,10.423745939216447,8.892611378172106,0.0
association,EMC_R,Eulaminate-II,Koniocortex,5,7,2,0,106.88833333333334,,0.0,35613.41729736446,8163.947686341252,91441,19005,1737836205.0,26.62809583933342,38.828674246549575,21.275906615965226,10.48047773621019,9.007483116062714,0.0,0.0
association,EMC_R,Eulaminate-III,Eulaminate-III,6,6,0,0,106.88833333333334,,0.0,33649.24638787018,33649.24638787018,88368,88368,7808903424.0,0.0,0.0,22.778530384281936,10.423745939216447,10.423745939216447,0.0,0.0
association,EMC_R,Eulaminate-III,Koniocortex,6,7,1,0,106.88833333333334,,3808.0,33649.24638787018,8163.947686341252,88368,19005,1679433840.0,4.501507097540516,12.36068020572982,21.241722573564317,10.423745939216447,9.007483116062714,8.245121966478605,0.0
association,EMC_R,Koniocortex,Koniocortex,7,7,0,0,106.88833333333334,,0.0,8163.947686341252,8163.947686341252,19005,19005,361190025.0,0.0,0.0,19.7049147628467,9.007483116062714,9.007483116062714,0.0,0.0
association,FAT_L,Allocortex,Allocortex,1,1,0,0,75.55,,0.0,2658.59674113891,2658.59674113891,7340,7340,53875600.0,0.0,0.0,17.802188243217124,7.885553721651852,7.885553721651852,0.0,0.0
association,FAT_L,Allocortex,Agranular,1,2,1,0,75.55,,1736.0,2658.59674113891,6622.514260167707,7340,15384,112918560.0,27.688056529700724,18.339850085551195,18.542177408877176,7.885553721651852,8.798230374434613,7.459914766241105,0.0
association,FAT_L,Allocortex,Dysgranular,1,3,2,0,75.55,,0.0,2658.59674113891,10700.265188134774,7340,26310,193115400.0,59.9818830083861,27.925881965684923,19.0787984956429,7.885553721651852,9.27802380408071,0.0,0.0
association,FAT_L,Allocortex,Eulaminate-I,1,4,3,0,75.55,,0.0,2658.59674113891,22768.255991853308,7340,57124,419290160.0,68.94718481984316,50.06993810353758,19.854073744181385,7.885553721651852,10.033122563759632,0.0,0.0
association,FAT_L,Allocortex,Eulaminate-II,1,5,4,0,75.55,,0.0,2658.59674113891,35613.41729736446,7340,91441,671176940.0,73.95675961300498,60.41255657195299,20.32454335615044,7.885553721651852,10.48047773621019,0.0,0.0
association,FAT_L,Allocortex,Eulaminate-III,1,6,5,0,75.55,,0.0,2658.59674113891,33649.24638787018,7340,88368,648621120.0,91.33775261923661,60.94069775783749,20.29035931374953,7.885553721651852,10.423745939216447,0.0,0.0
association,FAT_L,Allocortex,Koniocortex,1,7,6,0,75.55,,0.0,2658.59674113891,8163.947686341252,7340,19005,139496700.0,87.58222389791395,70.4107708124724,18.75355150303191,7.885553721651852,9.007483116062714,0.0,0.0
association,FAT_L,Agranular,Agranular,2,2,0,0,75.55,,0.0,6622.514260167707,6622.514260167707,15384,15384,236667456.0,0.0,0.0,19.282166574537232,8.798230374434613,8.798230374434613,0.0,0.0
association,FAT_L,Agranular,Dysgranular,2,3,1,0,75.55,,4728.0,6622.514260167707,10700.265188134774,15384,26310,404753040.0,54.264383997499834,7.91004083329342,19.818787661302952,8.798230374434613,9.27802380408071,8.461469042643875,0.0
association,FAT_L,Agranular,Eulaminate-I,2,4,2,0,75.55,,0.0,6622.514260167707,22768.255991853308,15384,57124,878795616.0,65.73612508670136,33.07313882684073,20.59406290984144,8.798230374434613,10.033122563759632,0.0,0.0
association,FAT_L,Agranular,Eulaminate-II,2,5,3,0,75.55,,0.0,6622.514260167707,35613.41729736446,15384,91441,1406728344.0,70.34817871794486,44.7120370280374,21.06453252181049,8.798230374434613,10.48047773621019,0.0,0.0
association,FAT_L,Agranular,Eulaminate-III,2,6,4,0,75.55,,0.0,6622.514260167707,33649.24638787018,15384,88368,1359453312.0,89.74482952848018,55.80360665928395,21.030348479409586,8.798230374434613,10.423745939216447,0.0,0.0
association,FAT_L,Agranular,Koniocortex,2,7,5,0,75.55,,0.0,6622.514260167707,8163.947686341252,15384,19005,292372920.0,85.96154715744069,68.44462079280663,19.493540668691963,8.798230374434613,9.007483116062714,0.0,0.0
association,FAT_L,Dysgranular,Dysgranular,3,3,0,0,75.55,,0.0,10700.265188134774,10700.265188134774,26310,26310,692216100.0,0.0,0.0,20.355408748068676,9.27802380408071,9.27802380408071,0.0,0.0
association,FAT_L,Dysgranular,Eulaminate-I,3,4,1,0,75.55,,4350.0,10700.265188134774,22768.255991853308,26310,57124,1502932440.0,20.197026300425016,22.836940505995305,21.13068399660716,9.27802380408071,10.033122563759632,8.37816098272068,0.0
association,FAT_L,Dysgranular,Eulaminate-II,3,5,2,0,75.55,,0.0,10700.265188134774,35613.41729736446,26310,91441,2405812710.0,23.97015689650552,32.108761641104515,21.601153608576215,9.27802380408071,10.48047773621019,0.0,0.0
association,FAT_L,Dysgranular,Eulaminate-III,3,6,3,0,75.55,,0.0,10700.265188134774,33649.24638787018,26310,88368,2324962080.0,52.98154925341811,41.389132083820314,21.566969566175306,9.27802380408071,10.423745939216447,0.0,0.0
association,FAT_L,Dysgranular,Koniocortex,3,7,4,0,75.55,,0.0,10700.265188134774,8163.947686341252,26310,19005,500021550.0,49.75628977519715,54.67614735865536,20.030161755457687,9.27802380408071,9.007483116062714,0.0,0.0
association,FAT_L,Eulaminate-I,Eulaminate-I,4,4,0,0,75.55,,0.0,22768.255991853308,22768.255991853308,57124,57124,3263151376.0,0.0,0.0,21.90595924514565,10.033122563759632,10.033122563759632,0.0,0.0
association,FAT_L,Eulaminate-I,Eulaminate-II,4,5,1,102,66.29,1.159,9024.0,22768.255991853308,35613.41729736446,57124,91441,5223475684.0,5.5178320498710995,11.145503651810344,22.3764288571147,10.033122563759632,10.48047773621019,9.107753783201082,0.0
association,FAT_L,Eulaminate-I,Eulaminate-III,4,6,2,24,66.6,1.187,5.0,22768.255991853308,33649.24638787018,57124,88368,5047933632.0,35.20599889920693,28.26577183390438,22.342244814713794,10.033122563759632,10.423745939216447,1.791759469228055,0.0
association,FAT_L,Eulaminate-I,Koniocortex,4,7,3,0,75.55,,0.0,22768.255991853308,8163.947686341252,57124,19005,1085641620.0,31.95251312854647,52.2544322153184,20.805437003996172,10.033122563759632,9.007483116062714,0.0,0.0
association,FAT_L,Eulaminate-II,Eulaminate-II,5,5,0,67,83.05,1.11,0.0,35613.41729736446,35613.41729736446,91441,91441,8361456481.0,0.0,0.0,22.846898469083754,10.48047773621019,10.48047773621019,0.0,0.0
association,FAT_L,Eulaminate-II,Eulaminate-III,5,6,1,63,78.73,1.28,7277.0,35613.41729736446,33649.24638787018,91441,88368,8080458288.0,29.944845626457578,14.984501820980698,22.812714426682845,10.48047773621019,10.423745939216447,8.892611378172106,0.0
association,FAT_L,Eulaminate-II,Koniocortex,5,7,2,0,75.55,,0.0,35613.41729736446,8163.947686341252,91441,19005,1737836205.0,26.62809583933342,38.828674246549575,21.275906615965226,10.48047773621019,9.007483116062714,0.0,0.0
association,FAT_L,Eulaminate-III,Eulaminate-III,6,6,0,19,83.08,1.316,0.0,33649.24638787018,33649.24638787018,88368,88368,7808903424.0,0.0,0.0,22.778530384281936,10.423745939216447,10.423745939216447,0.0,0.0
association,FAT_L,Eulaminate-III,Koniocortex,6,7,1,0,75.55,,3808.0,33649.24638787018,8163.947686341252,88368,19005,1679433840.0,4.501507097540516,12.36068020572982,21.241722573564317,10.423745939216447,9.007483116062714,8.245121966478605,0.0
association,FAT_L,Koniocortex,Koniocortex,7,7,0,0,75.55,,0.0,8163.947686341252,8163.947686341252,19005,19005,361190025.0,0.0,0.0,19.7049147628467,9.007483116062714,9.007483116062714,0.0,0.0
association,IFOF_L,Allocortex,Allocortex,1,1,0,0,176.0142857142857,,0.0,2658.59674113891,2658.59674113891,7340,7340,53875600.0,0.0,0.0,17.802188243217124,7.885553721651852,7.885553721651852,0.0,0.0
association,IFOF_L,Allocortex,Agranular,1,2,1,0,176.0142857142857,,1736.0,2658.59674113891,6622.514260167707,7340,15384,112918560.0,27.688056529700724,18.339850085551195,18.542177408877176,7.885553721651852,8.798230374434613,7.459914766241105,0.0
association,IFOF_L,Allocortex,Dysgranular,1,3,2,0,176.0142857142857,,0.0,2658.59674113891,10700.265188134774,7340,26310,193115400.0,59.9818830083861,27.925881965684923,19.0787984956429,7.885553721651852,9.27802380408071,0.0,0.0
association,IFOF_L,Allocortex,Eulaminate-I,1,4,3,0,176.0142857142857,,0.0,2658.59674113891,22768.255991853308,7340,57124,419290160.0,68.94718481984316,50.06993810353758,19.854073744181385,7.885553721651852,10.033122563759632,0.0,0.0
association,IFOF_L,Allocortex,Eulaminate-II,1,5,4,0,176.0142857142857,,0.0,2658.59674113891,35613.41729736446,7340,91441,671176940.0,73.95675961300498,60.41255657195299,20.32454335615044,7.885553721651852,10.48047773621019,0.0,0.0
association,IFOF_L,Allocortex,Eulaminate-III,1,6,5,0,176.0142857142857,,0.0,2658.59674113891,33649.24638787018,7340,88368,648621120.0,91.33775261923661,60.94069775783749,20.29035931374953,7.885553721651852,10.423745939216447,0.0,0.0
association,IFOF_L,Allocortex,Koniocortex,1,7,6,0,176.0142857142857,,0.0,2658.59674113891,8163.947686341252,7340,19005,139496700.0,87.58222389791395,70.4107708124724,18.75355150303191,7.885553721651852,9.007483116062714,0.0,0.0
association,IFOF_L,Agranular,Agranular,2,2,0,0,176.0142857142857,,0.0,6622.514260167707,6622.514260167707,15384,15384,236667456.0,0.0,0.0,19.282166574537232,8.798230374434613,8.798230374434613,0.0,0.0
association,IFOF_L,Agranular,Dysgranular,2,3,1,0,176.0142857142857,,4728.0,6622.514260167707,10700.265188134774,15384,26310,404753040.0,54.264383997499834,7.91004083329342,19.818787661302952,8.798230374434613,9.27802380408071,8.461469042643875,0.0
association,IFOF_L,Agranular,Eulaminate-I,2,4,2,0,176.0142857142857,,0.0,6622.514260167707,22768.255991853308,15384,57124,878795616.0,65.73612508670136,33.07313882684073,20.59406290984144,8.798230374434613,10.033122563759632,0.0,0.0
association,IFOF_L,Agranular,Eulaminate-II,2,5,3,0,176.0142857142857,,0.0,6622.514260167707,35613.41729736446,15384,91441,1406728344.0,70.34817871794486,44.7120370280374,21.06453252181049,8.798230374434613,10.48047773621019,0.0,0.0
association,IFOF_L,Agranular,Eulaminate-III,2,6,4,0,176.0142857142857,,0.0,6622.514260167707,33649.24638787018,15384,88368,1359453312.0,89.74482952848018,55.80360665928395,21.030348479409586,8.798230374434613,10.423745939216447,0.0,0.0
association,IFOF_L,Agranular,Koniocortex,2,7,5,0,176.0142857142857,,0.0,6622.514260167707,8163.947686341252,15384,19005,292372920.0,85.96154715744069,68.44462079280663,19.493540668691963,8.798230374434613,9.007483116062714,0.0,0.0
association,IFOF_L,Dysgranular,Dysgranular,3,3,0,0,176.0142857142857,,0.0,10700.265188134774,10700.265188134774,26310,26310,692216100.0,0.0,0.0,20.355408748068676,9.27802380408071,9.27802380408071,0.0,0.0
association,IFOF_L,Dysgranular,Eulaminate-I,3,4,1,0,176.0142857142857,,4350.0,10700.265188134774,22768.255991853308,26310,57124,1502932440.0,20.197026300425016,22.836940505995305,21.13068399660716,9.27802380408071,10.033122563759632,8.37816098272068,0.0
association,IFOF_L,Dysgranular,Eulaminate-II,3,5,2,0,176.0142857142857,,0.0,10700.265188134774,35613.41729736446,26310,91441,2405812710.0,23.97015689650552,32.108761641104515,21.601153608576215,9.27802380408071,10.48047773621019,0.0,0.0
association,IFOF_L,Dysgranular,Eulaminate-III,3,6,3,0,176.0142857142857,,0.0,10700.265188134774,33649.24638787018,26310,88368,2324962080.0,52.98154925341811,41.389132083820314,21.566969566175306,9.27802380408071,10.423745939216447,0.0,0.0
association,IFOF_L,Dysgranular,Koniocortex,3,7,4,0,176.0142857142857,,0.0,10700.265188134774,8163.947686341252,26310,19005,500021550.0,49.75628977519715,54.67614735865536,20.030161755457687,9.27802380408071,9.007483116062714,0.0,0.0
association,IFOF_L,Eulaminate-I,Eulaminate-I,4,4,0,0,176.0142857142857,,0.0,22768.255991853308,22768.255991853308,57124,57124,3263151376.0,0.0,0.0,21.90595924514565,10.033122563759632,10.033122563759632,0.0,0.0
association,IFOF_L,Eulaminate-I,Eulaminate-II,4,5,1,32,164.39,1.291,9024.0,22768.255991853308,35613.41729736446,57124,91441,5223475684.0,5.5178320498710995,11.145503651810344,22.3764288571147,10.033122563759632,10.48047773621019,9.107753783201082,0.0
association,IFOF_L,Eulaminate-I,Eulaminate-III,4,6,2,114,163.46,1.362,5.0,22768.255991853308,33649.24638787018,57124,88368,5047933632.0,35.20599889920693,28.26577183390438,22.342244814713794,10.033122563759632,10.423745939216447,1.791759469228055,0.0
association,IFOF_L,Eulaminate-I,Koniocortex,4,7,3,12,172.64,1.298,0.0,22768.255991853308,8163.947686341252,57124,19005,1085641620.0,31.95251312854647,52.2544322153184,20.805437003996172,10.033122563759632,9.007483116062714,0.0,0.0
association,IFOF_L,Eulaminate-II,Eulaminate-II,5,5,0,0,176.0142857142857,,0.0,35613.41729736446,35613.41729736446,91441,91441,8361456481.0,0.0,0.0,22.846898469083754,10.48047773621019,10.48047773621019,0.0,0.0
association,IFOF_L,Eulaminate-II,Eulaminate-III,5,6,1,1313,183.28,1.2,7277.0,35613.41729736446,33649.24638787018,91441,88368,8080458288.0,29.944845626457578,14.984501820980698,22.812714426682845,10.48047773621019,10.423745939216447,8.892611378172106,0.0
association,IFOF_L,Eulaminate-II,Koniocortex,5,7,2,79,183.31,1.216,0.0,35613.41729736446,8163.947686341252,91441,19005,1737836205.0,26.62809583933342,38.828674246549575,21.275906615965226,10.48047773621019,9.007483116062714,0.0,0.0
association,IFOF_L,Eulaminate-III,Eulaminate-III,6,6,0,122,181.62,1.297,0.0,33649.24638787018,33649.24638787018,88368,88368,7808903424.0,0.0,0.0,22.778530384281936,10.423745939216447,10.423745939216447,0.0,0.0
association,IFOF_L,Eulaminate-III,Koniocortex,6,7,1,7,183.4,1.314,3808.0,33649.24638787018,8163.947686341252,88368,19005,1679433840.0,4.501507097540516,12.36068020572982,21.241722573564317,10.423745939216447,9.007483116062714,8.245121966478605,0.0
association,IFOF_L,Koniocortex,Koniocortex,7,7,0,0,176.0142857142857,,0.0,8163.947686341252,8163.947686341252,19005,19005,361190025.0,0.0,0.0,19.7049147628467,9.007483116062714,9.007483116062714,0.0,0.0
association,IFOF_R,Allocortex,Allocortex,1,1,0,0,163.18,,0.0,2658.59674113891,2658.59674113891,7340,7340,53875600.0,0.0,0.0,17.802188243217124,7.885553721651852,7.885553721651852,0.0,0.0
association,IFOF_R,Allocortex,Agranular,1,2,1,0,163.18,,1736.0,2658.59674113891,6622.514260167707,7340,15384,112918560.0,27.688056529700724,18.339850085551195,18.542177408877176,7.885553721651852,8.798230374434613,7.459914766241105,0.0
association,IFOF_R,Allocortex,Dysgranular,1,3,2,0,163.18,,0.0,2658.59674113891,10700.265188134774,7340,26310,193115400.0,59.9818830083861,27.925881965684923,19.0787984956429,7.885553721651852,9.27802380408071,0.0,0.0
association,IFOF_R,Allocortex,Eulaminate-I,1,4,3,0,163.18,,0.0,2658.59674113891,22768.255991853308,7340,57124,419290160.0,68.94718481984316,50.06993810353758,19.854073744181385,7.885553721651852,10.033122563759632,0.0,0.0
association,IFOF_R,Allocortex,Eulaminate-II,1,5,4,0,163.18,,0.0,2658.59674113891,35613.41729736446,7340,91441,671176940.0,73.95675961300498,60.41255657195299,20.32454335615044,7.885553721651852,10.48047773621019,0.0,0.0
association,IFOF_R,Allocortex,Eulaminate-III,1,6,5,0,163.18,,0.0,2658.59674113891,33649.24638787018,7340,88368,648621120.0,91.33775261923661,60.94069775783749,20.29035931374953,7.885553721651852,10.423745939216447,0.0,0.0
association,IFOF_R,Allocortex,Koniocortex,1,7,6,0,163.18,,0.0,2658.59674113891,8163.947686341252,7340,19005,139496700.0,87.58222389791395,70.4107708124724,18.75355150303191,7.885553721651852,9.007483116062714,0.0,0.0
association,IFOF_R,Agranular,Agranular,2,2,0,0,163.18,,0.0,6622.514260167707,6622.514260167707,15384,15384,236667456.0,0.0,0.0,19.282166574537232,8.798230374434613,8.798230374434613,0.0,0.0
association,IFOF_R,Agranular,Dysgranular,2,3,1,0,163.18,,4728.0,6622.514260167707,10700.265188134774,15384,26310,404753040.0,54.264383997499834,7.91004083329342,19.818787661302952,8.798230374434613,9.27802380408071,8.461469042643875,0.0
association,IFOF_R,Agranular,Eulaminate-I,2,4,2,0,163.18,,0.0,6622.514260167707,22768.255991853308,15384,57124,878795616.0,65.73612508670136,33.07313882684073,20.59406290984144,8.798230374434613,10.033122563759632,0.0,0.0
association,IFOF_R,Agranular,Eulaminate-II,2,5,3,0,163.18,,0.0,6622.514260167707,35613.41729736446,15384,91441,1406728344.0,70.34817871794486,44.7120370280374,21.06453252181049,8.798230374434613,10.48047773621019,0.0,0.0
association,IFOF_R,Agranular,Eulaminate-III,2,6,4,0,163.18,,0.0,6622.514260167707,33649.24638787018,15384,88368,1359453312.0,89.74482952848018,55.80360665928395,21.030348479409586,8.798230374434613,10.423745939216447,0.0,0.0
association,IFOF_R,Agranular,Koniocortex,2,7,5,0,163.18,,0.0,6622.514260167707,8163.947686341252,15384,19005,292372920.0,85.96154715744069,68.44462079280663,19.493540668691963,8.798230374434613,9.007483116062714,0.0,0.0
association,IFOF_R,Dysgranular,Dysgranular,3,3,0,0,163.18,,0.0,10700.265188134774,10700.265188134774,26310,26310,692216100.0,0.0,0.0,20.355408748068676,9.27802380408071,9.27802380408071,0.0,0.0
association,IFOF_R,Dysgranular,Eulaminate-I,3,4,1,0,163.18,,4350.0,10700.265188134774,22768.255991853308,26310,57124,1502932440.0,20.197026300425016,22.836940505995305,21.13068399660716,9.27802380408071,10.033122563759632,8.37816098272068,0.0
association,IFOF_R,Dysgranular,Eulaminate-II,3,5,2,0,163.18,,0.0,10700.265188134774,35613.41729736446,26310,91441,2405812710.0,23.97015689650552,32.108761641104515,21.601153608576215,9.27802380408071,10.48047773621019,0.0,0.0
association,IFOF_R,Dysgranular,Eulaminate-III,3,6,3,0,163.18,,0.0,10700.265188134774,33649.24638787018,26310,88368,2324962080.0,52.98154925341811,41.389132083820314,21.566969566175306,9.27802380408071,10.423745939216447,0.0,0.0
association,IFOF_R,Dysgranular,Koniocortex,3,7,4,0,163.18,,0.0,10700.265188134774,8163.947686341252,26310,19005,500021550.0,49.75628977519715,54.67614735865536,20.030161755457687,9.27802380408071,9.007483116062714,0.0,0.0
association,IFOF_R,Eulaminate-I,Eulaminate-I,4,4,0,0,163.18,,0.0,22768.255991853308,22768.255991853308,57124,57124,3263151376.0,0.0,0.0,21.90595924514565,10.033122563759632,10.033122563759632,0.0,0.0
association,IFOF_R,Eulaminate-I,Eulaminate-II,4,5,1,0,163.18,,9024.0,22768.255991853308,35613.41729736446,57124,91441,5223475684.0,5.5178320498710995,11.145503651810344,22.3764288571147,10.033122563759632,10.48047773621019,9.107753783201082,0.0
association,IFOF_R,Eulaminate-I,Eulaminate-III,4,6,2,10,154.7,1.264,5.0,22768.255991853308,33649.24638787018,57124,88368,5047933632.0,35.20599889920693,28.26577183390438,22.342244814713794,10.033122563759632,10.423745939216447,1.791759469228055,0.0
association,IFOF_R,Eulaminate-I,Koniocortex,4,7,3,0,163.18,,0.0,22768.255991853308,8163.947686341252,57124,19005,1085641620.0,31.95251312854647,52.2544322153184,20.805437003996172,10.033122563759632,9.007483116062714,0.0,0.0
association,IFOF_R,Eulaminate-II,Eulaminate-II,5,5,0,34,165.11,1.233,0.0,35613.41729736446,35613.41729736446,91441,91441,8361456481.0,0.0,0.0,22.846898469083754,10.48047773621019,10.48047773621019,0.0,0.0
association,IFOF_R,Eulaminate-II,Eulaminate-III,5,6,1,107,166.14,1.203,7277.0,35613.41729736446,33649.24638787018,91441,88368,8080458288.0,29.944845626457578,14.984501820980698,22.812714426682845,10.48047773621019,10.423745939216447,8.892611378172106,0.0
association,IFOF_R,Eulaminate-II,Koniocortex,5,7,2,58,166.77,1.169,0.0,35613.41729736446,8163.947686341252,91441,19005,1737836205.0,26.62809583933342,38.828674246549575,21.275906615965226,10.48047773621019,9.007483116062714,0.0,0.0
association,IFOF_R,Eulaminate-III,Eulaminate-III,6,6,0,0,163.18,,0.0,33649.24638787018,33649.24638787018,88368,88368,7808903424.0,0.0,0.0,22.778530384281936,10.423745939216447,10.423745939216447,0.0,0.0
association,IFOF_R,Eulaminate-III,Koniocortex,6,7,1,0,163.18,,3808.0,33649.24638787018,8163.947686341252,88368,19005,1679433840.0,4.501507097540516,12.36068020572982,21.241722573564317,10.423745939216447,9.007483116062714,8.245121966478605,0.0
association,IFOF_R,Koniocortex,Koniocortex,7,7,0,0,163.18,,0.0,8163.947686341252,8163.947686341252,19005,19005,361190025.0,0.0,0.0,19.7049147628467,9.007483116062714,9.007483116062714,0.0,0.0
association,ILF_L,Allocortex,Allocortex,1,1,0,0,113.69857142857143,,0.0,2658.59674113891,2658.59674113891,7340,7340,53875600.0,0.0,0.0,17.802188243217124,7.885553721651852,7.885553721651852,0.0,0.0
association,ILF_L,Allocortex,Agranular,1,2,1,0,113.69857142857143,,1736.0,2658.59674113891,6622.514260167707,7340,15384,112918560.0,27.688056529700724,18.339850085551195,18.542177408877176,7.885553721651852,8.798230374434613,7.459914766241105,0.0
association,ILF_L,Allocortex,Dysgranular,1,3,2,0,113.69857142857143,,0.0,2658.59674113891,10700.265188134774,7340,26310,193115400.0,59.9818830083861,27.925881965684923,19.0787984956429,7.885553721651852,9.27802380408071,0.0,0.0
association,ILF_L,Allocortex,Eulaminate-I,1,4,3,0,113.69857142857143,,0.0,2658.59674113891,22768.255991853308,7340,57124,419290160.0,68.94718481984316,50.06993810353758,19.854073744181385,7.885553721651852,10.033122563759632,0.0,0.0
association,ILF_L,Allocortex,Eulaminate-II,1,5,4,18,100.88,1.089,0.0,2658.59674113891,35613.41729736446,7340,91441,671176940.0,73.95675961300498,60.41255657195299,20.32454335615044,7.885553721651852,10.48047773621019,0.0,0.0
association,ILF_L,Allocortex,Eulaminate-III,1,6,5,0,113.69857142857143,,0.0,2658.59674113891,33649.24638787018,7340,88368,648621120.0,91.33775261923661,60.94069775783749,20.29035931374953,7.885553721651852,10.423745939216447,0.0,0.0
association,ILF_L,Allocortex,Koniocortex,1,7,6,0,113.69857142857143,,0.0,2658.59674113891,8163.947686341252,7340,19005,139496700.0,87.58222389791395,70.4107708124724,18.75355150303191,7.885553721651852,9.007483116062714,0.0,0.0
association,ILF_L,Agranular,Agranular,2,2,0,0,113.69857142857143,,0.0,6622.514260167707,6622.514260167707,15384,15384,236667456.0,0.0,0.0,19.282166574537232,8.798230374434613,8.798230374434613,0.0,0.0
association,ILF_L,Agranular,Dysgranular,2,3,1,0,113.69857142857143,,4728.0,6622.514260167707,10700.265188134774,15384,26310,404753040.0,54.264383997499834,7.91004083329342,19.818787661302952,8.798230374434613,9.27802380408071,8.461469042643875,0.0
association,ILF_L,Agranular,Eulaminate-I,2,4,2,0,113.69857142857143,,0.0,6622.514260167707,22768.255991853308,15384,57124,878795616.0,65.73612508670136,33.07313882684073,20.59406290984144,8.798230374434613,10.033122563759632,0.0,0.0
association,ILF_L,Agranular,Eulaminate-II,2,5,3,5,104.41,1.105,0.0,6622.514260167707,35613.41729736446,15384,91441,1406728344.0,70.34817871794486,44.7120370280374,21.06453252181049,8.798230374434613,10.48047773621019,0.0,0.0
association,ILF_L,Agranular,Eulaminate-III,2,6,4,425,111.38,1.202,0.0,6622.514260167707,33649.24638787018,15384,88368,1359453312.0,89.74482952848018,55.80360665928395,21.030348479409586,8.798230374434613,10.423745939216447,0.0,0.0
association,ILF_L,Agranular,Koniocortex,2,7,5,118,111.28,1.163,0.0,6622.514260167707,8163.947686341252,15384,19005,292372920.0,85.96154715744069,68.44462079280663,19.493540668691963,8.798230374434613,9.007483116062714,0.0,0.0
association,ILF_L,Dysgranular,Dysgranular,3,3,0,0,113.69857142857143,,0.0,10700.265188134774,10700.265188134774,26310,26310,692216100.0,0.0,0.0,20.355408748068676,9.27802380408071,9.27802380408071,0.0,0.0
association,ILF_L,Dysgranular,Eulaminate-I,3,4,1,0,113.69857142857143,,4350.0,10700.265188134774,22768.255991853308,26310,57124,1502932440.0,20.197026300425016,22.836940505995305,21.13068399660716,9.27802380408071,10.033122563759632,8.37816098272068,0.0
association,ILF_L,Dysgranular,Eulaminate-II,3,5,2,55,105.29,1.085,0.0,10700.265188134774,35613.41729736446,26310,91441,2405812710.0,23.97015689650552,32.108761641104515,21.601153608576215,9.27802380408071,10.48047773621019,0.0,0.0
association,ILF_L,Dysgranular,Eulaminate-III,3,6,3,851,108.79,1.129,0.0,10700.265188134774,33649.24638787018,26310,88368,2324962080.0,52.98154925341811,41.389132083820314,21.566969566175306,9.27802380408071,10.423745939216447,0.0,0.0
association,ILF_L,Dysgranular,Koniocortex,3,7,4,93,122.58,1.111,0.0,10700.265188134774,8163.947686341252,26310,19005,500021550.0,49.75628977519715,54.67614735865536,20.030161755457687,9.27802380408071,9.007483116062714,0.0,0.0
association,ILF_L,Eulaminate-I,Eulaminate-I,4,4,0,0,113.69857142857143,,0.0,22768.255991853308,22768.255991853308,57124,57124,3263151376.0,0.0,0.0,21.90595924514565,10.033122563759632,10.033122563759632,0.0,0.0
association,ILF_L,Eulaminate-I,Eulaminate-II,4,5,1,99,89.24,1.066,9024.0,22768.255991853308,35613.41729736446,57124,91441,5223475684.0,5.5178320498710995,11.145503651810344,22.3764288571147,10.033122563759632,10.48047773621019,9.107753783201082,0.0
association,ILF_L,Eulaminate-I,Eulaminate-III,4,6,2,459,126.42,1.122,5.0,22768.255991853308,33649.24638787018,57124,88368,5047933632.0,35.20599889920693,28.26577183390438,22.342244814713794,10.033122563759632,10.423745939216447,1.791759469228055,0.0
association,ILF_L,Eulaminate-I,Koniocortex,4,7,3,95,129.01,1.132,0.0,22768.255991853308,8163.947686341252,57124,19005,1085641620.0,31.95251312854647,52.2544322153184,20.805437003996172,10.033122563759632,9.007483116062714,0.0,0.0
association,ILF_L,Eulaminate-II,Eulaminate-II,5,5,0,10,104.94,1.071,0.0,35613.41729736446,35613.41729736446,91441,91441,8361456481.0,0.0,0.0,22.846898469083754,10.48047773621019,10.48047773621019,0.0,0.0
association,ILF_L,Eulaminate-II,Eulaminate-III,5,6,1,95,125.09,1.123,7277.0,35613.41729736446,33649.24638787018,91441,88368,8080458288.0,29.944845626457578,14.984501820980698,22.812714426682845,10.48047773621019,10.423745939216447,8.892611378172106,0.0
association,ILF_L,Eulaminate-II,Koniocortex,5,7,2,17,130.76,1.218,0.0,35613.41729736446,8163.947686341252,91441,19005,1737836205.0,26.62809583933342,38.828674246549575,21.275906615965226,10.48047773621019,9.007483116062714,0.0,0.0
association,ILF_L,Eulaminate-III,Eulaminate-III,6,6,0,61,121.71,1.087,0.0,33649.24638787018,33649.24638787018,88368,88368,7808903424.0,0.0,0.0,22.778530384281936,10.423745939216447,10.423745939216447,0.0,0.0
association,ILF_L,Eulaminate-III,Koniocortex,6,7,1,0,113.69857142857143,,3808.0,33649.24638787018,8163.947686341252,88368,19005,1679433840.0,4.501507097540516,12.36068020572982,21.241722573564317,10.423745939216447,9.007483116062714,8.245121966478605,0.0
association,ILF_L,Koniocortex,Koniocortex,7,7,0,0,113.69857142857143,,0.0,8163.947686341252,8163.947686341252,19005,19005,361190025.0,0.0,0.0,19.7049147628467,9.007483116062714,9.007483116062714,0.0,0.0
association,ILF_R,Allocortex,Allocortex,1,1,0,0,109.23800000000001,,0.0,2658.59674113891,2658.59674113891,7340,7340,53875600.0,0.0,0.0,17.802188243217124,7.885553721651852,7.885553721651852,0.0,0.0
association,ILF_R,Allocortex,Agranular,1,2,1,0,109.23800000000001,,1736.0,2658.59674113891,6622.514260167707,7340,15384,112918560.0,27.688056529700724,18.339850085551195,18.542177408877176,7.885553721651852,8.798230374434613,7.459914766241105,0.0
association,ILF_R,Allocortex,Dysgranular,1,3,2,0,109.23800000000001,,0.0,2658.59674113891,10700.265188134774,7340,26310,193115400.0,59.9818830083861,27.925881965684923,19.0787984956429,7.885553721651852,9.27802380408071,0.0,0.0
association,ILF_R,Allocortex,Eulaminate-I,1,4,3,0,109.23800000000001,,0.0,2658.59674113891,22768.255991853308,7340,57124,419290160.0,68.94718481984316,50.06993810353758,19.854073744181385,7.885553721651852,10.033122563759632,0.0,0.0
association,ILF_R,Allocortex,Eulaminate-II,1,5,4,0,109.23800000000001,,0.0,2658.59674113891,35613.41729736446,7340,91441,671176940.0,73.95675961300498,60.41255657195299,20.32454335615044,7.885553721651852,10.48047773621019,0.0,0.0
association,ILF_R,Allocortex,Eulaminate-III,1,6,5,0,109.23800000000001,,0.0,2658.59674113891,33649.24638787018,7340,88368,648621120.0,91.33775261923661,60.94069775783749,20.29035931374953,7.885553721651852,10.423745939216447,0.0,0.0
association,ILF_R,Allocortex,Koniocortex,1,7,6,0,109.23800000000001,,0.0,2658.59674113891,8163.947686341252,7340,19005,139496700.0,87.58222389791395,70.4107708124724,18.75355150303191,7.885553721651852,9.007483116062714,0.0,0.0
association,ILF_R,Agranular,Agranular,2,2,0,0,109.23800000000001,,0.0,6622.514260167707,6622.514260167707,15384,15384,236667456.0,0.0,0.0,19.282166574537232,8.798230374434613,8.798230374434613,0.0,0.0
association,ILF_R,Agranular,Dysgranular,2,3,1,0,109.23800000000001,,4728.0,6622.514260167707,10700.265188134774,15384,26310,404753040.0,54.264383997499834,7.91004083329342,19.818787661302952,8.798230374434613,9.27802380408071,8.461469042643875,0.0
association,ILF_R,Agranular,Eulaminate-I,2,4,2,6,93.93,1.123,0.0,6622.514260167707,22768.255991853308,15384,57124,878795616.0,65.73612508670136,33.07313882684073,20.59406290984144,8.798230374434613,10.033122563759632,0.0,0.0
association,ILF_R,Agranular,Eulaminate-II,2,5,3,70,107.01,1.115,0.0,6622.514260167707,35613.41729736446,15384,91441,1406728344.0,70.34817871794486,44.7120370280374,21.06453252181049,8.798230374434613,10.48047773621019,0.0,0.0
association,ILF_R,Agranular,Eulaminate-III,2,6,4,28,114.97,1.139,0.0,6622.514260167707,33649.24638787018,15384,88368,1359453312.0,89.74482952848018,55.80360665928395,21.030348479409586,8.798230374434613,10.423745939216447,0.0,0.0
association,ILF_R,Agranular,Koniocortex,2,7,5,0,109.23800000000001,,0.0,6622.514260167707,8163.947686341252,15384,19005,292372920.0,85.96154715744069,68.44462079280663,19.493540668691963,8.798230374434613,9.007483116062714,0.0,0.0
association,ILF_R,Dysgranular,Dysgranular,3,3,0,0,109.23800000000001,,0.0,10700.265188134774,10700.265188134774,26310,26310,692216100.0,0.0,0.0,20.355408748068676,9.27802380408071,9.27802380408071,0.0,0.0
association,ILF_R,Dysgranular,Eulaminate-I,3,4,1,38,108.13,1.098,4350.0,10700.265188134774,22768.255991853308,26310,57124,1502932440.0,20.197026300425016,22.836940505995305,21.13068399660716,9.27802380408071,10.033122563759632,8.37816098272068,0.0
association,ILF_R,Dysgranular,Eulaminate-II,3,5,2,76,114.39,1.1,0.0,10700.265188134774,35613.41729736446,26310,91441,2405812710.0,23.97015689650552,32.108761641104515,21.601153608576215,9.27802380408071,10.48047773621019,0.0,0.0
association,ILF_R,Dysgranular,Eulaminate-III,3,6,3,208,127.31,1.097,0.0,10700.265188134774,33649.24638787018,26310,88368,2324962080.0,52.98154925341811,41.389132083820314,21.566969566175306,9.27802380408071,10.423745939216447,0.0,0.0
association,ILF_R,Dysgranular,Koniocortex,3,7,4,20,131.22,1.1,0.0,10700.265188134774,8163.947686341252,26310,19005,500021550.0,49.75628977519715,54.67614735865536,20.030161755457687,9.27802380408071,9.007483116062714,0.0,0.0
association,ILF_R,Eulaminate-I,Eulaminate-I,4,4,0,6,101.5,1.091,0.0,22768.255991853308,22768.255991853308,57124,57124,3263151376.0,0.0,0.0,21.90595924514565,10.033122563759632,10.033122563759632,0.0,0.0
association,ILF_R,Eulaminate-I,Eulaminate-II,4,5,1,16,103.63,1.089,9024.0,22768.255991853308,35613.41729736446,57124,91441,5223475684.0,5.5178320498710995,11.145503651810344,22.3764288571147,10.033122563759632,10.48047773621019,9.107753783201082,0.0
association,ILF_R,Eulaminate-I,Eulaminate-III,4,6,2,5,90.29,1.125,5.0,22768.255991853308,33649.24638787018,57124,88368,5047933632.0,35.20599889920693,28.26577183390438,22.342244814713794,10.033122563759632,10.423745939216447,1.791759469228055,0.0
association,ILF_R,Eulaminate-I,Koniocortex,4,7,3,0,109.23800000000001,,0.0,22768.255991853308,8163.947686341252,57124,19005,1085641620.0,31.95251312854647,52.2544322153184,20.805437003996172,10.033122563759632,9.007483116062714,0.0,0.0
association,ILF_R,Eulaminate-II,Eulaminate-II,5,5,0,0,109.23800000000001,,0.0,35613.41729736446,35613.41729736446,91441,91441,8361456481.0,0.0,0.0,22.846898469083754,10.48047773621019,10.48047773621019,0.0,0.0
association,ILF_R,Eulaminate-II,Eulaminate-III,5,6,1,0,109.23800000000001,,7277.0,35613.41729736446,33649.24638787018,91441,88368,8080458288.0,29.944845626457578,14.984501820980698,22.812714426682845,10.48047773621019,10.423745939216447,8.892611378172106,0.0
association,ILF_R,Eulaminate-II,Koniocortex,5,7,2,0,109.23800000000001,,0.0,35613.41729736446,8163.947686341252,91441,19005,1737836205.0,26.62809583933342,38.828674246549575,21.275906615965226,10.48047773621019,9.007483116062714,0.0,0.0
association,ILF_R,Eulaminate-III,Eulaminate-III,6,6,0,0,109.23800000000001,,0.0,33649.24638787018,33649.24638787018,88368,88368,7808903424.0,0.0,0.0,22.778530384281936,10.423745939216447,10.423745939216447,0.0,0.0
association,ILF_R,Eulaminate-III,Koniocortex,6,7,1,0,109.23800000000001,,3808.0,33649.24638787018,8163.947686341252,88368,19005,1679433840.0,4.501507097540516,12.36068020572982,21.241722573564317,10.423745939216447,9.007483116062714,8.245121966478605,0.0
association,ILF_R,Koniocortex,Koniocortex,7,7,0,0,109.23800000000001,,0.0,8163.947686341252,8163.947686341252,19005,19005,361190025.0,0.0,0.0,19.7049147628467,9.007483116062714,9.007483116062714,0.0,0.0
association,MdLF_L,Allocortex,Allocortex,1,1,0,0,103.68333333333334,,0.0,2658.59674113891,2658.59674113891,7340,7340,53875600.0,0.0,0.0,17.802188243217124,7.885553721651852,7.885553721651852,0.0,0.0
association,MdLF_L,Allocortex,Agranular,1,2,1,0,103.68333333333334,,1736.0,2658.59674113891,6622.514260167707,7340,15384,112918560.0,27.688056529700724,18.339850085551195,18.542177408877176,7.885553721651852,8.798230374434613,7.459914766241105,0.0
association,MdLF_L,Allocortex,Dysgranular,1,3,2,0,103.68333333333334,,0.0,2658.59674113891,10700.265188134774,7340,26310,193115400.0,59.9818830083861,27.925881965684923,19.0787984956429,7.885553721651852,9.27802380408071,0.0,0.0
association,MdLF_L,Allocortex,Eulaminate-I,1,4,3,0,103.68333333333334,,0.0,2658.59674113891,22768.255991853308,7340,57124,419290160.0,68.94718481984316,50.06993810353758,19.854073744181385,7.885553721651852,10.033122563759632,0.0,0.0
association,MdLF_L,Allocortex,Eulaminate-II,1,5,4,0,103.68333333333334,,0.0,2658.59674113891,35613.41729736446,7340,91441,671176940.0,73.95675961300498,60.41255657195299,20.32454335615044,7.885553721651852,10.48047773621019,0.0,0.0
association,MdLF_L,Allocortex,Eulaminate-III,1,6,5,0,103.68333333333334,,0.0,2658.59674113891,33649.24638787018,7340,88368,648621120.0,91.33775261923661,60.94069775783749,20.29035931374953,7.885553721651852,10.423745939216447,0.0,0.0
association,MdLF_L,Allocortex,Koniocortex,1,7,6,0,103.68333333333334,,0.0,2658.59674113891,8163.947686341252,7340,19005,139496700.0,87.58222389791395,70.4107708124724,18.75355150303191,7.885553721651852,9.007483116062714,0.0,0.0
association,MdLF_L,Agranular,Agranular,2,2,0,0,103.68333333333334,,0.0,6622.514260167707,6622.514260167707,15384,15384,236667456.0,0.0,0.0,19.282166574537232,8.798230374434613,8.798230374434613,0.0,0.0
association,MdLF_L,Agranular,Dysgranular,2,3,1,0,103.68333333333334,,4728.0,6622.514260167707,10700.265188134774,15384,26310,404753040.0,54.264383997499834,7.91004083329342,19.818787661302952,8.798230374434613,9.27802380408071,8.461469042643875,0.0
association,MdLF_L,Agranular,Eulaminate-I,2,4,2,0,103.68333333333334,,0.0,6622.514260167707,22768.255991853308,15384,57124,878795616.0,65.73612508670136,33.07313882684073,20.59406290984144,8.798230374434613,10.033122563759632,0.0,0.0
association,MdLF_L,Agranular,Eulaminate-II,2,5,3,0,103.68333333333334,,0.0,6622.514260167707,35613.41729736446,15384,91441,1406728344.0,70.34817871794486,44.7120370280374,21.06453252181049,8.798230374434613,10.48047773621019,0.0,0.0
association,MdLF_L,Agranular,Eulaminate-III,2,6,4,0,103.68333333333334,,0.0,6622.514260167707,33649.24638787018,15384,88368,1359453312.0,89.74482952848018,55.80360665928395,21.030348479409586,8.798230374434613,10.423745939216447,0.0,0.0
association,MdLF_L,Agranular,Koniocortex,2,7,5,0,103.68333333333334,,0.0,6622.514260167707,8163.947686341252,15384,19005,292372920.0,85.96154715744069,68.44462079280663,19.493540668691963,8.798230374434613,9.007483116062714,0.0,0.0
association,MdLF_L,Dysgranular,Dysgranular,3,3,0,0,103.68333333333334,,0.0,10700.265188134774,10700.265188134774,26310,26310,692216100.0,0.0,0.0,20.355408748068676,9.27802380408071,9.27802380408071,0.0,0.0
association,MdLF_L,Dysgranular,Eulaminate-I,3,4,1,0,103.68333333333334,,4350.0,10700.265188134774,22768.255991853308,26310,57124,1502932440.0,20.197026300425016,22.836940505995305,21.13068399660716,9.27802380408071,10.033122563759632,8.37816098272068,0.0
association,MdLF_L,Dysgranular,Eulaminate-II,3,5,2,0,103.68333333333334,,0.0,10700.265188134774,35613.41729736446,26310,91441,2405812710.0,23.97015689650552,32.108761641104515,21.601153608576215,9.27802380408071,10.48047773621019,0.0,0.0
association,MdLF_L,Dysgranular,Eulaminate-III,3,6,3,0,103.68333333333334,,0.0,10700.265188134774,33649.24638787018,26310,88368,2324962080.0,52.98154925341811,41.389132083820314,21.566969566175306,9.27802380408071,10.423745939216447,0.0,0.0
association,MdLF_L,Dysgranular,Koniocortex,3,7,4,0,103.68333333333334,,0.0,10700.265188134774,8163.947686341252,26310,19005,500021550.0,49.75628977519715,54.67614735865536,20.030161755457687,9.27802380408071,9.007483116062714,0.0,0.0
association,MdLF_L,Eulaminate-I,Eulaminate-I,4,4,0,0,103.68333333333334,,0.0,22768.255991853308,22768.255991853308,57124,57124,3263151376.0,0.0,0.0,21.90595924514565,10.033122563759632,10.033122563759632,0.0,0.0
association,MdLF_L,Eulaminate-I,Eulaminate-II,4,5,1,10,113.61,1.092,9024.0,22768.255991853308,35613.41729736446,57124,91441,5223475684.0,5.5178320498710995,11.145503651810344,22.3764288571147,10.033122563759632,10.48047773621019,9.107753783201082,0.0
association,MdLF_L,Eulaminate-I,Eulaminate-III,4,6,2,0,103.68333333333334,,5.0,22768.255991853308,33649.24638787018,57124,88368,5047933632.0,35.20599889920693,28.26577183390438,22.342244814713794,10.033122563759632,10.423745939216447,1.791759469228055,0.0
association,MdLF_L,Eulaminate-I,Koniocortex,4,7,3,0,103.68333333333334,,0.0,22768.255991853308,8163.947686341252,57124,19005,1085641620.0,31.95251312854647,52.2544322153184,20.805437003996172,10.033122563759632,9.007483116062714,0.0,0.0
association,MdLF_L,Eulaminate-II,Eulaminate-II,5,5,0,17,110.36,1.099,0.0,35613.41729736446,35613.41729736446,91441,91441,8361456481.0,0.0,0.0,22.846898469083754,10.48047773621019,10.48047773621019,0.0,0.0
association,MdLF_L,Eulaminate-II,Eulaminate-III,5,6,1,0,103.68333333333334,,7277.0,35613.41729736446,33649.24638787018,91441,88368,8080458288.0,29.944845626457578,14.984501820980698,22.812714426682845,10.48047773621019,10.423745939216447,8.892611378172106,0.0
association,MdLF_L,Eulaminate-II,Koniocortex,5,7,2,0,103.68333333333334,,0.0,35613.41729736446,8163.947686341252,91441,19005,1737836205.0,26.62809583933342,38.828674246549575,21.275906615965226,10.48047773621019,9.007483116062714,0.0,0.0
association,MdLF_L,Eulaminate-III,Eulaminate-III,6,6,0,0,103.68333333333334,,0.0,33649.24638787018,33649.24638787018,88368,88368,7808903424.0,0.0,0.0,22.778530384281936,10.423745939216447,10.423745939216447,0.0,0.0
association,MdLF_L,Eulaminate-III,Koniocortex,6,7,1,10,87.08,1.143,3808.0,33649.24638787018,8163.947686341252,88368,19005,1679433840.0,4.501507097540516,12.36068020572982,21.241722573564317,10.423745939216447,9.007483116062714,8.245121966478605,0.0
association,MdLF_L,Koniocortex,Koniocortex,7,7,0,0,103.68333333333334,,0.0,8163.947686341252,8163.947686341252,19005,19005,361190025.0,0.0,0.0,19.7049147628467,9.007483116062714,9.007483116062714,0.0,0.0
association,MdLF_R,Allocortex,Allocortex,1,1,0,0,93.505,,0.0,2658.59674113891,2658.59674113891,7340,7340,53875600.0,0.0,0.0,17.802188243217124,7.885553721651852,7.885553721651852,0.0,0.0
association,MdLF_R,Allocortex,Agranular,1,2,1,0,93.505,,1736.0,2658.59674113891,6622.514260167707,7340,15384,112918560.0,27.688056529700724,18.339850085551195,18.542177408877176,7.885553721651852,8.798230374434613,7.459914766241105,0.0
association,MdLF_R,Allocortex,Dysgranular,1,3,2,0,93.505,,0.0,2658.59674113891,10700.265188134774,7340,26310,193115400.0,59.9818830083861,27.925881965684923,19.0787984956429,7.885553721651852,9.27802380408071,0.0,0.0
association,MdLF_R,Allocortex,Eulaminate-I,1,4,3,0,93.505,,0.0,2658.59674113891,22768.255991853308,7340,57124,419290160.0,68.94718481984316,50.06993810353758,19.854073744181385,7.885553721651852,10.033122563759632,0.0,0.0
association,MdLF_R,Allocortex,Eulaminate-II,1,5,4,0,93.505,,0.0,2658.59674113891,35613.41729736446,7340,91441,671176940.0,73.95675961300498,60.41255657195299,20.32454335615044,7.885553721651852,10.48047773621019,0.0,0.0
association,MdLF_R,Allocortex,Eulaminate-III,1,6,5,0,93.505,,0.0,2658.59674113891,33649.24638787018,7340,88368,648621120.0,91.33775261923661,60.94069775783749,20.29035931374953,7.885553721651852,10.423745939216447,0.0,0.0
association,MdLF_R,Allocortex,Koniocortex,1,7,6,0,93.505,,0.0,2658.59674113891,8163.947686341252,7340,19005,139496700.0,87.58222389791395,70.4107708124724,18.75355150303191,7.885553721651852,9.007483116062714,0.0,0.0
association,MdLF_R,Agranular,Agranular,2,2,0,0,93.505,,0.0,6622.514260167707,6622.514260167707,15384,15384,236667456.0,0.0,0.0,19.282166574537232,8.798230374434613,8.798230374434613,0.0,0.0
association,MdLF_R,Agranular,Dysgranular,2,3,1,0,93.505,,4728.0,6622.514260167707,10700.265188134774,15384,26310,404753040.0,54.264383997499834,7.91004083329342,19.818787661302952,8.798230374434613,9.27802380408071,8.461469042643875,0.0
association,MdLF_R,Agranular,Eulaminate-I,2,4,2,0,93.505,,0.0,6622.514260167707,22768.255991853308,15384,57124,878795616.0,65.73612508670136,33.07313882684073,20.59406290984144,8.798230374434613,10.033122563759632,0.0,0.0
association,MdLF_R,Agranular,Eulaminate-II,2,5,3,0,93.505,,0.0,6622.514260167707,35613.41729736446,15384,91441,1406728344.0,70.34817871794486,44.7120370280374,21.06453252181049,8.798230374434613,10.48047773621019,0.0,0.0
association,MdLF_R,Agranular,Eulaminate-III,2,6,4,0,93.505,,0.0,6622.514260167707,33649.24638787018,15384,88368,1359453312.0,89.74482952848018,55.80360665928395,21.030348479409586,8.798230374434613,10.423745939216447,0.0,0.0
association,MdLF_R,Agranular,Koniocortex,2,7,5,0,93.505,,0.0,6622.514260167707,8163.947686341252,15384,19005,292372920.0,85.96154715744069,68.44462079280663,19.493540668691963,8.798230374434613,9.007483116062714,0.0,0.0
association,MdLF_R,Dysgranular,Dysgranular,3,3,0,0,93.505,,0.0,10700.265188134774,10700.265188134774,26310,26310,692216100.0,0.0,0.0,20.355408748068676,9.27802380408071,9.27802380408071,0.0,0.0
association,MdLF_R,Dysgranular,Eulaminate-I,3,4,1,0,93.505,,4350.0,10700.265188134774,22768.255991853308,26310,57124,1502932440.0,20.197026300425016,22.836940505995305,21.13068399660716,9.27802380408071,10.033122563759632,8.37816098272068,0.0
association,MdLF_R,Dysgranular,Eulaminate-II,3,5,2,0,93.505,,0.0,10700.265188134774,35613.41729736446,26310,91441,2405812710.0,23.97015689650552,32.108761641104515,21.601153608576215,9.27802380408071,10.48047773621019,0.0,0.0
association,MdLF_R,Dysgranular,Eulaminate-III,3,6,3,0,93.505,,0.0,10700.265188134774,33649.24638787018,26310,88368,2324962080.0,52.98154925341811,41.389132083820314,21.566969566175306,9.27802380408071,10.423745939216447,0.0,0.0
association,MdLF_R,Dysgranular,Koniocortex,3,7,4,0,93.505,,0.0,10700.265188134774,8163.947686341252,26310,19005,500021550.0,49.75628977519715,54.67614735865536,20.030161755457687,9.27802380408071,9.007483116062714,0.0,0.0
association,MdLF_R,Eulaminate-I,Eulaminate-I,4,4,0,0,93.505,,0.0,22768.255991853308,22768.255991853308,57124,57124,3263151376.0,0.0,0.0,21.90595924514565,10.033122563759632,10.033122563759632,0.0,0.0
association,MdLF_R,Eulaminate-I,Eulaminate-II,4,5,1,0,93.505,,9024.0,22768.255991853308,35613.41729736446,57124,91441,5223475684.0,5.5178320498710995,11.145503651810344,22.3764288571147,10.033122563759632,10.48047773621019,9.107753783201082,0.0
association,MdLF_R,Eulaminate-I,Eulaminate-III,4,6,2,0,93.505,,5.0,22768.255991853308,33649.24638787018,57124,88368,5047933632.0,35.20599889920693,28.26577183390438,22.342244814713794,10.033122563759632,10.423745939216447,1.791759469228055,0.0
association,MdLF_R,Eulaminate-I,Koniocortex,4,7,3,0,93.505,,0.0,22768.255991853308,8163.947686341252,57124,19005,1085641620.0,31.95251312854647,52.2544322153184,20.805437003996172,10.033122563759632,9.007483116062714,0.0,0.0
association,MdLF_R,Eulaminate-II,Eulaminate-II,5,5,0,0,93.505,,0.0,35613.41729736446,35613.41729736446,91441,91441,8361456481.0,0.0,0.0,22.846898469083754,10.48047773621019,10.48047773621019,0.0,0.0
association,MdLF_R,Eulaminate-II,Eulaminate-III,5,6,1,226,91.88,1.161,7277.0,35613.41729736446,33649.24638787018,91441,88368,8080458288.0,29.944845626457578,14.984501820980698,22.812714426682845,10.48047773621019,10.423745939216447,8.892611378172106,0.0
association,MdLF_R,Eulaminate-II,Koniocortex,5,7,2,8,95.13,1.165,0.0,35613.41729736446,8163.947686341252,91441,19005,1737836205.0,26.62809583933342,38.828674246549575,21.275906615965226,10.48047773621019,9.007483116062714,0.0,0.0
association,MdLF_R,Eulaminate-III,Eulaminate-III,6,6,0,0,93.505,,0.0,33649.24638787018,33649.24638787018,88368,88368,7808903424.0,0.0,0.0,22.778530384281936,10.423745939216447,10.423745939216447,0.0,0.0
association,MdLF_R,Eulaminate-III,Koniocortex,6,7,1,0,93.505,,3808.0,33649.24638787018,8163.947686341252,88368,19005,1679433840.0,4.501507097540516,12.36068020572982,21.241722573564317,10.423745939216447,9.007483116062714,8.245121966478605,0.0
association,MdLF_R,Koniocortex,Koniocortex,7,7,0,0,93.505,,0.0,8163.947686341252,8163.947686341252,19005,19005,361190025.0,0.0,0.0,19.7049147628467,9.007483116062714,9.007483116062714,0.0,0.0
association,PAT_L,Allocortex,Allocortex,1,1,0,0,65.645,,0.0,2658.59674113891,2658.59674113891,7340,7340,53875600.0,0.0,0.0,17.802188243217124,7.885553721651852,7.885553721651852,0.0,0.0
association,PAT_L,Allocortex,Agranular,1,2,1,0,65.645,,1736.0,2658.59674113891,6622.514260167707,7340,15384,112918560.0,27.688056529700724,18.339850085551195,18.542177408877176,7.885553721651852,8.798230374434613,7.459914766241105,0.0
association,PAT_L,Allocortex,Dysgranular,1,3,2,0,65.645,,0.0,2658.59674113891,10700.265188134774,7340,26310,193115400.0,59.9818830083861,27.925881965684923,19.0787984956429,7.885553721651852,9.27802380408071,0.0,0.0
association,PAT_L,Allocortex,Eulaminate-I,1,4,3,0,65.645,,0.0,2658.59674113891,22768.255991853308,7340,57124,419290160.0,68.94718481984316,50.06993810353758,19.854073744181385,7.885553721651852,10.033122563759632,0.0,0.0
association,PAT_L,Allocortex,Eulaminate-II,1,5,4,0,65.645,,0.0,2658.59674113891,35613.41729736446,7340,91441,671176940.0,73.95675961300498,60.41255657195299,20.32454335615044,7.885553721651852,10.48047773621019,0.0,0.0
association,PAT_L,Allocortex,Eulaminate-III,1,6,5,0,65.645,,0.0,2658.59674113891,33649.24638787018,7340,88368,648621120.0,91.33775261923661,60.94069775783749,20.29035931374953,7.885553721651852,10.423745939216447,0.0,0.0
association,PAT_L,Allocortex,Koniocortex,1,7,6,0,65.645,,0.0,2658.59674113891,8163.947686341252,7340,19005,139496700.0,87.58222389791395,70.4107708124724,18.75355150303191,7.885553721651852,9.007483116062714,0.0,0.0
association,PAT_L,Agranular,Agranular,2,2,0,0,65.645,,0.0,6622.514260167707,6622.514260167707,15384,15384,236667456.0,0.0,0.0,19.282166574537232,8.798230374434613,8.798230374434613,0.0,0.0
association,PAT_L,Agranular,Dysgranular,2,3,1,0,65.645,,4728.0,6622.514260167707,10700.265188134774,15384,26310,404753040.0,54.264383997499834,7.91004083329342,19.818787661302952,8.798230374434613,9.27802380408071,8.461469042643875,0.0
association,PAT_L,Agranular,Eulaminate-I,2,4,2,0,65.645,,0.0,6622.514260167707,22768.255991853308,15384,57124,878795616.0,65.73612508670136,33.07313882684073,20.59406290984144,8.798230374434613,10.033122563759632,0.0,0.0
association,PAT_L,Agranular,Eulaminate-II,2,5,3,0,65.645,,0.0,6622.514260167707,35613.41729736446,15384,91441,1406728344.0,70.34817871794486,44.7120370280374,21.06453252181049,8.798230374434613,10.48047773621019,0.0,0.0
association,PAT_L,Agranular,Eulaminate-III,2,6,4,0,65.645,,0.0,6622.514260167707,33649.24638787018,15384,88368,1359453312.0,89.74482952848018,55.80360665928395,21.030348479409586,8.798230374434613,10.423745939216447,0.0,0.0
association,PAT_L,Agranular,Koniocortex,2,7,5,0,65.645,,0.0,6622.514260167707,8163.947686341252,15384,19005,292372920.0,85.96154715744069,68.44462079280663,19.493540668691963,8.798230374434613,9.007483116062714,0.0,0.0
association,PAT_L,Dysgranular,Dysgranular,3,3,0,0,65.645,,0.0,10700.265188134774,10700.265188134774,26310,26310,692216100.0,0.0,0.0,20.355408748068676,9.27802380408071,9.27802380408071,0.0,0.0
association,PAT_L,Dysgranular,Eulaminate-I,3,4,1,0,65.645,,4350.0,10700.265188134774,22768.255991853308,26310,57124,1502932440.0,20.197026300425016,22.836940505995305,21.13068399660716,9.27802380408071,10.033122563759632,8.37816098272068,0.0
association,PAT_L,Dysgranular,Eulaminate-II,3,5,2,0,65.645,,0.0,10700.265188134774,35613.41729736446,26310,91441,2405812710.0,23.97015689650552,32.108761641104515,21.601153608576215,9.27802380408071,10.48047773621019,0.0,0.0
association,PAT_L,Dysgranular,Eulaminate-III,3,6,3,0,65.645,,0.0,10700.265188134774,33649.24638787018,26310,88368,2324962080.0,52.98154925341811,41.389132083820314,21.566969566175306,9.27802380408071,10.423745939216447,0.0,0.0
association,PAT_L,Dysgranular,Koniocortex,3,7,4,0,65.645,,0.0,10700.265188134774,8163.947686341252,26310,19005,500021550.0,49.75628977519715,54.67614735865536,20.030161755457687,9.27802380408071,9.007483116062714,0.0,0.0
association,PAT_L,Eulaminate-I,Eulaminate-I,4,4,0,196,58.64,1.464,0.0,22768.255991853308,22768.255991853308,57124,57124,3263151376.0,0.0,0.0,21.90595924514565,10.033122563759632,10.033122563759632,0.0,0.0
association,PAT_L,Eulaminate-I,Eulaminate-II,4,5,1,143,65.99,1.403,9024.0,22768.255991853308,35613.41729736446,57124,91441,5223475684.0,5.5178320498710995,11.145503651810344,22.3764288571147,10.033122563759632,10.48047773621019,9.107753783201082,0.0
association,PAT_L,Eulaminate-I,Eulaminate-III,4,6,2,0,65.645,,5.0,22768.255991853308,33649.24638787018,57124,88368,5047933632.0,35.20599889920693,28.26577183390438,22.342244814713794,10.033122563759632,10.423745939216447,1.791759469228055,0.0
association,PAT_L,Eulaminate-I,Koniocortex,4,7,3,0,65.645,,0.0,22768.255991853308,8163.947686341252,57124,19005,1085641620.0,31.95251312854647,52.2544322153184,20.805437003996172,10.033122563759632,9.007483116062714,0.0,0.0
association,PAT_L,Eulaminate-II,Eulaminate-II,5,5,0,24,69.24,1.451,0.0,35613.41729736446,35613.41729736446,91441,91441,8361456481.0,0.0,0.0,22.846898469083754,10.48047773621019,10.48047773621019,0.0,0.0
association,PAT_L,Eulaminate-II,Eulaminate-III,5,6,1,7,68.71,1.402,7277.0,35613.41729736446,33649.24638787018,91441,88368,8080458288.0,29.944845626457578,14.984501820980698,22.812714426682845,10.48047773621019,10.423745939216447,8.892611378172106,0.0
association,PAT_L,Eulaminate-II,Koniocortex,5,7,2,0,65.645,,0.0,35613.41729736446,8163.947686341252,91441,19005,1737836205.0,26.62809583933342,38.828674246549575,21.275906615965226,10.48047773621019,9.007483116062714,0.0,0.0
association,PAT_L,Eulaminate-III,Eulaminate-III,6,6,0,0,65.645,,0.0,33649.24638787018,33649.24638787018,88368,88368,7808903424.0,0.0,0.0,22.778530384281936,10.423745939216447,10.423745939216447,0.0,0.0
association,PAT_L,Eulaminate-III,Koniocortex,6,7,1,0,65.645,,3808.0,33649.24638787018,8163.947686341252,88368,19005,1679433840.0,4.501507097540516,12.36068020572982,21.241722573564317,10.423745939216447,9.007483116062714,8.245121966478605,0.0
association,PAT_L,Koniocortex,Koniocortex,7,7,0,0,65.645,,0.0,8163.947686341252,8163.947686341252,19005,19005,361190025.0,0.0,0.0,19.7049147628467,9.007483116062714,9.007483116062714,0.0,0.0
association,PAT_R,Allocortex,Allocortex,1,1,0,0,61.11333333333334,,0.0,2658.59674113891,2658.59674113891,7340,7340,53875600.0,0.0,0.0,17.802188243217124,7.885553721651852,7.885553721651852,0.0,0.0
association,PAT_R,Allocortex,Agranular,1,2,1,0,61.11333333333334,,1736.0,2658.59674113891,6622.514260167707,7340,15384,112918560.0,27.688056529700724,18.339850085551195,18.542177408877176,7.885553721651852,8.798230374434613,7.459914766241105,0.0
association,PAT_R,Allocortex,Dysgranular,1,3,2,0,61.11333333333334,,0.0,2658.59674113891,10700.265188134774,7340,26310,193115400.0,59.9818830083861,27.925881965684923,19.0787984956429,7.885553721651852,9.27802380408071,0.0,0.0
association,PAT_R,Allocortex,Eulaminate-I,1,4,3,0,61.11333333333334,,0.0,2658.59674113891,22768.255991853308,7340,57124,419290160.0,68.94718481984316,50.06993810353758,19.854073744181385,7.885553721651852,10.033122563759632,0.0,0.0
association,PAT_R,Allocortex,Eulaminate-II,1,5,4,0,61.11333333333334,,0.0,2658.59674113891,35613.41729736446,7340,91441,671176940.0,73.95675961300498,60.41255657195299,20.32454335615044,7.885553721651852,10.48047773621019,0.0,0.0
association,PAT_R,Allocortex,Eulaminate-III,1,6,5,0,61.11333333333334,,0.0,2658.59674113891,33649.24638787018,7340,88368,648621120.0,91.33775261923661,60.94069775783749,20.29035931374953,7.885553721651852,10.423745939216447,0.0,0.0
association,PAT_R,Allocortex,Koniocortex,1,7,6,0,61.11333333333334,,0.0,2658.59674113891,8163.947686341252,7340,19005,139496700.0,87.58222389791395,70.4107708124724,18.75355150303191,7.885553721651852,9.007483116062714,0.0,0.0
association,PAT_R,Agranular,Agranular,2,2,0,0,61.11333333333334,,0.0,6622.514260167707,6622.514260167707,15384,15384,236667456.0,0.0,0.0,19.282166574537232,8.798230374434613,8.798230374434613,0.0,0.0
association,PAT_R,Agranular,Dysgranular,2,3,1,0,61.11333333333334,,4728.0,6622.514260167707,10700.265188134774,15384,26310,404753040.0,54.264383997499834,7.91004083329342,19.818787661302952,8.798230374434613,9.27802380408071,8.461469042643875,0.0
association,PAT_R,Agranular,Eulaminate-I,2,4,2,0,61.11333333333334,,0.0,6622.514260167707,22768.255991853308,15384,57124,878795616.0,65.73612508670136,33.07313882684073,20.59406290984144,8.798230374434613,10.033122563759632,0.0,0.0
association,PAT_R,Agranular,Eulaminate-II,2,5,3,0,61.11333333333334,,0.0,6622.514260167707,35613.41729736446,15384,91441,1406728344.0,70.34817871794486,44.7120370280374,21.06453252181049,8.798230374434613,10.48047773621019,0.0,0.0
association,PAT_R,Agranular,Eulaminate-III,2,6,4,0,61.11333333333334,,0.0,6622.514260167707,33649.24638787018,15384,88368,1359453312.0,89.74482952848018,55.80360665928395,21.030348479409586,8.798230374434613,10.423745939216447,0.0,0.0
association,PAT_R,Agranular,Koniocortex,2,7,5,0,61.11333333333334,,0.0,6622.514260167707,8163.947686341252,15384,19005,292372920.0,85.96154715744069,68.44462079280663,19.493540668691963,8.798230374434613,9.007483116062714,0.0,0.0
association,PAT_R,Dysgranular,Dysgranular,3,3,0,0,61.11333333333334,,0.0,10700.265188134774,10700.265188134774,26310,26310,692216100.0,0.0,0.0,20.355408748068676,9.27802380408071,9.27802380408071,0.0,0.0
association,PAT_R,Dysgranular,Eulaminate-I,3,4,1,0,61.11333333333334,,4350.0,10700.265188134774,22768.255991853308,26310,57124,1502932440.0,20.197026300425016,22.836940505995305,21.13068399660716,9.27802380408071,10.033122563759632,8.37816098272068,0.0
association,PAT_R,Dysgranular,Eulaminate-II,3,5,2,0,61.11333333333334,,0.0,10700.265188134774,35613.41729736446,26310,91441,2405812710.0,23.97015689650552,32.108761641104515,21.601153608576215,9.27802380408071,10.48047773621019,0.0,0.0
association,PAT_R,Dysgranular,Eulaminate-III,3,6,3,0,61.11333333333334,,0.0,10700.265188134774,33649.24638787018,26310,88368,2324962080.0,52.98154925341811,41.389132083820314,21.566969566175306,9.27802380408071,10.423745939216447,0.0,0.0
association,PAT_R,Dysgranular,Koniocortex,3,7,4,0,61.11333333333334,,0.0,10700.265188134774,8163.947686341252,26310,19005,500021550.0,49.75628977519715,54.67614735865536,20.030161755457687,9.27802380408071,9.007483116062714,0.0,0.0
association,PAT_R,Eulaminate-I,Eulaminate-I,4,4,0,332,58.49,1.346,0.0,22768.255991853308,22768.255991853308,57124,57124,3263151376.0,0.0,0.0,21.90595924514565,10.033122563759632,10.033122563759632,0.0,0.0
association,PAT_R,Eulaminate-I,Eulaminate-II,4,5,1,126,54.52,1.571,9024.0,22768.255991853308,35613.41729736446,57124,91441,5223475684.0,5.5178320498710995,11.145503651810344,22.3764288571147,10.033122563759632,10.48047773621019,9.107753783201082,0.0
association,PAT_R,Eulaminate-I,Eulaminate-III,4,6,2,50,61.6,1.502,5.0,22768.255991853308,33649.24638787018,57124,88368,5047933632.0,35.20599889920693,28.26577183390438,22.342244814713794,10.033122563759632,10.423745939216447,1.791759469228055,0.0
association,PAT_R,Eulaminate-I,Koniocortex,4,7,3,0,61.11333333333334,,0.0,22768.255991853308,8163.947686341252,57124,19005,1085641620.0,31.95251312854647,52.2544322153184,20.805437003996172,10.033122563759632,9.007483116062714,0.0,0.0
association,PAT_R,Eulaminate-II,Eulaminate-II,5,5,0,26,60.85,1.903,0.0,35613.41729736446,35613.41729736446,91441,91441,8361456481.0,0.0,0.0,22.846898469083754,10.48047773621019,10.48047773621019,0.0,0.0
association,PAT_R,Eulaminate-II,Eulaminate-III,5,6,1,37,60.45,1.833,7277.0,35613.41729736446,33649.24638787018,91441,88368,8080458288.0,29.944845626457578,14.984501820980698,22.812714426682845,10.48047773621019,10.423745939216447,8.892611378172106,0.0
association,PAT_R,Eulaminate-II,Koniocortex,5,7,2,0,61.11333333333334,,0.0,35613.41729736446,8163.947686341252,91441,19005,1737836205.0,26.62809583933342,38.828674246549575,21.275906615965226,10.48047773621019,9.007483116062714,0.0,0.0
association,PAT_R,Eulaminate-III,Eulaminate-III,6,6,0,10,70.77,1.583,0.0,33649.24638787018,33649.24638787018,88368,88368,7808903424.0,0.0,0.0,22.778530384281936,10.423745939216447,10.423745939216447,0.0,0.0
association,PAT_R,Eulaminate-III,Koniocortex,6,7,1,0,61.11333333333334,,3808.0,33649.24638787018,8163.947686341252,88368,19005,1679433840.0,4.501507097540516,12.36068020572982,21.241722573564317,10.423745939216447,9.007483116062714,8.245121966478605,0.0
association,PAT_R,Koniocortex,Koniocortex,7,7,0,0,61.11333333333334,,0.0,8163.947686341252,8163.947686341252,19005,19005,361190025.0,0.0,0.0,19.7049147628467,9.007483116062714,9.007483116062714,0.0,0.0
association,SLF1_L,Allocortex,Allocortex,1,1,0,0,80.44333333333334,,0.0,2658.59674113891,2658.59674113891,7340,7340,53875600.0,0.0,0.0,17.802188243217124,7.885553721651852,7.885553721651852,0.0,0.0
association,SLF1_L,Allocortex,Agranular,1,2,1,0,80.44333333333334,,1736.0,2658.59674113891,6622.514260167707,7340,15384,112918560.0,27.688056529700724,18.339850085551195,18.542177408877176,7.885553721651852,8.798230374434613,7.459914766241105,0.0
association,SLF1_L,Allocortex,Dysgranular,1,3,2,0,80.44333333333334,,0.0,2658.59674113891,10700.265188134774,7340,26310,193115400.0,59.9818830083861,27.925881965684923,19.0787984956429,7.885553721651852,9.27802380408071,0.0,0.0
association,SLF1_L,Allocortex,Eulaminate-I,1,4,3,0,80.44333333333334,,0.0,2658.59674113891,22768.255991853308,7340,57124,419290160.0,68.94718481984316,50.06993810353758,19.854073744181385,7.885553721651852,10.033122563759632,0.0,0.0
association,SLF1_L,Allocortex,Eulaminate-II,1,5,4,0,80.44333333333334,,0.0,2658.59674113891,35613.41729736446,7340,91441,671176940.0,73.95675961300498,60.41255657195299,20.32454335615044,7.885553721651852,10.48047773621019,0.0,0.0
association,SLF1_L,Allocortex,Eulaminate-III,1,6,5,0,80.44333333333334,,0.0,2658.59674113891,33649.24638787018,7340,88368,648621120.0,91.33775261923661,60.94069775783749,20.29035931374953,7.885553721651852,10.423745939216447,0.0,0.0
association,SLF1_L,Allocortex,Koniocortex,1,7,6,0,80.44333333333334,,0.0,2658.59674113891,8163.947686341252,7340,19005,139496700.0,87.58222389791395,70.4107708124724,18.75355150303191,7.885553721651852,9.007483116062714,0.0,0.0
association,SLF1_L,Agranular,Agranular,2,2,0,0,80.44333333333334,,0.0,6622.514260167707,6622.514260167707,15384,15384,236667456.0,0.0,0.0,19.282166574537232,8.798230374434613,8.798230374434613,0.0,0.0
association,SLF1_L,Agranular,Dysgranular,2,3,1,0,80.44333333333334,,4728.0,6622.514260167707,10700.265188134774,15384,26310,404753040.0,54.264383997499834,7.91004083329342,19.818787661302952,8.798230374434613,9.27802380408071,8.461469042643875,0.0
association,SLF1_L,Agranular,Eulaminate-I,2,4,2,0,80.44333333333334,,0.0,6622.514260167707,22768.255991853308,15384,57124,878795616.0,65.73612508670136,33.07313882684073,20.59406290984144,8.798230374434613,10.033122563759632,0.0,0.0
association,SLF1_L,Agranular,Eulaminate-II,2,5,3,0,80.44333333333334,,0.0,6622.514260167707,35613.41729736446,15384,91441,1406728344.0,70.34817871794486,44.7120370280374,21.06453252181049,8.798230374434613,10.48047773621019,0.0,0.0
association,SLF1_L,Agranular,Eulaminate-III,2,6,4,0,80.44333333333334,,0.0,6622.514260167707,33649.24638787018,15384,88368,1359453312.0,89.74482952848018,55.80360665928395,21.030348479409586,8.798230374434613,10.423745939216447,0.0,0.0
association,SLF1_L,Agranular,Koniocortex,2,7,5,0,80.44333333333334,,0.0,6622.514260167707,8163.947686341252,15384,19005,292372920.0,85.96154715744069,68.44462079280663,19.493540668691963,8.798230374434613,9.007483116062714,0.0,0.0
association,SLF1_L,Dysgranular,Dysgranular,3,3,0,0,80.44333333333334,,0.0,10700.265188134774,10700.265188134774,26310,26310,692216100.0,0.0,0.0,20.355408748068676,9.27802380408071,9.27802380408071,0.0,0.0
association,SLF1_L,Dysgranular,Eulaminate-I,3,4,1,32,71.65,1.234,4350.0,10700.265188134774,22768.255991853308,26310,57124,1502932440.0,20.197026300425016,22.836940505995305,21.13068399660716,9.27802380408071,10.033122563759632,8.37816098272068,0.0
association,SLF1_L,Dysgranular,Eulaminate-II,3,5,2,0,80.44333333333334,,0.0,10700.265188134774,35613.41729736446,26310,91441,2405812710.0,23.97015689650552,32.108761641104515,21.601153608576215,9.27802380408071,10.48047773621019,0.0,0.0
association,SLF1_L,Dysgranular,Eulaminate-III,3,6,3,0,80.44333333333334,,0.0,10700.265188134774,33649.24638787018,26310,88368,2324962080.0,52.98154925341811,41.389132083820314,21.566969566175306,9.27802380408071,10.423745939216447,0.0,0.0
association,SLF1_L,Dysgranular,Koniocortex,3,7,4,0,80.44333333333334,,0.0,10700.265188134774,8163.947686341252,26310,19005,500021550.0,49.75628977519715,54.67614735865536,20.030161755457687,9.27802380408071,9.007483116062714,0.0,0.0
association,SLF1_L,Eulaminate-I,Eulaminate-I,4,4,0,137,82.78,1.342,0.0,22768.255991853308,22768.255991853308,57124,57124,3263151376.0,0.0,0.0,21.90595924514565,10.033122563759632,10.033122563759632,0.0,0.0
association,SLF1_L,Eulaminate-I,Eulaminate-II,4,5,1,170,84.33,1.349,9024.0,22768.255991853308,35613.41729736446,57124,91441,5223475684.0,5.5178320498710995,11.145503651810344,22.3764288571147,10.033122563759632,10.48047773621019,9.107753783201082,0.0
association,SLF1_L,Eulaminate-I,Eulaminate-III,4,6,2,471,91.78,1.417,5.0,22768.255991853308,33649.24638787018,57124,88368,5047933632.0,35.20599889920693,28.26577183390438,22.342244814713794,10.033122563759632,10.423745939216447,1.791759469228055,0.0
association,SLF1_L,Eulaminate-I,Koniocortex,4,7,3,0,80.44333333333334,,0.0,22768.255991853308,8163.947686341252,57124,19005,1085641620.0,31.95251312854647,52.2544322153184,20.805437003996172,10.033122563759632,9.007483116062714,0.0,0.0
association,SLF1_L,Eulaminate-II,Eulaminate-II,5,5,0,35,71.22,1.334,0.0,35613.41729736446,35613.41729736446,91441,91441,8361456481.0,0.0,0.0,22.846898469083754,10.48047773621019,10.48047773621019,0.0,0.0
association,SLF1_L,Eulaminate-II,Eulaminate-III,5,6,1,190,80.9,1.419,7277.0,35613.41729736446,33649.24638787018,91441,88368,8080458288.0,29.944845626457578,14.984501820980698,22.812714426682845,10.48047773621019,10.423745939216447,8.892611378172106,0.0
association,SLF1_L,Eulaminate-II,Koniocortex,5,7,2,0,80.44333333333334,,0.0,35613.41729736446,8163.947686341252,91441,19005,1737836205.0,26.62809583933342,38.828674246549575,21.275906615965226,10.48047773621019,9.007483116062714,0.0,0.0
association,SLF1_L,Eulaminate-III,Eulaminate-III,6,6,0,0,80.44333333333334,,0.0,33649.24638787018,33649.24638787018,88368,88368,7808903424.0,0.0,0.0,22.778530384281936,10.423745939216447,10.423745939216447,0.0,0.0
association,SLF1_L,Eulaminate-III,Koniocortex,6,7,1,0,80.44333333333334,,3808.0,33649.24638787018,8163.947686341252,88368,19005,1679433840.0,4.501507097540516,12.36068020572982,21.241722573564317,10.423745939216447,9.007483116062714,8.245121966478605,0.0
association,SLF1_L,Koniocortex,Koniocortex,7,7,0,0,80.44333333333334,,0.0,8163.947686341252,8163.947686341252,19005,19005,361190025.0,0.0,0.0,19.7049147628467,9.007483116062714,9.007483116062714,0.0,0.0
association,SLF1_R,Allocortex,Allocortex,1,1,0,0,77.475,,0.0,2658.59674113891,2658.59674113891,7340,7340,53875600.0,0.0,0.0,17.802188243217124,7.885553721651852,7.885553721651852,0.0,0.0
association,SLF1_R,Allocortex,Agranular,1,2,1,0,77.475,,1736.0,2658.59674113891,6622.514260167707,7340,15384,112918560.0,27.688056529700724,18.339850085551195,18.542177408877176,7.885553721651852,8.798230374434613,7.459914766241105,0.0
association,SLF1_R,Allocortex,Dysgranular,1,3,2,0,77.475,,0.0,2658.59674113891,10700.265188134774,7340,26310,193115400.0,59.9818830083861,27.925881965684923,19.0787984956429,7.885553721651852,9.27802380408071,0.0,0.0
association,SLF1_R,Allocortex,Eulaminate-I,1,4,3,0,77.475,,0.0,2658.59674113891,22768.255991853308,7340,57124,419290160.0,68.94718481984316,50.06993810353758,19.854073744181385,7.885553721651852,10.033122563759632,0.0,0.0
association,SLF1_R,Allocortex,Eulaminate-II,1,5,4,0,77.475,,0.0,2658.59674113891,35613.41729736446,7340,91441,671176940.0,73.95675961300498,60.41255657195299,20.32454335615044,7.885553721651852,10.48047773621019,0.0,0.0
association,SLF1_R,Allocortex,Eulaminate-III,1,6,5,0,77.475,,0.0,2658.59674113891,33649.24638787018,7340,88368,648621120.0,91.33775261923661,60.94069775783749,20.29035931374953,7.885553721651852,10.423745939216447,0.0,0.0
association,SLF1_R,Allocortex,Koniocortex,1,7,6,0,77.475,,0.0,2658.59674113891,8163.947686341252,7340,19005,139496700.0,87.58222389791395,70.4107708124724,18.75355150303191,7.885553721651852,9.007483116062714,0.0,0.0
association,SLF1_R,Agranular,Agranular,2,2,0,0,77.475,,0.0,6622.514260167707,6622.514260167707,15384,15384,236667456.0,0.0,0.0,19.282166574537232,8.798230374434613,8.798230374434613,0.0,0.0
association,SLF1_R,Agranular,Dysgranular,2,3,1,0,77.475,,4728.0,6622.514260167707,10700.265188134774,15384,26310,404753040.0,54.264383997499834,7.91004083329342,19.818787661302952,8.798230374434613,9.27802380408071,8.461469042643875,0.0
association,SLF1_R,Agranular,Eulaminate-I,2,4,2,0,77.475,,0.0,6622.514260167707,22768.255991853308,15384,57124,878795616.0,65.73612508670136,33.07313882684073,20.59406290984144,8.798230374434613,10.033122563759632,0.0,0.0
association,SLF1_R,Agranular,Eulaminate-II,2,5,3,0,77.475,,0.0,6622.514260167707,35613.41729736446,15384,91441,1406728344.0,70.34817871794486,44.7120370280374,21.06453252181049,8.798230374434613,10.48047773621019,0.0,0.0
association,SLF1_R,Agranular,Eulaminate-III,2,6,4,0,77.475,,0.0,6622.514260167707,33649.24638787018,15384,88368,1359453312.0,89.74482952848018,55.80360665928395,21.030348479409586,8.798230374434613,10.423745939216447,0.0,0.0
association,SLF1_R,Agranular,Koniocortex,2,7,5,0,77.475,,0.0,6622.514260167707,8163.947686341252,15384,19005,292372920.0,85.96154715744069,68.44462079280663,19.493540668691963,8.798230374434613,9.007483116062714,0.0,0.0
association,SLF1_R,Dysgranular,Dysgranular,3,3,0,0,77.475,,0.0,10700.265188134774,10700.265188134774,26310,26310,692216100.0,0.0,0.0,20.355408748068676,9.27802380408071,9.27802380408071,0.0,0.0
association,SLF1_R,Dysgranular,Eulaminate-I,3,4,1,5,77.12,1.319,4350.0,10700.265188134774,22768.255991853308,26310,57124,1502932440.0,20.197026300425016,22.836940505995305,21.13068399660716,9.27802380408071,10.033122563759632,8.37816098272068,0.0
association,SLF1_R,Dysgranular,Eulaminate-II,3,5,2,0,77.475,,0.0,10700.265188134774,35613.41729736446,26310,91441,2405812710.0,23.97015689650552,32.108761641104515,21.601153608576215,9.27802380408071,10.48047773621019,0.0,0.0
association,SLF1_R,Dysgranular,Eulaminate-III,3,6,3,0,77.475,,0.0,10700.265188134774,33649.24638787018,26310,88368,2324962080.0,52.98154925341811,41.389132083820314,21.566969566175306,9.27802380408071,10.423745939216447,0.0,0.0
association,SLF1_R,Dysgranular,Koniocortex,3,7,4,0,77.475,,0.0,10700.265188134774,8163.947686341252,26310,19005,500021550.0,49.75628977519715,54.67614735865536,20.030161755457687,9.27802380408071,9.007483116062714,0.0,0.0
association,SLF1_R,Eulaminate-I,Eulaminate-I,4,4,0,5,77.83,1.345,0.0,22768.255991853308,22768.255991853308,57124,57124,3263151376.0,0.0,0.0,21.90595924514565,10.033122563759632,10.033122563759632,0.0,0.0
association,SLF1_R,Eulaminate-I,Eulaminate-II,4,5,1,0,77.475,,9024.0,22768.255991853308,35613.41729736446,57124,91441,5223475684.0,5.5178320498710995,11.145503651810344,22.3764288571147,10.033122563759632,10.48047773621019,9.107753783201082,0.0
association,SLF1_R,Eulaminate-I,Eulaminate-III,4,6,2,0,77.475,,5.0,22768.255991853308,33649.24638787018,57124,88368,5047933632.0,35.20599889920693,28.26577183390438,22.342244814713794,10.033122563759632,10.423745939216447,1.791759469228055,0.0
association,SLF1_R,Eulaminate-I,Koniocortex,4,7,3,0,77.475,,0.0,22768.255991853308,8163.947686341252,57124,19005,1085641620.0,31.95251312854647,52.2544322153184,20.805437003996172,10.033122563759632,9.007483116062714,0.0,0.0
association,SLF1_R,Eulaminate-II,Eulaminate-II,5,5,0,0,77.475,,0.0,35613.41729736446,35613.41729736446,91441,91441,8361456481.0,0.0,0.0,22.846898469083754,10.48047773621019,10.48047773621019,0.0,0.0
association,SLF1_R,Eulaminate-II,Eulaminate-III,5,6,1,0,77.475,,7277.0,35613.41729736446,33649.24638787018,91441,88368,8080458288.0,29.944845626457578,14.984501820980698,22.812714426682845,10.48047773621019,10.423745939216447,8.892611378172106,0.0
association,SLF1_R,Eulaminate-II,Koniocortex,5,7,2,0,77.475,,0.0,35613.41729736446,8163.947686341252,91441,19005,1737836205.0,26.62809583933342,38.828674246549575,21.275906615965226,10.48047773621019,9.007483116062714,0.0,0.0
association,SLF1_R,Eulaminate-III,Eulaminate-III,6,6,0,0,77.475,,0.0,33649.24638787018,33649.24638787018,88368,88368,7808903424.0,0.0,0.0,22.778530384281936,10.423745939216447,10.423745939216447,0.0,0.0
association,SLF1_R,Eulaminate-III,Koniocortex,6,7,1,0,77.475,,3808.0,33649.24638787018,8163.947686341252,88368,19005,1679433840.0,4.501507097540516,12.36068020572982,21.241722573564317,10.423745939216447,9.007483116062714,8.245121966478605,0.0
association,SLF1_R,Koniocortex,Koniocortex,7,7,0,0,77.475,,0.0,8163.947686341252,8163.947686341252,19005,19005,361190025.0,0.0,0.0,19.7049147628467,9.007483116062714,9.007483116062714,0.0,0.0
association,SLF2_L,Allocortex,Allocortex,1,1,0,0,86.44,,0.0,2658.59674113891,2658.59674113891,7340,7340,53875600.0,0.0,0.0,17.802188243217124,7.885553721651852,7.885553721651852,0.0,0.0
association,SLF2_L,Allocortex,Agranular,1,2,1,0,86.44,,1736.0,2658.59674113891,6622.514260167707,7340,15384,112918560.0,27.688056529700724,18.339850085551195,18.542177408877176,7.885553721651852,8.798230374434613,7.459914766241105,0.0
association,SLF2_L,Allocortex,Dysgranular,1,3,2,0,86.44,,0.0,2658.59674113891,10700.265188134774,7340,26310,193115400.0,59.9818830083861,27.925881965684923,19.0787984956429,7.885553721651852,9.27802380408071,0.0,0.0
association,SLF2_L,Allocortex,Eulaminate-I,1,4,3,0,86.44,,0.0,2658.59674113891,22768.255991853308,7340,57124,419290160.0,68.94718481984316,50.06993810353758,19.854073744181385,7.885553721651852,10.033122563759632,0.0,0.0
association,SLF2_L,Allocortex,Eulaminate-II,1,5,4,0,86.44,,0.0,2658.59674113891,35613.41729736446,7340,91441,671176940.0,73.95675961300498,60.41255657195299,20.32454335615044,7.885553721651852,10.48047773621019,0.0,0.0
association,SLF2_L,Allocortex,Eulaminate-III,1,6,5,0,86.44,,0.0,2658.59674113891,33649.24638787018,7340,88368,648621120.0,91.33775261923661,60.94069775783749,20.29035931374953,7.885553721651852,10.423745939216447,0.0,0.0
association,SLF2_L,Allocortex,Koniocortex,1,7,6,0,86.44,,0.0,2658.59674113891,8163.947686341252,7340,19005,139496700.0,87.58222389791395,70.4107708124724,18.75355150303191,7.885553721651852,9.007483116062714,0.0,0.0
association,SLF2_L,Agranular,Agranular,2,2,0,0,86.44,,0.0,6622.514260167707,6622.514260167707,15384,15384,236667456.0,0.0,0.0,19.282166574537232,8.798230374434613,8.798230374434613,0.0,0.0
association,SLF2_L,Agranular,Dysgranular,2,3,1,0,86.44,,4728.0,6622.514260167707,10700.265188134774,15384,26310,404753040.0,54.264383997499834,7.91004083329342,19.818787661302952,8.798230374434613,9.27802380408071,8.461469042643875,0.0
association,SLF2_L,Agranular,Eulaminate-I,2,4,2,0,86.44,,0.0,6622.514260167707,22768.255991853308,15384,57124,878795616.0,65.73612508670136,33.07313882684073,20.59406290984144,8.798230374434613,10.033122563759632,0.0,0.0
association,SLF2_L,Agranular,Eulaminate-II,2,5,3,0,86.44,,0.0,6622.514260167707,35613.41729736446,15384,91441,1406728344.0,70.34817871794486,44.7120370280374,21.06453252181049,8.798230374434613,10.48047773621019,0.0,0.0
association,SLF2_L,Agranular,Eulaminate-III,2,6,4,0,86.44,,0.0,6622.514260167707,33649.24638787018,15384,88368,1359453312.0,89.74482952848018,55.80360665928395,21.030348479409586,8.798230374434613,10.423745939216447,0.0,0.0
association,SLF2_L,Agranular,Koniocortex,2,7,5,0,86.44,,0.0,6622.514260167707,8163.947686341252,15384,19005,292372920.0,85.96154715744069,68.44462079280663,19.493540668691963,8.798230374434613,9.007483116062714,0.0,0.0
association,SLF2_L,Dysgranular,Dysgranular,3,3,0,0,86.44,,0.0,10700.265188134774,10700.265188134774,26310,26310,692216100.0,0.0,0.0,20.355408748068676,9.27802380408071,9.27802380408071,0.0,0.0
association,SLF2_L,Dysgranular,Eulaminate-I,3,4,1,0,86.44,,4350.0,10700.265188134774,22768.255991853308,26310,57124,1502932440.0,20.197026300425016,22.836940505995305,21.13068399660716,9.27802380408071,10.033122563759632,8.37816098272068,0.0
association,SLF2_L,Dysgranular,Eulaminate-II,3,5,2,0,86.44,,0.0,10700.265188134774,35613.41729736446,26310,91441,2405812710.0,23.97015689650552,32.108761641104515,21.601153608576215,9.27802380408071,10.48047773621019,0.0,0.0
association,SLF2_L,Dysgranular,Eulaminate-III,3,6,3,0,86.44,,0.0,10700.265188134774,33649.24638787018,26310,88368,2324962080.0,52.98154925341811,41.389132083820314,21.566969566175306,9.27802380408071,10.423745939216447,0.0,0.0
association,SLF2_L,Dysgranular,Koniocortex,3,7,4,0,86.44,,0.0,10700.265188134774,8163.947686341252,26310,19005,500021550.0,49.75628977519715,54.67614735865536,20.030161755457687,9.27802380408071,9.007483116062714,0.0,0.0
association,SLF2_L,Eulaminate-I,Eulaminate-I,4,4,0,0,86.44,,0.0,22768.255991853308,22768.255991853308,57124,57124,3263151376.0,0.0,0.0,21.90595924514565,10.033122563759632,10.033122563759632,0.0,0.0
association,SLF2_L,Eulaminate-I,Eulaminate-II,4,5,1,6,97.46,1.328,9024.0,22768.255991853308,35613.41729736446,57124,91441,5223475684.0,5.5178320498710995,11.145503651810344,22.3764288571147,10.033122563759632,10.48047773621019,9.107753783201082,0.0
association,SLF2_L,Eulaminate-I,Eulaminate-III,4,6,2,32,85.61,1.566,5.0,22768.255991853308,33649.24638787018,57124,88368,5047933632.0,35.20599889920693,28.26577183390438,22.342244814713794,10.033122563759632,10.423745939216447,1.791759469228055,0.0
association,SLF2_L,Eulaminate-I,Koniocortex,4,7,3,0,86.44,,0.0,22768.255991853308,8163.947686341252,57124,19005,1085641620.0,31.95251312854647,52.2544322153184,20.805437003996172,10.033122563759632,9.007483116062714,0.0,0.0
association,SLF2_L,Eulaminate-II,Eulaminate-II,5,5,0,88,96.91,1.39,0.0,35613.41729736446,35613.41729736446,91441,91441,8361456481.0,0.0,0.0,22.846898469083754,10.48047773621019,10.48047773621019,0.0,0.0
association,SLF2_L,Eulaminate-II,Eulaminate-III,5,6,1,293,83.69,1.688,7277.0,35613.41729736446,33649.24638787018,91441,88368,8080458288.0,29.944845626457578,14.984501820980698,22.812714426682845,10.48047773621019,10.423745939216447,8.892611378172106,0.0
association,SLF2_L,Eulaminate-II,Koniocortex,5,7,2,23,76.33,1.987,0.0,35613.41729736446,8163.947686341252,91441,19005,1737836205.0,26.62809583933342,38.828674246549575,21.275906615965226,10.48047773621019,9.007483116062714,0.0,0.0
association,SLF2_L,Eulaminate-III,Eulaminate-III,6,6,0,153,78.64,1.46,0.0,33649.24638787018,33649.24638787018,88368,88368,7808903424.0,0.0,0.0,22.778530384281936,10.423745939216447,10.423745939216447,0.0,0.0
association,SLF2_L,Eulaminate-III,Koniocortex,6,7,1,0,86.44,,3808.0,33649.24638787018,8163.947686341252,88368,19005,1679433840.0,4.501507097540516,12.36068020572982,21.241722573564317,10.423745939216447,9.007483116062714,8.245121966478605,0.0
association,SLF2_L,Koniocortex,Koniocortex,7,7,0,0,86.44,,0.0,8163.947686341252,8163.947686341252,19005,19005,361190025.0,0.0,0.0,19.7049147628467,9.007483116062714,9.007483116062714,0.0,0.0
association,SLF2_R,Allocortex,Allocortex,1,1,0,0,115.94800000000001,,0.0,2658.59674113891,2658.59674113891,7340,7340,53875600.0,0.0,0.0,17.802188243217124,7.885553721651852,7.885553721651852,0.0,0.0
association,SLF2_R,Allocortex,Agranular,1,2,1,0,115.94800000000001,,1736.0,2658.59674113891,6622.514260167707,7340,15384,112918560.0,27.688056529700724,18.339850085551195,18.542177408877176,7.885553721651852,8.798230374434613,7.459914766241105,0.0
association,SLF2_R,Allocortex,Dysgranular,1,3,2,0,115.94800000000001,,0.0,2658.59674113891,10700.265188134774,7340,26310,193115400.0,59.9818830083861,27.925881965684923,19.0787984956429,7.885553721651852,9.27802380408071,0.0,0.0
association,SLF2_R,Allocortex,Eulaminate-I,1,4,3,0,115.94800000000001,,0.0,2658.59674113891,22768.255991853308,7340,57124,419290160.0,68.94718481984316,50.06993810353758,19.854073744181385,7.885553721651852,10.033122563759632,0.0,0.0
association,SLF2_R,Allocortex,Eulaminate-II,1,5,4,0,115.94800000000001,,0.0,2658.59674113891,35613.41729736446,7340,91441,671176940.0,73.95675961300498,60.41255657195299,20.32454335615044,7.885553721651852,10.48047773621019,0.0,0.0
association,SLF2_R,Allocortex,Eulaminate-III,1,6,5,0,115.94800000000001,,0.0,2658.59674113891,33649.24638787018,7340,88368,648621120.0,91.33775261923661,60.94069775783749,20.29035931374953,7.885553721651852,10.423745939216447,0.0,0.0
association,SLF2_R,Allocortex,Koniocortex,1,7,6,0,115.94800000000001,,0.0,2658.59674113891,8163.947686341252,7340,19005,139496700.0,87.58222389791395,70.4107708124724,18.75355150303191,7.885553721651852,9.007483116062714,0.0,0.0
association,SLF2_R,Agranular,Agranular,2,2,0,0,115.94800000000001,,0.0,6622.514260167707,6622.514260167707,15384,15384,236667456.0,0.0,0.0,19.282166574537232,8.798230374434613,8.798230374434613,0.0,0.0
association,SLF2_R,Agranular,Dysgranular,2,3,1,0,115.94800000000001,,4728.0,6622.514260167707,10700.265188134774,15384,26310,404753040.0,54.264383997499834,7.91004083329342,19.818787661302952,8.798230374434613,9.27802380408071,8.461469042643875,0.0
association,SLF2_R,Agranular,Eulaminate-I,2,4,2,0,115.94800000000001,,0.0,6622.514260167707,22768.255991853308,15384,57124,878795616.0,65.73612508670136,33.07313882684073,20.59406290984144,8.798230374434613,10.033122563759632,0.0,0.0
association,SLF2_R,Agranular,Eulaminate-II,2,5,3,0,115.94800000000001,,0.0,6622.514260167707,35613.41729736446,15384,91441,1406728344.0,70.34817871794486,44.7120370280374,21.06453252181049,8.798230374434613,10.48047773621019,0.0,0.0
association,SLF2_R,Agranular,Eulaminate-III,2,6,4,0,115.94800000000001,,0.0,6622.514260167707,33649.24638787018,15384,88368,1359453312.0,89.74482952848018,55.80360665928395,21.030348479409586,8.798230374434613,10.423745939216447,0.0,0.0
association,SLF2_R,Agranular,Koniocortex,2,7,5,0,115.94800000000001,,0.0,6622.514260167707,8163.947686341252,15384,19005,292372920.0,85.96154715744069,68.44462079280663,19.493540668691963,8.798230374434613,9.007483116062714,0.0,0.0
association,SLF2_R,Dysgranular,Dysgranular,3,3,0,0,115.94800000000001,,0.0,10700.265188134774,10700.265188134774,26310,26310,692216100.0,0.0,0.0,20.355408748068676,9.27802380408071,9.27802380408071,0.0,0.0
association,SLF2_R,Dysgranular,Eulaminate-I,3,4,1,0,115.94800000000001,,4350.0,10700.265188134774,22768.255991853308,26310,57124,1502932440.0,20.197026300425016,22.836940505995305,21.13068399660716,9.27802380408071,10.033122563759632,8.37816098272068,0.0
association,SLF2_R,Dysgranular,Eulaminate-II,3,5,2,0,115.94800000000001,,0.0,10700.265188134774,35613.41729736446,26310,91441,2405812710.0,23.97015689650552,32.108761641104515,21.601153608576215,9.27802380408071,10.48047773621019,0.0,0.0
association,SLF2_R,Dysgranular,Eulaminate-III,3,6,3,0,115.94800000000001,,0.0,10700.265188134774,33649.24638787018,26310,88368,2324962080.0,52.98154925341811,41.389132083820314,21.566969566175306,9.27802380408071,10.423745939216447,0.0,0.0
association,SLF2_R,Dysgranular,Koniocortex,3,7,4,0,115.94800000000001,,0.0,10700.265188134774,8163.947686341252,26310,19005,500021550.0,49.75628977519715,54.67614735865536,20.030161755457687,9.27802380408071,9.007483116062714,0.0,0.0
association,SLF2_R,Eulaminate-I,Eulaminate-I,4,4,0,25,120.61,1.334,0.0,22768.255991853308,22768.255991853308,57124,57124,3263151376.0,0.0,0.0,21.90595924514565,10.033122563759632,10.033122563759632,0.0,0.0
association,SLF2_R,Eulaminate-I,Eulaminate-II,4,5,1,77,137.65,1.13,9024.0,22768.255991853308,35613.41729736446,57124,91441,5223475684.0,5.5178320498710995,11.145503651810344,22.3764288571147,10.033122563759632,10.48047773621019,9.107753783201082,0.0
association,SLF2_R,Eulaminate-I,Eulaminate-III,4,6,2,0,115.94800000000001,,5.0,22768.255991853308,33649.24638787018,57124,88368,5047933632.0,35.20599889920693,28.26577183390438,22.342244814713794,10.033122563759632,10.423745939216447,1.791759469228055,0.0
association,SLF2_R,Eulaminate-I,Koniocortex,4,7,3,0,115.94800000000001,,0.0,22768.255991853308,8163.947686341252,57124,19005,1085641620.0,31.95251312854647,52.2544322153184,20.805437003996172,10.033122563759632,9.007483116062714,0.0,0.0
association,SLF2_R,Eulaminate-II,Eulaminate-II,5,5,0,72,107.21,1.328,0.0,35613.41729736446,35613.41729736446,91441,91441,8361456481.0,0.0,0.0,22.846898469083754,10.48047773621019,10.48047773621019,0.0,0.0
association,SLF2_R,Eulaminate-II,Eulaminate-III,5,6,1,102,106.1,1.369,7277.0,35613.41729736446,33649.24638787018,91441,88368,8080458288.0,29.944845626457578,14.984501820980698,22.812714426682845,10.48047773621019,10.423745939216447,8.892611378172106,0.0
association,SLF2_R,Eulaminate-II,Koniocortex,5,7,2,0,115.94800000000001,,0.0,35613.41729736446,8163.947686341252,91441,19005,1737836205.0,26.62809583933342,38.828674246549575,21.275906615965226,10.48047773621019,9.007483116062714,0.0,0.0
association,SLF2_R,Eulaminate-III,Eulaminate-III,6,6,0,69,108.17,1.422,0.0,33649.24638787018,33649.24638787018,88368,88368,7808903424.0,0.0,0.0,22.778530384281936,10.423745939216447,10.423745939216447,0.0,0.0
association,SLF2_R,Eulaminate-III,Koniocortex,6,7,1,0,115.94800000000001,,3808.0,33649.24638787018,8163.947686341252,88368,19005,1679433840.0,4.501507097540516,12.36068020572982,21.241722573564317,10.423745939216447,9.007483116062714,8.245121966478605,0.0
association,SLF2_R,Koniocortex,Koniocortex,7,7,0,0,115.94800000000001,,0.0,8163.947686341252,8163.947686341252,19005,19005,361190025.0,0.0,0.0,19.7049147628467,9.007483116062714,9.007483116062714,0.0,0.0
association,SLF3_L,Allocortex,Allocortex,1,1,0,0,71.08,,0.0,2658.59674113891,2658.59674113891,7340,7340,53875600.0,0.0,0.0,17.802188243217124,7.885553721651852,7.885553721651852,0.0,0.0
association,SLF3_L,Allocortex,Agranular,1,2,1,0,71.08,,1736.0,2658.59674113891,6622.514260167707,7340,15384,112918560.0,27.688056529700724,18.339850085551195,18.542177408877176,7.885553721651852,8.798230374434613,7.459914766241105,0.0
association,SLF3_L,Allocortex,Dysgranular,1,3,2,0,71.08,,0.0,2658.59674113891,10700.265188134774,7340,26310,193115400.0,59.9818830083861,27.925881965684923,19.0787984956429,7.885553721651852,9.27802380408071,0.0,0.0
association,SLF3_L,Allocortex,Eulaminate-I,1,4,3,0,71.08,,0.0,2658.59674113891,22768.255991853308,7340,57124,419290160.0,68.94718481984316,50.06993810353758,19.854073744181385,7.885553721651852,10.033122563759632,0.0,0.0
association,SLF3_L,Allocortex,Eulaminate-II,1,5,4,0,71.08,,0.0,2658.59674113891,35613.41729736446,7340,91441,671176940.0,73.95675961300498,60.41255657195299,20.32454335615044,7.885553721651852,10.48047773621019,0.0,0.0
association,SLF3_L,Allocortex,Eulaminate-III,1,6,5,0,71.08,,0.0,2658.59674113891,33649.24638787018,7340,88368,648621120.0,91.33775261923661,60.94069775783749,20.29035931374953,7.885553721651852,10.423745939216447,0.0,0.0
association,SLF3_L,Allocortex,Koniocortex,1,7,6,0,71.08,,0.0,2658.59674113891,8163.947686341252,7340,19005,139496700.0,87.58222389791395,70.4107708124724,18.75355150303191,7.885553721651852,9.007483116062714,0.0,0.0
association,SLF3_L,Agranular,Agranular,2,2,0,0,71.08,,0.0,6622.514260167707,6622.514260167707,15384,15384,236667456.0,0.0,0.0,19.282166574537232,8.798230374434613,8.798230374434613,0.0,0.0
association,SLF3_L,Agranular,Dysgranular,2,3,1,0,71.08,,4728.0,6622.514260167707,10700.265188134774,15384,26310,404753040.0,54.264383997499834,7.91004083329342,19.818787661302952,8.798230374434613,9.27802380408071,8.461469042643875,0.0
association,SLF3_L,Agranular,Eulaminate-I,2,4,2,0,71.08,,0.0,6622.514260167707,22768.255991853308,15384,57124,878795616.0,65.73612508670136,33.07313882684073,20.59406290984144,8.798230374434613,10.033122563759632,0.0,0.0
association,SLF3_L,Agranular,Eulaminate-II,2,5,3,0,71.08,,0.0,6622.514260167707,35613.41729736446,15384,91441,1406728344.0,70.34817871794486,44.7120370280374,21.06453252181049,8.798230374434613,10.48047773621019,0.0,0.0
association,SLF3_L,Agranular,Eulaminate-III,2,6,4,0,71.08,,0.0,6622.514260167707,33649.24638787018,15384,88368,1359453312.0,89.74482952848018,55.80360665928395,21.030348479409586,8.798230374434613,10.423745939216447,0.0,0.0
association,SLF3_L,Agranular,Koniocortex,2,7,5,0,71.08,,0.0,6622.514260167707,8163.947686341252,15384,19005,292372920.0,85.96154715744069,68.44462079280663,19.493540668691963,8.798230374434613,9.007483116062714,0.0,0.0
association,SLF3_L,Dysgranular,Dysgranular,3,3,0,0,71.08,,0.0,10700.265188134774,10700.265188134774,26310,26310,692216100.0,0.0,0.0,20.355408748068676,9.27802380408071,9.27802380408071,0.0,0.0
association,SLF3_L,Dysgranular,Eulaminate-I,3,4,1,0,71.08,,4350.0,10700.265188134774,22768.255991853308,26310,57124,1502932440.0,20.197026300425016,22.836940505995305,21.13068399660716,9.27802380408071,10.033122563759632,8.37816098272068,0.0
association,SLF3_L,Dysgranular,Eulaminate-II,3,5,2,0,71.08,,0.0,10700.265188134774,35613.41729736446,26310,91441,2405812710.0,23.97015689650552,32.108761641104515,21.601153608576215,9.27802380408071,10.48047773621019,0.0,0.0
association,SLF3_L,Dysgranular,Eulaminate-III,3,6,3,0,71.08,,0.0,10700.265188134774,33649.24638787018,26310,88368,2324962080.0,52.98154925341811,41.389132083820314,21.566969566175306,9.27802380408071,10.423745939216447,0.0,0.0
association,SLF3_L,Dysgranular,Koniocortex,3,7,4,0,71.08,,0.0,10700.265188134774,8163.947686341252,26310,19005,500021550.0,49.75628977519715,54.67614735865536,20.030161755457687,9.27802380408071,9.007483116062714,0.0,0.0
association,SLF3_L,Eulaminate-I,Eulaminate-I,4,4,0,0,71.08,,0.0,22768.255991853308,22768.255991853308,57124,57124,3263151376.0,0.0,0.0,21.90595924514565,10.033122563759632,10.033122563759632,0.0,0.0
association,SLF3_L,Eulaminate-I,Eulaminate-II,4,5,1,0,71.08,,9024.0,22768.255991853308,35613.41729736446,57124,91441,5223475684.0,5.5178320498710995,11.145503651810344,22.3764288571147,10.033122563759632,10.48047773621019,9.107753783201082,0.0
association,SLF3_L,Eulaminate-I,Eulaminate-III,4,6,2,0,71.08,,5.0,22768.255991853308,33649.24638787018,57124,88368,5047933632.0,35.20599889920693,28.26577183390438,22.342244814713794,10.033122563759632,10.423745939216447,1.791759469228055,0.0
association,SLF3_L,Eulaminate-I,Koniocortex,4,7,3,0,71.08,,0.0,22768.255991853308,8163.947686341252,57124,19005,1085641620.0,31.95251312854647,52.2544322153184,20.805437003996172,10.033122563759632,9.007483116062714,0.0,0.0
association,SLF3_L,Eulaminate-II,Eulaminate-II,5,5,0,24,80.64,1.451,0.0,35613.41729736446,35613.41729736446,91441,91441,8361456481.0,0.0,0.0,22.846898469083754,10.48047773621019,10.48047773621019,0.0,0.0
association,SLF3_L,Eulaminate-II,Eulaminate-III,5,6,1,231,75.16,1.556,7277.0,35613.41729736446,33649.24638787018,91441,88368,8080458288.0,29.944845626457578,14.984501820980698,22.812714426682845,10.48047773621019,10.423745939216447,8.892611378172106,0.0
association,SLF3_L,Eulaminate-II,Koniocortex,5,7,2,0,71.08,,0.0,35613.41729736446,8163.947686341252,91441,19005,1737836205.0,26.62809583933342,38.828674246549575,21.275906615965226,10.48047773621019,9.007483116062714,0.0,0.0
association,SLF3_L,Eulaminate-III,Eulaminate-III,6,6,0,238,57.44,1.742,0.0,33649.24638787018,33649.24638787018,88368,88368,7808903424.0,0.0,0.0,22.778530384281936,10.423745939216447,10.423745939216447,0.0,0.0
association,SLF3_L,Eulaminate-III,Koniocortex,6,7,1,0,71.08,,3808.0,33649.24638787018,8163.947686341252,88368,19005,1679433840.0,4.501507097540516,12.36068020572982,21.241722573564317,10.423745939216447,9.007483116062714,8.245121966478605,0.0
association,SLF3_L,Koniocortex,Koniocortex,7,7,0,0,71.08,,0.0,8163.947686341252,8163.947686341252,19005,19005,361190025.0,0.0,0.0,19.7049147628467,9.007483116062714,9.007483116062714,0.0,0.0
association,SLF3_R,Allocortex,Allocortex,1,1,0,0,64.2025,,0.0,2658.59674113891,2658.59674113891,7340,7340,53875600.0,0.0,0.0,17.802188243217124,7.885553721651852,7.885553721651852,0.0,0.0
association,SLF3_R,Allocortex,Agranular,1,2,1,0,64.2025,,1736.0,2658.59674113891,6622.514260167707,7340,15384,112918560.0,27.688056529700724,18.339850085551195,18.542177408877176,7.885553721651852,8.798230374434613,7.459914766241105,0.0
association,SLF3_R,Allocortex,Dysgranular,1,3,2,0,64.2025,,0.0,2658.59674113891,10700.265188134774,7340,26310,193115400.0,59.9818830083861,27.925881965684923,19.0787984956429,7.885553721651852,9.27802380408071,0.0,0.0
association,SLF3_R,Allocortex,Eulaminate-I,1,4,3,0,64.2025,,0.0,2658.59674113891,22768.255991853308,7340,57124,419290160.0,68.94718481984316,50.06993810353758,19.854073744181385,7.885553721651852,10.033122563759632,0.0,0.0
association,SLF3_R,Allocortex,Eulaminate-II,1,5,4,0,64.2025,,0.0,2658.59674113891,35613.41729736446,7340,91441,671176940.0,73.95675961300498,60.41255657195299,20.32454335615044,7.885553721651852,10.48047773621019,0.0,0.0
association,SLF3_R,Allocortex,Eulaminate-III,1,6,5,0,64.2025,,0.0,2658.59674113891,33649.24638787018,7340,88368,648621120.0,91.33775261923661,60.94069775783749,20.29035931374953,7.885553721651852,10.423745939216447,0.0,0.0
association,SLF3_R,Allocortex,Koniocortex,1,7,6,0,64.2025,,0.0,2658.59674113891,8163.947686341252,7340,19005,139496700.0,87.58222389791395,70.4107708124724,18.75355150303191,7.885553721651852,9.007483116062714,0.0,0.0
association,SLF3_R,Agranular,Agranular,2,2,0,0,64.2025,,0.0,6622.514260167707,6622.514260167707,15384,15384,236667456.0,0.0,0.0,19.282166574537232,8.798230374434613,8.798230374434613,0.0,0.0
association,SLF3_R,Agranular,Dysgranular,2,3,1,0,64.2025,,4728.0,6622.514260167707,10700.265188134774,15384,26310,404753040.0,54.264383997499834,7.91004083329342,19.818787661302952,8.798230374434613,9.27802380408071,8.461469042643875,0.0
association,SLF3_R,Agranular,Eulaminate-I,2,4,2,0,64.2025,,0.0,6622.514260167707,22768.255991853308,15384,57124,878795616.0,65.73612508670136,33.07313882684073,20.59406290984144,8.798230374434613,10.033122563759632,0.0,0.0
association,SLF3_R,Agranular,Eulaminate-II,2,5,3,0,64.2025,,0.0,6622.514260167707,35613.41729736446,15384,91441,1406728344.0,70.34817871794486,44.7120370280374,21.06453252181049,8.798230374434613,10.48047773621019,0.0,0.0
association,SLF3_R,Agranular,Eulaminate-III,2,6,4,0,64.2025,,0.0,6622.514260167707,33649.24638787018,15384,88368,1359453312.0,89.74482952848018,55.80360665928395,21.030348479409586,8.798230374434613,10.423745939216447,0.0,0.0
association,SLF3_R,Agranular,Koniocortex,2,7,5,0,64.2025,,0.0,6622.514260167707,8163.947686341252,15384,19005,292372920.0,85.96154715744069,68.44462079280663,19.493540668691963,8.798230374434613,9.007483116062714,0.0,0.0
association,SLF3_R,Dysgranular,Dysgranular,3,3,0,0,64.2025,,0.0,10700.265188134774,10700.265188134774,26310,26310,692216100.0,0.0,0.0,20.355408748068676,9.27802380408071,9.27802380408071,0.0,0.0
association,SLF3_R,Dysgranular,Eulaminate-I,3,4,1,0,64.2025,,4350.0,10700.265188134774,22768.255991853308,26310,57124,1502932440.0,20.197026300425016,22.836940505995305,21.13068399660716,9.27802380408071,10.033122563759632,8.37816098272068,0.0
association,SLF3_R,Dysgranular,Eulaminate-II,3,5,2,0,64.2025,,0.0,10700.265188134774,35613.41729736446,26310,91441,2405812710.0,23.97015689650552,32.108761641104515,21.601153608576215,9.27802380408071,10.48047773621019,0.0,0.0
association,SLF3_R,Dysgranular,Eulaminate-III,3,6,3,0,64.2025,,0.0,10700.265188134774,33649.24638787018,26310,88368,2324962080.0,52.98154925341811,41.389132083820314,21.566969566175306,9.27802380408071,10.423745939216447,0.0,0.0
association,SLF3_R,Dysgranular,Koniocortex,3,7,4,0,64.2025,,0.0,10700.265188134774,8163.947686341252,26310,19005,500021550.0,49.75628977519715,54.67614735865536,20.030161755457687,9.27802380408071,9.007483116062714,0.0,0.0
association,SLF3_R,Eulaminate-I,Eulaminate-I,4,4,0,0,64.2025,,0.0,22768.255991853308,22768.255991853308,57124,57124,3263151376.0,0.0,0.0,21.90595924514565,10.033122563759632,10.033122563759632,0.0,0.0
association,SLF3_R,Eulaminate-I,Eulaminate-II,4,5,1,0,64.2025,,9024.0,22768.255991853308,35613.41729736446,57124,91441,5223475684.0,5.5178320498710995,11.145503651810344,22.3764288571147,10.033122563759632,10.48047773621019,9.107753783201082,0.0
association,SLF3_R,Eulaminate-I,Eulaminate-III,4,6,2,0,64.2025,,5.0,22768.255991853308,33649.24638787018,57124,88368,5047933632.0,35.20599889920693,28.26577183390438,22.342244814713794,10.033122563759632,10.423745939216447,1.791759469228055,0.0
association,SLF3_R,Eulaminate-I,Koniocortex,4,7,3,0,64.2025,,0.0,22768.255991853308,8163.947686341252,57124,19005,1085641620.0,31.95251312854647,52.2544322153184,20.805437003996172,10.033122563759632,9.007483116062714,0.0,0.0
association,SLF3_R,Eulaminate-II,Eulaminate-II,5,5,0,30,77.06,1.166,0.0,35613.41729736446,35613.41729736446,91441,91441,8361456481.0,0.0,0.0,22.846898469083754,10.48047773621019,10.48047773621019,0.0,0.0
association,SLF3_R,Eulaminate-II,Eulaminate-III,5,6,1,759,78.62,1.339,7277.0,35613.41729736446,33649.24638787018,91441,88368,8080458288.0,29.944845626457578,14.984501820980698,22.812714426682845,10.48047773621019,10.423745939216447,8.892611378172106,0.0
association,SLF3_R,Eulaminate-II,Koniocortex,5,7,2,0,64.2025,,0.0,35613.41729736446,8163.947686341252,91441,19005,1737836205.0,26.62809583933342,38.828674246549575,21.275906615965226,10.48047773621019,9.007483116062714,0.0,0.0
association,SLF3_R,Eulaminate-III,Eulaminate-III,6,6,0,68,55.06,1.472,0.0,33649.24638787018,33649.24638787018,88368,88368,7808903424.0,0.0,0.0,22.778530384281936,10.423745939216447,10.423745939216447,0.0,0.0
association,SLF3_R,Eulaminate-III,Koniocortex,6,7,1,19,46.07,1.493,3808.0,33649.24638787018,8163.947686341252,88368,19005,1679433840.0,4.501507097540516,12.36068020572982,21.241722573564317,10.423745939216447,9.007483116062714,8.245121966478605,0.0
association,SLF3_R,Koniocortex,Koniocortex,7,7,0,0,64.2025,,0.0,8163.947686341252,8163.947686341252,19005,19005,361190025.0,0.0,0.0,19.7049147628467,9.007483116062714,9.007483116062714,0.0,0.0
association,UF_L,Allocortex,Allocortex,1,1,0,0,77.58714285714287,,0.0,2658.59674113891,2658.59674113891,7340,7340,53875600.0,0.0,0.0,17.802188243217124,7.885553721651852,7.885553721651852,0.0,0.0
association,UF_L,Allocortex,Agranular,1,2,1,0,77.58714285714287,,1736.0,2658.59674113891,6622.514260167707,7340,15384,112918560.0,27.688056529700724,18.339850085551195,18.542177408877176,7.885553721651852,8.798230374434613,7.459914766241105,0.0
association,UF_L,Allocortex,Dysgranular,1,3,2,0,77.58714285714287,,0.0,2658.59674113891,10700.265188134774,7340,26310,193115400.0,59.9818830083861,27.925881965684923,19.0787984956429,7.885553721651852,9.27802380408071,0.0,0.0
association,UF_L,Allocortex,Eulaminate-I,1,4,3,0,77.58714285714287,,0.0,2658.59674113891,22768.255991853308,7340,57124,419290160.0,68.94718481984316,50.06993810353758,19.854073744181385,7.885553721651852,10.033122563759632,0.0,0.0
association,UF_L,Allocortex,Eulaminate-II,1,5,4,8,74.51,1.537,0.0,2658.59674113891,35613.41729736446,7340,91441,671176940.0,73.95675961300498,60.41255657195299,20.32454335615044,7.885553721651852,10.48047773621019,0.0,0.0
association,UF_L,Allocortex,Eulaminate-III,1,6,5,0,77.58714285714287,,0.0,2658.59674113891,33649.24638787018,7340,88368,648621120.0,91.33775261923661,60.94069775783749,20.29035931374953,7.885553721651852,10.423745939216447,0.0,0.0
association,UF_L,Allocortex,Koniocortex,1,7,6,0,77.58714285714287,,0.0,2658.59674113891,8163.947686341252,7340,19005,139496700.0,87.58222389791395,70.4107708124724,18.75355150303191,7.885553721651852,9.007483116062714,0.0,0.0
association,UF_L,Agranular,Agranular,2,2,0,0,77.58714285714287,,0.0,6622.514260167707,6622.514260167707,15384,15384,236667456.0,0.0,0.0,19.282166574537232,8.798230374434613,8.798230374434613,0.0,0.0
association,UF_L,Agranular,Dysgranular,2,3,1,30,70.24,6.026,4728.0,6622.514260167707,10700.265188134774,15384,26310,404753040.0,54.264383997499834,7.91004083329342,19.818787661302952,8.798230374434613,9.27802380408071,8.461469042643875,0.0
association,UF_L,Agranular,Eulaminate-I,2,4,2,6,83.07,3.961,0.0,6622.514260167707,22768.255991853308,15384,57124,878795616.0,65.73612508670136,33.07313882684073,20.59406290984144,8.798230374434613,10.033122563759632,0.0,0.0
association,UF_L,Agranular,Eulaminate-II,2,5,3,173,60.6,1.509,0.0,6622.514260167707,35613.41729736446,15384,91441,1406728344.0,70.34817871794486,44.7120370280374,21.06453252181049,8.798230374434613,10.48047773621019,0.0,0.0
association,UF_L,Agranular,Eulaminate-III,2,6,4,0,77.58714285714287,,0.0,6622.514260167707,33649.24638787018,15384,88368,1359453312.0,89.74482952848018,55.80360665928395,21.030348479409586,8.798230374434613,10.423745939216447,0.0,0.0
association,UF_L,Agranular,Koniocortex,2,7,5,0,77.58714285714287,,0.0,6622.514260167707,8163.947686341252,15384,19005,292372920.0,85.96154715744069,68.44462079280663,19.493540668691963,8.798230374434613,9.007483116062714,0.0,0.0
association,UF_L,Dysgranular,Dysgranular,3,3,0,74,78.06,6.186,0.0,10700.265188134774,10700.265188134774,26310,26310,692216100.0,0.0,0.0,20.355408748068676,9.27802380408071,9.27802380408071,0.0,0.0
association,UF_L,Dysgranular,Eulaminate-I,3,4,1,145,85.71,4.088,4350.0,10700.265188134774,22768.255991853308,26310,57124,1502932440.0,20.197026300425016,22.836940505995305,21.13068399660716,9.27802380408071,10.033122563759632,8.37816098272068,0.0
association,UF_L,Dysgranular,Eulaminate-II,3,5,2,137,90.92,1.971,0.0,10700.265188134774,35613.41729736446,26310,91441,2405812710.0,23.97015689650552,32.108761641104515,21.601153608576215,9.27802380408071,10.48047773621019,0.0,0.0
association,UF_L,Dysgranular,Eulaminate-III,3,6,3,0,77.58714285714287,,0.0,10700.265188134774,33649.24638787018,26310,88368,2324962080.0,52.98154925341811,41.389132083820314,21.566969566175306,9.27802380408071,10.423745939216447,0.0,0.0
association,UF_L,Dysgranular,Koniocortex,3,7,4,0,77.58714285714287,,0.0,10700.265188134774,8163.947686341252,26310,19005,500021550.0,49.75628977519715,54.67614735865536,20.030161755457687,9.27802380408071,9.007483116062714,0.0,0.0
association,UF_L,Eulaminate-I,Eulaminate-I,4,4,0,0,77.58714285714287,,0.0,22768.255991853308,22768.255991853308,57124,57124,3263151376.0,0.0,0.0,21.90595924514565,10.033122563759632,10.033122563759632,0.0,0.0
association,UF_L,Eulaminate-I,Eulaminate-II,4,5,1,0,77.58714285714287,,9024.0,22768.255991853308,35613.41729736446,57124,91441,5223475684.0,5.5178320498710995,11.145503651810344,22.3764288571147,10.033122563759632,10.48047773621019,9.107753783201082,0.0
association,UF_L,Eulaminate-I,Eulaminate-III,4,6,2,0,77.58714285714287,,5.0,22768.255991853308,33649.24638787018,57124,88368,5047933632.0,35.20599889920693,28.26577183390438,22.342244814713794,10.033122563759632,10.423745939216447,1.791759469228055,0.0
association,UF_L,Eulaminate-I,Koniocortex,4,7,3,0,77.58714285714287,,0.0,22768.255991853308,8163.947686341252,57124,19005,1085641620.0,31.95251312854647,52.2544322153184,20.805437003996172,10.033122563759632,9.007483116062714,0.0,0.0
association,UF_L,Eulaminate-II,Eulaminate-II,5,5,0,0,77.58714285714287,,0.0,35613.41729736446,35613.41729736446,91441,91441,8361456481.0,0.0,0.0,22.846898469083754,10.48047773621019,10.48047773621019,0.0,0.0
association,UF_L,Eulaminate-II,Eulaminate-III,5,6,1,0,77.58714285714287,,7277.0,35613.41729736446,33649.24638787018,91441,88368,8080458288.0,29.944845626457578,14.984501820980698,22.812714426682845,10.48047773621019,10.423745939216447,8.892611378172106,0.0
association,UF_L,Eulaminate-II,Koniocortex,5,7,2,0,77.58714285714287,,0.0,35613.41729736446,8163.947686341252,91441,19005,1737836205.0,26.62809583933342,38.828674246549575,21.275906615965226,10.48047773621019,9.007483116062714,0.0,0.0
association,UF_L,Eulaminate-III,Eulaminate-III,6,6,0,0,77.58714285714287,,0.0,33649.24638787018,33649.24638787018,88368,88368,7808903424.0,0.0,0.0,22.778530384281936,10.423745939216447,10.423745939216447,0.0,0.0
association,UF_L,Eulaminate-III,Koniocortex,6,7,1,0,77.58714285714287,,3808.0,33649.24638787018,8163.947686341252,88368,19005,1679433840.0,4.501507097540516,12.36068020572982,21.241722573564317,10.423745939216447,9.007483116062714,8.245121966478605,0.0
association,UF_L,Koniocortex,Koniocortex,7,7,0,0,77.58714285714287,,0.0,8163.947686341252,8163.947686341252,19005,19005,361190025.0,0.0,0.0,19.7049147628467,9.007483116062714,9.007483116062714,0.0,0.0
association,UF_R,Allocortex,Allocortex,1,1,0,0,80.16,,0.0,2658.59674113891,2658.59674113891,7340,7340,53875600.0,0.0,0.0,17.802188243217124,7.885553721651852,7.885553721651852,0.0,0.0
association,UF_R,Allocortex,Agranular,1,2,1,0,80.16,,1736.0,2658.59674113891,6622.514260167707,7340,15384,112918560.0,27.688056529700724,18.339850085551195,18.542177408877176,7.885553721651852,8.798230374434613,7.459914766241105,0.0
association,UF_R,Allocortex,Dysgranular,1,3,2,0,80.16,,0.0,2658.59674113891,10700.265188134774,7340,26310,193115400.0,59.9818830083861,27.925881965684923,19.0787984956429,7.885553721651852,9.27802380408071,0.0,0.0
association,UF_R,Allocortex,Eulaminate-I,1,4,3,0,80.16,,0.0,2658.59674113891,22768.255991853308,7340,57124,419290160.0,68.94718481984316,50.06993810353758,19.854073744181385,7.885553721651852,10.033122563759632,0.0,0.0
association,UF_R,Allocortex,Eulaminate-II,1,5,4,7,72.65,1.403,0.0,2658.59674113891,35613.41729736446,7340,91441,671176940.0,73.95675961300498,60.41255657195299,20.32454335615044,7.885553721651852,10.48047773621019,0.0,0.0
association,UF_R,Allocortex,Eulaminate-III,1,6,5,0,80.16,,0.0,2658.59674113891,33649.24638787018,7340,88368,648621120.0,91.33775261923661,60.94069775783749,20.29035931374953,7.885553721651852,10.423745939216447,0.0,0.0
association,UF_R,Allocortex,Koniocortex,1,7,6,0,80.16,,0.0,2658.59674113891,8163.947686341252,7340,19005,139496700.0,87.58222389791395,70.4107708124724,18.75355150303191,7.885553721651852,9.007483116062714,0.0,0.0
association,UF_R,Agranular,Agranular,2,2,0,0,80.16,,0.0,6622.514260167707,6622.514260167707,15384,15384,236667456.0,0.0,0.0,19.282166574537232,8.798230374434613,8.798230374434613,0.0,0.0
association,UF_R,Agranular,Dysgranular,2,3,1,0,80.16,,4728.0,6622.514260167707,10700.265188134774,15384,26310,404753040.0,54.264383997499834,7.91004083329342,19.818787661302952,8.798230374434613,9.27802380408071,8.461469042643875,0.0
association,UF_R,Agranular,Eulaminate-I,2,4,2,125,75.8,1.988,0.0,6622.514260167707,22768.255991853308,15384,57124,878795616.0,65.73612508670136,33.07313882684073,20.59406290984144,8.798230374434613,10.033122563759632,0.0,0.0
association,UF_R,Agranular,Eulaminate-II,2,5,3,1251,85.47,1.746,0.0,6622.514260167707,35613.41729736446,15384,91441,1406728344.0,70.34817871794486,44.7120370280374,21.06453252181049,8.798230374434613,10.48047773621019,0.0,0.0
association,UF_R,Agranular,Eulaminate-III,2,6,4,0,80.16,,0.0,6622.514260167707,33649.24638787018,15384,88368,1359453312.0,89.74482952848018,55.80360665928395,21.030348479409586,8.798230374434613,10.423745939216447,0.0,0.0
association,UF_R,Agranular,Koniocortex,2,7,5,0,80.16,,0.0,6622.514260167707,8163.947686341252,15384,19005,292372920.0,85.96154715744069,68.44462079280663,19.493540668691963,8.798230374434613,9.007483116062714,0.0,0.0
association,UF_R,Dysgranular,Dysgranular,3,3,0,0,80.16,,0.0,10700.265188134774,10700.265188134774,26310,26310,692216100.0,0.0,0.0,20.355408748068676,9.27802380408071,9.27802380408071,0.0,0.0
association,UF_R,Dysgranular,Eulaminate-I,3,4,1,55,78.1,2.142,4350.0,10700.265188134774,22768.255991853308,26310,57124,1502932440.0,20.197026300425016,22.836940505995305,21.13068399660716,9.27802380408071,10.033122563759632,8.37816098272068,0.0
association,UF_R,Dysgranular,Eulaminate-II,3,5,2,428,88.78,1.924,0.0,10700.265188134774,35613.41729736446,26310,91441,2405812710.0,23.97015689650552,32.108761641104515,21.601153608576215,9.27802380408071,10.48047773621019,0.0,0.0
association,UF_R,Dysgranular,Eulaminate-III,3,6,3,0,80.16,,0.0,10700.265188134774,33649.24638787018,26310,88368,2324962080.0,52.98154925341811,41.389132083820314,21.566969566175306,9.27802380408071,10.423745939216447,0.0,0.0
association,UF_R,Dysgranular,Koniocortex,3,7,4,0,80.16,,0.0,10700.265188134774,8163.947686341252,26310,19005,500021550.0,49.75628977519715,54.67614735865536,20.030161755457687,9.27802380408071,9.007483116062714,0.0,0.0
association,UF_R,Eulaminate-I,Eulaminate-I,4,4,0,0,80.16,,0.0,22768.255991853308,22768.255991853308,57124,57124,3263151376.0,0.0,0.0,21.90595924514565,10.033122563759632,10.033122563759632,0.0,0.0
association,UF_R,Eulaminate-I,Eulaminate-II,4,5,1,0,80.16,,9024.0,22768.255991853308,35613.41729736446,57124,91441,5223475684.0,5.5178320498710995,11.145503651810344,22.3764288571147,10.033122563759632,10.48047773621019,9.107753783201082,0.0
association,UF_R,Eulaminate-I,Eulaminate-III,4,6,2,0,80.16,,5.0,22768.255991853308,33649.24638787018,57124,88368,5047933632.0,35.20599889920693,28.26577183390438,22.342244814713794,10.033122563759632,10.423745939216447,1.791759469228055,0.0
association,UF_R,Eulaminate-I,Koniocortex,4,7,3,0,80.16,,0.0,22768.255991853308,8163.947686341252,57124,19005,1085641620.0,31.95251312854647,52.2544322153184,20.805437003996172,10.033122563759632,9.007483116062714,0.0,0.0
association,UF_R,Eulaminate-II,Eulaminate-II,5,5,0,0,80.16,,0.0,35613.41729736446,35613.41729736446,91441,91441,8361456481.0,0.0,0.0,22.846898469083754,10.48047773621019,10.48047773621019,0.0,0.0
association,UF_R,Eulaminate-II,Eulaminate-III,5,6,1,0,80.16,,7277.0,35613.41729736446,33649.24638787018,91441,88368,8080458288.0,29.944845626457578,14.984501820980698,22.812714426682845,10.48047773621019,10.423745939216447,8.892611378172106,0.0
association,UF_R,Eulaminate-II,Koniocortex,5,7,2,0,80.16,,0.0,35613.41729736446,8163.947686341252,91441,19005,1737836205.0,26.62809583933342,38.828674246549575,21.275906615965226,10.48047773621019,9.007483116062714,0.0,0.0
association,UF_R,Eulaminate-III,Eulaminate-III,6,6,0,0,80.16,,0.0,33649.24638787018,33649.24638787018,88368,88368,7808903424.0,0.0,0.0,22.778530384281936,10.423745939216447,10.423745939216447,0.0,0.0
association,UF_R,Eulaminate-III,Koniocortex,6,7,1,0,80.16,,3808.0,33649.24638787018,8163.947686341252,88368,19005,1679433840.0,4.501507097540516,12.36068020572982,21.241722573564317,10.423745939216447,9.007483116062714,8.245121966478605,0.0
association,UF_R,Koniocortex,Koniocortex,7,7,0,0,80.16,,0.0,8163.947686341252,8163.947686341252,19005,19005,361190025.0,0.0,0.0,19.7049147628467,9.007483116062714,9.007483116062714,0.0,0.0
association,VOF_L,Allocortex,Allocortex,1,1,0,0,49.46333333333333,,0.0,2658.59674113891,2658.59674113891,7340,7340,53875600.0,0.0,0.0,17.802188243217124,7.885553721651852,7.885553721651852,0.0,0.0
association,VOF_L,Allocortex,Agranular,1,2,1,0,49.46333333333333,,1736.0,2658.59674113891,6622.514260167707,7340,15384,112918560.0,27.688056529700724,18.339850085551195,18.542177408877176,7.885553721651852,8.798230374434613,7.459914766241105,0.0
association,VOF_L,Allocortex,Dysgranular,1,3,2,0,49.46333333333333,,0.0,2658.59674113891,10700.265188134774,7340,26310,193115400.0,59.9818830083861,27.925881965684923,19.0787984956429,7.885553721651852,9.27802380408071,0.0,0.0
association,VOF_L,Allocortex,Eulaminate-I,1,4,3,0,49.46333333333333,,0.0,2658.59674113891,22768.255991853308,7340,57124,419290160.0,68.94718481984316,50.06993810353758,19.854073744181385,7.885553721651852,10.033122563759632,0.0,0.0
association,VOF_L,Allocortex,Eulaminate-II,1,5,4,0,49.46333333333333,,0.0,2658.59674113891,35613.41729736446,7340,91441,671176940.0,73.95675961300498,60.41255657195299,20.32454335615044,7.885553721651852,10.48047773621019,0.0,0.0
association,VOF_L,Allocortex,Eulaminate-III,1,6,5,0,49.46333333333333,,0.0,2658.59674113891,33649.24638787018,7340,88368,648621120.0,91.33775261923661,60.94069775783749,20.29035931374953,7.885553721651852,10.423745939216447,0.0,0.0
association,VOF_L,Allocortex,Koniocortex,1,7,6,0,49.46333333333333,,0.0,2658.59674113891,8163.947686341252,7340,19005,139496700.0,87.58222389791395,70.4107708124724,18.75355150303191,7.885553721651852,9.007483116062714,0.0,0.0
association,VOF_L,Agranular,Agranular,2,2,0,0,49.46333333333333,,0.0,6622.514260167707,6622.514260167707,15384,15384,236667456.0,0.0,0.0,19.282166574537232,8.798230374434613,8.798230374434613,0.0,0.0
association,VOF_L,Agranular,Dysgranular,2,3,1,0,49.46333333333333,,4728.0,6622.514260167707,10700.265188134774,15384,26310,404753040.0,54.264383997499834,7.91004083329342,19.818787661302952,8.798230374434613,9.27802380408071,8.461469042643875,0.0
association,VOF_L,Agranular,Eulaminate-I,2,4,2,0,49.46333333333333,,0.0,6622.514260167707,22768.255991853308,15384,57124,878795616.0,65.73612508670136,33.07313882684073,20.59406290984144,8.798230374434613,10.033122563759632,0.0,0.0
association,VOF_L,Agranular,Eulaminate-II,2,5,3,0,49.46333333333333,,0.0,6622.514260167707,35613.41729736446,15384,91441,1406728344.0,70.34817871794486,44.7120370280374,21.06453252181049,8.798230374434613,10.48047773621019,0.0,0.0
association,VOF_L,Agranular,Eulaminate-III,2,6,4,0,49.46333333333333,,0.0,6622.514260167707,33649.24638787018,15384,88368,1359453312.0,89.74482952848018,55.80360665928395,21.030348479409586,8.798230374434613,10.423745939216447,0.0,0.0
association,VOF_L,Agranular,Koniocortex,2,7,5,0,49.46333333333333,,0.0,6622.514260167707,8163.947686341252,15384,19005,292372920.0,85.96154715744069,68.44462079280663,19.493540668691963,8.798230374434613,9.007483116062714,0.0,0.0
association,VOF_L,Dysgranular,Dysgranular,3,3,0,0,49.46333333333333,,0.0,10700.265188134774,10700.265188134774,26310,26310,692216100.0,0.0,0.0,20.355408748068676,9.27802380408071,9.27802380408071,0.0,0.0
association,VOF_L,Dysgranular,Eulaminate-I,3,4,1,0,49.46333333333333,,4350.0,10700.265188134774,22768.255991853308,26310,57124,1502932440.0,20.197026300425016,22.836940505995305,21.13068399660716,9.27802380408071,10.033122563759632,8.37816098272068,0.0
association,VOF_L,Dysgranular,Eulaminate-II,3,5,2,0,49.46333333333333,,0.0,10700.265188134774,35613.41729736446,26310,91441,2405812710.0,23.97015689650552,32.108761641104515,21.601153608576215,9.27802380408071,10.48047773621019,0.0,0.0
association,VOF_L,Dysgranular,Eulaminate-III,3,6,3,0,49.46333333333333,,0.0,10700.265188134774,33649.24638787018,26310,88368,2324962080.0,52.98154925341811,41.389132083820314,21.566969566175306,9.27802380408071,10.423745939216447,0.0,0.0
association,VOF_L,Dysgranular,Koniocortex,3,7,4,0,49.46333333333333,,0.0,10700.265188134774,8163.947686341252,26310,19005,500021550.0,49.75628977519715,54.67614735865536,20.030161755457687,9.27802380408071,9.007483116062714,0.0,0.0
association,VOF_L,Eulaminate-I,Eulaminate-I,4,4,0,0,49.46333333333333,,0.0,22768.255991853308,22768.255991853308,57124,57124,3263151376.0,0.0,0.0,21.90595924514565,10.033122563759632,10.033122563759632,0.0,0.0
association,VOF_L,Eulaminate-I,Eulaminate-II,4,5,1,0,49.46333333333333,,9024.0,22768.255991853308,35613.41729736446,57124,91441,5223475684.0,5.5178320498710995,11.145503651810344,22.3764288571147,10.033122563759632,10.48047773621019,9.107753783201082,0.0
association,VOF_L,Eulaminate-I,Eulaminate-III,4,6,2,0,49.46333333333333,,5.0,22768.255991853308,33649.24638787018,57124,88368,5047933632.0,35.20599889920693,28.26577183390438,22.342244814713794,10.033122563759632,10.423745939216447,1.791759469228055,0.0
association,VOF_L,Eulaminate-I,Koniocortex,4,7,3,0,49.46333333333333,,0.0,22768.255991853308,8163.947686341252,57124,19005,1085641620.0,31.95251312854647,52.2544322153184,20.805437003996172,10.033122563759632,9.007483116062714,0.0,0.0
association,VOF_L,Eulaminate-II,Eulaminate-II,5,5,0,36,56.99,1.075,0.0,35613.41729736446,35613.41729736446,91441,91441,8361456481.0,0.0,0.0,22.846898469083754,10.48047773621019,10.48047773621019,0.0,0.0
association,VOF_L,Eulaminate-II,Eulaminate-III,5,6,1,34,54.07,1.086,7277.0,35613.41729736446,33649.24638787018,91441,88368,8080458288.0,29.944845626457578,14.984501820980698,22.812714426682845,10.48047773621019,10.423745939216447,8.892611378172106,0.0
association,VOF_L,Eulaminate-II,Koniocortex,5,7,2,0,49.46333333333333,,0.0,35613.41729736446,8163.947686341252,91441,19005,1737836205.0,26.62809583933342,38.828674246549575,21.275906615965226,10.48047773621019,9.007483116062714,0.0,0.0
association,VOF_L,Eulaminate-III,Eulaminate-III,6,6,0,23,37.33,1.277,0.0,33649.24638787018,33649.24638787018,88368,88368,7808903424.0,0.0,0.0,22.778530384281936,10.423745939216447,10.423745939216447,0.0,0.0
association,VOF_L,Eulaminate-III,Koniocortex,6,7,1,0,49.46333333333333,,3808.0,33649.24638787018,8163.947686341252,88368,19005,1679433840.0,4.501507097540516,12.36068020572982,21.241722573564317,10.423745939216447,9.007483116062714,8.245121966478605,0.0
association,VOF_L,Koniocortex,Koniocortex,7,7,0,0,49.46333333333333,,0.0,8163.947686341252,8163.947686341252,19005,19005,361190025.0,0.0,0.0,19.7049147628467,9.007483116062714,9.007483116062714,0.0,0.0
association,VOF_R,Allocortex,Allocortex,1,1,0,0,38.67,,0.0,2658.59674113891,2658.59674113891,7340,7340,53875600.0,0.0,0.0,17.802188243217124,7.885553721651852,7.885553721651852,0.0,0.0
association,VOF_R,Allocortex,Agranular,1,2,1,0,38.67,,1736.0,2658.59674113891,6622.514260167707,7340,15384,112918560.0,27.688056529700724,18.339850085551195,18.542177408877176,7.885553721651852,8.798230374434613,7.459914766241105,0.0
association,VOF_R,Allocortex,Dysgranular,1,3,2,0,38.67,,0.0,2658.59674113891,10700.265188134774,7340,26310,193115400.0,59.9818830083861,27.925881965684923,19.0787984956429,7.885553721651852,9.27802380408071,0.0,0.0
association,VOF_R,Allocortex,Eulaminate-I,1,4,3,0,38.67,,0.0,2658.59674113891,22768.255991853308,7340,57124,419290160.0,68.94718481984316,50.06993810353758,19.854073744181385,7.885553721651852,10.033122563759632,0.0,0.0
association,VOF_R,Allocortex,Eulaminate-II,1,5,4,0,38.67,,0.0,2658.59674113891,35613.41729736446,7340,91441,671176940.0,73.95675961300498,60.41255657195299,20.32454335615044,7.885553721651852,10.48047773621019,0.0,0.0
association,VOF_R,Allocortex,Eulaminate-III,1,6,5,0,38.67,,0.0,2658.59674113891,33649.24638787018,7340,88368,648621120.0,91.33775261923661,60.94069775783749,20.29035931374953,7.885553721651852,10.423745939216447,0.0,0.0
association,VOF_R,Allocortex,Koniocortex,1,7,6,0,38.67,,0.0,2658.59674113891,8163.947686341252,7340,19005,139496700.0,87.58222389791395,70.4107708124724,18.75355150303191,7.885553721651852,9.007483116062714,0.0,0.0
association,VOF_R,Agranular,Agranular,2,2,0,0,38.67,,0.0,6622.514260167707,6622.514260167707,15384,15384,236667456.0,0.0,0.0,19.282166574537232,8.798230374434613,8.798230374434613,0.0,0.0
association,VOF_R,Agranular,Dysgranular,2,3,1,0,38.67,,4728.0,6622.514260167707,10700.265188134774,15384,26310,404753040.0,54.264383997499834,7.91004083329342,19.818787661302952,8.798230374434613,9.27802380408071,8.461469042643875,0.0
association,VOF_R,Agranular,Eulaminate-I,2,4,2,0,38.67,,0.0,6622.514260167707,22768.255991853308,15384,57124,878795616.0,65.73612508670136,33.07313882684073,20.59406290984144,8.798230374434613,10.033122563759632,0.0,0.0
association,VOF_R,Agranular,Eulaminate-II,2,5,3,0,38.67,,0.0,6622.514260167707,35613.41729736446,15384,91441,1406728344.0,70.34817871794486,44.7120370280374,21.06453252181049,8.798230374434613,10.48047773621019,0.0,0.0
association,VOF_R,Agranular,Eulaminate-III,2,6,4,0,38.67,,0.0,6622.514260167707,33649.24638787018,15384,88368,1359453312.0,89.74482952848018,55.80360665928395,21.030348479409586,8.798230374434613,10.423745939216447,0.0,0.0
association,VOF_R,Agranular,Koniocortex,2,7,5,0,38.67,,0.0,6622.514260167707,8163.947686341252,15384,19005,292372920.0,85.96154715744069,68.44462079280663,19.493540668691963,8.798230374434613,9.007483116062714,0.0,0.0
association,VOF_R,Dysgranular,Dysgranular,3,3,0,0,38.67,,0.0,10700.265188134774,10700.265188134774,26310,26310,692216100.0,0.0,0.0,20.355408748068676,9.27802380408071,9.27802380408071,0.0,0.0
association,VOF_R,Dysgranular,Eulaminate-I,3,4,1,0,38.67,,4350.0,10700.265188134774,22768.255991853308,26310,57124,1502932440.0,20.197026300425016,22.836940505995305,21.13068399660716,9.27802380408071,10.033122563759632,8.37816098272068,0.0
association,VOF_R,Dysgranular,Eulaminate-II,3,5,2,0,38.67,,0.0,10700.265188134774,35613.41729736446,26310,91441,2405812710.0,23.97015689650552,32.108761641104515,21.601153608576215,9.27802380408071,10.48047773621019,0.0,0.0
association,VOF_R,Dysgranular,Eulaminate-III,3,6,3,0,38.67,,0.0,10700.265188134774,33649.24638787018,26310,88368,2324962080.0,52.98154925341811,41.389132083820314,21.566969566175306,9.27802380408071,10.423745939216447,0.0,0.0
association,VOF_R,Dysgranular,Koniocortex,3,7,4,0,38.67,,0.0,10700.265188134774,8163.947686341252,26310,19005,500021550.0,49.75628977519715,54.67614735865536,20.030161755457687,9.27802380408071,9.007483116062714,0.0,0.0
association,VOF_R,Eulaminate-I,Eulaminate-I,4,4,0,0,38.67,,0.0,22768.255991853308,22768.255991853308,57124,57124,3263151376.0,0.0,0.0,21.90595924514565,10.033122563759632,10.033122563759632,0.0,0.0
association,VOF_R,Eulaminate-I,Eulaminate-II,4,5,1,0,38.67,,9024.0,22768.255991853308,35613.41729736446,57124,91441,5223475684.0,5.5178320498710995,11.145503651810344,22.3764288571147,10.033122563759632,10.48047773621019,9.107753783201082,0.0
association,VOF_R,Eulaminate-I,Eulaminate-III,4,6,2,0,38.67,,5.0,22768.255991853308,33649.24638787018,57124,88368,5047933632.0,35.20599889920693,28.26577183390438,22.342244814713794,10.033122563759632,10.423745939216447,1.791759469228055,0.0
association,VOF_R,Eulaminate-I,Koniocortex,4,7,3,0,38.67,,0.0,22768.255991853308,8163.947686341252,57124,19005,1085641620.0,31.95251312854647,52.2544322153184,20.805437003996172,10.033122563759632,9.007483116062714,0.0,0.0
association,VOF_R,Eulaminate-II,Eulaminate-II,5,5,0,0,38.67,,0.0,35613.41729736446,35613.41729736446,91441,91441,8361456481.0,0.0,0.0,22.846898469083754,10.48047773621019,10.48047773621019,0.0,0.0
association,VOF_R,Eulaminate-II,Eulaminate-III,5,6,1,11,41.06,1.19,7277.0,35613.41729736446,33649.24638787018,91441,88368,8080458288.0,29.944845626457578,14.984501820980698,22.812714426682845,10.48047773621019,10.423745939216447,8.892611378172106,0.0
association,VOF_R,Eulaminate-II,Koniocortex,5,7,2,0,38.67,,0.0,35613.41729736446,8163.947686341252,91441,19005,1737836205.0,26.62809583933342,38.828674246549575,21.275906615965226,10.48047773621019,9.007483116062714,0.0,0.0
association,VOF_R,Eulaminate-III,Eulaminate-III,6,6,0,8,36.28,1.364,0.0,33649.24638787018,33649.24638787018,88368,88368,7808903424.0,0.0,0.0,22.778530384281936,10.423745939216447,10.423745939216447,0.0,0.0
association,VOF_R,Eulaminate-III,Koniocortex,6,7,1,0,38.67,,3808.0,33649.24638787018,8163.947686341252,88368,19005,1679433840.0,4.501507097540516,12.36068020572982,21.241722573564317,10.423745939216447,9.007483116062714,8.245121966478605,0.0
association,VOF_R,Koniocortex,Koniocortex,7,7,0,0,38.67,,0.0,8163.947686341252,8163.947686341252,19005,19005,361190025.0,0.0,0.0,19.7049147628467,9.007483116062714,9.007483116062714,0.0,0.0
